,user_id,birthdate,age_in_years,gender,married,has_children,home_country,home_city,home_airport,home_airport_lat,home_airport_lon,sign_up_date,days_as_customer,total_sessions,avg_clicks_per_session,proportion_planning_sessions,avg_session_duration_seconds,avg_sessions_per_month,days_since_last_session,days_since_last_booking,avg_booking_lead_time_days,avg_cancellation_lead_time_days,total_trips,trips_with_flight_and_hotel,proportion_trips_with_flight_and_hotel,total_trips_cancelled,trip_cancellation_rate,total_flights,flights_with_return,proportion_flights_with_return,avg_flight_price,stddev_flight_price,avg_flight_discount_pct,avg_flight_discount_savings,total_flight_discount_savings,total_flight_spend,flights_with_discount,proportion_flights_with_discount,avg_seats_booked,stddev_seats,avg_bags_checked,stddev_checked_bags,top_airline,airline_variety,airline_concentration,top_flight_route,flight_route_variety,flight_route_concentration,avg_distance_flown,stddev_distance_flown_km,proportion_longhaul_flights,total_hotels_booked,avg_hotel_price_per_room,stddev_hotel_per_room_usd,hotels_with_discount,proportion_hotels_with_discount,avg_hotel_discount_pct,avg_hotel_discount_savings,total_hotel_discount_savings,total_hotel_spend,avg_trip_length_nights,stddev_stay_in_nights,avg_rooms_booked,stddev_rooms,top_hotel_chain,hotel_chain_variety,hotel_chain_concentration,never_booked_trips,never_cancelled_trips,never_booked_flights,booked_only_one_flight,never_booked_flights_with_discounts,never_booked_hotels,booked_only_one_hotel,never_booked_hotels_with_discounts,total_spend,total_savings,R_score,F_score,M_score,RFM_score,CV,CV_quantile,CLV,is_churned,avg_flight_price_per_seat
4,106907,1978-11-17,44.0,F,True,True,usa,miami,TNT,25.862,-80.897,2022-02-24,519,8,30.0,0.25,758.915066125,1.1428571428571428,0.0,51.0,224.0,173.0,1,1,1.0,1,1.0,1,1,1.0,0.0,0.0,0.0,0.0,0.0,0.0,1,1.0,6.0,0.0,5.0,0.0,Air Mauritius,1,1.0,TNT-DUR,1,1.0,0.0,0.0,0.0,1,0.0,0.0,1,1.0,0.0,0.0,0.0,0.0,11.0,0.0,3.0,0.0,Shangri-La,1,1.0,False,False,True,True,True,True,True,True,0.0,0.0,5,1,0,2.25,0.0,1,0.0,False,0.0
7,125845,1983-12-01,39.0,F,True,False,usa,el paso,BIF,31.849,-106.38,2022-03-19,496,9,17.666666666666668,0.3333333333333333,131.77777777777777,1.2857142857142858,7.0,52.0,9.333333333333334,0.0,3,3,1.0,0,0.0,3,3,1.0,584.44,111.277794730126,0.15,106.557,106.557,1646.763,1,0.3333333333333333,1.3333333333333333,0.5773502691896257,0.6666666666666666,0.5773502691896257,AirTran Airways,3,0.3333333333333333,BIF-IND,3,0.3333333333333333,2700.781458471575,601.9802290224779,0.0,3,123.66666666666667,68.0171546988944,0,0.0,0.0,0.0,0.0,371.0,2.3333333333333335,1.5275252316519468,1.3333333333333333,0.5773502691896257,Four Seasons,2,0.6666666666666666,False,True,False,False,False,False,False,True,2017.763,106.557,5,3,4,4.15,1756.2634270312326,5,4841.518136101381,False,438.33000000000004
15,171470,1999-09-14,23.0,F,False,False,usa,atlanta,ATL,33.64,-84.427,2022-05-06,448,7,35.142857142857146,0.2857142857142857,1077.142857142857,1.4,17.0,35.0,280.0,262.0,1,0,0.0,1,1.0,1,1,1.0,0.0,0.0,0.1,0.0,0.0,0.0,1,1.0,1.0,0.0,0.0,0.0,Indonesia AirAsia,1,1.0,ATL-JHB,1,1.0,0.0,0.0,0.0,0,0.0,0.0,0,0.0,0.0,0.0,0.0,0.0,0.0,0.0,0.0,0.0,MISSING,0,0.0,False,False,True,True,True,True,False,True,0.0,0.0,4,1,0,1.85,0.0,1,0.0,False,0.0
18,181157,1970-08-10,52.0,F,True,False,usa,houston,HOU,29.645,-95.279,2022-05-15,439,8,19.125,0.375,141.125,1.1428571428571428,20.0,121.0,6.0,0.0,3,3,1.0,0,0.0,3,3,1.0,346.4766666666667,209.460878527073,0.15,80.4045,80.4045,959.0255,1,0.3333333333333333,2.0,1.7320508075688772,1.0,1.0,Air France,3,0.3333333333333333,HOU-OKC,2,0.6666666666666666,1194.2256923912298,899.0756652222474,0.0,3,162.33333333333334,57.51811308912466,1,0.3333333333333333,0.15,15.6,15.6,471.4,3.6666666666666665,3.0550504633038935,2.0,1.7320508075688772,Radisson,2,0.6666666666666666,False,True,False,False,False,False,False,False,1430.4255,96.0045,4,3,3,3.4,1245.0441358786263,3,3432.2321306277727,True,173.23833333333334
24,204943,1982-12-20,40.0,M,False,False,canada,ottawa,YOW,45.323,-75.669,2022-06-06,417,8,36.5,0.875,1043.5,1.1428571428571428,0.0,41.0,40.333333333333336,155.0,6,6,1.0,1,0.16666666666666666,6,6,1.0,470.116,540.576684273379,0.1,26.758,26.758,2323.822,2,0.3333333333333333,1.4285714285714286,0.8366600265340756,1.3333333333333333,1.8618986725025255,American Airlines,6,0.16666666666666666,YOW-LGA,5,0.3333333333333333,1564.5455295396043,1357.1746979565503,0.0,6,153.8,119.349067863976,1,0.16666666666666666,0.0,0.0,0.0,769.0,6.0,6.131883886702357,1.5,0.8366600265340756,InterContinental,6,0.16666666666666666,False,False,False,False,False,False,False,True,3092.822,26.758,5,5,5,5.0,1345.9980594642657,4,3710.5333492420427,False,329.08119999999997
25,204997,1985-08-26,37.0,F,True,False,usa,kansas city,MCI,39.297,-94.714,2022-06-06,417,7,56.714285714285715,0.5714285714285714,1237.7142857142858,1.1666666666666667,17.0,17.0,8.666666666666666,10.0,3,2,0.6666666666666666,1,0.3333333333333333,3,3,1.0,244.235,151.243069427991,0.25,0.0,0.0,488.47,1,0.3333333333333333,1.5,0.5773502691896257,0.3333333333333333,0.5773502691896257,JetBlue Airways,2,0.6666666666666666,MCI-CLT,3,0.3333333333333333,1272.2468837453716,514.0573853135686,0.0,2,71.0,0.0,1,0.5,0.1,0.0,0.0,71.0,4.0,1.414213562373095,1.5,0.7071067811865476,Crowne Plaza,2,0.5,False,False,False,False,True,False,False,True,559.47,0.0,4,3,1,2.7,486.9633844614872,1,1342.4193780957623,False,162.82333333333335
31,220725,1983-07-28,40.0,F,False,False,usa,stockton,SCK,37.894,-121.239,2022-06-20,403,9,35.111111111111114,0.5555555555555556,948.8888888888889,1.5,50.0,50.0,6.25,2.0,4,3,0.75,1,0.25,4,4,1.0,511.14,194.010754083375,0.0,0.0,0.0,1533.42,1,0.25,1.0,0.0,0.25,0.5,AirTran Airways,4,0.25,SCK-SAT,4,0.25,3082.252780965951,815.2506538549734,0.0,3,140.0,25.45584412271571,1,0.3333333333333333,0.0,0.0,0.0,280.0,4.666666666666667,0.5773502691896257,1.0,0.0,Rosewood,3,0.3333333333333333,False,False,False,False,True,False,False,True,1813.42,0.0,2,4,4,3.2,1183.8022690896967,3,3263.405743775025,False,511.14
36,229009,2006-08-27,16.0,F,False,False,usa,stockton,SCK,37.894,-121.239,2022-06-27,396,8,18.0,0.5,264.78542925,1.3333333333333333,19.0,49.0,118.66666666666667,307.0,3,2,0.6666666666666666,1,0.3333333333333333,3,3,1.0,530.815,279.427386721488,0.0,0.0,0.0,1061.63,1,0.3333333333333333,1.0,0.0,0.3333333333333333,0.5773502691896257,Mandarin Airlines,3,0.3333333333333333,SCK-TSA,3,0.3333333333333333,2949.66809681199,4457.303825752296,0.0,2,149.5,36.062445840513924,0,0.0,0.0,0.0,0.0,299.0,2.5,0.7071067811865476,1.0,0.0,InterContinental,2,0.5,False,False,False,False,True,False,False,True,1360.63,0.0,4,3,3,3.4,1184.2940457930422,3,3264.761432102592,False,530.815
37,229108,1998-05-28,25.0,F,False,False,usa,burlington,BTV,44.472,-73.153,2022-06-27,396,8,40.125,0.25,1012.25,1.6,80.0,120.0,169.0,129.0,1,0,0.0,1,1.0,1,1,1.0,0.0,0.0,0.0,0.0,0.0,0.0,1,1.0,1.0,0.0,0.0,0.0,KLM Royal Dutch Airlines,1,1.0,BTV-AUS,1,1.0,0.0,0.0,0.0,0,0.0,0.0,0,0.0,0.0,0.0,0.0,0.0,0.0,0.0,0.0,0.0,MISSING,0,0.0,False,False,True,True,True,True,False,True,0.0,0.0,1,1,0,0.65,0.0,1,0.0,True,0.0
40,249521,1964-07-23,59.0,F,True,True,canada,ottawa,YOW,45.323,-75.669,2022-07-15,378,8,18.875,0.25,140.625,1.3333333333333333,23.0,23.0,8.0,0.0,2,1,0.5,0,0.0,1,1,1.0,642.02,0.0,0.0,0.0,0.0,642.02,0,0.0,1.0,0.0,1.0,0.0,Air Canada,1,1.0,YOW-YVR,1,1.0,3551.7999406903264,0.0,0.0,2,141.5,47.37615433949868,1,0.5,0.1,10.8,10.8,272.2,2.0,0.0,1.0,0.0,Extended Stay,2,0.5,False,True,False,True,True,False,False,False,914.22,10.8,4,2,2,2.8,1193.6073391130376,3,3290.435529633513,False,642.02
42,258451,2000-12-10,22.0,F,False,False,usa,miami,OPF,25.907,-80.278,2022-07-22,371,8,20.875,0.25,219.875,1.6,40.0,44.0,8.0,4.0,1,0,0.0,1,1.0,0,0,0.0,0.0,0.0,0.0,0.0,0.0,0.0,0,0.0,0.0,0.0,0.0,0.0,MISSING,0,0.0,MISSING,0,0.0,0.0,0.0,0.0,1,0.0,0.0,1,1.0,0.0,0.0,0.0,0.0,13.0,0.0,1.0,0.0,Banyan Tree,1,1.0,False,False,True,False,True,True,True,True,0.0,0.0,3,1,0,1.4500000000000002,0.0,1,0.0,False,
45,281952,1987-01-23,36.0,F,False,False,usa,louisville,LOU,38.228,-85.664,2022-08-11,351,8,19.75,0.25,146.375,1.1428571428571428,19.0,19.0,8.0,0.0,2,2,1.0,0,0.0,2,2,1.0,342.36,201.53957477379,0.0,0.0,0.0,684.72,0,0.0,1.0,0.0,1.5,0.7071067811865476,Delta Air Lines,2,0.5,LOU-LGA,2,0.5,1845.0144010402562,1118.0678621504646,0.0,2,131.5,65.76093065034893,1,0.5,0.15,26.7,26.7,236.3,1.5,0.7071067811865476,1.0,0.0,Aman Resorts,2,0.5,False,True,False,False,True,False,False,False,921.02,26.7,4,2,2,2.8,1202.4854318106036,3,3314.909902980747,False,342.36
52,306819,1964-04-02,59.0,F,True,True,usa,new york,JFK,40.64,-73.779,2022-09-01,330,8,41.125,0.375,1061.875,1.1428571428571428,10.0,111.0,7.0,10.0,2,2,1.0,1,0.5,2,2,1.0,50.16,0.0,0.0,0.0,0.0,50.16,1,0.5,1.0,0.0,0.5,0.7071067811865476,WestJet,2,0.5,JFK-YHM,2,0.5,295.369724726902,202.60596633756782,0.0,2,370.0,0.0,1,0.5,0.0,0.0,0.0,370.0,1.5,0.7071067811865476,1.0,0.0,InterContinental,2,0.5,False,False,False,False,True,False,False,True,420.16,0.0,5,2,1,2.85,548.5616805601868,1,1512.2283390549508,True,50.16
55,316527,1982-07-17,41.0,F,True,True,canada,winnipeg,YWG,49.91,-97.234,2022-09-08,323,8,17.375,0.5,130.0,1.1428571428571428,26.0,98.0,8.25,0.0,4,4,1.0,0,0.0,4,4,1.0,434.9725,183.244542688179,0.0,0.0,0.0,1739.89,0,0.0,1.25,0.5,0.25,0.5,Air Canada,4,0.25,YWG-IAD,4,0.25,2014.8040617784018,242.78736132292423,0.0,4,322.75,242.802217178235,1,0.25,0.05,3.9,3.9,1287.1,3.5,2.6457513110645907,1.25,0.5,Hilton,4,0.25,False,True,False,False,True,False,False,False,3026.99,3.9,4,4,5,4.35,1976.0218981327107,5,5447.3296601722495,True,347.978
56,317688,1983-05-19,40.0,F,False,True,usa,indianapolis,IND,39.717,-86.294,2022-09-09,322,8,16.625,0.5,124.0,1.1428571428571428,16.0,16.0,9.0,0.0,4,4,1.0,0,0.0,4,4,1.0,309.685,212.747575701033,0.0,0.0,0.0,1238.74,0,0.0,1.0,0.0,0.5,0.5773502691896257,United Airlines,3,0.5,IND-FTW,4,0.25,1608.4081737945035,1066.9023264739635,0.0,4,168.25,163.218411951593,1,0.25,0.05,5.1,5.1,667.9,2.25,0.9574271077563381,1.0,0.0,Accor,4,0.25,False,True,False,False,True,False,False,False,1906.64,5.1,4,4,4,4.0,1244.6563721240414,3,3431.1631763801065,False,309.685
60,330764,1985-02-06,38.0,F,False,False,usa,detroit,DET,42.409,-83.01,2022-09-20,311,8,46.875,0.5,1061.125,1.3333333333333333,41.0,114.0,8.333333333333334,1.0,3,0,0.0,1,0.3333333333333333,1,1,1.0,0.0,0.0,0.0,0.0,0.0,0.0,1,1.0,3.0,0.0,1.0,0.0,WestJet,1,1.0,DET-YOW,1,1.0,0.0,0.0,0.0,2,129.5,101.1162697096763,0,0.0,0.0,0.0,0.0,259.0,4.5,0.7071067811865476,1.0,0.0,Accor,2,0.5,False,False,True,True,True,False,False,True,259.0,0.0,2,3,1,1.9,225.43392241858396,1,621.457127150343,True,0.0
62,331039,1979-08-02,43.0,F,True,True,canada,london,YXU,43.036,-81.154,2022-09-20,311,8,24.75,0.25,610.045213,2.0,95.0,112.0,252.0,235.0,1,1,1.0,1,1.0,1,1,1.0,0.0,0.0,0.0,0.0,0.0,0.0,1,1.0,4.0,0.0,3.0,0.0,American Airlines,1,1.0,YXU-LAX,1,1.0,0.0,0.0,0.0,1,0.0,0.0,1,1.0,0.1,0.0,0.0,0.0,8.0,0.0,2.0,0.0,Aman Resorts,1,1.0,False,False,True,True,True,True,True,True,0.0,0.0,1,1,0,0.65,0.0,1,0.0,True,0.0
72,350648,2006-03-02,17.0,F,False,False,usa,lincoln,LNK,40.851,-96.759,2022-10-05,296,8,36.875,0.25,807.18696225,1.1428571428571428,19.0,47.0,8.0,1.0,1,1,1.0,1,1.0,1,1,1.0,0.0,0.0,0.0,0.0,0.0,0.0,1,1.0,1.0,0.0,0.0,0.0,American Airlines,1,1.0,LNK-SKF,1,1.0,0.0,0.0,0.0,1,0.0,0.0,1,1.0,0.0,0.0,0.0,0.0,4.0,0.0,1.0,0.0,Hyatt,1,1.0,False,False,True,True,True,True,True,True,0.0,0.0,4,1,0,1.85,0.0,1,0.0,False,0.0
80,357737,1982-10-04,40.0,F,True,True,usa,san diego,SAN,32.733,-117.189,2022-10-10,291,8,52.375,0.75,1101.125,1.3333333333333333,31.0,31.0,7.8,6.0,5,4,0.8,1,0.2,4,4,1.0,653.2333333333333,41.4509304278364,0.0,0.0,0.0,1959.7,1,0.25,1.0,0.0,0.25,0.5,Cebu Pacific,4,0.25,SAN-SJI,4,0.25,3670.0545349587755,1543.0350059821233,0.0,5,131.75,46.017206926684864,3,0.6,0.075,7.85,15.7,511.3,3.8,1.9235384061671346,1.0,0.0,Crowne Plaza,4,0.4,False,False,False,False,True,False,False,False,2471.0,15.7,3,5,5,4.2,1290.4568856285428,3,3557.422149471423,False,653.2333333333333
81,359072,1972-12-09,50.0,F,True,True,canada,montreal,YUL,45.468,-73.741,2022-10-11,290,8,39.75,0.5,983.723602125,2.0,89.0,89.0,9.0,9.0,3,3,1.0,1,0.3333333333333333,3,3,1.0,66.575,38.23326365875663,0.0,0.0,0.0,133.15,1,0.3333333333333333,1.0,0.0,0.3333333333333333,0.5773502691896257,United Airlines,3,0.3333333333333333,YUL-MEM,3,0.3333333333333333,384.76579230647803,828.0433421277367,0.0,3,165.0,67.88225099390856,1,0.3333333333333333,0.0,0.0,0.0,330.0,2.3333333333333335,0.5773502691896257,1.0,0.0,Radisson,3,0.3333333333333333,False,False,False,False,True,False,False,True,463.15,0.0,1,3,1,1.5,403.12633655662995,1,1111.3045113501212,False,66.575
86,363535,1993-05-15,30.0,F,False,False,usa,charlotte,CLT,35.214,-80.943,2022-10-14,287,7,31.857142857142858,0.42857142857142855,946.82121,1.4,80.0,125.0,5.0,3.0,2,2,1.0,1,0.5,2,1,0.5,251.87,0.0,0.0,0.0,0.0,251.87,1,0.5,1.0,0.0,0.5,0.7071067811865476,Southwest Airlines,2,0.5,CLT-DAL,2,0.5,2879.491992475857,984.0911858969409,0.0,2,71.0,0.0,1,0.5,0.0,0.0,0.0,71.0,4.5,2.1213203435596424,1.0,0.0,Crowne Plaza,2,0.5,False,False,False,False,True,False,False,True,322.87,0.0,1,2,1,1.25,421.5396748916305,1,1162.064841561957,True,251.87
87,365825,1979-05-10,44.0,F,False,False,usa,los angeles,LAX,33.942,-118.408,2022-10-16,285,8,44.375,0.375,1042.75,1.3333333333333333,45.0,45.0,10.0,6.0,2,1,0.5,1,0.5,1,1,1.0,64.63,0.0,0.0,0.0,0.0,64.63,0,0.0,1.0,0.0,1.0,0.0,AirTran Airways,1,1.0,LAX-LAS,1,1.0,380.02317448721215,0.0,0.0,2,95.0,0.0,1,0.5,0.0,0.0,0.0,95.0,7.5,4.949747468305833,1.5,0.7071067811865476,Aman Resorts,2,0.5,False,False,False,True,True,False,False,True,159.63,0.0,2,2,1,1.65,208.41322607535844,1,574.5359143263084,False,64.63
91,374331,1981-12-01,41.0,M,False,False,usa,milwaukee,MKE,42.947,-87.896,2022-10-22,279,8,42.25,0.375,1031.25,1.3333333333333333,28.0,147.0,6.0,3.0,2,0,0.0,1,0.5,1,1,1.0,0.0,0.0,0.0,0.0,0.0,0.0,1,1.0,1.0,0.0,1.0,0.0,Southwest Airlines,1,1.0,MKE-DAL,1,1.0,0.0,0.0,0.0,1,280.0,0.0,0,0.0,0.0,0.0,0.0,280.0,12.0,0.0,2.0,0.0,Best Western,1,1.0,False,False,True,True,True,False,True,True,280.0,0.0,3,2,1,2.0500000000000003,365.56852284094697,1,1007.7683142978535,True,0.0
95,375729,1971-04-12,52.0,F,False,False,usa,atlanta,ATL,33.64,-84.427,2022-10-23,278,8,17.75,0.375,131.125,1.1428571428571428,16.0,16.0,7.0,0.0,3,3,1.0,0,0.0,3,3,1.0,344.05333333333334,187.348008351659,0.15,67.939,135.878,896.282,2,0.6666666666666666,1.0,0.0,0.3333333333333333,0.5773502691896257,Delta Air Lines,3,0.3333333333333333,ATL-JFK,3,0.3333333333333333,1855.086336767669,1100.490078832161,0.0,3,271.3333333333333,381.261502558721,0,0.0,0.0,0.0,0.0,814.0,3.0,1.0,1.0,0.0,Banyan Tree,3,0.3333333333333333,False,True,False,False,False,False,False,True,1710.282,135.878,4,3,4,3.75,1488.63158186062,4,4103.733352652289,False,344.05333333333334
98,377069,1956-03-06,67.0,F,True,False,usa,new york,LGA,40.777,-73.872,2022-10-24,277,8,32.5,0.25,956.625,2.0,89.0,96.0,196.0,189.0,1,0,0.0,1,1.0,1,1,1.0,0.0,0.0,0.0,0.0,0.0,0.0,1,1.0,2.0,0.0,1.0,0.0,Allegiant Air,1,1.0,LGA-ELP,1,1.0,0.0,0.0,0.0,0,0.0,0.0,0,0.0,0.0,0.0,0.0,0.0,0.0,0.0,0.0,0.0,MISSING,0,0.0,False,False,True,True,True,True,False,True,0.0,0.0,1,1,0,0.65,0.0,1,0.0,True,0.0
100,378565,1983-09-27,39.0,F,True,True,usa,nashville,BNA,36.124,-86.678,2022-10-25,276,8,17.0,0.625,127.125,1.3333333333333333,27.0,27.0,6.0,0.0,5,2,0.4,0,0.0,2,2,1.0,354.815,195.055405590309,0.1,21.689,21.689,687.941,1,0.5,1.0,0.0,0.5,0.7071067811865476,JetBlue Airways,2,0.5,BNA-SAN,2,0.5,2061.293716608364,1066.4925181108088,0.0,5,144.6,88.56805293106538,0,0.0,0.0,0.0,0.0,723.0,9.0,6.782329983125268,1.2,0.4472135954999579,Aman Resorts,5,0.2,False,True,False,False,False,False,False,True,1410.941,21.689,3,5,3,3.5,736.8508816938979,1,2031.2880473481825,False,354.815
108,381465,1990-07-19,33.0,F,False,False,usa,san antonio,SAT,29.534,-98.47,2022-10-26,275,8,30.625,0.625,418.68018,1.6,29.0,29.0,5.5,8.0,4,2,0.5,1,0.25,2,1,0.5,324.87,0.0,0.0,0.0,0.0,324.87,1,0.5,1.0,0.0,0.0,0.0,United Airlines,2,0.5,SAT-IAH,2,0.5,1668.4161417483165,953.2589662721853,0.0,4,156.0,86.43494663618414,1,0.25,0.0,0.0,0.0,468.0,8.5,11.120551545074852,1.0,0.0,Shangri-La,3,0.5,False,False,False,False,True,False,False,True,792.87,0.0,3,4,2,2.9000000000000004,517.586276258753,1,1426.837970280963,False,324.87
115,386914,1977-12-08,45.0,F,True,True,canada,hamilton,YHM,43.173,-79.935,2022-10-30,271,8,36.75,0.375,987.375,1.1428571428571428,3.0,87.0,116.5,141.0,2,1,0.5,1,0.5,2,2,1.0,134.71,0.0,0.0,0.0,0.0,134.71,1,0.5,3.6666666666666665,2.8284271247461903,2.5,2.1213203435596424,Air India Limited,2,0.5,YHM-DEL,2,0.5,659.0764833746324,7807.38164142674,0.0,1,321.0,0.0,1,1.0,0.1,32.1,32.1,288.9,2.0,0.0,1.0,0.0,Wyndham,1,1.0,False,False,False,False,True,False,True,False,423.61,32.1,5,2,1,2.85,553.0660070023341,1,1524.6454843561205,False,36.73909090909091
122,389662,1985-08-09,37.0,F,False,False,usa,fresno,FAT,36.776,-119.718,2022-11-01,269,8,18.25,0.375,135.75,1.3333333333333333,46.0,122.0,9.666666666666666,0.0,3,2,0.6666666666666666,0,0.0,2,2,1.0,330.09,55.04119184756086,0.1,29.117,29.117,631.063,1,0.5,1.0,0.0,1.0,0.0,American Airlines,2,0.5,FAT-DAL,2,0.5,1892.1749419588195,332.5535560861128,0.0,3,173.0,108.475803753648,0,0.0,0.0,0.0,0.0,519.0,1.6666666666666667,0.5773502691896257,1.0,0.0,Best Western,3,0.3333333333333333,False,True,False,False,False,False,False,True,1150.063,29.117,2,3,3,2.5999999999999996,1001.0162668667334,2,2759.516787729363,True,330.09
136,402332,1992-01-10,31.0,F,False,False,usa,sacramento,MCC,38.667,-121.401,2022-11-08,262,8,17.125,0.25,127.125,1.1428571428571428,10.0,73.0,14.5,0.0,2,2,1.0,0,0.0,2,2,1.0,430.45,272.646232689909,0.15,93.486,93.486,767.414,1,0.5,1.5,0.7071067811865476,0.0,0.0,Delta Air Lines,2,0.5,MCC-LAX,2,0.5,2055.6489121618424,2073.0269655856155,0.0,2,139.0,42.42640687119285,2,1.0,0.05,6.95,13.9,264.1,1.5,0.7071067811865476,1.5,0.7071067811865476,Marriott,2,0.5,False,True,False,False,False,False,False,False,1031.514,107.386,5,2,2,3.2,1346.7466045348447,4,3712.5968748379855,False,286.96666666666664
149,411179,1972-11-19,50.0,F,False,False,usa,san jose,SJC,37.362,-121.929,2022-11-14,256,8,45.75,0.5,1052.5,2.0,59.0,99.0,7.333333333333333,1.0,3,2,0.6666666666666666,1,0.3333333333333333,2,2,1.0,507.36,0.0,0.15,50.736,50.736,456.624,2,1.0,1.0,0.0,0.5,0.7071067811865476,Kenmore Air,2,0.5,SJC-BFI,2,0.5,2617.400317678516,1051.0152107882361,0.0,3,149.0,8.48528137423857,1,0.3333333333333333,0.0,0.0,0.0,298.0,6.333333333333333,6.658328118479393,1.3333333333333333,0.5773502691896257,Extended Stay,3,0.3333333333333333,False,False,False,False,False,False,False,True,754.624,50.736,2,3,2,2.25,656.825669000778,1,1810.6813247826274,True,507.36
151,413128,1995-01-02,28.0,F,False,False,canada,hamilton,YHM,43.173,-79.935,2022-11-15,255,10,16.1,0.5,119.8,1.4285714285714286,22.0,22.0,6.2,0.0,5,4,0.8,0,0.0,4,4,1.0,405.19,688.022814205072,0.1,75.4535,150.907,1469.853,2,0.5,1.5,1.0,0.25,0.5,Air Canada,4,0.25,YHM-YEG,4,0.25,946.7636257429017,1188.2144292971198,0.0,5,261.0,217.295881231099,1,0.2,0.1,5.2,5.2,1299.8,5.8,5.630275304103699,1.4,0.8944271909999159,Choice Hotels,4,0.4,False,True,False,False,False,False,False,False,2769.653,156.107,4,5,5,4.6,1446.4256514171389,4,3987.383621428561,False,270.12666666666667
154,413658,1972-09-04,50.0,F,True,True,usa,philadelphia,PNE,40.082,-75.011,2022-11-15,255,8,22.5,0.5,547.7315255,1.3333333333333333,30.0,81.0,80.0,174.0,3,1,0.3333333333333333,1,0.3333333333333333,2,2,1.0,189.04,0.0,0.0,0.0,0.0,189.04,1,0.5,2.3333333333333335,1.414213562373095,1.5,0.7071067811865476,AirTran Airways,2,0.5,PNE-LAS,2,0.5,1085.874254596577,1715.1910825447408,0.0,2,121.5,40.30508652763321,0,0.0,0.0,0.0,0.0,243.0,3.5,2.1213203435596424,1.5,0.7071067811865476,Choice Hotels,2,0.5,False,False,False,False,True,False,False,True,432.04,0.0,3,3,1,2.3000000000000003,376.0481538290542,1,1036.6576726410588,False,81.01714285714284
160,416580,1980-08-08,42.0,F,False,False,usa,fort worth,FTW,32.82,-97.362,2022-11-16,254,8,40.0,0.75,928.167843375,1.1428571428571428,9.0,26.0,7.2,3.0,5,3,0.6,1,0.2,4,4,1.0,306.3375,263.95019661229,0.0,0.0,0.0,1225.35,0,0.0,1.25,0.5,0.25,0.5,United Airlines,3,0.5,FTW-ELP,4,0.25,1276.6657337554223,765.3755993251616,0.0,4,170.0,36.51027252705737,2,0.5,0.1,12.9,12.9,497.1,2.25,1.8929694486000912,1.5,0.5773502691896257,Banyan Tree,4,0.25,False,False,False,False,True,False,False,False,1722.45,12.9,5,5,4,4.65,899.5335745248416,2,2479.757904231911,False,245.07
162,418329,1974-09-14,48.0,M,False,True,usa,detroit,DET,42.409,-83.01,2022-11-17,253,8,21.125,0.375,156.5,1.1428571428571428,8.0,8.0,7.333333333333333,0.0,3,3,1.0,0,0.0,3,3,1.0,148.50666666666666,2.382946355529921,0.1,14.7665,29.533,415.987,2,0.6666666666666666,1.0,0.0,0.6666666666666666,0.5773502691896257,AeroMéxico,3,0.3333333333333333,DET-JFK,3,0.3333333333333333,825.1074162042793,27.98802150876121,0.0,3,118.33333333333333,2.0816659994661326,1,0.3333333333333333,0.15,17.85,17.85,337.15,9.333333333333334,7.571877794400365,1.0,0.0,Banyan Tree,3,0.3333333333333333,False,True,False,False,False,False,False,False,753.137,47.383,5,3,2,3.45,655.5313823496721,1,1807.1133450603393,False,148.50666666666666
164,418692,1984-10-09,38.0,F,False,False,usa,fort worth,FTW,32.82,-97.362,2022-11-17,253,9,32.333333333333336,0.3333333333333333,876.0,1.2857142857142858,10.0,112.0,87.5,67.0,2,2,1.0,1,0.5,2,2,1.0,312.54,0.0,0.05,15.627,15.627,296.913,2,1.0,1.0,0.0,0.5,0.7071067811865476,Japan Airlines,2,0.5,FTW-NRT,2,0.5,1668.441774757358,6108.954322641887,0.0,2,159.0,0.0,1,0.5,0.0,0.0,0.0,159.0,6.0,4.242640687119285,1.0,0.0,Banyan Tree,2,0.5,False,False,False,False,False,False,False,True,455.913,15.627,5,2,1,2.85,595.2408641213738,1,1640.9095552731333,True,312.54
166,420669,1973-02-04,50.0,F,True,True,canada,calgary,YYC,51.114,-114.02,2022-11-18,252,8,63.5,0.75,1361.370826,1.1428571428571428,20.0,43.0,7.5,6.0,4,2,0.5,2,0.5,3,3,1.0,597.15,0.0,0.0,0.0,0.0,597.15,2,0.6666666666666666,1.0,0.0,0.6666666666666666,0.5773502691896257,American Airlines,3,0.3333333333333333,YYC-LGA,2,0.6666666666666666,3277.111769968965,30.195922446985335,0.0,3,123.0,12.727922061357855,1,0.3333333333333333,0.0,0.0,0.0,246.0,6.0,4.58257569495584,1.0,0.0,Aman Resorts,3,0.3333333333333333,False,False,False,False,True,False,False,True,843.15,0.0,4,4,2,3.3,550.4091072024007,1,1517.3211682147055,False,597.15
167,421247,1981-12-20,41.0,F,True,True,usa,memphis,MEM,35.042,-89.977,2022-11-19,251,8,22.375,0.5,166.625,1.3333333333333333,45.0,45.0,6.75,0.0,4,4,1.0,0,0.0,4,4,1.0,177.3975,114.096460469493,0.0,0.0,0.0,709.59,0,0.0,1.0,0.0,0.5,0.5773502691896257,Air France,4,0.25,MEM-BNA,4,0.25,1051.733271711583,731.0021869064519,0.0,4,216.0,57.323642591866054,2,0.5,0.075,13.525,27.05,836.95,2.5,1.2909944487358056,1.0,0.0,Radisson,3,0.5,False,True,False,False,True,False,False,False,1546.54,27.05,2,4,4,3.2,1009.5827559186395,2,2783.132158561076,False,177.3975
168,421515,1992-12-03,30.0,F,False,False,canada,winnipeg,YAV,50.056,-97.032,2022-11-19,251,8,22.5,0.25,166.875,1.6,81.0,114.0,6.0,0.0,2,2,1.0,0,0.0,2,2,1.0,337.55,182.164848969278,0.0,0.0,0.0,675.1,0,0.0,1.0,0.0,0.5,0.7071067811865476,Delta Air Lines,2,0.5,YAV-NIP,2,0.5,1859.1848621269955,939.8684923008881,0.0,2,178.5,84.14570696119915,1,0.5,0.05,5.95,5.95,351.05,2.0,0.0,1.0,0.0,Aman Resorts,2,0.5,False,True,False,False,True,False,False,False,1026.15,5.95,1,2,2,1.6,1339.7433561187063,4,3693.2909132740806,True,337.55
169,421666,1994-05-02,29.0,F,False,True,usa,washington,IAD,38.944,-77.456,2022-11-19,251,8,46.125,0.375,1057.25,1.3333333333333333,30.0,30.0,9.0,7.0,2,2,1.0,1,0.5,2,2,1.0,545.17,0.0,0.0,0.0,0.0,545.17,1,0.5,1.0,0.0,1.0,0.0,Delta Air Lines,2,0.5,IAD-LSQ,1,1.0,3674.037323136456,0.0,0.0,2,79.0,0.0,1,0.5,0.0,0.0,0.0,79.0,2.0,0.0,1.0,0.0,Starwood,2,0.5,False,False,False,False,True,False,False,True,624.17,0.0,3,2,2,2.4000000000000004,814.9175175058352,2,2246.4955311974686,False,545.17
170,421700,1983-06-02,40.0,F,False,True,usa,richmond,RIC,37.505,-77.319,2022-11-19,251,8,17.625,0.375,130.375,1.1428571428571428,16.0,16.0,8.333333333333334,0.0,3,3,1.0,0,0.0,3,3,1.0,393.64666666666665,261.119785985921,0.2,137.418,137.418,1043.522,1,0.3333333333333333,1.3333333333333333,0.5773502691896257,0.0,0.0,Delta Air Lines,2,0.6666666666666666,RIC-NCA,3,0.3333333333333333,1902.8434554719408,1661.779890248509,0.0,3,116.66666666666667,98.28699473141567,1,0.3333333333333333,0.15,32.85,32.85,317.15,5.666666666666667,1.5275252316519468,1.3333333333333333,0.5773502691896257,Choice Hotels,3,0.3333333333333333,False,True,False,False,False,False,False,False,1360.672,170.268,4,3,3,3.4,1184.3306026453263,3,3264.8622089340215,False,295.235
174,423042,1981-07-10,42.0,F,False,True,canada,ottawa,YOW,45.323,-75.669,2022-11-20,250,8,31.375,0.875,333.65255625,1.3333333333333333,53.0,53.0,6.5,4.0,6,3,0.5,1,0.16666666666666666,4,4,1.0,224.36666666666667,157.947699360685,0.0,0.0,0.0,673.1,1,0.25,1.0,0.0,0.5,0.5773502691896257,Porter Airlines,3,0.25,YOW-YTZ,4,0.25,1346.685043893381,867.804799673321,0.0,5,143.25,77.38378383098102,2,0.4,0.05,6.3,6.3,566.7,3.0,1.414213562373095,1.0,0.0,Choice Hotels,5,0.2,False,False,False,False,True,False,False,False,1239.8,6.3,2,5,3,3.0999999999999996,539.5617316883405,1,1487.4180429362843,False,224.36666666666667
179,425953,1986-04-24,37.0,F,True,False,usa,nashville,BNA,36.124,-86.678,2022-11-22,248,8,22.625,0.5,167.75,1.1428571428571428,25.0,25.0,8.5,0.0,4,4,1.0,0,0.0,4,4,1.0,217.8525,87.03810176200612,0.15,49.0845,49.0845,822.3255,1,0.25,1.75,0.9574271077563381,0.0,0.0,Air Berlin,4,0.25,BNA-MDW,3,0.5,784.7291151266991,296.69468151918375,0.0,4,89.0,27.77288845859093,1,0.25,0.05,3.35,3.35,352.65,2.5,1.2909944487358056,1.75,0.9574271077563381,Extended Stay,4,0.25,False,True,False,False,False,False,False,False,1174.9755,52.4345,4,4,3,3.65,767.0251034094698,2,2114.4697838862103,False,124.48714285714286
181,426478,1998-08-23,24.0,F,False,False,canada,hamilton,YHM,43.173,-79.935,2022-11-22,248,8,18.5,0.375,434.6407615,1.6,49.0,64.0,128.0,238.0,2,0,0.0,1,0.5,1,1,1.0,0.0,0.0,0.0,0.0,0.0,0.0,1,1.0,1.0,0.0,0.0,0.0,Germanwings,1,1.0,YHM-TXL,1,1.0,0.0,0.0,0.0,1,119.0,0.0,1,1.0,0.1,11.9,11.9,107.1,9.0,0.0,1.0,0.0,Radisson,1,1.0,False,False,True,True,True,False,True,False,107.1,11.9,2,2,1,1.65,139.8299599866622,1,385.47138021892897,False,0.0
183,427506,1969-06-07,54.0,F,True,True,usa,norfolk,ORF,36.894,-76.201,2022-11-22,248,8,40.5,0.5,983.7152875,1.3333333333333333,23.0,25.0,7.333333333333333,3.0,3,3,1.0,1,0.3333333333333333,3,3,1.0,84.21,8.046875169902911,0.25,22.475,22.475,145.945,2,0.6666666666666666,1.0,0.0,0.6666666666666666,0.5773502691896257,Delta Air Lines,3,0.3333333333333333,ORF-LSQ,3,0.3333333333333333,466.41928187733066,1929.1187708541547,0.0,3,239.5,44.54772721475249,2,0.6666666666666666,0.1,20.8,20.8,458.2,2.0,1.0,1.0,0.0,Banyan Tree,3,0.3333333333333333,False,False,False,False,False,False,False,False,604.145,43.275,4,3,2,3.05,525.8485600755807,1,1449.614733908278,False,84.21
188,429375,1990-04-18,33.0,F,False,False,usa,new york,LGA,40.777,-73.872,2022-11-23,247,8,33.5,0.5,821.08061825,2.0,108.0,115.0,80.0,218.0,3,2,0.6666666666666666,1,0.3333333333333333,3,3,1.0,188.615,45.488179233730605,0.0,0.0,0.0,377.23,1,0.3333333333333333,1.0,0.0,0.6666666666666666,0.5773502691896257,Brussels Airlines,3,0.3333333333333333,LGA-BRU,3,0.3333333333333333,1019.4474190720409,2811.6055634243335,0.0,2,222.0,123.036579926459,0,0.0,0.0,0.0,0.0,444.0,1.5,0.7071067811865476,1.0,0.0,Conrad,2,0.5,False,False,False,False,True,False,False,True,821.23,0.0,1,3,2,1.8499999999999999,714.7996143158831,1,1970.4989827400627,True,188.615
189,430722,1995-11-11,27.0,M,False,False,usa,mobile,BFM,30.626,-88.068,2022-11-24,246,8,40.75,0.5,939.86653525,1.6,76.0,76.0,7.0,5.0,3,3,1.0,1,0.3333333333333333,3,3,1.0,187.725,7.36098159215196,0.2,38.586,38.586,336.864,2,0.6666666666666666,1.0,0.0,0.6666666666666666,0.5773502691896257,Delta Air Lines,3,0.3333333333333333,BFM-YYC,3,0.3333333333333333,1115.4855754959137,1165.6233331291307,0.0,3,211.5,147.785317267988,2,0.6666666666666666,0.05,15.8,15.8,407.2,4.0,1.0,1.0,0.0,Hyatt,3,0.3333333333333333,False,False,False,False,False,False,False,False,744.064,54.386,1,3,2,1.8499999999999999,647.6342318550628,1,1785.3431500231384,False,187.725
194,431899,1980-04-23,43.0,F,True,False,usa,seattle,SEA,47.449,-122.309,2022-11-25,245,8,30.875,0.25,334.131197625,2.0,114.0,164.0,7.0,2.0,1,1,1.0,1,1.0,1,1,1.0,0.0,0.0,0.0,0.0,0.0,0.0,1,1.0,1.0,0.0,0.0,0.0,American Airlines,1,1.0,SEA-ELP,1,1.0,0.0,0.0,0.0,1,0.0,0.0,1,1.0,0.0,0.0,0.0,0.0,5.0,0.0,1.0,0.0,Choice Hotels,1,1.0,False,False,True,True,True,True,True,True,0.0,0.0,1,1,0,0.65,0.0,1,0.0,True,0.0
199,433080,1980-02-18,43.0,F,True,False,usa,colorado springs,COS,38.806,-104.7,2022-11-26,244,8,19.75,0.5,147.0,1.3333333333333333,41.0,41.0,8.25,0.0,4,4,1.0,0,0.0,4,4,1.0,337.5525,106.256409179243,0.0,0.0,0.0,1350.21,0,0.0,1.25,0.5,0.75,0.9574271077563381,AirTran Airways,4,0.25,COS-DAL,4,0.25,1676.0183501502906,842.1143601468367,0.0,4,92.5,32.29551052391029,2,0.5,0.1,8.85,17.7,352.3,3.75,2.753785273643051,1.25,0.5,Crowne Plaza,4,0.25,False,True,False,False,True,False,False,False,1702.51,17.7,2,4,4,3.2,1111.4001175391797,3,3063.8136299557837,False,270.04200000000003
208,435882,1972-11-19,50.0,F,True,False,usa,washington,DCA,38.852,-77.037,2022-11-27,243,9,50.0,0.4444444444444444,1005.3333333333334,1.2857142857142858,8.0,8.0,9.333333333333334,4.0,3,3,1.0,1,0.3333333333333333,3,3,1.0,295.615,79.41516259506115,0.05,0.0,0.0,591.23,1,0.3333333333333333,1.0,0.0,0.3333333333333333,0.5773502691896257,Southwest Airlines,2,0.6666666666666666,DCA-LGA,3,0.3333333333333333,1588.109222664632,806.1855676291851,0.0,3,328.0,220.617315730203,1,0.3333333333333333,0.0,0.0,0.0,656.0,1.6666666666666667,0.5773502691896257,1.0,0.0,InterContinental,3,0.3333333333333333,False,False,False,False,True,False,False,True,1247.23,0.0,5,3,3,3.8,1085.5905446259865,3,2992.6639872421715,False,295.615
209,436320,1974-08-09,48.0,F,True,True,usa,milwaukee,MKE,42.947,-87.896,2022-11-27,243,8,17.875,0.25,131.75,1.1428571428571428,17.0,57.0,8.5,0.0,2,2,1.0,0,0.0,2,2,1.0,199.715,5.960910165402596,0.1,20.393,20.393,379.037,1,0.5,1.0,0.0,0.5,0.7071067811865476,Air Canada,2,0.5,MKE-LGA,2,0.5,1125.1958594553575,100.91717670035499,0.0,2,113.5,33.23401871576773,1,0.5,0.1,9.0,9.0,218.0,3.0,2.8284271247461903,1.0,0.0,Best Western,2,0.5,False,True,False,False,False,False,False,False,597.037,29.393,4,2,1,2.45,779.4926220406802,2,2148.8391823694556,False,199.715
215,437549,1984-05-13,39.0,F,False,False,usa,new orleans,NBG,29.825,-90.035,2022-11-28,242,8,16.375,0.375,122.125,1.3333333333333333,29.0,99.0,9.0,0.0,3,3,1.0,0,0.0,3,3,1.0,336.95,205.210190536435,0.0,0.0,0.0,1010.85,0,0.0,1.0,0.0,1.0,0.0,Air North Charter - Canada,3,0.3333333333333333,NBG-LGA,3,0.3333333333333333,1928.2618224141145,1146.3723973029232,0.0,3,130.33333333333334,13.503086067019396,1,0.3333333333333333,0.2,26.0,26.0,365.0,3.6666666666666665,2.0816659994661326,1.0,0.0,Aman Resorts,3,0.3333333333333333,False,True,False,False,True,False,False,False,1375.85,26.0,3,3,3,3.0,1197.541552739802,3,3301.2810362540517,True,336.95
218,438551,1987-08-04,35.0,F,True,True,usa,charlotte,CLT,35.214,-80.943,2022-11-29,241,8,45.125,0.5,1047.75,1.6,57.0,123.0,69.66666666666667,131.0,3,1,0.3333333333333333,1,0.3333333333333333,1,1,1.0,0.0,0.0,0.0,0.0,0.0,0.0,1,1.0,6.0,0.0,5.0,0.0,Air India Limited,1,1.0,CLT-AGR,1,1.0,0.0,0.0,0.0,3,128.0,9.899494936611665,2,0.6666666666666666,0.25,30.25,30.25,225.75,5.666666666666667,6.3508529610858835,1.6666666666666667,1.1547005383792515,Crowne Plaza,3,0.3333333333333333,False,False,True,True,True,False,False,False,225.75,30.25,2,3,1,1.9,196.493081027009,1,541.6754689350963,True,0.0
220,438839,1974-05-09,49.0,F,False,True,usa,new york,JFK,40.64,-73.779,2022-11-29,241,8,16.375,0.375,121.0,1.6,86.0,86.0,6.333333333333333,0.0,3,3,1.0,0,0.0,3,2,0.6666666666666666,210.77666666666667,300.517843785246,0.1,55.756,55.756,576.574,1,0.3333333333333333,1.0,0.0,0.6666666666666666,0.5773502691896257,AirTran Airways,3,0.3333333333333333,JFK-PHL,3,0.3333333333333333,1372.5254886672628,1787.3242888924008,0.0,3,162.66666666666666,31.069813860616115,0,0.0,0.0,0.0,0.0,488.0,7.666666666666667,5.507570547286102,1.0,0.0,Conrad,3,0.3333333333333333,False,True,False,False,False,False,False,True,1064.574,55.756,1,3,3,2.1999999999999997,926.6065348449483,2,2554.3903462507697,False,210.77666666666667
225,439120,1985-07-23,38.0,M,True,False,usa,tulsa,TUL,36.198,-95.888,2022-11-29,241,8,20.0,0.25,149.125,1.3333333333333333,34.0,97.0,9.5,0.0,2,1,0.5,0,0.0,2,2,1.0,398.955,60.591980079875256,0.0,0.0,0.0,797.91,0,0.0,1.0,0.0,0.5,0.7071067811865476,American Airlines,2,0.5,TUL-FAT,2,0.5,2054.2258225269707,101.30425175389198,0.0,1,93.0,0.0,1,1.0,0.1,9.3,9.3,83.7,1.0,0.0,1.0,0.0,Extended Stay,1,1.0,False,True,False,False,True,False,True,False,881.61,9.3,3,2,2,2.4000000000000004,1151.0316622207401,3,3173.0665127433235,True,398.955
227,440212,1984-12-08,38.0,F,True,True,usa,winston-salem,INT,36.134,-80.222,2022-11-29,241,8,18.625,0.125,138.375,1.3333333333333333,31.0,102.0,6.0,0.0,1,1,1.0,0,0.0,1,1,1.0,578.68,0.0,0.1,57.868,57.868,520.812,1,1.0,1.0,0.0,1.0,0.0,Ryanair,1,1.0,INT-YXD,1,1.0,3216.649512671931,0.0,0.0,1,58.0,0.0,0,0.0,0.0,0.0,0.0,58.0,3.0,0.0,1.0,0.0,Aman Resorts,1,1.0,False,True,False,True,False,False,True,True,578.812,57.868,3,1,1,1.8000000000000003,1511.3960560186729,4,4166.488525252637,True,578.68
228,440655,1993-01-27,30.0,F,False,True,canada,toronto,YYZ,43.677,-79.631,2022-11-30,240,8,17.0,0.375,126.75,1.1428571428571428,9.0,35.0,6.333333333333333,0.0,3,3,1.0,0,0.0,3,3,1.0,328.66,200.361885846585,0.0,0.0,0.0,985.98,0,0.0,1.0,0.0,0.0,0.0,Allegiant Air,3,0.3333333333333333,YYZ-BIF,2,0.6666666666666666,1980.7600741403069,1205.6538300883526,0.0,3,211.33333333333334,122.173374076897,1,0.3333333333333333,0.1,29.4,29.4,604.6,2.3333333333333335,1.5275252316519468,1.0,0.0,Rosewood,2,0.6666666666666666,False,True,False,False,True,False,False,False,1590.58,29.4,5,3,4,4.15,1384.4428120484604,4,3816.514584180666,False,328.66
234,442484,1980-09-28,42.0,F,True,False,usa,houston,EFD,29.607,-95.159,2022-12-01,239,8,16.25,0.375,121.75,1.3333333333333333,30.0,30.0,8.333333333333334,0.0,3,1,0.3333333333333333,0,0.0,3,3,1.0,281.79333333333335,154.950761318986,0.3,87.963,87.963,757.417,1,0.3333333333333333,1.0,0.0,0.3333333333333333,0.5773502691896257,AeroMéxico,3,0.3333333333333333,EFD-BNA,3,0.3333333333333333,1723.897775837366,670.4559618157027,0.0,1,85.0,0.0,0,0.0,0.0,0.0,0.0,85.0,1.0,0.0,1.0,0.0,Extended Stay,1,1.0,False,True,False,False,False,False,True,True,842.417,87.963,3,3,2,2.6500000000000004,733.2408054907191,1,2021.3360952996547,False,281.79333333333335
235,442718,1975-06-05,48.0,F,True,True,usa,new york,JFK,40.64,-73.779,2022-12-01,239,8,16.25,0.5,121.25,1.3333333333333333,54.0,93.0,8.5,0.0,4,2,0.5,0,0.0,4,4,1.0,727.8325,377.222516328228,0.15,102.4005,102.4005,2808.9295,1,0.25,1.25,0.5,0.25,0.5,AirTran Airways,4,0.25,JFK-ELP,4,0.25,3193.832724260007,701.0789156314175,0.0,2,73.0,21.213203435596427,1,0.5,0.1,5.8,5.8,140.2,6.0,1.414213562373095,1.5,0.7071067811865476,Accor,2,0.5,False,True,False,False,False,False,False,False,2949.1295,108.2005,2,4,5,3.55,1925.1944910386794,5,5307.212972966199,True,582.266
248,446138,1984-10-02,38.0,F,True,False,usa,houston,IAH,29.98,-95.34,2022-12-02,238,8,48.125,0.5,1071.375,1.1428571428571428,20.0,20.0,7.0,8.0,3,2,0.6666666666666666,1,0.3333333333333333,2,2,1.0,236.69,0.0,0.1,0.0,0.0,236.69,1,0.5,1.0,0.0,0.0,0.0,AirTran Airways,2,0.5,IAH-BNA,2,0.5,1311.951084160656,180.4640754105152,0.0,3,248.5,225.567063198509,2,0.6666666666666666,0.15,61.2,61.2,435.8,6.666666666666667,7.234178138070235,1.0,0.0,Marriott,3,0.3333333333333333,False,False,False,False,True,False,False,False,672.49,61.2,4,3,2,3.05,585.3361331554962,1,1613.6050325765798,False,236.69
262,449619,1988-10-08,34.0,F,False,False,usa,cleveland,CLE,41.412,-81.85,2022-12-04,236,8,18.75,0.375,139.125,1.3333333333333333,34.0,34.0,7.333333333333333,0.0,3,3,1.0,0,0.0,3,3,1.0,348.8433333333333,268.964698860898,0.0,0.0,0.0,1046.53,0,0.0,1.0,0.0,1.0,0.0,Delta Air Lines,3,0.3333333333333333,CLE-EFD,3,0.3333333333333333,1918.6741996141689,1312.826307186572,0.0,3,153.33333333333334,42.770706486254504,1,0.3333333333333333,0.15,27.0,27.0,433.0,6.0,4.58257569495584,1.0,0.0,Crowne Plaza,3,0.3333333333333333,False,True,False,False,True,False,False,False,1479.53,27.0,3,3,3,3.0,1287.7847538068245,3,3550.055842983579,False,348.8433333333333
267,450305,1984-12-23,38.0,F,False,False,usa,fayetteville,FYV,36.005,-94.17,2022-12-05,235,8,17.375,0.375,128.875,1.3333333333333333,50.0,64.0,9.333333333333334,0.0,3,2,0.6666666666666666,0,0.0,2,2,1.0,193.36,22.726411947335638,0.15,31.4145,31.4145,355.3055,1,0.5,1.0,0.0,0.5,0.7071067811865476,Delta Air Lines,2,0.5,FYV-DMA,2,0.5,1267.7322128471942,462.7011897937735,0.0,3,148.33333333333334,53.631458430042095,1,0.3333333333333333,0.1,20.4,20.4,424.6,4.333333333333333,2.516611478423583,1.0,0.0,Four Seasons,3,0.3333333333333333,False,True,False,False,False,False,False,False,779.9055,51.8145,2,3,2,2.25,678.8307180726908,1,1871.3429786824395,False,193.36
271,452034,1974-07-25,49.0,F,False,False,usa,cleveland,CLE,41.412,-81.85,2022-12-06,234,8,42.875,0.625,1159.75,1.3333333333333333,54.0,81.0,83.0,105.0,3,1,0.3333333333333333,2,0.6666666666666666,2,2,1.0,262.41,0.0,0.0,0.0,0.0,262.41,1,0.5,1.0,0.0,0.5,0.7071067811865476,Air France,2,0.5,CLE-CDG,2,0.5,1515.6357171160516,3392.1571559458653,0.0,2,314.0,0.0,1,0.5,0.0,0.0,0.0,314.0,5.5,0.7071067811865476,1.5,0.7071067811865476,Aman Resorts,2,0.5,False,False,False,False,True,False,False,True,576.41,0.0,2,3,1,1.9,501.7079815494053,1,1383.0660334391089,False,262.41
272,452532,1991-06-05,32.0,F,False,False,usa,el paso,ELP,31.807,-106.378,2022-12-06,234,8,44.375,0.5,1083.375,1.1428571428571428,24.0,24.0,7.666666666666667,2.0,3,1,0.3333333333333333,1,0.3333333333333333,3,3,1.0,370.255,38.34640074374647,0.25,99.3425,99.3425,641.1675,2,0.6666666666666666,1.0,0.0,1.0,0.0,JetBlue Airways,3,0.3333333333333333,ELP-LGA,3,0.3333333333333333,2072.775868129786,572.4112005802967,0.0,1,0.0,0.0,1,1.0,0.0,0.0,0.0,0.0,9.0,0.0,1.0,0.0,Radisson,1,1.0,False,False,False,False,False,True,True,True,641.1675,99.3425,4,3,2,3.05,558.0729901633878,1,1538.44831108945,False,370.255
273,452594,1980-01-14,43.0,F,False,True,usa,las vegas,LSV,36.236,-115.034,2022-12-06,234,8,22.625,0.5,166.75,1.3333333333333333,32.0,32.0,11.5,0.0,4,3,0.75,0,0.0,3,3,1.0,351.6766666666667,273.276881080953,0.1,29.149,29.149,1025.881,1,0.3333333333333333,1.0,0.0,0.3333333333333333,0.5773502691896257,Avianca - Aerovias Nacionales de Colombia,3,0.3333333333333333,LSV-FTW,3,0.3333333333333333,1959.9673945209386,1505.9477955413988,0.0,4,152.25,81.72463928746744,0,0.0,0.0,0.0,0.0,609.0,5.5,1.9148542155126762,1.25,0.5,Extended Stay,3,0.5,False,True,False,False,False,False,False,True,1634.881,29.149,3,4,4,3.6,1067.2518431977326,3,2942.109409727838,False,351.6766666666667
274,452612,1981-05-05,42.0,F,True,True,usa,rochester,ROC,43.119,-77.672,2022-12-06,234,8,34.875,0.375,846.110514375,1.1428571428571428,23.0,23.0,12.5,13.0,2,2,1.0,1,0.5,2,2,1.0,341.65,0.0,0.0,0.0,0.0,341.65,1,0.5,1.0,0.0,1.5,0.7071067811865476,Allegiant Air,2,0.5,ROC-SAN,2,0.5,2024.5582254593126,1127.620041976469,0.0,2,148.0,0.0,1,0.5,0.1,0.0,0.0,148.0,4.5,0.7071067811865476,1.0,0.0,Wyndham,2,0.5,False,False,False,False,True,False,False,True,489.65,0.0,4,2,1,2.45,639.287954318106,1,1762.3348396283714,False,341.65
282,454934,1982-01-04,41.0,F,True,False,usa,tacoma,TCM,47.138,-122.476,2022-12-07,233,8,26.875,0.5,638.055130625,1.3333333333333333,42.0,42.0,8.666666666666666,0.0,3,3,1.0,1,0.3333333333333333,3,3,1.0,382.1,267.441926780376,0.0,0.0,0.0,764.2,1,0.3333333333333333,1.0,0.0,1.0,1.0,United Airlines,3,0.3333333333333333,TCM-YYC,3,0.3333333333333333,2033.347876475835,1222.061176415612,0.0,3,118.5,67.17514421272202,1,0.3333333333333333,0.0,0.0,0.0,237.0,2.6666666666666665,2.0816659994661326,1.0,0.0,Best Western,3,0.3333333333333333,False,False,False,False,True,False,False,True,1001.2,0.0,2,3,2,2.25,871.4457263532289,2,2402.327705416693,False,382.1
288,457468,1983-08-12,39.0,F,True,False,usa,phoenix,LUF,33.535,-112.383,2022-12-08,232,8,18.25,0.5,136.5,1.3333333333333333,45.0,45.0,6.75,0.0,4,2,0.5,0,0.0,2,2,1.0,183.47,155.78976603102,0.25,73.4075,73.4075,293.5325,1,0.5,2.0,1.414213562373095,2.0,1.414213562373095,Delta Air Lines,2,0.5,LUF-LSQ,2,0.5,469.1495790557456,126.88484607824105,0.0,4,139.75,111.368382706523,0,0.0,0.0,0.0,0.0,559.0,4.75,1.2583057392117916,1.5,1.0,Aman Resorts,4,0.25,False,True,False,False,False,False,False,True,852.5325,73.4075,2,4,2,2.5,556.5340119623207,1,1534.2057864448836,False,91.735
289,457599,1984-11-13,38.0,F,True,False,usa,columbus,LCK,39.814,-82.928,2022-12-08,232,8,18.75,0.625,140.5,1.3333333333333333,35.0,35.0,6.6,0.0,5,3,0.6,0,0.0,4,3,0.75,220.73,177.484691734245,0.125,9.02775,18.0555,864.8645,2,0.5,1.0,0.0,0.5,0.5773502691896257,Air New Zealand,4,0.25,LCK-BIF,4,0.25,1276.0773712818745,824.9995533958023,0.0,4,249.75,137.793021110166,2,0.5,0.075,15.25,30.5,968.5,3.25,0.9574271077563381,1.0,0.0,Banyan Tree,4,0.25,False,True,False,False,False,False,False,False,1833.3645,48.5555,3,5,4,3.85,957.4576458486162,2,2639.438073797896,False,220.73
292,458688,1981-02-09,42.0,F,False,False,usa,cleveland,CLE,41.412,-81.85,2022-12-09,231,9,26.555555555555557,0.2222222222222222,197.33333333333334,1.2857142857142858,14.0,14.0,8.0,0.0,2,1,0.5,0,0.0,2,2,1.0,63.84,15.01894803240227,0.3,22.338,22.338,105.342,1,0.5,1.0,0.0,0.0,0.0,Allegiant Air,2,0.5,CLE-UGN,2,0.5,416.02765561354965,108.0456679425404,0.0,1,238.0,0.0,0,0.0,0.0,0.0,0.0,238.0,10.0,0.0,1.0,0.0,Accor,1,1.0,False,True,False,False,False,False,True,True,343.342,22.338,5,2,1,2.85,448.2679563187729,1,1235.7471020273344,False,63.84
296,458855,1993-11-26,29.0,F,True,True,usa,tucson,TUS,32.116,-110.941,2022-12-09,231,9,16.444444444444443,0.2222222222222222,122.44444444444444,1.2857142857142858,11.0,171.0,7.0,0.0,2,2,1.0,0,0.0,2,2,1.0,415.33,54.334085066374314,0.0,0.0,0.0,830.66,0,0.0,1.5,0.7071067811865476,0.5,0.7071067811865476,Delta Air Lines,2,0.5,TUS-DAL,2,0.5,1818.456193826691,700.5885750277404,0.0,2,137.0,1.414213562373095,1,0.5,0.1,13.6,13.6,260.4,1.5,0.7071067811865476,1.5,0.7071067811865476,Accor,2,0.5,False,True,False,False,True,False,False,False,1091.06,13.6,5,2,3,3.55,1424.4899733244413,4,3926.9132035636285,True,276.88666666666666
304,460625,1977-10-22,45.0,F,True,True,usa,baltimore,BWI,39.175,-76.668,2022-12-10,230,9,29.333333333333332,0.6666666666666666,511.2835908888889,1.5,29.0,29.0,8.4,4.0,5,3,0.6,1,0.2,3,3,1.0,299.3433333333333,137.986860364795,0.15,21.033,21.033,876.997,1,0.3333333333333333,1.0,0.0,0.3333333333333333,0.5773502691896257,American Airlines,2,0.6666666666666666,BWI-IAH,3,0.3333333333333333,1665.855836350643,799.6017914263277,0.0,5,134.0,50.603030212297234,2,0.4,0.05,5.2,5.2,530.8,6.2,6.058052492344384,1.2,0.4472135954999579,Accor,4,0.4,False,False,False,False,False,False,False,False,1407.797,26.233,3,5,3,3.5,735.2089567855951,1,2026.7617279479646,False,299.3433333333333
305,461559,1991-10-27,31.0,F,False,False,canada,victoria,YYJ,48.647,-123.426,2022-12-10,230,8,21.0,0.5,157.5,1.1428571428571428,11.0,11.0,6.5,0.0,4,3,0.75,0,0.0,4,4,1.0,288.9675,229.3493397091,0.0,0.0,0.0,1155.87,0,0.0,1.0,0.0,0.5,0.5773502691896257,Bahamasair,4,0.25,YYJ-BFI,4,0.25,1604.6606011507379,1315.168023015119,0.0,3,108.0,52.507142371300304,1,0.3333333333333333,0.1,16.1,16.1,307.9,4.333333333333333,2.516611478423583,1.0,0.0,Best Western,3,0.3333333333333333,False,True,False,False,True,False,False,False,1463.77,16.1,5,4,3,4.05,955.5504226408802,2,2634.180402535302,False,288.9675
312,463698,1986-10-19,36.0,F,False,False,usa,atlanta,ATL,33.64,-84.427,2022-12-12,228,8,18.125,0.5,135.5,1.1428571428571428,8.0,8.0,8.5,0.0,4,4,1.0,0,0.0,4,4,1.0,195.5125,42.44674418217099,0.0,0.0,0.0,782.05,0,0.0,1.0,0.0,0.0,0.0,American Airlines,4,0.25,ATL-CMH,4,0.25,1052.4680867050492,226.3139495553355,0.0,4,114.75,36.03123644839294,1,0.25,0.05,6.45,6.45,452.55,2.75,1.5,1.0,0.0,Four Seasons,4,0.25,False,True,False,False,True,False,False,False,1234.6,6.45,5,4,3,4.05,805.9480326775591,2,2221.7692157716606,False,195.5125
321,464614,1986-05-14,37.0,F,False,False,canada,calgary,YYC,51.114,-114.02,2022-12-12,228,8,49.0,0.625,1138.875,2.0,101.0,101.0,10.0,7.0,4,3,0.75,1,0.25,3,3,1.0,465.06,183.534076672426,0.05,30.451,30.451,1364.729,1,0.3333333333333333,1.0,0.0,0.6666666666666666,0.5773502691896257,AirTran Airways,3,0.3333333333333333,YYC-DEN,3,0.3333333333333333,2473.3576806214337,935.9006318503601,0.0,4,121.0,78.30708780180757,1,0.25,0.0,0.0,0.0,363.0,4.25,2.0615528128088303,1.0,0.0,Starwood,4,0.25,False,False,False,False,False,False,False,True,1727.729,30.451,1,4,4,2.8,1127.8631042847617,3,3109.1973962384222,True,465.06
332,466723,1984-05-17,39.0,F,True,False,usa,louisville,LOU,38.228,-85.664,2022-12-13,227,8,28.375,0.625,327.0878335,1.3333333333333333,29.0,31.0,6.75,4.0,4,4,1.0,1,0.25,4,4,1.0,185.30333333333334,77.8593972063317,0.075,13.67225,27.3445,528.5655,3,0.75,1.0,0.0,0.0,0.0,Kenmore Air,4,0.25,LOU-BFI,3,0.25,1044.0333296576089,1100.611284960629,0.0,4,190.66666666666666,56.500737458314056,1,0.25,0.0,0.0,0.0,572.0,2.25,1.8929694486000912,1.0,0.0,Rosewood,4,0.25,False,False,False,False,False,False,False,True,1100.5655,27.3445,3,4,3,3.25,718.450185936979,1,1980.562569123883,False,185.30333333333334
334,467092,2006-04-07,17.0,F,False,True,usa,los angeles,LAX,33.942,-118.408,2022-12-13,227,8,35.125,0.25,976.5,1.3333333333333333,34.0,36.0,169.0,167.0,1,1,1.0,1,1.0,1,1,1.0,0.0,0.0,0.0,0.0,0.0,0.0,1,1.0,1.0,0.0,0.0,0.0,JetBlue Airways,1,1.0,LAX-MEM,1,1.0,0.0,0.0,0.0,1,0.0,0.0,1,1.0,0.0,0.0,0.0,0.0,10.0,0.0,1.0,0.0,Accor,1,1.0,False,False,True,True,True,True,True,True,0.0,0.0,3,1,0,1.4500000000000002,0.0,1,0.0,False,0.0
337,467892,1992-07-17,31.0,F,False,False,usa,new york,JFK,40.64,-73.779,2022-12-14,226,7,28.0,0.7142857142857143,283.2857142857143,1.75,62.0,62.0,7.25,2.0,4,3,0.75,1,0.25,3,3,1.0,528.185,198.675792309984,0.0,0.0,0.0,1056.37,1,0.3333333333333333,1.5,0.5773502691896257,0.0,0.0,Delta Air Lines,3,0.3333333333333333,JFK-SKF,3,0.3333333333333333,3098.34701592805,934.0703442349105,0.0,4,192.66666666666666,64.63229326995393,2,0.5,0.1,16.8,16.8,561.2,3.5,2.3804761428476167,1.25,0.5,Radisson,4,0.25,False,False,False,False,True,False,False,False,1617.57,16.8,2,4,4,3.2,1055.9512062354117,2,2910.9567717121054,False,352.1233333333333
338,468106,1979-01-06,44.0,F,False,False,usa,new york,LGA,40.777,-73.872,2022-12-14,226,8,20.5,0.5,153.125,1.1428571428571428,8.0,8.0,8.25,0.0,4,2,0.5,0,0.0,4,4,1.0,502.595,521.170272655684,0.0,0.0,0.0,2010.38,0,0.0,1.25,0.5,0.0,0.0,American Airlines,3,0.5,LGA-PHX,4,0.25,1935.6996209061017,1316.9118975211902,0.0,2,83.0,42.42640687119285,1,0.5,0.05,2.65,2.65,163.35,3.0,0.0,1.5,0.7071067811865476,Hyatt,2,0.5,False,True,False,False,True,False,False,False,2173.73,2.65,5,4,4,4.4,1419.0129734911636,4,3911.8146747119163,False,402.076
341,468666,1981-07-27,42.0,F,False,True,usa,richmond,RIC,37.505,-77.319,2022-12-14,226,10,17.7,0.3,132.0,1.6666666666666667,47.0,145.0,7.333333333333333,0.0,3,3,1.0,0,0.0,3,3,1.0,385.44666666666666,263.579158192247,0.25,167.2225,167.2225,989.1175,1,0.3333333333333333,1.0,0.0,0.3333333333333333,0.5773502691896257,Delta Air Lines,2,0.6666666666666666,RIC-FTW,3,0.3333333333333333,2116.409606480875,1425.4096504078948,0.0,3,107.33333333333333,32.86842456421259,1,0.3333333333333333,0.05,5.65,5.65,316.35,2.0,0.0,1.0,0.0,Banyan Tree,3,0.3333333333333333,False,True,False,False,False,False,False,False,1305.4675,172.8725,2,3,3,2.5999999999999996,1136.2805371234856,3,3132.401861537222,True,385.44666666666666
347,469440,1979-10-20,43.0,F,True,True,usa,los angeles,LAX,33.942,-118.408,2022-12-14,226,8,32.5,0.625,753.674809375,1.1428571428571428,26.0,26.0,11.5,4.0,4,2,0.5,1,0.25,3,3,1.0,344.1933333333333,252.902014490461,0.0,0.0,0.0,1032.58,0,0.0,1.0,0.0,0.3333333333333333,0.5773502691896257,Allegiant Air,3,0.3333333333333333,LAX-DAL,3,0.3333333333333333,2005.7870891617704,1449.2071216946845,0.0,3,174.5,10.606601717798213,1,0.3333333333333333,0.0,0.0,0.0,349.0,3.0,2.0,1.3333333333333333,0.5773502691896257,Wyndham,3,0.3333333333333333,False,False,False,False,True,False,False,True,1381.58,0.0,4,4,3,3.65,901.8967139046348,2,2486.2724065493367,False,344.1933333333333
351,469824,1972-08-24,50.0,F,False,False,usa,los angeles,LAX,33.942,-118.408,2022-12-15,225,8,18.25,0.375,135.25,1.3333333333333333,33.0,33.0,13.0,0.0,3,2,0.6666666666666666,0,0.0,2,2,1.0,95.125,0.3323401871576773,0.0,0.0,0.0,190.25,0,0.0,1.0,0.0,1.0,0.0,Delta Air Lines,2,0.5,LAX-LUF,2,0.5,551.0512562418593,11.058383420536012,0.0,3,87.0,28.61817604250837,1,0.3333333333333333,0.1,10.5,10.5,250.5,5.666666666666667,2.516611478423583,1.3333333333333333,0.5773502691896257,Accor,3,0.3333333333333333,False,True,False,False,True,False,False,False,440.75,10.5,3,3,1,2.3000000000000003,383.62934867177944,1,1057.5568679209023,False,95.125
353,471161,1983-05-25,40.0,F,False,False,usa,houston,EFD,29.607,-95.159,2022-12-15,225,8,16.625,0.25,122.875,1.1428571428571428,8.0,8.0,6.0,0.0,2,2,1.0,0,0.0,2,2,1.0,566.715,36.87561863887845,0.1,54.064,54.064,1079.366,1,0.5,1.5,0.7071067811865476,1.5,2.1213203435596424,AirTran Airways,2,0.5,EFD-MDW,2,0.5,2360.8923905806805,1204.8637929258139,0.0,2,78.5,53.033008588991066,1,0.5,0.15,17.4,17.4,139.6,2.5,0.7071067811865476,1.5,0.7071067811865476,Shangri-La,2,0.5,False,True,False,False,False,False,False,False,1218.966,71.464,5,2,3,3.55,1591.4842857619205,4,4387.268967879991,False,377.81
371,473402,1982-01-10,41.0,F,True,False,usa,los angeles,LAX,33.942,-118.408,2022-12-16,224,8,28.25,0.5,862.673037625,1.3333333333333333,51.0,55.0,118.0,333.0,3,3,1.0,1,0.3333333333333333,3,3,1.0,1031.755,463.430713321851,0.0,0.0,0.0,2063.51,1,0.3333333333333333,1.75,0.5773502691896257,1.0,1.0,United Airlines,3,0.3333333333333333,LAX-TUS,3,0.3333333333333333,3602.5556492654714,1665.0802867921298,0.0,3,96.5,27.577164466275352,1,0.3333333333333333,0.0,0.0,0.0,193.0,7.333333333333333,5.8594652770823155,1.3333333333333333,0.5773502691896257,Choice Hotels,3,0.3333333333333333,False,False,False,False,True,False,False,True,2256.51,0.0,2,3,5,3.3,1964.0691130376795,5,5414.379235467261,False,589.5742857142858
378,474239,1998-11-22,24.0,F,True,True,usa,el paso,BIF,31.849,-106.38,2022-12-17,223,8,17.5,0.25,529.7146325,1.3333333333333333,44.0,44.0,253.0,253.0,1,0,0.0,1,1.0,1,1,1.0,0.0,0.0,0.0,0.0,0.0,0.0,1,1.0,2.0,0.0,1.0,0.0,Lao Airlines,1,1.0,BIF-BKK,1,1.0,0.0,0.0,0.0,0,0.0,0.0,0,0.0,0.0,0.0,0.0,0.0,0.0,0.0,0.0,0.0,MISSING,0,0.0,False,False,True,True,True,True,False,True,0.0,0.0,2,1,0,1.05,0.0,1,0.0,False,0.0
383,474546,1971-04-25,52.0,F,True,False,usa,memphis,MEM,35.042,-89.977,2022-12-17,223,8,16.625,0.625,122.625,1.3333333333333333,31.0,54.0,7.6,0.0,5,4,0.8,0,0.0,5,5,1.0,422.196,128.325222501268,0.075,32.52325,65.0465,2045.9335,2,0.4,1.8,1.3038404810405297,0.2,0.4472135954999579,AirTran Airways,5,0.2,MEM-LGA,4,0.4,1720.7946999715507,739.2349485335956,0.0,4,120.75,49.277276710467675,2,0.5,0.175,25.1,50.2,432.8,4.25,2.8722813232690143,2.0,1.414213562373095,Hilton,3,0.5,False,True,False,False,False,False,False,False,2478.7335,115.2465,3,5,5,4.2,1294.4956344448149,3,3568.5558298408837,False,234.55333333333334
400,476714,1979-08-15,43.0,F,False,False,usa,columbus,CMH,39.998,-82.892,2022-12-18,222,7,26.714285714285715,0.2857142857142857,199.42857142857142,2.3333333333333335,135.0,135.0,10.0,0.0,2,2,1.0,0,0.0,2,2,1.0,317.45,314.775654713003,0.05,4.7435,4.7435,630.1565,1,0.5,1.0,0.0,0.5,0.7071067811865476,American Airlines,2,0.5,CMH-CLT,2,0.5,1881.5063377474557,1870.400489955145,0.0,2,264.0,0.0,1,0.5,0.1,26.4,26.4,501.6,5.0,1.414213562373095,1.0,0.0,NH Hotel,2,0.5,False,True,False,False,False,False,False,False,1131.7565,31.1435,1,2,3,1.9499999999999997,1477.623399716572,4,4073.3869292879954,True,317.45
410,478146,1975-01-16,48.0,F,True,False,usa,dallas,DAL,32.847,-96.852,2022-12-19,221,8,40.625,0.5,1016.875,1.1428571428571428,20.0,83.0,90.33333333333333,190.0,3,1,0.3333333333333333,1,0.3333333333333333,2,2,1.0,350.39,0.0,0.0,0.0,0.0,350.39,1,0.5,1.6666666666666667,0.7071067811865476,1.5,0.7071067811865476,Delta Air Lines,2,0.5,DAL-YZD,2,0.5,1948.407936904335,0.0,0.0,2,131.0,89.09545442950498,1,0.5,0.25,17.0,17.0,245.0,4.0,4.242640687119285,1.0,0.0,Conrad,2,0.5,False,False,False,False,True,False,False,False,595.39,17.0,4,3,1,2.7,518.2281971768367,1,1428.6075634519025,False,210.23399999999998
416,478760,2003-03-22,20.0,F,False,False,usa,new york,JFK,40.64,-73.779,2022-12-19,221,8,59.25,0.375,1166.0135055,1.6,60.0,61.0,113.5,224.0,2,0,0.0,1,0.5,1,1,1.0,0.0,0.0,0.5,0.0,0.0,0.0,1,1.0,2.0,0.0,1.0,0.0,Garuda Indonesia,1,1.0,JFK-SIN,1,1.0,0.0,0.0,0.0,1,260.0,0.0,0,0.0,0.0,0.0,0.0,260.0,1.0,0.0,1.0,0.0,Accor,1,1.0,False,False,True,True,True,False,True,True,260.0,0.0,2,2,1,1.65,339.45648549516505,1,935.7848632765783,False,0.0
421,479101,1988-09-15,34.0,F,False,True,canada,toronto,YTZ,43.627,-79.396,2022-12-19,221,8,22.0,0.125,163.5,1.3333333333333333,34.0,34.0,8.0,0.0,1,1,1.0,0,0.0,1,1,1.0,128.63,0.0,0.0,0.0,0.0,128.63,0,0.0,1.0,0.0,1.0,0.0,JetBlue Airways,1,1.0,YTZ-MKE,1,1.0,691.8391158922512,0.0,0.0,1,143.0,0.0,1,1.0,0.05,7.15,7.15,135.85,1.0,0.0,1.0,0.0,Accor,1,1.0,False,True,False,True,True,False,True,False,264.48,7.15,3,1,1,1.8000000000000003,690.6111637212405,1,1903.818312610688,False,128.63
423,479524,1991-04-04,32.0,F,False,False,usa,honolulu,HNL,21.316,-157.927,2022-12-20,220,9,27.88888888888889,0.2222222222222222,870.5555555555555,1.2857142857142858,7.0,104.0,280.0,183.0,1,1,1.0,1,1.0,1,1,1.0,0.0,0.0,0.0,0.0,0.0,0.0,1,1.0,2.0,0.0,1.0,0.0,Pakistan International Airlines,1,1.0,HNL-DXB,1,1.0,0.0,0.0,0.0,1,0.0,0.0,1,1.0,0.15,0.0,0.0,0.0,8.0,0.0,1.0,0.0,Fairmont,1,1.0,False,False,True,True,True,True,True,True,0.0,0.0,5,1,0,2.25,0.0,1,0.0,True,0.0
426,480313,1976-06-21,47.0,F,True,False,usa,los angeles,LAX,33.942,-118.408,2022-12-20,220,8,49.375,0.5,1080.625,1.3333333333333333,31.0,84.0,8.0,4.0,3,3,1.0,1,0.3333333333333333,3,3,1.0,194.695,127.62570293636,0.0,0.0,0.0,389.39,1,0.3333333333333333,1.0,0.0,0.6666666666666666,0.5773502691896257,Condor Flugdienst,3,0.3333333333333333,LAX-SJO,3,0.3333333333333333,1052.2324360570606,588.7614696226292,0.0,3,142.0,63.63961030678928,1,0.3333333333333333,0.0,0.0,0.0,284.0,1.3333333333333333,0.5773502691896257,1.0,0.0,Shangri-La,3,0.3333333333333333,False,False,False,False,True,False,False,True,673.39,0.0,3,3,2,2.6500000000000004,586.1194942758698,1,1615.7645361072184,False,194.695
428,480690,1976-12-27,46.0,F,False,False,usa,louisville,LOU,38.228,-85.664,2022-12-20,220,8,19.75,0.5,147.0,1.3333333333333333,39.0,39.0,10.25,0.0,4,4,1.0,0,0.0,4,4,1.0,212.1475,211.913072803449,0.1,9.926,9.926,838.664,1,0.25,1.0,0.0,0.5,0.5773502691896257,American Airlines,3,0.5,LOU-BNA,4,0.25,1198.2488218894202,1224.2262980400544,0.0,4,237.5,85.68352622684635,1,0.25,0.05,9.7,9.7,940.3,2.5,1.7320508075688772,1.0,0.0,Best Western,4,0.25,False,True,False,False,False,False,False,False,1778.964,19.626,3,4,4,3.6,1161.3093601200399,3,3201.3991990652976,False,212.1475
431,480895,1982-04-07,41.0,F,False,False,usa,san antonio,SKF,29.384,-98.581,2022-12-20,220,8,50.0,0.5,1086.125,1.1428571428571428,15.0,15.0,7.666666666666667,2.0,3,3,1.0,1,0.3333333333333333,3,3,1.0,497.455,46.859966389232504,0.0,0.0,0.0,994.91,1,0.3333333333333333,2.5,1.7320508075688772,0.3333333333333333,0.5773502691896257,United Airlines,3,0.3333333333333333,SKF-FAT,3,0.3333333333333333,2652.6307724978087,314.12967029609143,0.0,3,129.0,72.12489168102785,1,0.3333333333333333,0.0,0.0,0.0,258.0,5.0,2.6457513110645907,2.0,1.7320508075688772,Choice Hotels,1,1.0,False,False,False,False,True,False,False,True,1252.91,0.0,5,3,3,3.8,1090.5344236967878,3,3006.292853968866,False,198.982
438,481622,1982-02-09,41.0,F,True,False,canada,london,YXU,43.036,-81.154,2022-12-21,219,8,16.75,0.5,125.75,1.3333333333333333,40.0,95.0,9.75,0.0,4,4,1.0,0,0.0,4,3,0.75,313.73,325.985432905623,0.0,0.0,0.0,1254.92,0,0.0,1.25,0.5,0.0,0.0,Southwest Airlines,3,0.5,YXU-BNA,4,0.25,1371.3682884139912,700.5531375852307,0.0,4,195.5,81.4636933445405,1,0.25,0.1,24.6,24.6,757.4,3.0,2.160246899469287,1.25,0.5,Choice Hotels,4,0.25,False,True,False,False,True,False,False,False,2012.32,24.6,3,4,4,3.6,1313.644374791597,3,3621.343453978315,True,250.984
439,481772,1990-07-10,33.0,F,False,False,usa,oakland,OAK,37.721,-122.221,2022-12-21,219,8,19.625,0.375,145.375,1.3333333333333333,45.0,45.0,4.666666666666667,0.0,3,0,0.0,0,0.0,1,1,1.0,99.92,0.0,0.15,14.988,14.988,84.932,1,1.0,1.0,0.0,1.0,0.0,Virgin Australia,1,1.0,OAK-LAX,1,1.0,542.7776294019363,0.0,0.0,2,201.0,216.374675043084,0,0.0,0.0,0.0,0.0,402.0,17.0,12.727922061357855,1.0,0.0,Accor,2,0.5,False,True,False,True,False,False,False,True,486.932,14.988,2,3,1,1.9,423.8262189618762,1,1168.3681924230534,False,99.92
443,482424,1984-02-11,39.0,F,False,False,usa,portland,PDX,45.589,-122.597,2022-12-21,219,9,17.0,0.4444444444444444,128.33333333333334,1.2857142857142858,21.0,46.0,6.75,0.0,4,3,0.75,0,0.0,3,3,1.0,422.18666666666667,74.42798286486968,0.1,33.888,33.888,1232.672,1,0.3333333333333333,1.3333333333333333,0.5773502691896257,0.6666666666666666,0.5773502691896257,Delta Air Lines,3,0.3333333333333333,PDX-EFD,3,0.3333333333333333,2082.124246419205,1076.8578525373225,0.0,4,160.5,99.44680319983476,0,0.0,0.0,0.0,0.0,642.0,3.0,1.8257418583505538,1.25,0.5,Aman Resorts,4,0.25,False,True,False,False,False,False,False,True,1874.672,33.888,4,4,4,4.0,1223.7876318772924,3,3373.634002323903,False,316.64000000000004
448,482744,1985-06-26,38.0,F,False,False,usa,new york,LGA,40.777,-73.872,2022-12-21,219,9,16.22222222222222,0.4444444444444444,120.77777777777777,1.5,28.0,28.0,7.0,0.0,4,4,1.0,0,0.0,4,4,1.0,303.5775,215.072221726408,0.15,52.959,52.959,1161.351,1,0.25,1.0,0.0,1.0,0.816496580927726,American Airlines,3,0.5,LGA-FTW,4,0.25,1784.8939993419067,1214.9934880216097,0.0,4,106.25,23.62731470142132,1,0.25,0.1,12.9,12.9,412.1,3.5,1.2909944487358056,1.0,0.0,Conrad,4,0.25,False,True,False,False,False,False,False,False,1573.451,65.859,3,4,4,3.6,1027.150281843948,2,2831.5608248219146,False,303.5775
449,482811,1956-08-07,66.0,M,False,False,usa,san diego,SAN,32.733,-117.189,2022-12-21,219,8,37.125,0.25,989.5,1.6,57.0,99.0,168.0,126.0,1,0,0.0,1,1.0,1,1,1.0,0.0,0.0,0.0,0.0,0.0,0.0,1,1.0,1.0,0.0,1.0,0.0,Hainan Airlines,1,1.0,SAN-SZX,1,1.0,0.0,0.0,0.0,0,0.0,0.0,0,0.0,0.0,0.0,0.0,0.0,0.0,0.0,0.0,0.0,MISSING,0,0.0,False,False,True,True,True,True,False,True,0.0,0.0,2,1,0,1.05,0.0,1,0.0,True,0.0
451,483237,1987-10-12,35.0,F,True,False,usa,dallas,DAL,32.847,-96.852,2022-12-21,219,8,17.375,0.5,128.75,1.3333333333333333,54.0,54.0,7.5,0.0,4,4,1.0,0,0.0,4,4,1.0,273.095,109.426479884898,0.05,21.0075,21.0075,1071.3725,1,0.25,1.0,0.0,0.5,0.5773502691896257,Ryanair,3,0.5,DAL-BIF,4,0.25,1524.4982195037248,614.2422566213787,0.0,4,241.0,123.155727976141,1,0.25,0.15,12.0,12.0,952.0,4.0,3.3665016461206925,1.0,0.0,NH Hotel,3,0.5,False,True,False,False,False,False,False,False,2023.3725,33.0075,2,4,4,3.2,1320.8594571107035,3,3641.2333812886313,False,273.095
465,485393,1997-09-24,25.0,F,False,False,usa,new york,LGA,40.777,-73.872,2022-12-22,218,8,34.5,0.25,970.875,1.6,87.0,101.0,280.0,266.0,1,1,1.0,1,1.0,1,1,1.0,0.0,0.0,0.0,0.0,0.0,0.0,1,1.0,1.0,0.0,0.0,0.0,Belair Airlines,1,1.0,LGA-HRG,1,1.0,0.0,0.0,0.0,1,0.0,0.0,1,1.0,0.05,0.0,0.0,0.0,15.0,0.0,1.0,0.0,Four Seasons,1,1.0,False,False,True,True,True,True,True,True,0.0,0.0,1,1,0,0.65,0.0,1,0.0,True,0.0
471,485658,1992-03-03,31.0,F,False,False,usa,los angeles,LAX,33.942,-118.408,2022-12-23,217,8,72.5,0.5,1251.875,1.6,72.0,133.0,7.666666666666667,6.0,3,3,1.0,1,0.3333333333333333,3,3,1.0,377.35,24.777021612776625,0.0,0.0,0.0,754.7,1,0.3333333333333333,1.0,0.0,1.0,0.0,Allegiant Air,3,0.3333333333333333,LAX-AUS,2,0.6666666666666666,1994.3492489586495,698.4379173430362,0.0,3,135.5,0.7071067811865476,1,0.3333333333333333,0.0,0.0,0.0,271.0,1.6666666666666667,1.1547005383792515,1.0,0.0,Rosewood,3,0.3333333333333333,False,False,False,False,True,False,False,True,1025.7,0.0,1,3,2,1.8499999999999999,892.7705568522841,2,2461.114190417401,True,377.35
472,485780,1984-05-22,39.0,F,False,True,usa,el paso,BIF,31.849,-106.38,2022-12-23,217,8,20.0,0.375,148.25,1.3333333333333333,27.0,133.0,7.0,0.0,3,2,0.6666666666666666,0,0.0,2,1,0.5,247.3,212.669435509666,0.0,0.0,0.0,494.6,0,0.0,1.0,0.0,0.5,0.7071067811865476,Ryanair,2,0.5,BIF-IND,2,0.5,1575.9984582260236,607.9182616743823,0.0,3,283.0,174.673982035104,1,0.3333333333333333,0.1,48.4,48.4,800.6,5.333333333333333,4.041451884327381,1.0,0.0,Extended Stay,3,0.3333333333333333,False,True,False,False,True,False,False,False,1295.2,48.4,3,3,3,3.0,1127.3436923418917,3,3107.7655254251904,True,247.3
474,485891,1991-01-12,32.0,F,False,True,usa,knoxville,TYS,35.812,-83.993,2022-12-23,217,8,39.5,0.375,754.053159375,1.6,80.0,146.0,4.5,1.0,2,1,0.5,1,0.5,1,1,1.0,227.86,0.0,0.0,0.0,0.0,227.86,0,0.0,1.0,0.0,0.0,0.0,Ryanair,1,1.0,TYS-FTW,1,1.0,1270.9101629548354,0.0,0.0,2,98.0,0.0,2,1.0,0.1,9.8,9.8,88.2,7.0,7.0710678118654755,1.5,0.7071067811865476,Hilton,2,0.5,False,False,False,True,True,False,False,False,316.06,9.8,1,2,1,1.25,412.6485261753918,1,1137.554476489213,True,227.86
477,486113,1975-09-07,47.0,F,True,False,canada,halifax,YHZ,44.881,-63.509,2022-12-23,217,8,17.375,0.25,129.25,1.3333333333333333,30.0,30.0,5.0,0.0,2,2,1.0,0,0.0,2,2,1.0,373.815,371.874527293817,0.2,127.354,127.354,620.276,1,0.5,1.0,0.0,0.5,0.7071067811865476,WestJet,1,1.0,YHZ-YQB,2,0.5,2195.8468302329493,2190.9947309938116,0.0,2,120.0,104.65180361560904,0,0.0,0.0,0.0,0.0,240.0,2.0,0.0,1.0,0.0,Hilton,2,0.5,False,True,False,False,False,False,False,True,860.276,127.354,3,2,2,2.4000000000000004,1123.1779519839945,3,3096.281765538929,False,373.815
483,486447,1997-12-24,25.0,F,False,True,usa,new york,LGA,40.777,-73.872,2022-12-23,217,8,17.125,0.25,450.2557765,1.1428571428571428,5.0,73.0,281.0,213.0,1,0,0.0,1,1.0,1,0,0.0,0.0,0.0,0.0,0.0,0.0,0.0,1,1.0,1.0,0.0,0.0,0.0,American Airlines,1,1.0,LGA-LBG,1,1.0,0.0,0.0,0.0,0,0.0,0.0,0,0.0,0.0,0.0,0.0,0.0,0.0,0.0,0.0,0.0,MISSING,0,0.0,False,False,True,True,True,True,False,True,0.0,0.0,5,1,0,2.25,0.0,1,0.0,False,0.0
491,487040,1987-09-09,35.0,F,False,True,usa,phoenix,LUF,33.535,-112.383,2022-12-23,217,8,21.75,0.375,162.125,1.3333333333333333,44.0,44.0,8.333333333333334,0.0,3,2,0.6666666666666666,0,0.0,3,3,1.0,373.06666666666666,203.100380190027,0.1,59.975,59.975,1059.225,1,0.3333333333333333,1.3333333333333333,0.5773502691896257,1.0,0.0,Air Canada,3,0.3333333333333333,LUF-IAH,3,0.3333333333333333,1991.864124338569,1607.3216905627585,0.0,2,171.0,16.97056274847714,0,0.0,0.0,0.0,0.0,342.0,3.0,1.414213562373095,1.5,0.7071067811865476,Marriott,1,1.0,False,True,False,False,False,False,False,True,1401.225,59.975,2,3,3,2.5999999999999996,1219.6279843281093,3,3362.1670385762136,False,279.8
492,487101,1984-07-05,39.0,F,True,False,canada,ottawa,YOW,45.323,-75.669,2022-12-23,217,8,18.25,0.5,137.125,1.1428571428571428,12.0,12.0,7.25,0.0,4,4,1.0,0,0.0,4,4,1.0,479.0125,207.320653155927,0.0,0.0,0.0,1916.05,0,0.0,1.25,0.5,0.5,0.5773502691896257,Alaska Airlines,4,0.25,YOW-BOS,4,0.25,2670.582453762124,1510.3717142687358,0.0,4,148.5,75.43871685016919,1,0.25,0.15,9.9,9.9,584.1,2.25,1.2583057392117916,1.25,0.5,Conrad,3,0.5,False,True,False,False,True,False,False,False,2500.15,9.9,5,4,5,4.75,1632.1002542514173,4,4499.235626771034,False,383.21
495,487453,1981-11-28,41.0,F,False,False,usa,houston,HOU,29.645,-95.279,2022-12-24,216,8,63.25,0.875,1184.5,1.1428571428571428,12.0,12.0,9.166666666666666,1.0,6,5,0.8333333333333334,1,0.16666666666666666,6,5,0.8333333333333334,327.338,210.455792673901,0.0,0.0,0.0,1636.69,1,0.16666666666666666,1.1428571428571428,0.408248290463863,0.5,0.5477225575051661,American Airlines,5,0.3333333333333333,HOU-UGN,6,0.16666666666666666,1714.984129576358,782.5946507165622,0.0,5,177.0,106.373555611032,3,0.6,0.15,19.575,39.15,668.85,5.4,2.5099800796022267,1.2,0.4472135954999579,Conrad,4,0.4,False,False,False,False,True,False,False,False,2305.54,39.15,5,5,5,5.0,1003.3724430365677,2,2766.0120944598493,False,286.42075000000006
497,487680,1974-02-14,49.0,F,True,True,canada,montreal,YHU,45.517,-73.417,2022-12-24,216,9,23.333333333333332,0.4444444444444444,244.02806444444445,1.5,49.0,49.0,8.666666666666666,8.0,3,3,1.0,1,0.3333333333333333,3,3,1.0,928.965,317.243457379345,0.0,0.0,0.0,1857.93,1,0.3333333333333333,1.25,0.5773502691896257,0.3333333333333333,0.5773502691896257,American Airlines,3,0.3333333333333333,YHU-IAH,3,0.3333333333333333,3850.440314392638,741.2409285089421,0.0,3,82.0,32.526911934581186,1,0.3333333333333333,0.0,0.0,0.0,164.0,3.3333333333333335,1.1547005383792515,1.3333333333333333,0.5773502691896257,Aman Resorts,3,0.3333333333333333,False,False,False,False,True,False,False,True,2021.93,0.0,2,3,4,2.95,1759.8903890185618,5,4851.516637448236,False,743.172
498,487715,1974-12-05,48.0,F,True,False,usa,seattle,SEA,47.449,-122.309,2022-12-24,216,8,46.625,0.75,1058.640415125,1.6,78.0,102.0,7.8,10.0,5,4,0.8,1,0.2,5,5,1.0,937.4775,834.513497449262,0.1,72.457,72.457,3677.453,2,0.4,1.3333333333333333,0.8944271909999159,0.2,0.4472135954999579,Delta Air Lines,4,0.4,SEA-EFD,5,0.2,3090.5564438871033,900.0986614833314,0.0,4,152.33333333333334,104.64384039843594,2,0.5,0.1,10.7,10.7,446.3,2.0,0.0,1.0,0.0,Shangri-La,4,0.25,False,False,False,False,False,False,False,False,4123.753,83.157,1,5,5,3.4,2153.591846815605,5,5936.839441986738,True,703.108125
506,488430,2006-12-01,16.0,F,False,False,usa,austin,AUS,30.194,-97.67,2022-12-24,216,8,30.875,0.25,943.5,1.1428571428571428,0.0,123.0,197.0,74.0,1,0,0.0,1,1.0,1,1,1.0,0.0,0.0,0.0,0.0,0.0,0.0,1,1.0,1.0,0.0,0.0,0.0,Hainan Airlines,1,1.0,AUS-SZX,1,1.0,0.0,0.0,0.0,0,0.0,0.0,0,0.0,0.0,0.0,0.0,0.0,0.0,0.0,0.0,0.0,MISSING,0,0.0,False,False,True,True,True,True,False,True,0.0,0.0,5,1,0,2.25,0.0,1,0.0,True,0.0
512,488672,1974-10-08,48.0,F,True,False,usa,chicago,MDW,41.786,-87.752,2022-12-24,216,8,20.0,0.5,147.625,1.6,63.0,63.0,10.5,0.0,4,3,0.75,0,0.0,3,3,1.0,386.68,177.027330940734,0.2,106.742,106.742,1053.298,1,0.3333333333333333,1.3333333333333333,0.5773502691896257,0.6666666666666666,0.5773502691896257,American Airlines,3,0.3333333333333333,MDW-JFK,3,0.3333333333333333,1775.4494825038225,1041.008249408025,0.0,4,229.25,119.686743905358,1,0.25,0.15,49.5,49.5,867.5,4.5,3.0,1.25,0.5,Best Western,4,0.25,False,True,False,False,False,False,False,False,1920.798,156.242,2,4,4,3.2,1253.8987277425808,3,3456.6417188690866,False,290.01000000000005
513,488827,1987-07-27,36.0,F,False,False,usa,san antonio,SKF,29.384,-98.581,2022-12-24,216,7,19.857142857142858,0.7142857142857143,147.14285714285714,1.75,101.0,126.0,8.4,0.0,5,3,0.6,0,0.0,5,5,1.0,219.502,124.645257511066,0.3,35.388,35.388,1062.122,1,0.2,1.0,0.0,0.2,0.4472135954999579,American Airlines,4,0.4,SKF-DAL,5,0.2,1246.1445269962237,676.6595159885518,0.0,3,157.33333333333334,136.184923296719,2,0.6666666666666666,0.1,24.175,48.35,423.65,4.0,4.358898943540674,1.0,0.0,Four Seasons,3,0.3333333333333333,False,True,False,False,False,False,False,False,1485.772,83.738,1,5,3,2.6999999999999997,775.9306790263421,2,2139.019919815644,True,219.502
529,489949,1976-04-04,47.0,F,False,True,usa,tampa,TPA,27.975,-82.533,2022-12-25,215,8,37.625,0.5,994.0,1.1428571428571428,6.0,106.0,99.33333333333333,181.0,3,2,0.6666666666666666,1,0.3333333333333333,3,3,1.0,1400.505,875.504261126124,0.1,0.0,0.0,2801.01,1,0.3333333333333333,1.5,1.1547005383792515,0.0,0.0,Aegean Airlines,3,0.3333333333333333,TPA-HER,3,0.3333333333333333,3948.58632623267,3307.9378253474338,0.0,2,82.0,9.899494936611665,0,0.0,0.0,0.0,0.0,164.0,5.5,2.1213203435596424,2.0,1.414213562373095,Hilton,1,1.0,False,False,False,False,True,False,False,True,2965.01,0.0,5,3,5,4.5,2580.7483950205624,5,7114.388403753045,True,933.6700000000001
531,489992,1995-03-19,28.0,M,False,False,usa,bakersfield,BFL,35.433,-119.057,2022-12-25,215,8,16.875,0.375,126.375,1.1428571428571428,21.0,21.0,8.333333333333334,0.0,3,2,0.6666666666666666,0,0.0,2,2,1.0,622.155,29.776266555765517,0.05,30.055,30.055,1214.255,1,0.5,2.0,1.414213562373095,0.5,0.7071067811865476,American Airlines,2,0.5,BFL-BIF,2,0.5,2363.2883664283186,1591.0541543144582,0.0,3,287.0,163.367683462795,1,0.3333333333333333,0.15,53.85,53.85,807.15,4.0,4.358898943540674,2.3333333333333335,1.1547005383792515,Crowne Plaza,3,0.3333333333333333,False,True,False,False,False,False,False,False,2021.405,83.905,4,3,4,3.75,1759.4334283650103,5,4850.256927055363,False,311.0775
533,490107,1987-05-22,36.0,F,False,False,usa,philadelphia,PNE,40.082,-75.011,2022-12-25,215,8,18.125,0.625,134.5,1.6,69.0,69.0,5.4,0.0,5,5,1.0,0,0.0,5,5,1.0,313.326,238.308531173351,0.25,160.7025,160.7025,1405.9275,1,0.2,1.0,0.0,0.8,0.8366600265340756,AirTran Airways,5,0.2,PNE-BWI,5,0.2,1803.2572395587322,1435.438214130834,0.0,5,154.6,91.64223916950087,2,0.4,0.1,10.6,21.2,751.8,3.0,1.224744871391589,1.0,0.0,Conrad,5,0.2,False,True,False,False,False,False,False,False,2157.7275,181.9025,1,5,4,3.05,1126.8532212404134,3,3106.413436270174,False,313.326
541,490629,1986-10-28,36.0,F,False,True,usa,new york,LGA,40.777,-73.872,2022-12-25,215,7,22.142857142857142,0.42857142857142855,163.57142857142858,1.1666666666666667,37.0,37.0,8.666666666666666,0.0,3,3,1.0,0,0.0,3,2,0.6666666666666666,153.36333333333334,167.495179731637,0.1,9.366,9.366,450.724,1,0.3333333333333333,1.0,0.0,0.6666666666666666,0.5773502691896257,Air Canada,3,0.3333333333333333,LGA-LUF,3,0.3333333333333333,1385.611790904717,1820.8423552076224,0.0,3,171.0,115.23454343208,0,0.0,0.0,0.0,0.0,513.0,4.0,2.6457513110645907,1.0,0.0,Accor,3,0.3333333333333333,False,True,False,False,False,False,False,True,963.724,9.366,3,3,2,2.6500000000000004,838.8265693008781,2,2312.405978400916,False,153.36333333333334
542,490671,1987-10-25,35.0,F,False,True,usa,indianapolis,IND,39.717,-86.294,2022-12-25,215,9,19.77777777777778,0.4444444444444444,147.11111111111111,1.5,37.0,37.0,5.75,0.0,4,3,0.75,0,0.0,4,3,0.75,124.1925,89.1914765640006,0.0,0.0,0.0,496.77,0,0.0,1.0,0.0,1.0,0.816496580927726,American Airlines,4,0.25,IND-FTW,4,0.25,826.0607812883461,574.1626985986452,0.0,3,213.33333333333334,6.3508529610858835,1,0.3333333333333333,0.05,10.85,10.85,629.15,4.333333333333333,3.0550504633038935,1.0,0.0,Hilton,3,0.3333333333333333,False,True,False,False,True,False,False,False,1125.92,10.85,3,4,3,3.25,735.0016272090697,1,2026.190179346856,False,124.1925
543,491003,1985-09-24,37.0,F,False,True,usa,corpus christi,CRP,27.77,-97.501,2022-12-25,215,8,18.875,0.125,141.375,1.1428571428571428,17.0,202.0,8.0,0.0,1,1,1.0,0,0.0,1,1,1.0,443.8,0.0,0.25,110.95,110.95,332.85,1,1.0,1.0,0.0,0.0,0.0,Canadian North,1,1.0,CRP-YWG,1,1.0,2478.4098515034266,0.0,0.0,1,124.0,0.0,0,0.0,0.0,0.0,0.0,124.0,2.0,0.0,1.0,0.0,Wyndham,1,1.0,False,True,False,True,False,False,True,True,456.85,110.95,4,1,1,2.2,1192.9284261420473,3,3288.56395990696,True,443.8
551,491597,1978-11-06,44.0,F,False,False,usa,omaha,OMA,41.302,-95.894,2022-12-26,214,8,22.0,0.25,162.75,1.3333333333333333,44.0,44.0,10.0,0.0,2,2,1.0,0,0.0,2,2,1.0,451.525,115.32204494371403,0.175,76.97825,153.9565,749.0935,2,1.0,2.5,0.7071067811865476,1.0,0.0,American Airlines,2,0.5,OMA-ORD,2,0.5,1029.7455505185947,495.3468984219536,0.0,2,202.0,79.19595949289332,0,0.0,0.0,0.0,0.0,404.0,1.5,0.7071067811865476,2.5,0.7071067811865476,Aman Resorts,2,0.5,False,True,False,False,False,False,False,True,1153.0935,153.9565,2,2,3,2.3499999999999996,1505.4810267589196,4,4150.182474010043,False,180.60999999999999
557,491995,2006-08-05,16.0,M,False,False,usa,new orleans,NBG,29.825,-90.035,2022-12-26,214,8,51.75,0.25,1099.125,1.3333333333333333,23.0,175.0,8.0,3.0,1,0,0.0,1,1.0,0,0,0.0,0.0,0.0,0.0,0.0,0.0,0.0,0,0.0,0.0,0.0,0.0,0.0,MISSING,0,0.0,MISSING,0,0.0,0.0,0.0,0.0,1,0.0,0.0,1,1.0,0.0,0.0,0.0,0.0,4.0,0.0,1.0,0.0,Wyndham,1,1.0,False,False,True,False,True,True,True,True,0.0,0.0,4,1,0,1.85,0.0,1,0.0,True,
562,492497,1983-03-14,40.0,F,True,False,usa,boston,BOS,42.364,-71.005,2022-12-26,214,8,45.375,0.25,1053.5,1.6,79.0,115.0,253.0,217.0,1,0,0.0,1,1.0,1,1,1.0,0.0,0.0,0.0,0.0,0.0,0.0,1,1.0,2.0,0.0,1.0,0.0,Virgin Australia,1,1.0,BOS-SIN,1,1.0,0.0,0.0,0.0,0,0.0,0.0,0,0.0,0.0,0.0,0.0,0.0,0.0,0.0,0.0,0.0,MISSING,0,0.0,False,False,True,True,True,True,False,True,0.0,0.0,1,1,0,0.65,0.0,1,0.0,True,0.0
580,495029,1979-08-20,43.0,F,True,False,usa,houston,EFD,29.607,-95.159,2022-12-27,213,9,27.77777777777778,0.5555555555555556,694.7170451111111,1.2857142857142858,17.0,17.0,9.0,8.0,4,3,0.75,1,0.25,3,3,1.0,114.22,84.9376665561281,0.15,0.0,0.0,228.44,1,0.3333333333333333,1.0,0.0,0.6666666666666666,0.5773502691896257,Cebu Pacific,3,0.3333333333333333,EFD-SJI,3,0.3333333333333333,687.2848638552226,1179.1232158246128,0.0,4,102.33333333333333,23.459184413217212,2,0.5,0.05,6.4,6.4,300.6,3.5,3.109126351029605,1.0,0.0,Aman Resorts,3,0.25,False,False,False,False,True,False,False,False,529.04,6.4,4,4,1,2.95,345.3578059353117,1,952.0531232073864,False,114.22
582,495080,1989-12-01,33.0,F,True,False,usa,fresno,FAT,36.776,-119.718,2022-12-27,213,8,17.0,0.125,125.875,2.0,88.0,125.0,8.0,0.0,1,1,1.0,0,0.0,1,1,1.0,224.01,0.0,0.0,0.0,0.0,224.01,0,0.0,1.0,0.0,0.0,0.0,Kenmore Air,1,1.0,FAT-BFI,1,1.0,1214.4229879780091,0.0,0.0,1,389.0,0.0,1,1.0,0.25,97.25,97.25,291.75,1.0,0.0,1.0,0.0,InterContinental,1,1.0,False,True,False,True,True,False,True,False,515.76,97.25,1,1,1,1.0,1346.7544381460486,4,3712.6184698732927,True,224.01
586,495482,1987-12-10,35.0,F,True,False,usa,dallas,DAL,32.847,-96.852,2022-12-27,213,9,28.11111111111111,0.5555555555555556,207.88888888888889,1.8,67.0,67.0,7.6,0.0,5,3,0.6,0,0.0,4,4,1.0,342.53,106.580360604882,0.0,0.0,0.0,1370.12,0,0.0,1.0,0.0,0.25,0.5,Delta Air Lines,4,0.25,DAL-BOS,4,0.25,1940.8557143219523,571.9948466572511,0.0,4,155.75,86.40360717778705,1,0.25,0.15,24.3,24.3,598.7,6.75,4.193248541803041,1.0,0.0,Accor,4,0.25,False,True,False,False,True,False,False,False,1968.82,24.3,1,5,4,3.05,1028.1980273424474,2,2834.4491607941427,False,342.53
590,496016,1981-05-14,42.0,F,True,False,usa,new york,JFK,40.64,-73.779,2022-12-28,212,8,26.0,0.5,194.625,2.0,113.0,113.0,8.25,0.0,4,4,1.0,0,0.0,4,4,1.0,226.49,214.200919854857,0.2,11.318,11.318,894.642,1,0.25,1.0,0.0,0.75,0.5,AirTran Airways,3,0.5,JFK-HOU,3,0.5,1256.2938840943104,1194.618316557839,0.0,4,181.75,104.455333356735,1,0.25,0.05,12.1,12.1,714.9,2.5,1.7320508075688772,1.0,0.0,Choice Hotels,4,0.25,False,True,False,False,False,False,False,False,1609.542,23.418,1,4,4,2.8,1050.7105203401134,2,2896.5096930921354,True,226.49
596,496408,1980-01-05,43.0,F,False,False,usa,fresno,FAT,36.776,-119.718,2022-12-28,212,10,43.1,0.6,892.7,1.4285714285714286,13.0,131.0,6.0,2.0,5,4,0.8,1,0.2,5,4,0.8,270.7375,141.278094875556,0.0,0.0,0.0,1082.95,1,0.2,1.0,0.0,0.6,0.5477225575051661,Allegiant Air,5,0.2,FAT-ORD,5,0.2,2026.0114058088202,1344.1640958633268,0.0,4,267.3333333333333,225.76388846167,1,0.25,0.0,0.0,0.0,802.0,2.75,2.217355782608345,1.0,0.0,Crowne Plaza,4,0.25,False,False,False,False,True,False,False,True,1884.95,0.0,5,5,4,4.65,984.3976958986328,2,2713.7041200510557,True,270.7375
598,496899,2001-01-11,22.0,F,False,False,usa,new york,LGA,40.777,-73.872,2022-12-28,212,8,27.125,0.375,282.475303875,1.3333333333333333,32.0,107.0,7.0,5.0,2,2,1.0,1,0.5,2,2,1.0,98.45,0.0,0.0,0.0,0.0,98.45,1,0.5,1.0,0.0,1.0,0.0,Southwest Airlines,2,0.5,LGA-HOU,2,0.5,528.3523130481931,1245.1103054472858,0.0,2,354.0,0.0,1,0.5,0.0,0.0,0.0,354.0,2.5,2.1213203435596424,1.0,0.0,Starwood,2,0.5,False,False,False,False,True,False,False,True,452.45,0.0,3,2,1,2.0500000000000003,590.7195648549516,1,1628.4456207287994,True,98.45
603,497225,1976-01-04,47.0,F,True,False,usa,phoenix,LUF,33.535,-112.383,2022-12-28,212,8,17.0,0.625,127.125,2.0,101.0,101.0,8.6,0.0,5,5,1.0,0,0.0,5,4,0.8,326.804,238.495150118404,0.175,43.42625,86.8525,1547.1675,2,0.4,1.0,0.0,0.2,0.4472135954999579,Delta Air Lines,4,0.4,LUF-LGA,5,0.2,1891.7620467592321,1153.6457073292952,0.0,5,207.2,148.488046656962,0,0.0,0.0,0.0,0.0,1036.0,4.0,2.0,1.0,0.0,Best Western,5,0.2,False,True,False,False,False,False,False,True,2583.1675,86.8525,1,5,5,3.4,1349.0353246082027,4,3718.906224320001,True,326.804
609,497915,1984-12-26,38.0,F,True,False,usa,tucson,DMA,32.166,-110.883,2022-12-29,211,8,16.25,0.5,119.875,1.3333333333333333,50.0,50.0,8.25,0.0,4,4,1.0,0,0.0,4,4,1.0,328.395,260.496771892987,0.0,0.0,0.0,1313.58,0,0.0,1.0,0.0,1.0,0.0,Alitalia,4,0.25,DMA-AUS,4,0.25,1741.9692682440807,1391.4720967125472,0.0,4,356.5,459.927892899166,1,0.25,0.05,52.25,52.25,1373.75,2.5,1.9148542155126762,1.0,0.0,Banyan Tree,4,0.25,False,True,False,False,True,False,False,False,2687.33,52.25,2,4,5,3.55,1754.2915330110036,5,4836.082185825091,False,328.395
613,498298,2006-06-20,17.0,F,False,False,usa,fort worth,FTW,32.82,-97.362,2022-12-29,211,8,16.25,0.375,121.875,1.1428571428571428,22.0,146.0,9.333333333333334,0.0,3,1,0.3333333333333333,0,0.0,1,1,1.0,298.05,0.0,0.0,0.0,0.0,298.05,0,0.0,1.0,0.0,2.0,0.0,Delta Air Lines,1,1.0,FTW-LSV,1,1.0,1668.441774757358,0.0,0.0,3,112.0,62.864934582006846,1,0.3333333333333333,0.05,7.0,7.0,329.0,8.0,5.291502622129181,1.3333333333333333,0.5773502691896257,Conrad,3,0.3333333333333333,False,True,False,True,True,False,False,False,627.05,7.0,4,3,2,3.05,545.7851005890852,1,1504.5740987630215,True,298.05
616,498500,1974-02-02,49.0,F,True,True,usa,sacramento,SAC,38.513,-121.493,2022-12-29,211,7,18.142857142857142,0.42857142857142855,133.85714285714286,1.1666666666666667,34.0,97.0,7.333333333333333,0.0,3,2,0.6666666666666666,0,0.0,2,2,1.0,656.26,784.605684404593,0.1,121.106,121.106,1191.414,1,0.5,1.5,0.7071067811865476,0.0,0.0,Ryanair,2,0.5,SAC-LSQ,2,0.5,2057.115870102673,2090.9083396300853,0.0,3,121.66666666666667,37.20663023351259,2,0.6666666666666666,0.15,19.45,38.9,326.1,4.0,3.4641016151377544,1.3333333333333333,0.5773502691896257,InterContinental,3,0.3333333333333333,False,True,False,False,False,False,False,False,1517.514,160.006,3,3,4,3.35,1320.8460746915637,3,3641.1964897699827,True,437.50666666666666
618,498607,1981-02-07,42.0,F,True,False,canada,winnipeg,YWG,49.91,-97.234,2022-12-29,211,8,17.375,0.25,128.375,1.1428571428571428,10.0,151.0,10.5,0.0,2,2,1.0,0,0.0,2,2,1.0,602.28,315.298913731082,0.1,82.523,82.523,1122.037,1,0.5,1.5,0.7071067811865476,1.0,0.0,United Airlines,1,1.0,YWG-BOS,2,0.5,2219.1303504541956,63.910676552398996,0.0,2,110.0,21.213203435596427,0,0.0,0.0,0.0,0.0,220.0,1.5,0.7071067811865476,1.5,0.7071067811865476,Extended Stay,2,0.5,False,True,False,False,False,False,False,True,1342.037,82.523,5,2,3,3.55,1752.166013171057,5,4830.22273291196,True,401.52
624,499252,1984-07-08,39.0,F,True,False,usa,chicago,ORD,41.979,-87.904,2022-12-30,210,8,19.25,0.125,143.125,2.0,91.0,158.0,10.0,0.0,1,1,1.0,0,0.0,1,1,1.0,216.21,0.0,0.05,10.8105,10.8105,205.3995,1,1.0,1.0,0.0,2.0,0.0,Delta Air Lines,1,1.0,ORD-LGA,1,1.0,1187.7586618438768,0.0,0.0,1,130.0,0.0,0,0.0,0.0,0.0,0.0,130.0,7.0,0.0,1.0,0.0,Conrad,1,1.0,False,True,False,True,False,False,True,True,335.3995,10.8105,1,1,1,1.0,875.7964269756585,2,2414.321348081021,True,216.21
631,499633,1992-11-03,30.0,F,False,False,usa,dallas,DAL,32.847,-96.852,2022-12-30,210,8,20.625,0.625,153.75,1.1428571428571428,10.0,10.0,9.6,0.0,5,2,0.4,0,0.0,4,3,0.75,300.3975,182.81887491449,0.05,22.743,22.743,1178.847,1,0.25,1.0,0.0,1.25,1.2583057392117916,Air Canada,4,0.25,DAL-JFK,4,0.25,1770.3381273608738,937.4466761204509,0.0,3,122.66666666666667,22.89832599412746,1,0.3333333333333333,0.05,4.85,4.85,363.15,3.3333333333333335,0.5773502691896257,1.3333333333333333,0.5773502691896257,Hilton,3,0.3333333333333333,False,True,False,False,False,False,False,False,1541.997,27.593,5,5,4,4.65,805.2936650216739,2,2219.9653104890676,False,300.3975
641,499979,1974-08-11,48.0,F,True,False,canada,toronto,YYZ,43.677,-79.631,2022-12-30,210,10,18.8,0.5,140.0,1.4285714285714286,25.0,25.0,6.6,0.0,5,4,0.8,0,0.0,5,5,1.0,658.65,396.766775007686,0.0,0.0,0.0,3293.25,0,0.0,1.2,0.4472135954999579,0.2,0.4472135954999579,United Airlines,4,0.4,YYZ-FAT,5,0.2,2853.477986438847,1169.8762927128714,0.0,4,132.75,46.78585968716047,1,0.25,0.05,8.35,8.35,522.65,3.25,1.8929694486000912,1.25,0.5,Banyan Tree,4,0.25,False,True,False,False,True,False,False,False,3815.9,8.35,4,5,5,4.6,1992.8184661553853,5,5493.633015041685,False,548.875
652,500745,1995-09-01,27.0,F,False,False,canada,toronto,YYZ,43.677,-79.631,2022-12-30,210,8,18.0,0.5,133.5,1.6,70.0,70.0,6.5,0.0,4,1,0.25,0,0.0,2,2,1.0,424.155,218.361645098218,0.0,0.0,0.0,848.31,0,0.0,1.0,0.0,0.5,0.7071067811865476,Allegiant Air,2,0.5,YYZ-LAX,2,0.5,2494.9695119261833,1412.7604894912195,0.0,3,136.66666666666666,52.50079364479487,1,0.3333333333333333,0.05,4.2,4.2,405.8,4.666666666666667,1.5275252316519468,1.0,0.0,Accor,3,0.3333333333333333,False,True,False,False,True,False,False,False,1254.11,4.2,1,4,3,2.4499999999999997,818.6841788929643,2,2256.879144007288,False,424.155
653,500773,1996-10-19,26.0,F,False,False,canada,winnipeg,YWG,49.91,-97.234,2022-12-30,210,7,24.571428571428573,0.42857142857142855,181.42857142857142,1.1666666666666667,13.0,13.0,7.333333333333333,0.0,3,2,0.6666666666666666,0,0.0,2,2,1.0,304.38,104.4538137168768,0.0,0.0,0.0,608.76,0,0.0,1.0,0.0,0.0,0.0,Delta Air Lines,2,0.5,YWG-JFK,2,0.5,1642.0061163518462,636.6323453822635,0.0,3,236.33333333333334,166.842240854447,1,0.3333333333333333,0.1,40.9,40.9,668.1,5.333333333333333,2.516611478423583,1.0,0.0,Banyan Tree,3,0.3333333333333333,False,True,False,False,True,False,False,False,1276.86,40.9,5,3,3,3.8,1111.3805335111701,3,3063.759642367517,False,304.38
654,500791,1951-03-24,72.0,F,True,False,canada,quebec,YQB,46.788,-71.398,2022-12-30,210,8,22.875,0.125,169.375,1.3333333333333333,29.0,90.0,42.0,0.0,1,0,0.0,0,0.0,0,0,0.0,0.0,0.0,0.0,0.0,0.0,0.0,0,0.0,0.0,0.0,0.0,0.0,MISSING,0,0.0,MISSING,0,0.0,0.0,0.0,0.0,1,150.0,0.0,1,1.0,0.15,22.5,22.5,127.5,6.0,0.0,1.0,0.0,Fairmont,1,1.0,False,True,True,False,True,False,True,False,127.5,22.5,3,1,1,1.8000000000000003,332.92847615871955,1,917.7890005212595,False,
663,501436,1993-02-24,30.0,F,True,False,usa,columbus,CMH,39.998,-82.892,2022-12-31,209,7,49.285714285714285,0.5714285714285714,1183.0,1.4,79.0,135.0,79.33333333333333,168.0,3,2,0.6666666666666666,1,0.3333333333333333,3,3,1.0,211.225,180.305158134758,0.1,0.0,0.0,422.45,1,0.3333333333333333,1.5,0.5773502691896257,1.0,0.0,American Airlines,2,0.6666666666666666,CMH-DMA,3,0.3333333333333333,1125.234824945242,1121.063572280389,0.0,2,233.0,0.0,1,0.5,0.0,0.0,0.0,233.0,8.5,10.606601717798213,1.0,0.0,Hilton,1,1.0,False,False,False,False,True,False,False,True,655.45,0.0,1,3,2,1.8499999999999999,570.5044959430921,1,1572.7184323964955,True,140.81666666666666
665,501708,1999-11-12,23.0,F,False,False,canada,montreal,YHU,45.517,-73.417,2022-12-31,209,8,34.125,0.25,968.375,1.6,72.0,135.0,225.0,162.0,1,0,0.0,1,1.0,1,1,1.0,0.0,0.0,0.0,0.0,0.0,0.0,1,1.0,1.0,0.0,1.0,0.0,Air Macau,1,1.0,YHU-MFM,1,1.0,0.0,0.0,0.0,0,0.0,0.0,0,0.0,0.0,0.0,0.0,0.0,0.0,0.0,0.0,0.0,MISSING,0,0.0,False,False,True,True,True,True,False,True,0.0,0.0,1,1,0,0.65,0.0,1,0.0,True,0.0
669,501794,1980-10-23,42.0,F,True,False,usa,nashville,BNA,36.124,-86.678,2022-12-31,209,8,16.75,0.5,124.875,1.6,63.0,63.0,6.5,0.0,4,4,1.0,0,0.0,4,4,1.0,188.1125,107.731370044508,0.0,0.0,0.0,752.45,0,0.0,1.0,0.0,0.75,0.5,American Airlines,4,0.25,BNA-BIF,4,0.25,1086.327992212512,628.1227546936234,0.0,4,102.75,51.24695112882326,1,0.25,0.25,33.0,33.0,378.0,4.5,4.041451884327381,1.0,0.0,Shangri-La,3,0.5,False,True,False,False,True,False,False,False,1130.45,33.0,2,4,3,2.8499999999999996,737.9588154384795,1,2034.3423051750153,False,188.1125
676,502210,1981-01-08,42.0,F,True,False,canada,montreal,YMX,45.68,-74.039,2022-12-31,209,8,41.625,0.625,1052.875,1.1428571428571428,23.0,123.0,7.5,1.0,4,3,0.75,1,0.25,3,3,1.0,376.415,376.004030895947,0.0,0.0,0.0,752.83,1,0.3333333333333333,1.5,0.5773502691896257,0.6666666666666666,0.5773502691896257,Porter Airlines,3,0.3333333333333333,YMX-YTZ,3,0.3333333333333333,2035.6224560938235,1730.7560488701138,0.0,4,151.0,45.39823785126467,1,0.25,0.0,0.0,0.0,453.0,3.0,2.160246899469287,1.5,0.5773502691896257,Banyan Tree,4,0.25,False,False,False,False,True,False,False,True,1205.83,0.0,4,4,3,3.65,787.1669498166054,2,2169.9951186246085,True,250.94333333333336
697,503342,1981-03-01,42.0,F,True,False,usa,lincoln,LNK,40.851,-96.759,2023-01-01,208,8,38.625,0.5,774.082834625,1.3333333333333333,53.0,160.0,8.333333333333334,4.0,3,3,1.0,1,0.3333333333333333,3,3,1.0,249.995,68.58228670728325,0.05,10.075,10.075,489.915,2,0.6666666666666666,1.0,0.0,0.3333333333333333,0.5773502691896257,Delta Air Lines,3,0.3333333333333333,LNK-DTW,3,0.3333333333333333,1388.0465090966059,186.916311686326,0.0,3,188.0,19.79898987322333,1,0.3333333333333333,0.0,0.0,0.0,376.0,4.333333333333333,2.516611478423583,1.0,0.0,Extended Stay,3,0.3333333333333333,False,False,False,False,False,False,False,True,865.915,10.075,2,3,2,2.25,753.6934939424252,2,2077.7183330362523,True,249.995
706,503973,1979-02-13,44.0,F,False,False,canada,toronto,YYZ,43.677,-79.631,2023-01-01,208,9,24.666666666666668,0.4444444444444444,183.66666666666666,1.5,55.0,55.0,8.5,0.0,4,2,0.5,0,0.0,3,3,1.0,151.16333333333333,28.493201528317826,0.15,20.3175,40.635,412.855,2,0.6666666666666666,1.0,0.0,0.3333333333333333,0.5773502691896257,American Airlines,3,0.3333333333333333,YYZ-CLT,2,0.6666666666666666,856.2605099011862,158.42148153701763,0.0,3,133.33333333333334,50.579969684978394,0,0.0,0.0,0.0,0.0,400.0,3.6666666666666665,2.0816659994661326,1.0,0.0,Fairmont,3,0.3333333333333333,False,True,False,False,False,False,False,True,812.855,40.635,2,4,2,2.5,530.6325029176392,1,1462.8027019974672,False,151.16333333333333
713,504435,1979-07-18,44.0,F,False,False,usa,long beach,LGB,33.818,-118.151,2023-01-01,208,7,32.0,0.5714285714285714,588.8385562857143,1.0,23.0,132.0,7.333333333333333,3.0,3,3,1.0,1,0.3333333333333333,3,3,1.0,376.72,512.016020257179,0.0,0.0,0.0,753.44,1,0.3333333333333333,1.5,1.1547005383792515,1.0,0.0,United Airlines,2,0.6666666666666666,LGB-SKF,3,0.3333333333333333,1992.8309380440692,1965.6582945747623,0.0,3,127.5,23.33452377915607,1,0.3333333333333333,0.1,0.0,0.0,255.0,2.6666666666666665,1.1547005383792515,1.6666666666666667,1.1547005383792515,Radisson,3,0.3333333333333333,False,False,False,False,True,False,False,True,1008.44,0.0,4,3,2,3.05,877.7474313660109,2,2419.699711596494,True,251.14666666666668
718,504669,1983-02-17,40.0,F,False,False,usa,long beach,LGB,33.818,-118.151,2023-01-02,207,8,16.75,0.25,124.0,1.1428571428571428,20.0,47.0,6.0,0.0,2,2,1.0,0,0.0,2,2,1.0,603.765,55.35938989909481,0.05,28.231,28.231,1179.299,1,0.5,1.0,0.0,1.0,0.0,Allegiant Air,2,0.5,LGB-DCA,2,0.5,3443.616965607605,353.6333277291102,0.0,2,101.5,27.577164466275352,0,0.0,0.0,0.0,0.0,203.0,3.0,0.0,1.0,0.0,Choice Hotels,2,0.5,False,True,False,False,False,False,False,True,1382.299,28.231,4,2,3,3.15,1804.7321555518506,5,4975.132618162888,False,603.765
719,504786,1975-07-15,48.0,F,True,True,usa,omaha,OMA,41.302,-95.894,2023-01-02,207,8,16.75,0.375,124.125,2.6666666666666665,119.0,130.0,7.333333333333333,0.0,3,1,0.3333333333333333,0,0.0,1,1,1.0,245.1,0.0,0.0,0.0,0.0,245.1,0,0.0,1.0,0.0,1.0,0.0,Porter Airlines,1,1.0,OMA-YTZ,1,1.0,1380.008701432482,0.0,0.0,3,252.66666666666666,89.1870693168765,1,0.3333333333333333,0.05,17.55,17.55,740.45,3.6666666666666665,1.5275252316519468,1.3333333333333333,0.5773502691896257,Extended Stay,3,0.3333333333333333,False,True,False,True,True,False,False,False,985.55,17.55,1,3,2,1.8499999999999999,857.8239468711793,2,2364.7763384672608,True,245.1
721,504892,1993-07-02,30.0,F,False,False,usa,dallas,DAL,32.847,-96.852,2023-01-02,207,8,16.875,0.375,125.625,1.3333333333333333,41.0,89.0,8.0,0.0,3,1,0.3333333333333333,0,0.0,2,2,1.0,267.03,171.360257352748,0.0,0.0,0.0,534.06,0,0.0,1.5,0.7071067811865476,0.0,0.0,Allegiant Air,2,0.5,DAL-IAH,2,0.5,1308.5329856423289,1292.5221869324516,0.0,2,170.5,74.24621202458749,1,0.5,0.2,44.6,44.6,296.4,11.5,7.7781745930520225,2.0,0.0,Best Western,2,0.5,False,True,False,False,True,False,False,False,830.46,44.6,2,3,2,2.25,722.8334178059353,1,1992.6458911709415,False,178.01999999999998
722,504916,1988-03-05,35.0,M,False,True,usa,memphis,MEM,35.042,-89.977,2023-01-02,207,8,30.875,0.25,1017.125,1.1428571428571428,25.0,187.0,12.0,12.0,1,1,1.0,1,1.0,1,1,1.0,0.0,0.0,0.0,0.0,0.0,0.0,1,1.0,1.0,0.0,0.0,0.0,United Airlines,1,1.0,MEM-LSQ,1,1.0,0.0,0.0,0.0,1,0.0,0.0,1,1.0,0.0,0.0,0.0,0.0,3.0,0.0,1.0,0.0,Marriott,1,1.0,False,False,True,True,True,True,True,True,0.0,0.0,4,1,0,1.85,0.0,1,0.0,True,0.0
724,504945,1980-08-20,42.0,F,False,False,usa,houston,EFD,29.607,-95.159,2023-01-02,207,9,19.77777777777778,0.4444444444444444,148.44444444444446,1.2857142857142858,13.0,13.0,6.75,0.0,4,4,1.0,0,0.0,4,4,1.0,328.3975,74.48849637136372,0.0,0.0,0.0,1313.59,0,0.0,1.0,0.0,0.75,0.9574271077563381,Southwest Airlines,3,0.5,EFD-LSQ,4,0.25,2025.5433711223534,527.3227319891075,0.0,4,201.0,136.447792213725,1,0.25,0.15,37.8,37.8,766.2,2.5,0.5773502691896257,1.0,0.0,Hyatt,4,0.25,False,True,False,False,True,False,False,False,2079.79,37.8,5,4,4,4.4,1357.6888537845948,4,3742.7615399884517,False,328.3975
727,505172,1993-01-05,30.0,M,True,True,usa,tampa,MCF,27.849,-82.521,2023-01-02,207,8,40.25,0.375,1013.625,1.6,69.0,131.0,115.5,162.0,2,2,1.0,1,0.5,2,2,1.0,529.14,0.0,0.05,0.0,0.0,529.14,1,0.5,2.3333333333333335,1.414213562373095,2.0,1.414213562373095,Cathay Pacific,2,0.5,MCF-HKG,2,0.5,2913.786922279749,7955.969378786603,0.0,2,168.0,0.0,1,0.5,0.0,0.0,0.0,168.0,10.5,13.435028842544403,1.5,0.7071067811865476,Hyatt,2,0.5,False,False,False,False,True,False,False,True,697.14,0.0,1,2,2,1.6,910.1872857619206,2,2509.1271522485918,True,226.7742857142857
729,505285,1980-05-16,43.0,F,False,True,usa,new york,LGA,40.777,-73.872,2023-01-02,207,8,23.0,0.5,170.625,2.0,94.0,94.0,8.5,0.0,4,4,1.0,0,0.0,4,4,1.0,285.715,306.182287153693,0.0,0.0,0.0,1142.86,0,0.0,1.0,0.0,0.75,0.5,AirTran Airways,4,0.25,LGA-LAS,4,0.25,1610.4345652828592,1737.536541883527,0.0,4,175.5,43.23964230502684,2,0.5,0.125,23.575,47.15,654.85,3.75,3.095695936834452,1.0,0.0,Aman Resorts,4,0.25,False,True,False,False,True,False,False,False,1797.71,47.15,1,4,4,2.8,1173.5467664221408,3,3235.134243386419,True,285.715
731,505358,1986-01-16,37.0,F,False,False,usa,detroit,DET,42.409,-83.01,2023-01-02,207,8,21.375,0.375,159.375,1.1428571428571428,14.0,14.0,8.0,0.0,3,3,1.0,0,0.0,3,3,1.0,279.9066666666667,166.997363552043,0.15,22.5285,22.5285,817.1915,1,0.3333333333333333,1.6666666666666667,1.1547005383792515,0.6666666666666666,1.1547005383792515,Air Canada,3,0.3333333333333333,DET-JFK,3,0.3333333333333333,1239.7372981547153,1134.0342205335533,0.0,3,90.0,24.879710609249457,0,0.0,0.0,0.0,0.0,270.0,3.6666666666666665,1.5275252316519468,1.6666666666666667,1.1547005383792515,Fairmont,3,0.3333333333333333,False,True,False,False,False,False,False,True,1087.1915,22.5285,5,3,3,3.8,946.2928350005557,2,2608.6598696998926,False,167.94400000000002
742,505933,1976-06-01,47.0,F,True,False,usa,houston,IAH,29.98,-95.34,2023-01-02,207,8,24.25,0.375,271.978679125,1.3333333333333333,40.0,44.0,8.0,2.0,2,2,1.0,1,0.5,2,2,1.0,446.23,0.0,0.0,0.0,0.0,446.23,1,0.5,1.0,0.0,0.0,0.0,Southwest Airlines,2,0.5,IAH-ELP,2,0.5,2278.084947606745,852.1346508637988,0.0,2,110.0,0.0,1,0.5,0.1,0.0,0.0,110.0,4.5,2.1213203435596424,1.0,0.0,Best Western,2,0.5,False,False,False,False,True,False,False,True,556.23,0.0,3,2,1,2.0500000000000003,726.2149266422141,1,2001.9677480781968,False,446.23
744,506013,1983-09-20,39.0,F,False,False,canada,vancouver,YVR,49.195,-123.182,2023-01-02,207,8,20.25,0.5,151.0,1.6,66.0,66.0,6.25,0.0,4,4,1.0,0,0.0,4,3,0.75,576.17,413.703067751094,0.1,116.017,116.017,2188.663,1,0.25,1.25,0.5,0.75,0.5,Air Canada,4,0.25,YVR-FAT,4,0.25,2742.9949642077886,920.3533179546607,0.0,4,70.0,19.949937343260004,1,0.25,0.05,2.15,2.15,277.85,2.5,1.0,1.25,0.5,Conrad,4,0.25,False,True,False,False,False,False,False,False,2466.513,118.167,1,4,5,3.15,1610.1419892464153,4,4438.7029432209665,False,460.936
747,506234,1985-10-07,37.0,F,True,False,usa,riverside,RIV,33.881,-117.259,2023-01-02,207,9,16.22222222222222,0.4444444444444444,121.66666666666667,1.5,53.0,127.0,10.25,0.0,4,2,0.5,0,0.0,3,3,1.0,401.18666666666667,301.068994805731,0.15,73.899,73.899,1129.661,1,0.3333333333333333,1.0,0.0,1.0,0.0,American Airlines,3,0.3333333333333333,RIV-FAT,3,0.3333333333333333,2180.109088236817,1588.7912692953255,0.0,3,120.66666666666667,97.76672917374977,0,0.0,0.0,0.0,0.0,362.0,4.666666666666667,4.041451884327381,1.0,0.0,Choice Hotels,3,0.3333333333333333,False,True,False,False,False,False,False,True,1491.661,73.899,2,4,3,2.8499999999999996,973.7576934811603,2,2684.3726633461615,True,401.18666666666667
750,506427,1975-10-07,47.0,F,True,True,usa,dallas,DAL,32.847,-96.852,2023-01-02,207,8,20.875,0.625,155.375,1.3333333333333333,30.0,30.0,6.8,0.0,5,3,0.6,0,0.0,4,4,1.0,174.625,133.000558770756,0.0,0.0,0.0,698.5,0,0.0,1.0,0.0,1.0,0.816496580927726,American Airlines,1,1.0,DAL-DMA,4,0.25,1000.6631290689229,811.0400229446872,0.0,4,155.75,87.40471001801524,1,0.25,0.05,14.15,14.15,608.85,3.75,2.0615528128088303,1.25,0.5,Aman Resorts,4,0.25,False,True,False,False,True,False,False,False,1307.35,14.15,3,5,3,3.5,682.75144048016,1,1882.151293853284,False,174.625
754,506704,1968-07-02,55.0,F,True,False,canada,montreal,YUL,45.468,-73.741,2023-01-03,206,8,17.0,0.25,127.25,1.3333333333333333,52.0,141.0,6.5,0.0,2,1,0.5,0,0.0,2,2,1.0,678.69,89.33587073510841,0.1,61.552,61.552,1295.828,1,0.5,1.0,0.0,1.0,0.0,Delta Air Lines,2,0.5,YUL-LUF,2,0.5,3802.8283981986247,386.1236670678848,0.0,1,90.0,0.0,0,0.0,0.0,0.0,0.0,90.0,4.0,0.0,1.0,0.0,Banyan Tree,1,1.0,False,True,False,False,False,False,True,True,1385.828,61.552,2,2,3,2.3499999999999996,1809.3396245415138,5,4987.834098095592,True,678.69
766,507395,1977-10-19,45.0,F,True,True,usa,winston-salem,INT,36.134,-80.222,2023-01-03,206,9,54.666666666666664,0.4444444444444444,1044.2222222222222,1.8,76.0,97.0,7.0,3.0,3,3,1.0,1,0.3333333333333333,3,3,1.0,347.095,185.523606179914,0.1,0.0,0.0,694.19,1,0.3333333333333333,1.25,0.5773502691896257,1.3333333333333333,0.5773502691896257,Ryanair,2,0.6666666666666666,INT-PNE,3,0.3333333333333333,1769.3075143200372,1347.3215961422468,0.0,3,218.0,29.698484809834994,1,0.3333333333333333,0.15,0.0,0.0,436.0,3.3333333333333335,0.5773502691896257,1.3333333333333333,0.5773502691896257,Conrad,3,0.3333333333333333,False,False,False,False,True,False,False,True,1130.19,0.0,1,3,3,2.1999999999999997,983.7187829276426,2,2711.832550324503,True,277.67600000000004
776,507732,1978-07-10,45.0,M,False,False,usa,new york,JFK,40.64,-73.779,2023-01-03,206,8,32.875,0.75,673.969194375,1.1428571428571428,13.0,15.0,9.0,5.0,5,3,0.6,1,0.2,3,2,0.6666666666666666,287.77,148.520708320422,0.0,0.0,0.0,575.54,1,0.3333333333333333,1.0,0.0,0.3333333333333333,0.5773502691896257,American Airlines,3,0.3333333333333333,JFK-BNA,3,0.3333333333333333,1644.8756349935952,625.3550107483193,0.0,5,108.0,48.11098280711658,3,0.6,0.1,11.8,23.6,408.4,4.2,2.280350850198276,1.2,0.4472135954999579,Rosewood,5,0.2,False,False,False,False,True,False,False,False,983.94,23.6,5,5,2,3.95,513.8535605201735,1,1416.5479359574717,False,287.77
780,507805,1981-01-10,42.0,F,True,True,usa,san jose,SJC,37.362,-121.929,2023-01-03,206,8,36.125,0.75,1032.055466125,1.1428571428571428,7.0,45.0,41.2,131.0,5,5,1.0,1,0.2,5,5,1.0,568.7025,301.882773426485,0.0,0.0,0.0,2274.81,1,0.2,1.8333333333333333,0.8944271909999159,0.8,0.8366600265340756,JetBlue Airways,5,0.2,SJC-AUS,5,0.2,2685.4525524886444,1379.388449904698,0.0,5,233.25,194.799683435746,2,0.4,0.1,24.1,24.1,908.9,8.8,5.805170109479997,1.4,0.5477225575051661,Shangri-La,5,0.2,False,False,False,False,True,False,False,False,3183.71,24.1,5,5,5,5.0,1662.6630883627874,4,4583.488657018885,False,310.2013636363636
781,508050,1977-08-14,45.0,F,True,False,usa,new york,JFK,40.64,-73.779,2023-01-03,206,8,16.875,0.5,126.625,1.3333333333333333,37.0,37.0,6.0,0.0,4,3,0.75,0,0.0,4,4,1.0,401.5675,213.00549482349,0.1,10.111,10.111,1596.159,1,0.25,1.5,0.5773502691896257,0.75,0.5,Air Canada,4,0.25,JFK-MDW,4,0.25,1578.9056583570186,1265.4924530670912,0.0,3,191.66666666666666,120.226175741114,1,0.3333333333333333,0.1,5.6,5.6,569.4,11.333333333333334,16.19670748434179,1.3333333333333333,0.5773502691896257,Best Western,3,0.3333333333333333,False,True,False,False,False,False,False,False,2165.559,15.711,3,4,4,3.6,1413.6789370623542,4,3897.110255254546,False,267.71166666666664
793,508625,1980-09-21,42.0,F,False,False,usa,new york,JFK,40.64,-73.779,2023-01-03,206,8,47.25,0.625,1078.125,1.3333333333333333,27.0,27.0,7.25,12.0,4,2,0.5,1,0.25,3,3,1.0,364.07,339.397112833919,0.0,0.0,0.0,728.14,1,0.3333333333333333,2.25,1.0,1.0,0.0,United Airlines,2,0.6666666666666666,JFK-SAT,3,0.3333333333333333,1913.4722781784208,1611.893220919,0.0,3,191.5,37.476659402887016,1,0.3333333333333333,0.0,0.0,0.0,383.0,6.333333333333333,5.8594652770823155,2.0,1.0,InterContinental,3,0.3333333333333333,False,False,False,False,True,False,False,True,1111.14,0.0,3,4,3,3.25,725.3532294098034,1,1999.592294194495,False,161.80888888888887
794,508693,1969-02-25,54.0,F,True,False,canada,halifax,YAW,44.64,-63.499,2023-01-03,206,8,18.75,0.375,137.625,1.1428571428571428,15.0,15.0,9.0,0.0,3,2,0.6666666666666666,0,0.0,2,2,1.0,723.99,865.753258613561,0.0,0.0,0.0,1447.98,0,0.0,1.5,0.7071067811865476,0.5,0.7071067811865476,Air Canada,2,0.5,YAW-AUS,2,0.5,2020.9477904663963,1927.8073727401356,0.0,3,141.0,64.78425734698207,2,0.6666666666666666,0.125,12.875,25.75,397.25,3.3333333333333335,2.0816659994661326,1.3333333333333333,0.5773502691896257,Radisson,2,0.6666666666666666,False,True,False,False,True,False,False,False,1845.23,25.75,5,3,4,4.15,1606.0904890519062,4,4427.534110932925,False,482.66
796,508731,1969-03-27,54.0,F,True,False,usa,norfolk,NGU,36.938,-76.289,2023-01-03,206,8,18.75,0.5,139.75,1.3333333333333333,37.0,37.0,7.25,0.0,4,3,0.75,0,0.0,3,3,1.0,264.1,165.561767627674,0.15,11.0805,11.0805,781.2195,1,0.3333333333333333,1.0,0.0,1.3333333333333333,0.5773502691896257,AirTran Airways,3,0.3333333333333333,NGU-DAL,3,0.3333333333333333,1532.4557474133262,934.5641954845127,0.0,4,171.25,117.448925069581,1,0.25,0.1,5.0,5.0,680.0,8.0,5.0990195135927845,1.0,0.0,Rosewood,3,0.5,False,True,False,False,False,False,False,False,1461.2195,16.0805,3,4,3,3.25,953.8854538596198,2,2629.590557739558,False,264.1
800,508856,2002-09-20,20.0,M,False,True,usa,portland,PDX,45.589,-122.597,2023-01-04,205,8,35.0,0.25,975.375,1.6,68.0,88.0,225.0,205.0,1,0,0.0,1,1.0,1,1,1.0,0.0,0.0,0.0,0.0,0.0,0.0,1,1.0,1.0,0.0,1.0,0.0,Transaero Airlines,1,1.0,PDX-VKO,1,1.0,0.0,0.0,0.0,0,0.0,0.0,0,0.0,0.0,0.0,0.0,0.0,0.0,0.0,0.0,0.0,MISSING,0,0.0,False,False,True,True,True,True,False,True,0.0,0.0,1,1,0,0.65,0.0,1,0.0,False,0.0
803,508866,1993-06-07,30.0,F,False,False,usa,el paso,BIF,31.849,-106.38,2023-01-04,205,8,19.75,0.375,146.5,1.6,75.0,94.0,7.333333333333333,0.0,3,3,1.0,0,0.0,3,3,1.0,555.3933333333333,576.109176834854,0.15,37.65,37.65,1628.53,1,0.3333333333333333,1.6666666666666667,1.1547005383792515,0.3333333333333333,0.5773502691896257,Alaska Airlines,3,0.3333333333333333,BIF-BFI,3,0.3333333333333333,1563.347239155087,562.9053449640421,0.0,3,133.33333333333334,23.288051299611425,0,0.0,0.0,0.0,0.0,400.0,5.0,2.0,1.6666666666666667,1.1547005383792515,Best Western,3,0.3333333333333333,False,True,False,False,False,False,False,True,2028.53,37.65,1,3,4,2.55,1765.6350372346335,5,4867.352996672916,True,333.236
808,508912,1980-06-13,43.0,M,False,False,usa,tallahassee,TLH,30.396,-84.35,2023-01-04,205,8,33.875,0.5,856.000905375,1.6,87.0,123.0,8.333333333333334,3.0,3,2,0.6666666666666666,1,0.3333333333333333,3,2,0.6666666666666666,272.185,60.054578926173484,0.0,0.0,0.0,544.37,1,0.3333333333333333,1.0,0.0,0.6666666666666666,0.5773502691896257,United Airlines,3,0.3333333333333333,TLH-FTW,3,0.3333333333333333,2416.384560095899,1298.4511435443667,0.0,2,31.0,0.0,2,1.0,0.1,3.1,3.1,27.9,2.0,1.414213562373095,1.0,0.0,Banyan Tree,2,0.5,False,False,False,False,True,False,False,False,572.27,3.1,1,3,1,1.5,498.1045203956874,1,1373.132317198173,True,272.185
810,508923,1976-06-12,47.0,F,True,True,usa,madison,MSN,43.14,-89.337,2023-01-04,205,8,34.625,0.625,972.0,1.3333333333333333,27.0,54.0,69.5,226.0,4,1,0.25,1,0.25,3,3,1.0,355.815,283.64174313736,0.27499999999999997,83.457,83.457,628.173,2,0.6666666666666666,3.0,2.309401076758503,1.3333333333333333,2.309401076758503,Ryanair,2,0.3333333333333333,MSN-TOJ,3,0.3333333333333333,1826.4421064224443,3038.0176952220922,0.0,2,181.5,157.6848122046,0,0.0,0.0,0.0,0.0,363.0,2.5,0.7071067811865476,1.0,0.0,Crowne Plaza,2,0.5,False,False,False,False,False,False,False,True,991.173,83.457,3,4,2,2.9000000000000004,647.0386598032677,1,1783.7013274777614,False,118.605
813,508944,1966-03-15,57.0,F,False,False,usa,los angeles,LAX,33.942,-118.408,2023-01-04,205,8,19.125,0.25,141.75,1.3333333333333333,52.0,176.0,11.0,0.0,2,2,1.0,0,0.0,2,2,1.0,523.66,61.47586355635844,0.05,28.3565,28.3565,1018.9635,1,0.5,1.0,0.0,1.0,0.0,AirTran Airways,2,0.5,LAX-MDW,2,0.5,2811.592049976628,0.0,0.0,2,107.5,28.991378028648448,0,0.0,0.0,0.0,0.0,215.0,2.5,0.7071067811865476,1.0,0.0,Four Seasons,2,0.5,False,True,False,False,False,False,False,True,1233.9635,28.3565,2,2,3,2.3499999999999996,1611.0650497665888,4,4441.247558214569,True,523.66
821,509061,1993-07-06,30.0,F,False,True,canada,vancouver,YVR,49.195,-123.182,2023-01-04,205,8,27.25,0.375,203.5,1.3333333333333333,48.0,171.0,7.0,0.0,3,2,0.6666666666666666,0,0.0,3,3,1.0,640.9366666666666,36.316069904841484,0.1,66.627,66.627,1856.183,1,0.3333333333333333,1.0,0.0,0.3333333333333333,0.5773502691896257,Delta Air Lines,3,0.3333333333333333,YVR-DTW,3,0.3333333333333333,3555.2993937810784,342.0654738271888,0.0,2,92.0,19.79898987322333,1,0.5,0.05,3.9,3.9,180.1,7.0,2.8284271247461903,1.0,0.0,Best Western,2,0.5,False,True,False,False,False,False,False,False,2036.283,70.527,2,3,4,2.95,1772.3832580860285,5,4885.955919865181,True,640.9366666666666
823,509098,1980-07-12,43.0,F,False,False,usa,los angeles,LAX,33.942,-118.408,2023-01-04,205,9,17.555555555555557,0.2222222222222222,131.88888888888889,2.25,111.0,122.0,7.0,0.0,2,1,0.5,0,0.0,2,2,1.0,849.535,325.813591567326,0.0,0.0,0.0,1699.07,0,0.0,2.0,1.414213562373095,0.5,0.7071067811865476,Southwest Airlines,2,0.5,LAX-AUS,2,0.5,2755.4414867111636,1076.3469648464936,0.0,1,64.0,0.0,1,1.0,0.05,3.2,3.2,60.8,7.0,0.0,1.0,0.0,Aman Resorts,1,1.0,False,True,False,False,True,False,True,False,1759.87,3.2,1,2,4,2.3,2297.6895581860617,5,6334.075797440583,True,424.7675
827,509160,1969-11-01,53.0,M,False,True,usa,new orleans,NBG,29.825,-90.035,2023-01-04,205,8,18.0,0.25,134.125,1.3333333333333333,56.0,157.0,9.0,0.0,2,2,1.0,0,0.0,2,2,1.0,452.125,185.905443841755,0.1,58.358,58.358,845.892,1,0.5,1.0,0.0,1.0,0.0,Air France,2,0.5,NBG-PNE,2,0.5,2536.02229552497,1114.3124804739903,0.0,2,107.5,81.31727983645297,0,0.0,0.0,0.0,0.0,215.0,2.5,0.7071067811865476,1.0,0.0,Fairmont,2,0.5,False,True,False,False,False,False,False,True,1060.892,58.358,2,2,3,2.3499999999999996,1385.1025761920641,4,3818.3333660431376,True,452.125
830,509221,1985-01-12,38.0,F,False,False,usa,kansas city,MCI,39.297,-94.714,2023-01-04,205,9,17.88888888888889,0.4444444444444444,131.77777777777777,1.5,54.0,54.0,7.5,0.0,4,3,0.75,0,0.0,3,3,1.0,165.86,61.028181195247825,0.05,7.4065,7.4065,490.1735,1,0.3333333333333333,1.0,0.0,1.0,0.0,Allegiant Air,2,0.6666666666666666,MCI-ELP,3,0.3333333333333333,1001.2168579924128,344.92726875997903,0.0,4,168.5,54.194095619356915,0,0.0,0.0,0.0,0.0,674.0,3.25,2.629955639676583,1.0,0.0,Banyan Tree,4,0.25,False,True,False,False,False,False,False,True,1164.1735,7.4065,2,4,3,2.8499999999999996,759.9735477242415,2,2095.030652937915,False,165.86
831,509242,1981-04-13,42.0,M,False,False,usa,st. petersburg,PIE,27.911,-82.687,2023-01-04,205,8,17.75,0.375,132.625,1.3333333333333333,30.0,30.0,11.333333333333334,0.0,3,3,1.0,0,0.0,3,2,0.6666666666666666,374.2,306.195310871999,0.1,25.258,25.258,1097.342,1,0.3333333333333333,1.0,0.0,0.0,0.0,Air Canada,3,0.3333333333333333,PIE-OKC,3,0.3333333333333333,2433.3593066873786,1504.4131894147029,0.0,3,135.0,84.53993139339539,0,0.0,0.0,0.0,0.0,405.0,1.3333333333333333,0.5773502691896257,1.0,0.0,Hyatt,3,0.3333333333333333,False,True,False,False,False,False,False,True,1502.342,25.258,3,3,3,3.0,1307.6403470045573,3,3604.7920591401576,False,374.2
833,509278,1973-10-20,49.0,F,True,False,canada,edmonton,YED,53.667,-113.467,2023-01-04,205,8,38.25,0.5,998.0,1.1428571428571428,11.0,91.0,69.66666666666667,117.0,3,1,0.3333333333333333,1,0.3333333333333333,2,2,1.0,1296.85,0.0,0.0,0.0,0.0,1296.85,1,0.5,2.0,0.0,1.5,0.7071067811865476,Southwest Airlines,2,0.5,YED-DAL,2,0.5,3621.0126410766998,677.5475820211155,0.0,2,135.0,42.42640687119285,0,0.0,0.0,0.0,0.0,270.0,5.5,2.1213203435596424,2.0,0.0,Aman Resorts,1,1.0,False,False,False,False,True,False,False,True,1566.85,0.0,5,3,4,4.15,1363.7881905079469,4,3759.5756744228374,True,648.425
834,509282,1987-01-09,36.0,F,False,False,usa,seattle,SEA,47.449,-122.309,2023-01-04,205,8,16.5,0.375,121.25,1.3333333333333333,41.0,41.0,10.666666666666666,0.0,3,2,0.6666666666666666,0,0.0,2,2,1.0,622.715,179.060650199869,0.2,149.866,149.866,1095.564,1,0.5,1.0,0.0,1.0,0.0,American Airlines,2,0.5,SEA-NIP,2,0.5,3395.837645512257,748.8755357833954,0.0,3,101.33333333333333,56.08327142146162,0,0.0,0.0,0.0,0.0,304.0,5.333333333333333,3.0550504633038935,1.3333333333333333,0.5773502691896257,Accor,3,0.3333333333333333,False,True,False,False,False,False,False,True,1399.564,149.866,2,3,3,2.5999999999999996,1218.1822478603979,3,3358.1815548380027,False,622.715
844,509411,1981-03-21,42.0,F,True,False,usa,salt lake city,SLC,40.788,-111.978,2023-01-04,205,8,16.25,0.5,120.625,1.3333333333333333,31.0,96.0,10.0,0.0,4,2,0.5,0,0.0,4,4,1.0,485.5275,131.855833488701,0.2,117.97,117.97,1824.14,1,0.25,1.0,0.0,0.25,0.5,Delta Air Lines,3,0.5,SLC-JFK,3,0.5,2773.1197510967,556.129110361605,0.0,2,103.0,46.66904755831214,1,0.5,0.1,13.6,13.6,192.4,2.0,0.0,1.0,0.0,Crowne Plaza,2,0.5,False,True,False,False,False,False,False,False,2016.54,131.57,3,4,4,3.6,1316.3991947315772,3,3628.93770806106,True,485.5275
848,509421,1969-11-28,53.0,F,False,True,usa,baltimore,BWI,39.175,-76.668,2023-01-04,205,9,29.77777777777778,0.5555555555555556,820.4553276666667,1.2857142857142858,17.0,29.0,55.5,185.0,4,2,0.5,1,0.25,3,3,1.0,218.005,161.510259890819,0.3,31.14,31.14,404.87,2,0.6666666666666666,1.0,0.0,0.3333333333333333,0.5773502691896257,Finnair,3,0.3333333333333333,BWI-MAD,3,0.3333333333333333,1254.670761505833,2855.268141656168,0.0,3,129.33333333333334,30.43572462310259,1,0.3333333333333333,0.1,10.7,10.7,377.3,3.6666666666666665,3.0550504633038935,1.0,0.0,Radisson,3,0.3333333333333333,False,False,False,False,False,False,False,False,782.17,41.84,4,4,2,3.3,510.6013062687562,1,1407.5823971327716,False,218.005
861,509603,2006-04-10,17.0,F,False,False,usa,memphis,MEM,35.042,-89.977,2023-01-04,205,8,16.0,0.25,118.75,1.3333333333333333,39.0,183.0,12.0,0.0,2,1,0.5,0,0.0,1,0,0.0,145.43,0.0,0.0,0.0,0.0,145.43,0,0.0,1.0,0.0,1.0,0.0,Southwest Airlines,1,1.0,MEM-DEN,1,1.0,1400.8012098972777,0.0,0.0,2,119.0,22.627416997969522,1,0.5,0.25,33.75,33.75,204.25,8.5,9.192388155425117,2.0,1.414213562373095,Radisson,2,0.5,False,True,False,True,True,False,False,False,349.68,33.75,3,2,1,2.0500000000000003,456.5428609536512,1,1258.5586576559765,True,145.43
862,509626,1972-05-15,51.0,F,False,True,usa,brownsville,BRO,25.907,-97.426,2023-01-04,205,8,17.875,0.375,132.75,1.1428571428571428,23.0,23.0,117.33333333333333,0.0,3,3,1.0,0,0.0,3,3,1.0,509.34,359.872986065917,0.0,0.0,0.0,1528.02,0,0.0,1.3333333333333333,0.5773502691896257,1.0,1.0,American Airlines,1,1.0,BRO-FTW,3,0.3333333333333333,2111.105514764447,1297.987514489175,0.0,3,88.33333333333333,21.221058723196006,1,0.3333333333333333,0.2,22.4,22.4,242.6,6.666666666666667,3.511884584284246,1.0,0.0,Banyan Tree,3,0.3333333333333333,False,True,False,False,True,False,False,False,1770.62,22.4,4,3,4,3.75,1541.1498521729463,4,4248.511268243013,False,382.005
865,509645,1970-06-10,53.0,M,True,False,usa,riverside,RAL,33.952,-117.445,2023-01-04,205,8,34.375,0.625,675.85203475,1.1428571428571428,10.0,45.0,7.75,5.0,4,4,1.0,1,0.25,4,4,1.0,260.49333333333334,348.177064341311,0.075,21.7675,43.535,737.945,3,0.75,1.0,0.0,0.25,0.5,United Airlines,4,0.25,RAL-SEA,4,0.25,1512.0810675813136,1694.2300378565374,0.0,4,127.0,32.60368077380221,2,0.5,0.1,12.4,12.4,368.6,4.0,1.8257418583505538,1.0,0.0,Accor,4,0.25,False,False,False,False,False,False,False,False,1106.545,55.935,5,4,3,4.05,722.3536091197066,1,1991.3231952584258,False,260.49333333333334
870,509749,1982-07-21,41.0,M,False,False,usa,new york,JFK,40.64,-73.779,2023-01-04,205,8,21.875,0.875,162.625,1.1428571428571428,20.0,20.0,7.714285714285714,0.0,7,6,0.8571428571428571,0,0.0,6,6,1.0,286.56333333333333,226.595587394518,0.175,61.22425,122.4485,1596.9315,2,0.3333333333333333,1.0,0.0,0.6666666666666666,0.5163977794943223,Allegiant Air,6,0.16666666666666666,JFK-BNA,6,0.16666666666666666,1638.9836893612419,1315.7254908679274,0.0,7,138.85714285714286,53.74764668159457,1,0.14285714285714285,0.05,4.05,4.05,967.95,3.2857142857142856,1.3801311186847085,1.0,0.0,Aman Resorts,7,0.14285714285714285,False,True,False,False,False,False,False,False,2564.8815,126.4985,4,5,5,4.6,956.7754502215024,2,2637.5574547232145,False,286.56333333333333
892,510070,1966-09-24,56.0,F,True,True,usa,boston,BOS,42.364,-71.005,2023-01-04,205,8,24.375,0.5,179.5,1.1428571428571428,11.0,11.0,86.5,0.0,4,2,0.5,0,0.0,2,2,1.0,350.44,39.11714713523981,0.0,0.0,0.0,700.88,0,0.0,3.0,2.8284271247461903,2.0,2.8284271247461903,Ryanair,2,0.5,BOS-CIA,2,0.5,1267.6995280209087,1266.85011319838,0.0,4,132.0,67.44380376777889,1,0.25,0.15,34.8,34.8,493.2,8.5,4.795831523312719,1.75,0.9574271077563381,Hilton,3,0.5,False,True,False,False,True,False,False,False,1194.08,34.8,5,4,3,4.05,779.4965388462821,2,2148.849979887109,False,116.81333333333333
893,510078,1987-05-16,36.0,F,True,False,usa,grand rapids,GRR,42.881,-85.523,2023-01-04,205,10,41.6,0.4,880.3,1.4285714285714286,13.0,20.0,10.0,1.0,3,3,1.0,1,0.3333333333333333,3,3,1.0,141.5,3.210264786586926,0.0,0.0,0.0,283.0,1,0.3333333333333333,1.0,0.0,0.3333333333333333,0.5773502691896257,Alaska Airlines,3,0.3333333333333333,GRR-DCA,3,0.3333333333333333,848.6247749754923,90.87921430603886,0.0,3,257.0,199.404112294606,1,0.3333333333333333,0.0,0.0,0.0,514.0,2.3333333333333335,0.5773502691896257,1.0,0.0,Radisson,3,0.3333333333333333,False,False,False,False,True,False,False,True,797.0,0.0,5,3,2,3.45,693.7097921529399,1,1912.3603487985463,False,141.5
900,510108,1972-01-06,51.0,F,True,False,usa,colorado springs,COS,38.806,-104.7,2023-01-04,205,9,30.11111111111111,0.4444444444444444,282.1111111111111,1.8,63.0,63.0,89.33333333333333,1.0,3,2,0.6666666666666666,1,0.3333333333333333,3,3,1.0,328.32,47.432722881993605,0.0,0.0,0.0,656.64,1,0.3333333333333333,1.25,0.5773502691896257,1.0,0.0,United Airlines,3,0.3333333333333333,COS-UGN,3,0.3333333333333333,1541.6179185875835,638.422633096286,0.0,2,181.0,0.0,1,0.5,0.0,0.0,0.0,181.0,10.0,2.8284271247461903,1.0,0.0,Hyatt,2,0.5,False,False,False,False,True,False,False,True,837.64,0.0,2,3,2,2.25,729.0828987440257,1,2009.8739304486999,False,262.656
908,510170,1997-03-10,26.0,F,False,False,canada,ottawa,YOW,45.323,-75.669,2023-01-04,205,8,16.25,0.375,120.875,2.0,96.0,161.0,6.333333333333333,0.0,3,3,1.0,0,0.0,3,3,1.0,310.8566666666667,207.109680443318,0.0,0.0,0.0,932.57,0,0.0,1.3333333333333333,0.5773502691896257,0.6666666666666666,0.5773502691896257,Delta Air Lines,3,0.3333333333333333,YOW-IND,3,0.3333333333333333,1496.9589859621883,1225.1008546447708,0.0,3,178.0,128.689548915209,1,0.3333333333333333,0.05,7.7,7.7,526.3,5.0,3.605551275463989,1.3333333333333333,0.5773502691896257,Hyatt,3,0.3333333333333333,False,True,False,False,True,False,False,False,1458.87,7.7,1,3,3,2.1999999999999997,1269.8022640880292,3,3500.4832397135942,True,233.1425
912,510188,1988-10-04,34.0,F,False,False,usa,san antonio,SAT,29.534,-98.47,2023-01-04,205,11,55.81818181818182,0.7272727272727273,1459.5454545454545,2.2,75.0,86.0,44.333333333333336,110.0,6,3,0.5,2,0.3333333333333333,4,4,1.0,389.5233333333333,75.9707419559223,0.0,0.0,0.0,1168.57,1,0.25,1.4,0.5,0.75,0.5,Qantas,3,0.25,SAT-AKL,4,0.25,2200.269355573102,4747.614175198834,0.0,5,225.33333333333334,133.721102797327,2,0.4,0.0,0.0,0.0,676.0,5.6,5.366563145999495,1.0,0.0,Accor,4,0.4,False,False,False,False,True,False,False,True,1844.57,0.0,1,5,4,3.05,802.7580121151495,2,2212.9752375052285,False,278.2309523809524
913,510195,1970-02-09,53.0,M,True,False,usa,houston,IAH,29.98,-95.34,2023-01-04,205,8,16.75,0.5,125.0,1.3333333333333333,33.0,33.0,6.75,0.0,4,3,0.75,0,0.0,3,3,1.0,304.92,87.76987182399209,0.25,51.06,51.06,863.7,1,0.3333333333333333,1.0,0.0,0.6666666666666666,0.5773502691896257,Ryanair,2,0.6666666666666666,IAH-BNA,3,0.3333333333333333,1747.3318709220766,598.0804890671321,0.0,4,234.0,288.170088662928,0,0.0,0.0,0.0,0.0,936.0,5.25,2.753785273643051,1.0,0.0,Accor,4,0.25,False,True,False,False,False,False,False,True,1799.7,51.06,3,4,4,3.6,1174.8458402800934,3,3238.7154200747273,False,304.92
916,510215,1994-09-24,28.0,F,True,False,usa,mobile,MOB,30.691,-88.243,2023-01-04,205,9,21.11111111111111,0.3333333333333333,156.88888888888889,1.2857142857142858,13.0,13.0,6.333333333333333,0.0,3,1,0.3333333333333333,0,0.0,1,1,1.0,256.62,0.0,0.0,0.0,0.0,256.62,0,0.0,1.0,0.0,1.0,0.0,WestJet,1,1.0,MOB-YHM,1,1.0,1570.187740096513,0.0,0.0,3,86.0,12.12435565298214,1,0.3333333333333333,0.15,10.8,10.8,247.2,9.0,4.58257569495584,1.0,0.0,Extended Stay,3,0.3333333333333333,False,True,False,True,True,False,False,False,503.82,10.8,5,3,1,3.1,438.52555518506165,1,1208.8900764512966,False,256.62
925,510315,1980-05-23,43.0,F,False,False,usa,norfolk,NGU,36.938,-76.289,2023-01-04,205,8,28.375,0.25,209.25,2.0,101.0,140.0,8.5,0.0,2,1,0.5,0,0.0,2,2,1.0,82.35,0.09899494936611665,0.15,12.342,12.342,152.358,1,0.5,1.0,0.0,1.5,0.7071067811865476,Finnair,2,0.5,NGU-JFK,1,1.0,465.5378348148046,0.0,0.0,1,231.0,0.0,0,0.0,0.0,0.0,0.0,231.0,1.0,0.0,1.0,0.0,Best Western,1,1.0,False,True,False,False,False,False,True,True,383.358,12.342,1,2,1,1.25,500.5129206402134,1,1379.771590830702,True,82.35
927,510326,1981-12-18,41.0,M,False,False,canada,quebec,YQB,46.788,-71.398,2023-01-04,205,8,26.25,0.75,195.0,1.1428571428571428,7.0,7.0,8.333333333333334,0.0,6,6,1.0,0,0.0,6,5,0.8333333333333334,277.7783333333333,255.46832002553,0.2,114.394,114.394,1552.276,1,0.16666666666666666,1.3333333333333333,0.816496580927726,1.5,1.0488088481701514,American Airlines,4,0.5,YQB-JFK,6,0.16666666666666666,1542.3237188616604,1473.514293676024,0.0,6,191.33333333333334,89.60059523611808,2,0.3333333333333333,0.1,27.35,54.7,1093.3,3.8333333333333335,3.430257521916783,1.3333333333333333,0.816496580927726,Banyan Tree,5,0.3333333333333333,False,True,False,False,False,False,False,False,2645.576,169.094,5,5,5,5.0,1151.3563218850727,3,3173.961506984355,False,208.33374999999998
928,510328,1987-06-28,36.0,F,False,False,usa,detroit,DET,42.409,-83.01,2023-01-04,205,8,21.75,0.625,162.0,1.6,71.0,121.0,7.4,0.0,5,4,0.8,0,0.0,5,5,1.0,235.876,136.963178372875,0.0,0.0,0.0,1179.38,0,0.0,1.0,0.0,0.2,0.4472135954999579,Air Canada,5,0.2,DET-YQB,4,0.4,1319.2275369290858,800.8649082585187,0.0,4,161.25,115.184996129415,1,0.25,0.15,7.8,7.8,637.2,2.5,1.7320508075688772,1.0,0.0,Aman Resorts,4,0.25,False,True,False,False,True,False,False,False,1816.58,7.8,1,5,4,3.05,948.6920960320106,2,2615.273949124564,True,235.876
929,510343,1985-05-22,38.0,F,True,True,usa,oklahoma city,OKC,35.393,-97.601,2023-01-04,205,9,26.333333333333332,0.6666666666666666,369.3703057777778,1.2857142857142858,19.0,21.0,8.2,5.0,5,5,1.0,1,0.2,5,5,1.0,303.3375,278.673427674162,0.05,32.8755,32.8755,1180.4745,2,0.4,1.1666666666666667,0.4472135954999579,0.6,0.5477225575051661,Delta Air Lines,3,0.4,OKC-LAX,5,0.2,1330.7454040696007,907.0526297216485,0.0,5,180.25,172.339538895364,2,0.4,0.2,29.4,29.4,691.6,2.8,1.0954451150103321,1.2,0.4472135954999579,Best Western,5,0.2,False,False,False,False,False,False,False,False,1872.0745,62.2755,4,5,4,4.25,977.6735851617206,2,2695.1676615785673,False,260.0035714285714
932,510369,1974-10-17,48.0,F,False,False,usa,bakersfield,BFL,35.433,-119.057,2023-01-04,205,8,18.625,0.375,138.0,2.0,94.0,129.0,7.0,0.0,3,3,1.0,0,0.0,3,3,1.0,473.36333333333334,279.960367611798,0.05,20.4315,20.4315,1399.6585,1,0.3333333333333333,1.0,0.0,0.0,0.0,United Airlines,2,0.6666666666666666,BFL-BFI,3,0.3333333333333333,2605.092136682481,1394.186921094708,0.0,3,107.0,63.52952069707436,0,0.0,0.0,0.0,0.0,321.0,5.0,2.6457513110645907,1.0,0.0,Fairmont,2,0.6666666666666666,False,True,False,False,False,False,False,True,1720.6585,20.4315,1,3,4,2.55,1497.6633003779036,4,4128.6312286363645,True,473.36333333333334
937,510449,1971-09-16,51.0,F,False,True,usa,charlotte,CLT,35.214,-80.943,2023-01-04,205,9,25.22222222222222,0.4444444444444444,186.55555555555554,1.5,35.0,83.0,9.5,0.0,4,3,0.75,0,0.0,4,4,1.0,172.9875,74.16070584660496,0.125,28.05975,56.1195,635.8305,2,0.5,1.0,0.0,0.75,0.5,AirTran Airways,4,0.25,CLT-BWI,4,0.25,977.4922364461837,378.29805233165416,0.0,3,124.66666666666667,93.0017920974286,0,0.0,0.0,0.0,0.0,374.0,1.6666666666666667,0.5773502691896257,1.0,0.0,Choice Hotels,3,0.3333333333333333,False,True,False,False,False,False,False,True,1009.8305,56.1195,3,4,2,2.9000000000000004,659.218293222741,1,1817.2771084134977,False,172.9875
942,510511,1975-12-03,47.0,F,True,False,usa,stockton,SCK,37.894,-121.239,2023-01-04,205,8,18.625,0.25,138.625,1.3333333333333333,53.0,53.0,7.5,0.0,2,1,0.5,0,0.0,1,1,1.0,309.71,0.0,0.0,0.0,0.0,309.71,0,0.0,1.0,0.0,0.0,0.0,American Airlines,1,1.0,SCK-YXD,1,1.0,1851.8761917395586,0.0,0.0,2,231.0,26.870057685088806,1,0.5,0.1,25.0,25.0,437.0,3.5,0.7071067811865476,1.0,0.0,Conrad,2,0.5,False,True,False,True,True,False,False,False,746.71,25.0,2,2,2,2.0,974.9059703234411,2,2687.5381356048224,False,309.71
944,510537,1976-01-19,47.0,F,True,True,usa,austin,AUS,30.194,-97.67,2023-01-04,205,10,17.0,0.5,126.2,1.4285714285714286,25.0,25.0,50.2,0.0,5,3,0.6,0,0.0,4,4,1.0,1995.0475,3191.438316124095,0.0,0.0,0.0,7980.19,0,0.0,1.5,1.0,1.25,1.2583057392117916,JetBlue Airways,4,0.25,AUS-LGA,4,0.25,4708.930420799441,4890.826144988323,0.25,4,116.5,22.218610817660647,1,0.25,0.1,10.8,10.8,455.2,6.0,1.414213562373095,1.0,0.0,Banyan Tree,4,0.25,False,True,False,False,True,False,False,False,8435.39,10.8,4,5,5,4.6,4405.304374124708,5,12144.169658207102,False,1330.0316666666665
947,510558,2000-09-28,22.0,M,False,True,usa,newark,EWR,40.692,-74.169,2023-01-04,205,9,16.22222222222222,0.3333333333333333,504.06347077777775,1.2857142857142858,16.0,46.0,116.5,194.0,2,1,0.5,1,0.5,2,1,0.5,359.89,0.0,0.2,0.0,0.0,359.89,1,0.5,1.6666666666666667,0.7071067811865476,1.5,0.7071067811865476,Blue Panorama Airlines,2,0.5,EWR-VCE,2,0.5,4091.399418755092,1838.4702957799398,0.0,1,114.0,0.0,0,0.0,0.0,0.0,0.0,114.0,2.0,0.0,1.0,0.0,InterContinental,1,1.0,False,False,False,False,True,False,True,True,473.89,0.0,4,2,1,2.45,618.7116688896299,1,1705.6118802236067,False,215.93399999999997
952,510582,1997-04-25,26.0,M,False,False,usa,phoenix,PHX,33.434,-112.008,2023-01-04,205,8,17.0,0.25,126.375,1.3333333333333333,55.0,182.0,7.0,0.0,2,1,0.5,0,0.0,1,1,1.0,33.15,0.0,0.0,0.0,0.0,33.15,0,0.0,1.0,0.0,0.0,0.0,Southwest Airlines,1,1.0,PHX-TUS,1,1.0,175.88365356830514,0.0,0.0,2,207.0,73.53910524340094,1,0.5,0.05,12.95,12.95,401.05,5.5,6.363961030678928,1.0,0.0,Conrad,2,0.5,False,True,False,True,True,False,False,False,434.2,12.95,2,2,1,1.65,566.8923307769256,1,1562.760721671886,True,33.15
958,510686,1988-02-27,35.0,F,True,False,usa,st. petersburg,PIE,27.911,-82.687,2023-01-05,204,8,20.0,0.375,148.25,1.1428571428571428,14.0,14.0,7.333333333333333,0.0,3,2,0.6666666666666666,0,0.0,2,2,1.0,578.885,410.765400259077,0.2,173.868,173.868,983.902,1,0.5,2.0,1.414213562373095,0.0,0.0,Delta Air Lines,2,0.5,PIE-LGA,2,0.5,1715.560999836307,116.9398115774788,0.0,3,276.0,97.37042672187485,0,0.0,0.0,0.0,0.0,828.0,3.0,2.6457513110645907,2.0,1.0,Accor,3,0.3333333333333333,False,True,False,False,False,False,False,True,1811.902,173.868,5,3,4,4.15,1577.0817563632322,4,4347.565295745023,False,289.4425
959,510694,1978-09-03,44.0,M,False,False,usa,anchorage,ANC,61.174,-149.996,2023-01-05,204,9,54.666666666666664,0.5555555555555556,1041.111111111111,1.8,78.0,78.0,7.25,5.0,4,4,1.0,1,0.25,4,4,1.0,636.2366666666667,253.47288934585,0.0,0.0,0.0,1908.71,1,0.25,1.0,0.0,0.5,0.5773502691896257,Southwest Airlines,3,0.5,ANC-PNE,4,0.25,3744.617643947351,1426.822617082146,0.3333333333333333,4,115.66666666666667,53.87330817142505,2,0.5,0.15,14.1,14.1,332.9,2.75,1.707825127659933,1.0,0.0,NH Hotel,4,0.25,False,False,False,False,True,False,False,False,2241.61,14.1,1,4,5,3.15,1463.3251008669556,4,4033.9705910950206,False,636.2366666666667
960,510700,1973-01-09,50.0,M,False,False,usa,newark,EWR,40.692,-74.169,2023-01-05,204,9,48.0,0.5555555555555556,991.2222222222222,1.5,51.0,51.0,7.25,4.0,4,3,0.75,1,0.25,3,2,0.6666666666666666,91.215,53.0259375211792,0.25,13.43,13.43,169.0,2,0.6666666666666666,1.0,0.0,0.6666666666666666,0.5773502691896257,American Airlines,2,0.6666666666666666,EWR-LSQ,3,0.3333333333333333,516.2920733761694,1987.0567954369274,0.0,4,216.0,66.7757440991862,1,0.25,0.0,0.0,0.0,648.0,3.75,4.272001872658765,1.25,0.5,InterContinental,4,0.25,False,False,False,False,False,False,False,True,817.0,13.43,2,4,2,2.5,533.3383627875959,1,1470.2619871095471,False,91.215
964,510754,1980-03-24,43.0,F,False,False,usa,charlotte,CLT,35.214,-80.943,2023-01-05,204,8,19.375,0.625,143.75,1.6,63.0,63.0,7.0,0.0,5,4,0.8,0,0.0,4,4,1.0,321.0775,349.858037340386,0.15,109.43,218.86,1065.45,2,0.5,1.0,0.0,0.25,0.5,Air Canada,4,0.25,CLT-BNA,4,0.25,1554.8420517691247,1478.0442926017095,0.0,5,126.4,53.984256964415096,0,0.0,0.0,0.0,0.0,632.0,2.4,1.140175425099138,1.2,0.4472135954999579,Hilton,5,0.2,False,True,False,False,False,False,False,True,1697.45,218.86,2,5,4,3.4499999999999997,886.4775558519507,2,2443.7661787212737,False,321.0775
971,510841,1986-09-19,36.0,M,False,False,canada,montreal,YMX,45.68,-74.039,2023-01-05,204,9,41.111111111111114,0.8888888888888888,873.6968974444444,1.2857142857142858,19.0,19.0,7.285714285714286,2.0,7,7,1.0,1,0.14285714285714285,7,7,1.0,419.19166666666666,134.545406077899,0.0,0.0,0.0,2515.15,1,0.14285714285714285,1.25,0.37796447300922725,0.42857142857142855,0.5345224838248488,Delta Air Lines,5,0.2857142857142857,YMX-LUF,7,0.14285714285714285,2314.368682388682,794.998511357165,0.0,7,156.16666666666666,85.01392042875489,2,0.2857142857142857,0.1,16.2,16.2,920.8,3.2857142857142856,2.2886885410853175,1.1428571428571428,0.37796447300922725,Choice Hotels,6,0.2857142857142857,False,False,False,False,True,False,False,False,3435.95,16.2,4,5,5,4.6,1281.7093531177059,3,3533.307693379296,False,335.35333333333335
972,510890,1990-09-22,32.0,F,False,False,usa,dallas,DAL,32.847,-96.852,2023-01-05,204,9,17.444444444444443,0.5555555555555556,131.11111111111111,2.25,95.0,95.0,7.4,0.0,5,2,0.4,0,0.0,4,4,1.0,313.6825,134.032320573559,0.0,0.0,0.0,1254.73,0,0.0,1.0,0.0,1.0,0.0,United Airlines,3,0.5,DAL-JFK,4,0.25,1712.8605747981983,699.1722579054256,0.0,3,117.0,65.0,1,0.3333333333333333,0.1,11.7,11.7,339.3,4.0,1.0,1.0,0.0,Banyan Tree,3,0.3333333333333333,False,True,False,False,True,False,False,False,1594.03,11.7,1,5,4,3.05,832.4674178059353,2,2294.8756086288677,True,313.6825
974,510944,1968-04-21,55.0,M,True,True,usa,chicago,UGN,42.422,-87.868,2023-01-05,204,8,18.625,0.75,140.0,1.3333333333333333,54.0,54.0,8.666666666666666,0.0,6,3,0.5,0,0.0,6,6,1.0,279.2316666666667,216.409330428858,0.1,22.485,22.485,1652.905,1,0.16666666666666666,1.3333333333333333,0.816496580927726,0.5,0.5477225575051661,Air Canada,6,0.16666666666666666,UGN-JFK,6,0.16666666666666666,1188.8006443769443,866.2183134268126,0.0,3,242.33333333333334,204.113530500389,1,0.3333333333333333,0.1,14.4,14.4,712.6,1.6666666666666667,0.5773502691896257,1.0,0.0,InterContinental,3,0.3333333333333333,False,True,False,False,False,False,False,False,2365.505,36.885,2,5,5,3.8,1029.4692483605645,2,2837.9535551346953,False,209.42375
978,510961,1977-11-24,45.0,F,True,False,usa,st. petersburg,SPG,27.765,-82.627,2023-01-05,204,7,17.285714285714285,0.42857142857142855,129.14285714285714,1.75,88.0,157.0,4.666666666666667,0.0,3,2,0.6666666666666666,0,0.0,2,1,0.5,467.24,430.472466250746,0.125,35.57575,71.1515,863.3285,2,1.0,1.0,0.0,0.5,0.7071067811865476,Alaska Airlines,2,0.5,SPG-PDX,2,0.5,2917.3102112031856,1561.1168244422702,0.0,3,141.0,48.75448697299562,0,0.0,0.0,0.0,0.0,423.0,4.666666666666667,2.8867513459481287,1.0,0.0,Accor,2,0.6666666666666666,False,True,False,False,False,False,False,True,1286.3285,71.1515,1,3,3,2.1999999999999997,1119.6219276981217,3,3086.478819234016,True,467.24
983,511093,1986-02-11,37.0,F,False,True,usa,milwaukee,MKE,42.947,-87.896,2023-01-05,204,8,16.125,0.375,121.0,1.6,84.0,122.0,6.0,0.0,3,2,0.6666666666666666,0,0.0,2,2,1.0,221.68,34.25225248067636,0.15,29.619,29.619,413.741,1,0.5,1.0,0.0,0.0,0.0,American Airlines,2,0.5,MKE-JAX,2,0.5,1299.0702339617537,270.08607474395274,0.0,3,137.0,87.10912696153027,2,0.6666666666666666,0.1,14.8,29.6,381.4,3.3333333333333335,2.516611478423583,1.0,0.0,Crowne Plaza,3,0.3333333333333333,False,True,False,False,False,False,False,False,795.141,59.219,1,3,2,1.8499999999999999,692.0917162387461,1,1907.899774283594,True,221.68
987,511140,1983-10-08,39.0,F,False,False,usa,san diego,NZY,32.699,-117.215,2023-01-05,204,8,16.375,0.375,121.5,1.3333333333333333,55.0,55.0,6.333333333333333,0.0,3,1,0.3333333333333333,0,0.0,2,2,1.0,331.345,421.188154213767,0.15,5.028,5.028,657.662,1,0.5,1.5,0.7071067811865476,0.0,0.0,American Airlines,2,0.5,NZY-AUS,2,0.5,1024.666796117438,1198.5399084896196,0.0,2,88.5,41.71930009000631,1,0.5,0.05,5.9,5.9,171.1,16.5,16.263455967290593,1.5,0.7071067811865476,Banyan Tree,2,0.5,False,True,False,False,False,False,False,False,828.762,10.928,2,3,2,2.25,721.3554764921639,1,1988.571627843137,False,220.89666666666668
992,511178,1986-06-04,37.0,F,False,False,usa,new york,LGA,40.777,-73.872,2023-01-05,204,8,21.625,0.5,161.5,1.3333333333333333,50.0,93.0,9.0,0.0,4,3,0.75,0,0.0,3,3,1.0,405.6433333333333,319.177268353079,0.2,20.574,20.574,1196.356,1,0.3333333333333333,1.0,0.0,0.6666666666666666,0.5773502691896257,Air Canada,3,0.3333333333333333,LGA-OKC,3,0.3333333333333333,2264.706284121879,1796.6187147036687,0.0,4,115.0,66.85805860178712,2,0.5,0.175,27.05,54.1,405.9,2.75,0.5,1.0,0.0,Extended Stay,4,0.25,False,True,False,False,False,False,False,False,1602.256,74.674,2,4,4,3.2,1045.9542127375792,2,2883.39790748861,True,405.6433333333333
996,511223,1978-12-13,44.0,F,True,True,canada,ottawa,YOW,45.323,-75.669,2023-01-05,204,10,43.0,0.5,891.1,2.0,79.0,128.0,5.75,5.0,4,3,0.75,1,0.25,4,4,1.0,304.9,370.552099305887,0.0,0.0,0.0,914.7,1,0.25,1.4,0.5,1.0,0.816496580927726,American Airlines,3,0.5,YOW-JFK,3,0.5,1635.7339142503108,1708.9393186953316,0.0,3,125.5,88.38834764831844,2,0.6666666666666666,0.15,28.2,28.2,222.8,7.333333333333333,6.110100926607787,1.3333333333333333,0.5773502691896257,NH Hotel,3,0.3333333333333333,False,False,False,False,True,False,False,False,1137.5,28.2,1,4,3,2.4499999999999997,742.5610620206735,1,2047.0293884175148,True,217.78571428571428
999,511298,1989-08-21,33.0,F,False,False,usa,new york,JFK,40.64,-73.779,2023-01-05,204,8,22.0,0.5,162.625,1.1428571428571428,7.0,45.0,7.75,0.0,4,3,0.75,0,0.0,3,3,1.0,265.7033333333333,127.516201846406,0.0,0.0,0.0,797.11,0,0.0,1.0,0.0,1.0,1.0,Air France,3,0.3333333333333333,JFK-FTW,3,0.3333333333333333,1545.4805670911512,623.6217274503206,0.0,4,129.5,64.23135267660697,1,0.25,0.1,7.2,7.2,510.8,4.75,2.8722813232690143,1.0,0.0,Banyan Tree,4,0.25,False,True,False,False,True,False,False,False,1307.91,7.2,5,4,3,4.05,853.804869123041,2,2353.696885630903,False,265.7033333333333
1001,511326,1982-08-27,40.0,F,True,False,usa,seattle,BFI,47.53,-122.302,2023-01-05,204,8,16.375,0.375,121.0,1.1428571428571428,26.0,106.0,8.666666666666666,0.0,3,3,1.0,0,0.0,3,3,1.0,466.1433333333333,198.963465071689,0.35,168.546,168.546,1229.884,1,0.3333333333333333,1.0,0.0,0.6666666666666666,0.5773502691896257,American Airlines,3,0.3333333333333333,BFI-LGA,3,0.3333333333333333,2737.4410243004563,1170.3330081289466,0.0,3,122.33333333333333,82.98393418809049,0,0.0,0.0,0.0,0.0,367.0,3.6666666666666665,0.5773502691896257,1.0,0.0,Choice Hotels,3,0.3333333333333333,False,True,False,False,False,False,False,True,1596.884,168.546,4,3,4,3.75,1389.9298214960543,4,3831.640706688604,True,466.1433333333333
1019,511535,1972-05-22,51.0,F,True,True,usa,chicago,ORD,41.979,-87.904,2023-01-05,204,8,19.375,0.375,143.5,1.1428571428571428,8.0,8.0,4.666666666666667,0.0,3,2,0.6666666666666666,0,0.0,3,3,1.0,348.48333333333335,175.301179783062,0.05,13.8705,13.8705,1031.5795,1,0.3333333333333333,1.0,0.0,0.6666666666666666,0.5773502691896257,Air France,3,0.3333333333333333,ORD-IAH,3,0.3333333333333333,1827.264140580515,835.1381882107429,0.0,2,162.0,120.20815280171308,1,0.5,0.1,24.7,24.7,299.3,4.0,2.8284271247461903,1.0,0.0,Four Seasons,2,0.5,False,True,False,False,False,False,False,False,1330.8795,38.5705,5,3,3,3.8,1158.3991735578527,3,3193.376643448977,False,348.48333333333335
1022,511552,2005-08-21,17.0,M,False,True,usa,minneapolis,MSP,44.88,-93.217,2023-01-05,204,8,19.375,0.25,345.527509125,2.6666666666666665,132.0,145.0,196.0,183.0,1,0,0.0,1,1.0,1,1,1.0,0.0,0.0,0.15,0.0,0.0,0.0,1,1.0,2.0,0.0,1.0,0.0,AirTran Airways,1,1.0,MSP-BWI,1,1.0,0.0,0.0,0.0,0,0.0,0.0,0,0.0,0.0,0.0,0.0,0.0,0.0,0.0,0.0,0.0,MISSING,0,0.0,False,False,True,True,True,True,False,True,0.0,0.0,1,1,0,0.65,0.0,1,0.0,True,0.0
1029,511578,1972-05-15,51.0,F,True,True,usa,wichita,ICT,37.65,-97.433,2023-01-05,204,8,19.625,0.625,146.0,1.1428571428571428,19.0,77.0,5.6,0.0,5,5,1.0,0,0.0,5,5,1.0,354.3,286.050750479701,0.05,27.44475,54.8895,1716.6105,2,0.4,1.4,0.8944271909999159,1.2,0.4472135954999579,United Airlines,4,0.4,ICT-EFD,5,0.2,1393.1057860715714,442.0696951847904,0.0,5,140.4,72.11657229791221,0,0.0,0.0,0.0,0.0,702.0,4.6,2.701851217221259,1.4,0.8944271909999159,Fairmont,4,0.4,False,True,False,False,False,False,False,True,2418.6105,54.8895,4,5,5,4.6,1263.0969540180058,3,3481.998609325841,False,253.07142857142858
1037,511666,1973-08-25,49.0,F,True,False,usa,milwaukee,MKE,42.947,-87.896,2023-01-05,204,8,18.75,0.375,139.875,2.0,101.0,129.0,5.0,0.0,3,2,0.6666666666666666,0,0.0,2,2,1.0,199.975,12.296586924834061,0.0,0.0,0.0,399.95,0,0.0,1.0,0.0,1.0,0.0,JetBlue Airways,1,1.0,MKE-CLT,2,0.5,1122.1476020605642,105.22806364967617,0.0,3,155.0,67.80117993073571,1,0.3333333333333333,0.1,22.8,22.8,442.2,5.666666666666667,4.163331998932265,1.0,0.0,Aman Resorts,3,0.3333333333333333,False,True,False,False,True,False,False,False,842.15,22.8,1,3,2,1.8499999999999999,733.0084083583416,1,2020.6954425855652,True,199.975
1038,511677,1971-06-02,52.0,F,False,False,usa,memphis,MEM,35.042,-89.977,2023-01-05,204,8,45.375,0.625,1100.5,1.6,86.0,86.0,6.25,3.0,4,4,1.0,1,0.25,4,4,1.0,487.8933333333333,253.796156261937,0.0,0.0,0.0,1463.68,1,0.25,1.4,1.0,0.5,1.0,Southwest Airlines,4,0.25,MEM-SFO,4,0.25,1742.9444401999206,841.5893112746331,0.0,4,172.33333333333334,84.09716602438714,2,0.5,0.1,17.7,17.7,499.3,3.5,1.9148542155126762,1.5,1.0,Accor,4,0.25,False,False,False,False,True,False,False,False,1962.98,17.7,1,4,4,2.8,1281.4351767255753,3,3532.551867143573,False,348.4952380952381
1049,511783,1976-04-16,47.0,F,True,False,usa,riverside,RAL,33.952,-117.445,2023-01-05,204,8,17.625,0.5,130.75,1.6,64.0,144.0,7.25,0.0,4,3,0.75,0,0.0,4,4,1.0,135.73,183.344706677522,0.0,0.0,0.0,542.92,0,0.0,1.0,0.0,0.25,0.5,American Airlines,4,0.25,RAL-HOU,4,0.25,714.1647673778897,976.3274429584555,0.0,3,128.0,91.804139340228,1,0.3333333333333333,0.1,7.6,7.6,376.4,2.6666666666666665,1.5275252316519468,1.0,0.0,Accor,3,0.3333333333333333,False,True,False,False,True,False,False,False,919.32,7.6,1,4,2,2.0999999999999996,600.132954318106,1,1654.3956548219692,True,135.73
1050,511784,1988-07-09,35.0,F,False,False,usa,bakersfield,BFL,35.433,-119.057,2023-01-05,204,9,21.77777777777778,0.2222222222222222,611.9451931111112,1.5,34.0,94.0,225.0,165.0,1,1,1.0,1,1.0,1,1,1.0,0.0,0.0,0.15,0.0,0.0,0.0,1,1.0,2.0,0.0,2.0,0.0,Ibex Airlines,1,1.0,BFL-ITM,1,1.0,0.0,0.0,0.0,1,0.0,0.0,1,1.0,0.0,0.0,0.0,0.0,11.0,0.0,1.0,0.0,Hyatt,1,1.0,False,False,True,True,True,True,True,True,0.0,0.0,3,1,0,1.4500000000000002,0.0,1,0.0,True,0.0
1055,511811,1988-02-15,35.0,F,False,False,usa,dallas,DAL,32.847,-96.852,2023-01-05,204,8,22.125,0.375,165.125,1.3333333333333333,52.0,52.0,7.666666666666667,0.0,3,2,0.6666666666666666,0,0.0,3,3,1.0,430.95,383.691365031844,0.0,0.0,0.0,1292.85,0,0.0,1.3333333333333333,0.5773502691896257,0.3333333333333333,0.5773502691896257,JetBlue Airways,2,0.6666666666666666,DAL-AUS,3,0.3333333333333333,1675.0274986743334,1194.4113244792682,0.0,2,113.0,14.142135623730951,1,0.5,0.15,18.45,18.45,207.55,2.0,1.414213562373095,1.5,0.7071067811865476,Banyan Tree,2,0.5,False,True,False,False,True,False,False,False,1500.4,18.45,2,3,3,2.5999999999999996,1305.9500277870402,3,3600.1323304107136,False,323.21250000000003
1057,511827,1948-09-20,74.0,M,True,False,usa,columbus,LCK,39.814,-82.928,2023-01-05,204,8,34.25,0.375,969.0,1.3333333333333333,43.0,140.0,107.0,100.0,2,0,0.0,1,0.5,1,1,1.0,0.0,0.0,0.0,0.0,0.0,0.0,1,1.0,2.0,0.0,1.0,0.0,Delta Air Lines,1,1.0,LCK-LGA,1,1.0,0.0,0.0,0.0,1,295.0,0.0,0,0.0,0.0,0.0,0.0,295.0,8.0,0.0,1.0,0.0,InterContinental,1,1.0,False,False,True,True,True,False,True,True,295.0,0.0,2,2,1,1.65,385.15255085028343,1,1061.75590256381,True,0.0
1061,511862,1983-01-18,40.0,F,False,False,canada,montreal,YUL,45.468,-73.741,2023-01-05,204,8,16.25,0.5,121.25,1.1428571428571428,26.0,26.0,6.75,0.0,4,4,1.0,0,0.0,4,3,0.75,392.4025,108.402202429963,0.0,0.0,0.0,1569.61,0,0.0,1.25,0.5,0.75,0.9574271077563381,American Airlines,2,0.5,YUL-NIP,4,0.25,2433.4252445046486,1205.5458017128226,0.0,4,101.75,32.00390601161052,1,0.25,0.15,21.75,21.75,385.25,2.75,0.9574271077563381,1.25,0.5,Conrad,4,0.25,False,True,False,False,True,False,False,False,1954.86,21.75,4,4,4,4.0,1276.1344331443813,3,3517.9392265862534,False,313.92199999999997
1070,511977,1981-06-23,42.0,F,True,False,usa,fresno,FAT,36.776,-119.718,2023-01-05,204,8,37.0,0.375,989.25,1.3333333333333333,51.0,151.0,101.0,96.0,2,1,0.5,1,0.5,2,2,1.0,255.76,0.0,0.0,0.0,0.0,255.76,1,0.5,1.0,0.0,0.5,0.7071067811865476,Turkish Airlines,2,0.5,FAT-IST,2,0.5,1657.0240673426283,6461.272104063488,0.0,1,150.0,0.0,0,0.0,0.0,0.0,0.0,150.0,2.0,0.0,1.0,0.0,Banyan Tree,1,1.0,False,False,False,False,True,False,True,True,405.76,0.0,2,2,1,1.65,529.7610136712237,1,1460.4002543196325,True,255.76
1083,512099,1988-11-10,34.0,F,False,False,usa,fresno,FAT,36.776,-119.718,2023-01-05,204,9,18.0,0.4444444444444444,134.22222222222223,1.5,34.0,83.0,10.5,0.0,4,3,0.75,0,0.0,4,4,1.0,512.8,313.831932197262,0.15,112.278,112.278,1938.922,1,0.25,1.0,0.0,1.25,1.2583057392117916,American Airlines,4,0.25,FAT-BNA,4,0.25,2768.0418253647986,1682.6564697674703,0.0,3,105.33333333333333,30.924639582917266,2,0.6666666666666666,0.22499999999999995,29.049999999999994,58.09999999999999,257.90000000000003,5.0,2.6457513110645907,1.0,0.0,Crowne Plaza,3,0.3333333333333333,False,True,False,False,False,False,False,False,2196.822,170.378,3,4,5,3.95,1434.0874526508837,4,3953.3707209864992,False,512.8
1084,512103,1983-09-20,39.0,F,True,True,usa,st. louis,STL,38.748,-90.36,2023-01-05,204,8,25.125,0.5,292.40894825,1.3333333333333333,36.0,137.0,72.0,96.0,3,2,0.6666666666666666,1,0.3333333333333333,3,3,1.0,119.815,71.11372898393108,0.1,0.0,0.0,239.63,1,0.3333333333333333,2.0,1.1547005383792515,1.0,1.0,Transavia Holland,3,0.3333333333333333,STL-AMS,3,0.3333333333333333,641.3410475051794,3687.2208712190863,0.0,2,198.5,132.228968081884,0,0.0,0.0,0.0,0.0,397.0,1.5,0.7071067811865476,1.0,0.0,Crowne Plaza,2,0.5,False,False,False,False,True,False,False,True,636.63,0.0,3,3,2,2.6500000000000004,554.1235445148383,1,1527.5608141224823,True,59.9075
1086,512147,1979-04-24,44.0,M,False,False,canada,calgary,YYC,51.114,-114.02,2023-01-05,204,9,41.22222222222222,0.4444444444444444,943.5555555555555,1.5,48.0,113.0,4.666666666666667,0.0,3,1,0.3333333333333333,1,0.3333333333333333,1,1,1.0,0.0,0.0,0.0,0.0,0.0,0.0,1,1.0,3.0,0.0,1.0,0.0,American Airlines,1,1.0,YYC-UGN,1,1.0,0.0,0.0,0.0,3,116.0,55.154328932550705,1,0.3333333333333333,0.0,0.0,0.0,232.0,4.666666666666667,2.0816659994661326,2.0,1.0,Aman Resorts,3,0.3333333333333333,False,False,True,True,True,False,False,True,232.0,0.0,2,3,1,1.9,201.93308880738022,1,556.6720212311952,True,0.0
1094,512204,1969-02-15,54.0,F,False,False,usa,jacksonville,NZC,30.219,-81.876,2023-01-05,204,8,21.875,0.5,161.875,1.3333333333333333,54.0,54.0,9.5,0.0,4,4,1.0,0,0.0,4,4,1.0,344.1075,257.010308013122,0.1,24.718,24.718,1351.712,1,0.25,1.0,0.0,0.5,0.5773502691896257,All Nippon Airways,4,0.25,NZC-JFK,4,0.25,1933.1945942132875,1423.6478172571751,0.0,4,193.0,87.50238091998793,1,0.25,0.1,26.5,26.5,745.5,2.75,3.5,1.0,0.0,Accor,4,0.25,False,True,False,False,False,False,False,False,2097.212,51.218,2,4,4,3.2,1369.06195165055,4,3774.113932080768,False,344.1075
1103,512301,1981-03-27,42.0,F,False,False,usa,columbus,LCK,39.814,-82.928,2023-01-05,204,8,16.25,0.625,120.625,1.3333333333333333,44.0,44.0,6.6,0.0,5,2,0.4,0,0.0,4,4,1.0,298.5025,230.487265646066,0.0,0.0,0.0,1194.01,0,0.0,1.0,0.0,1.25,0.5,United Airlines,3,0.5,LCK-DTW,4,0.25,1745.3813244169942,1421.0536504260406,0.0,3,142.33333333333334,42.5715084690845,1,0.3333333333333333,0.1,11.2,11.2,415.8,3.0,1.0,1.0,0.0,Accor,3,0.3333333333333333,False,True,False,False,True,False,False,False,1609.81,11.2,2,5,4,3.4499999999999997,840.7083767922641,2,2317.5935857711825,False,298.5025
1108,512329,1987-09-12,35.0,F,True,False,canada,hamilton,YHM,43.173,-79.935,2023-01-05,204,8,17.75,0.75,130.625,1.3333333333333333,47.0,47.0,8.166666666666666,0.0,6,6,1.0,0,0.0,6,6,1.0,167.775,116.029259887323,0.175,54.1385,108.277,898.373,2,0.3333333333333333,1.0,0.0,0.0,0.0,Delta Air Lines,5,0.3333333333333333,YHM-LGA,5,0.3333333333333333,926.8045999026026,603.5396562470173,0.0,6,160.16666666666666,100.90077634323072,1,0.16666666666666666,0.1,10.6,10.6,950.4,2.5,0.8366600265340756,1.0,0.0,Crowne Plaza,5,0.3333333333333333,False,True,False,False,False,False,False,False,1848.773,118.877,2,5,4,3.4499999999999997,804.5871603312214,2,2218.0176782492686,False,167.775
1110,512377,1983-11-26,39.0,F,False,True,usa,new york,LGA,40.777,-73.872,2023-01-05,204,9,26.444444444444443,0.3333333333333333,492.9041212222222,2.25,106.0,124.0,7.0,5.0,2,2,1.0,1,0.5,2,2,1.0,202.92,0.0,0.0,0.0,0.0,202.92,1,0.5,1.0,0.0,1.0,0.0,American Airlines,2,0.5,LGA-DCA,2,0.5,1163.9512039219505,579.2498789617257,0.0,2,131.0,0.0,1,0.5,0.0,0.0,0.0,131.0,6.0,0.0,1.0,0.0,Marriott,2,0.5,False,False,False,False,True,False,False,True,333.92,0.0,1,2,1,1.25,435.9665755251751,1,1201.8356982512116,True,202.92
1126,512558,1968-04-23,55.0,M,True,False,usa,houston,IAH,29.98,-95.34,2023-01-05,204,8,45.5,0.625,688.85333,1.3333333333333333,28.0,55.0,6.75,6.0,4,4,1.0,1,0.25,4,2,0.5,527.78,330.538679582284,0.0,0.0,0.0,1583.34,1,0.25,1.6,0.9574271077563381,0.5,0.5773502691896257,American Airlines,4,0.25,IAH-LOU,4,0.25,2351.1699030645473,772.9791265018362,0.0,4,205.33333333333334,71.62634524623837,1,0.25,0.05,0.0,0.0,616.0,1.75,0.5,1.75,0.9574271077563381,Crowne Plaza,3,0.5,False,False,False,False,True,False,False,True,2199.34,0.0,3,4,5,3.95,1435.7312054018007,4,3957.9020792282886,False,329.86249999999995
1134,512631,1969-05-06,54.0,F,False,False,canada,montreal,YUL,45.468,-73.741,2023-01-05,204,8,19.625,0.375,147.5,1.6,66.0,168.0,7.333333333333333,0.0,3,3,1.0,0,0.0,3,1,0.3333333333333333,394.87666666666667,349.703898224388,0.0,0.0,0.0,1184.63,0,0.0,1.6666666666666667,1.1547005383792515,0.6666666666666666,0.5773502691896257,Alitalia,3,0.3333333333333333,YUL-BNA,3,0.3333333333333333,1964.102919175919,1065.2889812410226,0.0,3,122.33333333333333,44.73626418615365,3,1.0,0.21666666666666667,20.683333333333334,62.05,304.95,1.6666666666666667,0.5773502691896257,1.6666666666666667,1.1547005383792515,Hilton,3,0.3333333333333333,False,True,False,False,True,False,False,False,1489.58,62.05,1,3,3,2.1999999999999997,1296.5322863176614,3,3574.170299075706,True,236.926
1135,512655,1980-06-25,43.0,F,False,False,usa,nashville,BNA,36.124,-86.678,2023-01-05,204,9,30.444444444444443,0.4444444444444444,225.44444444444446,1.5,34.0,34.0,7.25,0.0,4,3,0.75,0,0.0,4,4,1.0,332.88,442.29640348225,0.3,298.092,298.092,1033.428,1,0.25,1.25,0.5,0.25,0.5,Alitalia,4,0.25,BNA-DCA,4,0.25,1183.3124170103815,1154.811184626905,0.0,3,155.33333333333334,58.943475748663936,1,0.3333333333333333,0.15,15.15,15.15,450.85,2.3333333333333335,1.5275252316519468,1.3333333333333333,0.5773502691896257,Radisson,2,0.6666666666666666,False,True,False,False,False,False,False,False,1484.278,313.242,3,4,3,3.25,968.9380641880626,2,2671.0863178739096,False,266.304
1147,512787,1972-04-19,51.0,F,False,False,usa,new york,LGA,40.777,-73.872,2023-01-06,203,8,21.25,0.5,158.75,1.3333333333333333,29.0,63.0,11.25,0.0,4,4,1.0,0,0.0,4,3,0.75,443.93,211.053222197625,0.05,35.8675,35.8675,1739.8525,1,0.25,1.5,1.0,0.25,0.5,AeroMéxico,4,0.25,LGA-ELP,4,0.25,2564.58165024186,1514.7761625260862,0.0,4,108.75,107.61157000992,1,0.25,0.15,40.5,40.5,394.5,3.25,1.2583057392117916,1.5,1.0,Choice Hotels,4,0.25,False,True,False,False,False,False,False,False,2134.3525,76.3675,3,4,4,3.6,1393.3073047265755,4,3840.95146614716,False,295.9533333333333
1153,512846,1986-06-02,37.0,F,True,True,canada,montreal,YUL,45.468,-73.741,2023-01-06,203,8,24.5,0.5,179.875,2.6666666666666665,122.0,155.0,7.5,0.0,4,3,0.75,0,0.0,4,4,1.0,360.07,213.013581257158,0.0,0.0,0.0,1440.28,0,0.0,1.0,0.0,0.0,0.0,Allegiant Air,4,0.25,YUL-FTW,4,0.25,2191.10669125351,1430.6304212882135,0.0,3,144.66666666666666,102.86560811725819,1,0.3333333333333333,0.05,3.5,3.5,430.5,2.6666666666666665,2.0816659994661326,1.0,0.0,Crowne Plaza,3,0.3333333333333333,False,True,False,False,True,False,False,False,1870.78,3.5,1,4,4,2.8,1221.2469306435478,3,3366.630012539533,True,360.07
1154,512848,1988-06-04,35.0,F,False,False,usa,houston,EFD,29.607,-95.159,2023-01-06,203,8,16.0,0.375,120.25,1.3333333333333333,56.0,56.0,4.666666666666667,0.0,3,2,0.6666666666666666,0,0.0,2,2,1.0,261.09,255.36454295771,0.0,0.0,0.0,522.18,0,0.0,1.0,0.0,0.0,0.0,American Airlines,2,0.5,EFD-FTW,2,0.5,1329.4311297729505,1294.4257433957887,0.0,3,107.0,11.135528725660043,1,0.3333333333333333,0.1,10.5,10.5,310.5,2.3333333333333335,1.5275252316519468,1.0,0.0,Crowne Plaza,3,0.3333333333333333,False,True,False,False,True,False,False,False,832.68,10.5,2,3,2,2.25,724.7657085695232,1,1997.9726665465162,False,261.09
1160,512922,1990-01-14,33.0,F,False,True,usa,tucson,TUS,32.116,-110.941,2023-01-06,203,8,18.125,0.25,135.625,1.6,64.0,145.0,8.5,0.0,2,1,0.5,0,0.0,2,2,1.0,339.64,158.222213358302,0.0,0.0,0.0,679.28,0,0.0,1.0,0.0,1.0,0.0,Delta Air Lines,2,0.5,TUS-BNA,2,0.5,1797.1666837745504,670.4806611757247,0.0,1,195.0,0.0,1,1.0,0.3,58.5,58.5,136.5,1.0,0.0,1.0,0.0,Fairmont,1,1.0,False,True,False,False,True,False,True,False,815.78,58.5,1,2,2,1.6,1065.083891297099,3,2936.132983706796,True,339.64
1161,512928,2006-01-22,17.0,F,False,False,usa,los angeles,LAX,33.942,-118.408,2023-01-06,203,8,46.75,0.25,1061.5,1.1428571428571428,23.0,129.0,197.0,91.0,1,1,1.0,1,1.0,1,1,1.0,0.0,0.0,0.1,0.0,0.0,0.0,1,1.0,2.0,0.0,1.0,0.0,Aeroflot Russian Airlines,1,1.0,LAX-SVO,1,1.0,0.0,0.0,0.0,1,0.0,0.0,1,1.0,0.0,0.0,0.0,0.0,15.0,0.0,1.0,0.0,Radisson,1,1.0,False,False,True,True,True,True,True,True,0.0,0.0,4,1,0,1.85,0.0,1,0.0,True,0.0
1164,512974,2006-12-11,16.0,F,False,False,canada,toronto,YKZ,43.862,-79.37,2023-01-06,203,9,17.666666666666668,0.3333333333333333,131.88888888888889,1.5,35.0,35.0,60.666666666666664,0.0,3,0,0.0,0,0.0,1,0,0.0,881.34,0.0,0.0,0.0,0.0,881.34,0,0.0,1.0,0.0,0.0,0.0,World Scale Airlines,1,1.0,YKZ-LOS,1,1.0,8916.019613663613,0.0,1.0,2,142.5,26.16295090390226,1,0.5,0.1,16.1,16.1,268.9,6.0,5.656854249492381,1.0,0.0,Banyan Tree,2,0.5,False,True,False,True,True,False,False,False,1150.24,16.1,3,3,3,3.0,1001.1703278870735,2,2759.9414900903885,False,881.34
1170,513006,1966-01-27,57.0,F,True,False,usa,st. petersburg,SPG,27.765,-82.627,2023-01-06,203,10,19.9,0.2,148.1,1.4285714285714286,20.0,130.0,6.5,0.0,2,2,1.0,0,0.0,2,2,1.0,664.385,43.536564517655734,0.0,0.0,0.0,1328.77,0,0.0,1.5,0.7071067811865476,1.0,0.0,American Airlines,2,0.5,SPG-JFK,2,0.5,2667.962340005966,1447.2982286227677,0.0,2,113.5,88.38834764831844,1,0.5,0.05,8.8,8.8,218.2,5.0,1.414213562373095,1.5,0.7071067811865476,Hilton,2,0.5,False,True,False,False,True,False,False,False,1546.97,8.8,4,2,4,3.5,2019.7269206402134,5,5567.811961319109,True,442.92333333333335
1171,513026,1983-03-27,40.0,F,True,False,usa,chicago,MDW,41.786,-87.752,2023-01-06,203,8,18.25,0.375,135.125,1.3333333333333333,28.0,135.0,7.333333333333333,0.0,3,3,1.0,0,0.0,3,3,1.0,231.51333333333332,66.44379379094283,0.1,30.776,30.776,663.764,1,0.3333333333333333,1.0,0.0,0.3333333333333333,0.5773502691896257,Delta Air Lines,2,0.6666666666666666,MDW-JFK,3,0.3333333333333333,1335.9650889212392,279.7989505893936,0.0,3,208.66666666666666,73.05021104235999,0,0.0,0.0,0.0,0.0,626.0,6.0,2.0,1.0,0.0,Choice Hotels,3,0.3333333333333333,False,True,False,False,False,False,False,True,1289.764,30.776,3,3,3,3.0,1122.612191174836,3,3094.7221241001353,True,231.51333333333332
1175,513089,1985-02-09,38.0,F,True,False,usa,sacramento,SMF,38.695,-121.591,2023-01-06,203,8,17.625,0.375,131.125,1.3333333333333333,51.0,82.0,6.333333333333333,0.0,3,1,0.3333333333333333,0,0.0,1,1,1.0,215.62,0.0,0.0,0.0,0.0,215.62,0,0.0,1.0,0.0,1.0,0.0,United Airlines,1,1.0,SMF-DMA,1,1.0,1210.3027594142038,0.0,0.0,3,104.66666666666667,17.21433511156714,1,0.3333333333333333,0.2,19.8,19.8,294.2,8.666666666666666,5.507570547286102,1.0,0.0,Aman Resorts,3,0.3333333333333333,False,True,False,True,True,False,False,False,509.82,19.8,2,3,1,1.9,443.74796265421804,1,1223.2867666555517,False,215.62
1178,513093,1968-07-28,55.0,F,False,False,usa,charlotte,CLT,35.214,-80.943,2023-01-06,203,8,17.125,0.5,126.625,1.1428571428571428,7.0,7.0,5.75,0.0,4,2,0.5,0,0.0,2,2,1.0,347.91,308.694536394799,0.0,0.0,0.0,695.82,0,0.0,1.0,0.0,0.0,0.0,American Airlines,2,0.5,CLT-IND,2,0.5,1969.118151834357,1811.748298873676,0.0,4,288.75,178.992318270925,1,0.25,0.1,40.1,40.1,1114.9,4.5,4.041451884327381,1.25,0.5,Aman Resorts,4,0.25,False,True,False,False,True,False,False,False,1810.72,40.1,5,4,4,4.4,1182.0397065688562,3,3258.546860831088,False,347.91
1180,513103,1992-03-13,31.0,F,False,True,usa,philadelphia,PHL,39.872,-75.241,2023-01-06,203,8,16.25,0.375,123.0,2.6666666666666665,122.0,122.0,9.333333333333334,0.0,3,3,1.0,0,0.0,3,2,0.6666666666666666,611.3066666666666,672.659916029886,0.1,29.593,29.593,1804.327,1,0.3333333333333333,1.3333333333333333,0.5773502691896257,0.3333333333333333,0.5773502691896257,Delta Air Lines,3,0.3333333333333333,PHL-LAX,3,0.3333333333333333,2876.8514065747113,1696.531005098924,0.0,3,130.0,108.86229834061,0,0.0,0.0,0.0,0.0,390.0,3.3333333333333335,0.5773502691896257,1.3333333333333333,0.5773502691896257,Conrad,3,0.3333333333333333,False,True,False,False,False,False,False,True,2194.327,29.593,1,3,5,2.9,1909.9449524285874,5,5265.174337638729,True,458.47999999999996
1181,513126,1987-10-08,35.0,F,False,False,usa,san diego,SAN,32.733,-117.189,2023-01-06,203,8,16.625,0.625,124.625,1.1428571428571428,22.0,131.0,7.4,0.0,5,5,1.0,0,0.0,5,4,0.8,327.188,277.403250828104,0.175,60.764,121.528,1514.412,2,0.4,1.0,0.0,0.4,0.5477225575051661,United Airlines,3,0.6,SAN-LSV,5,0.2,2187.42564329691,1641.101913378906,0.0,5,228.6,285.542115982914,0,0.0,0.0,0.0,0.0,1143.0,4.8,3.3466401061363023,1.0,0.0,Wyndham,4,0.4,False,True,False,False,False,False,False,True,2657.412,121.528,4,5,5,4.6,1387.808827742581,4,3825.7937309069825,True,327.188
1186,513220,1978-10-28,44.0,F,False,False,usa,indianapolis,IND,39.717,-86.294,2023-01-06,203,8,24.5,0.625,181.0,1.3333333333333333,29.0,29.0,8.6,0.0,5,5,1.0,0,0.0,5,5,1.0,260.17,190.379539079177,0.08333333333333333,29.377,88.131,1212.719,3,0.6,1.0,0.0,0.4,0.5477225575051661,Delta Air Lines,4,0.4,IND-JFK,3,0.6,1395.9612370048767,961.1221522043547,0.0,5,293.4,238.195927756962,1,0.2,0.1,15.5,15.5,1451.5,3.6,2.792848008753788,1.0,0.0,Fairmont,4,0.4,False,True,False,False,False,False,False,False,2664.219,103.631,3,5,5,4.2,1391.3637205068355,4,3835.5935579290185,False,260.17
1198,513317,1969-02-21,54.0,F,True,False,usa,dallas,DAL,32.847,-96.852,2023-01-06,203,8,16.875,0.125,127.0,1.3333333333333333,43.0,165.0,11.0,0.0,1,0,0.0,0,0.0,1,1,1.0,73.87,0.0,0.05,3.6935,3.6935,70.1765,1,1.0,1.0,0.0,0.0,0.0,Qatar Airways,1,1.0,DAL-IAH,1,1.0,394.581782428326,0.0,0.0,0,0.0,0.0,0,0.0,0.0,0.0,0.0,0.0,0.0,0.0,0.0,0.0,MISSING,0,0.0,False,True,False,True,False,True,False,True,70.1765,3.6935,2,1,1,1.4,183.24513887962655,1,505.1546650594523,True,73.87
1203,513347,1974-10-08,48.0,F,True,True,usa,los angeles,LAX,33.942,-118.408,2023-01-06,203,10,16.9,0.1,125.7,1.6666666666666667,52.0,179.0,10.0,0.0,1,1,1.0,0,0.0,1,1,1.0,378.92,0.0,0.15,56.838,56.838,322.082,1,1.0,1.0,0.0,1.0,0.0,Air Canada,1,1.0,LAX-YEG,1,1.0,2227.542640407648,0.0,0.0,1,129.0,0.0,0,0.0,0.0,0.0,0.0,129.0,2.0,0.0,1.0,0.0,Fairmont,1,1.0,False,True,False,True,False,False,True,True,451.082,56.838,2,1,1,1.4,1177.8670030010003,3,3247.0439053578884,True,378.92
1204,513366,1979-10-26,43.0,F,False,False,canada,montreal,YUL,45.468,-73.741,2023-01-06,203,8,19.5,0.375,146.375,1.1428571428571428,22.0,22.0,8.333333333333334,0.0,3,3,1.0,0,0.0,3,3,1.0,269.62333333333333,295.525778627404,0.0,0.0,0.0,808.87,0,0.0,1.0,0.0,0.3333333333333333,0.5773502691896257,American Airlines,3,0.3333333333333333,YUL-BIF,3,0.3333333333333333,1424.6767511925557,1522.323462700908,0.0,3,263.3333333333333,145.259537839459,1,0.3333333333333333,0.1,13.9,13.9,776.1,4.666666666666667,4.618802153517006,1.0,0.0,Crowne Plaza,3,0.3333333333333333,False,True,False,False,True,False,False,False,1584.97,13.9,4,3,4,3.75,1379.5598610647994,4,3803.053678839688,False,269.62333333333333
1218,513543,1991-09-07,31.0,F,False,True,usa,new york,LGA,40.777,-73.872,2023-01-06,203,8,45.75,0.375,1054.625,1.6,64.0,64.0,6.0,7.0,2,1,0.5,1,0.5,1,1,1.0,0.0,0.0,0.0,0.0,0.0,0.0,1,1.0,1.0,0.0,0.0,0.0,United Airlines,1,1.0,LGA-YYC,1,1.0,0.0,0.0,0.0,2,60.0,0.0,1,0.5,0.0,0.0,0.0,60.0,3.5,2.1213203435596424,1.0,0.0,Shangri-La,2,0.5,False,False,True,True,True,False,False,True,60.0,0.0,1,2,1,1.25,78.33611203734579,1,215.9503530638258,False,0.0
1228,513625,1995-09-25,27.0,F,False,True,usa,kansas city,MCI,39.297,-94.714,2023-01-06,203,8,24.75,0.375,912.5975595,1.1428571428571428,24.0,27.0,157.0,306.0,2,1,0.5,1,0.5,2,2,1.0,1090.04,0.0,0.05,54.502,54.502,1035.538,2,1.0,2.6666666666666665,1.414213562373095,1.0,0.0,Air Transat,2,0.5,MCI-YQB,2,0.5,1702.2506826193196,252.761590664946,0.0,1,110.0,0.0,0,0.0,0.0,0.0,0.0,110.0,2.0,0.0,4.0,0.0,Radisson,1,1.0,False,False,False,False,False,False,True,True,1145.538,54.502,4,2,3,3.15,1495.6165518506168,4,4122.9889258004805,False,408.765
1234,513683,1970-10-02,52.0,M,True,False,usa,fort worth,FTW,32.82,-97.362,2023-01-06,203,8,21.625,0.5,161.25,1.3333333333333333,41.0,133.0,8.5,0.0,4,3,0.75,0,0.0,3,3,1.0,276.79,198.504817825664,0.1,46.498,46.498,783.872,1,0.3333333333333333,1.0,0.0,1.3333333333333333,0.5773502691896257,Air Transat,3,0.3333333333333333,FTW-HOU,3,0.3333333333333333,1502.6055542640158,1022.897174081267,0.0,4,134.0,72.76904103623555,1,0.25,0.2,12.2,12.2,523.8,4.5,4.041451884327381,1.0,0.0,Aman Resorts,4,0.25,False,True,False,False,False,False,False,False,1307.672,58.698,2,4,3,2.8499999999999996,853.6495025008336,2,2353.2685840973263,True,276.79
1240,513787,1981-05-28,42.0,M,True,False,usa,memphis,MEM,35.042,-89.977,2023-01-06,203,8,43.25,0.75,1103.375,2.0,88.0,125.0,7.8,9.0,5,4,0.8,1,0.2,5,4,0.8,286.0675,215.775189240252,0.1,32.213,64.426,1079.844,3,0.6,1.6666666666666667,0.8944271909999159,0.8,0.4472135954999579,Air France,5,0.2,MEM-LAS,5,0.2,1753.9704502217699,1022.5246771632935,0.0,4,162.66666666666666,86.63909817936319,2,0.5,0.1,7.9,7.9,480.1,3.5,2.3804761428476167,1.5,1.0,NH Hotel,4,0.25,False,False,False,False,False,False,False,False,1559.944,72.326,1,5,4,3.05,814.6663197065687,2,2245.803050398644,True,171.6405
1244,513807,1979-08-18,43.0,F,True,True,usa,chicago,UGN,42.422,-87.868,2023-01-06,203,8,41.375,0.5,1022.375,1.1428571428571428,13.0,85.0,61.333333333333336,97.0,3,2,0.6666666666666666,1,0.3333333333333333,3,2,0.6666666666666666,512.42,596.260722167744,0.0,0.0,0.0,1024.84,1,0.3333333333333333,3.25,2.0816659994661326,2.3333333333333335,1.5275252316519468,Ryanair,3,0.3333333333333333,UGN-YHU,3,0.3333333333333333,1891.537406980609,975.404081739274,0.0,2,179.0,82.02438661763951,0,0.0,0.0,0.0,0.0,358.0,2.0,0.0,1.5,0.7071067811865476,Aman Resorts,2,0.5,False,False,False,False,True,False,False,True,1382.84,0.0,5,3,3,3.8,1203.6256574413692,3,3318.053180342009,False,157.6676923076923
1251,513869,1983-06-07,40.0,F,False,True,usa,newark,EWR,40.692,-74.169,2023-01-06,203,8,34.0,0.375,967.125,2.0,101.0,115.0,145.5,267.0,2,1,0.5,1,0.5,1,1,1.0,0.0,0.0,0.0,0.0,0.0,0.0,1,1.0,2.0,0.0,1.0,0.0,Asiana Airlines,1,1.0,EWR-GMP,1,1.0,0.0,0.0,0.0,2,95.0,0.0,1,0.5,0.0,0.0,0.0,95.0,7.0,0.0,1.0,0.0,Fairmont,2,0.5,False,False,True,True,True,False,False,True,95.0,0.0,1,2,1,1.25,124.03217739246415,1,341.9213923510575,True,0.0
1254,513926,1986-08-14,36.0,M,False,False,usa,new york,JFK,40.64,-73.779,2023-01-06,203,8,24.375,0.5,182.125,1.3333333333333333,35.0,73.0,9.0,0.0,4,3,0.75,0,0.0,4,4,1.0,428.06,281.81256820802,0.15,7.3635,7.3635,1704.8765,1,0.25,1.5,0.5773502691896257,0.5,0.5773502691896257,American Airlines,4,0.25,JFK-IND,4,0.25,2117.3001251105866,1804.0425982191173,0.0,3,221.0,60.35726965329032,1,0.3333333333333333,0.1,24.7,24.7,638.3,2.0,1.0,1.6666666666666667,0.5773502691896257,Banyan Tree,3,0.3333333333333333,False,True,False,False,False,False,False,False,2343.1765,32.0635,3,4,5,3.95,1529.6278068939646,4,4216.748270548829,False,285.37333333333333
1257,513956,1996-03-13,27.0,F,False,False,canada,vancouver,YVR,49.195,-123.182,2023-01-06,203,8,16.0,0.5,118.625,2.0,91.0,136.0,9.0,0.0,4,2,0.5,0,0.0,4,4,1.0,542.8425,233.834673701314,0.15,62.052,124.104,2047.266,2,0.5,1.0,0.0,0.5,0.5773502691896257,Allegiant Air,4,0.25,YVR-BNA,4,0.25,2961.321236400238,1152.6803130747137,0.0,2,86.0,2.8284271247461903,0,0.0,0.0,0.0,0.0,172.0,1.5,0.7071067811865476,1.0,0.0,Crowne Plaza,2,0.5,False,True,False,False,False,False,False,True,2219.266,124.104,1,4,5,3.15,1448.7389168056018,4,3993.760635354536,True,542.8425
1272,514167,1972-07-17,51.0,F,False,False,usa,phoenix,PHX,33.434,-112.008,2023-01-06,203,8,60.5,0.5,1165.0,2.6666666666666665,137.0,137.0,10.0,3.0,3,3,1.0,1,0.3333333333333333,3,3,1.0,433.57,251.022907321224,0.0,0.0,0.0,867.14,1,0.3333333333333333,1.0,0.0,0.3333333333333333,0.5773502691896257,American Airlines,2,0.6666666666666666,PHX-DEN,3,0.3333333333333333,2411.1122708517096,1337.6634702656677,0.0,3,87.0,39.59797974644666,1,0.3333333333333333,0.0,0.0,0.0,174.0,1.6666666666666667,0.5773502691896257,1.0,0.0,Marriott,3,0.3333333333333333,False,False,False,False,True,False,False,True,1041.14,0.0,1,3,2,1.8499999999999999,906.2095520729132,2,2498.161673209684,True,433.57
1275,514210,1981-06-08,42.0,F,False,False,canada,toronto,YZD,43.742,-79.466,2023-01-06,203,9,18.22222222222222,0.3333333333333333,135.11111111111111,3.0,125.0,170.0,6.0,0.0,3,3,1.0,0,0.0,3,3,1.0,248.01666666666668,232.688243436005,0.05,5.1055,5.1055,738.9445,1,0.3333333333333333,1.0,0.0,0.3333333333333333,0.5773502691896257,Aerolane,3,0.3333333333333333,YZD-JFK,3,0.3333333333333333,1436.0247012601815,1370.1059554614922,0.0,3,131.33333333333334,55.30220007679019,1,0.3333333333333333,0.15,20.7,20.7,373.3,2.3333333333333335,2.309401076758503,1.0,0.0,Fairmont,3,0.3333333333333333,False,True,False,False,False,False,False,False,1112.2445,25.8055,1,3,3,2.1999999999999997,968.0989973880182,2,2668.7732496477597,True,248.01666666666668
1276,514215,1970-04-13,53.0,F,False,False,usa,minneapolis,MSP,44.88,-93.217,2023-01-06,203,8,20.25,0.375,149.75,1.3333333333333333,31.0,171.0,7.0,0.0,3,3,1.0,0,0.0,3,3,1.0,317.1533333333333,105.30593541360018,0.0,0.0,0.0,951.46,0,0.0,1.0,0.0,0.0,0.0,Allegiant Air,3,0.3333333333333333,MSP-LGA,3,0.3333333333333333,1957.5944272740298,444.4703919500824,0.0,3,198.0,183.858641352535,2,0.6666666666666666,0.125,25.35,50.7,543.3,5.0,5.196152422706632,1.0,0.0,Choice Hotels,3,0.3333333333333333,False,True,False,False,True,False,False,False,1494.76,50.7,3,3,3,3.0,1301.040964766033,3,3586.599441618713,True,317.1533333333333
1281,514300,1983-11-08,39.0,M,False,False,usa,oklahoma city,TIK,35.415,-97.386,2023-01-06,203,8,77.75,0.5,1290.875,1.3333333333333333,40.0,40.0,7.0,3.0,3,1,0.3333333333333333,1,0.3333333333333333,3,3,1.0,346.755,47.36908327168682,0.0,0.0,0.0,693.51,1,0.3333333333333333,1.5,0.5773502691896257,0.6666666666666666,1.1547005383792515,Southwest Airlines,3,0.3333333333333333,TIK-HOU,3,0.3333333333333333,2262.288963174535,922.3793926214026,0.0,1,100.0,0.0,0,0.0,0.0,0.0,0.0,100.0,2.0,0.0,1.0,0.0,Radisson,1,1.0,False,False,False,False,True,False,True,True,793.51,0.0,3,3,2,2.6500000000000004,690.6720918083805,1,1903.9862739964042,False,231.17
1287,514344,1958-03-21,65.0,F,False,False,usa,jacksonville,NZC,30.219,-81.876,2023-01-06,203,9,19.77777777777778,0.6666666666666666,149.33333333333334,1.2857142857142858,19.0,19.0,8.0,0.0,6,5,0.8333333333333334,0,0.0,6,6,1.0,304.83666666666664,143.704550473068,0.175,79.87075,159.7415,1669.2785,2,0.3333333333333333,1.0,0.0,0.6666666666666666,0.5163977794943223,Delta Air Lines,3,0.6666666666666666,NZC-JFK,5,0.3333333333333333,1695.5265409579113,845.2287558549278,0.0,5,230.8,111.445951025598,0,0.0,0.0,0.0,0.0,1154.0,3.0,1.5811388300841898,1.0,0.0,Aman Resorts,5,0.2,False,True,False,False,False,False,False,True,2823.2785,159.7415,4,5,5,4.6,1228.6925604923863,3,3387.155493736158,False,304.83666666666664
1290,514395,1985-05-02,38.0,F,False,False,usa,los angeles,LAX,33.942,-118.408,2023-01-06,203,8,16.25,0.375,122.125,1.1428571428571428,21.0,129.0,7.0,0.0,3,3,1.0,0,0.0,3,3,1.0,315.42333333333335,250.298581764526,0.0,0.0,0.0,946.27,0,0.0,1.0,0.0,0.3333333333333333,0.5773502691896257,American Airlines,3,0.3333333333333333,LAX-HOU,3,0.3333333333333333,1778.2771737967269,1426.2817216257636,0.0,3,103.33333333333333,62.29232162420448,1,0.3333333333333333,0.1,8.4,8.4,301.6,9.0,6.244997998398398,1.0,0.0,Choice Hotels,3,0.3333333333333333,False,True,False,False,True,False,False,False,1247.87,8.4,4,3,3,3.4,1086.1476014226964,3,2994.1996341972917,True,315.42333333333335
1297,514526,1974-06-16,49.0,F,True,True,usa,jacksonville,NIP,30.236,-81.681,2023-01-06,203,7,33.285714285714285,0.5714285714285714,247.42857142857142,1.1666666666666667,30.0,30.0,7.75,0.0,4,4,1.0,0,0.0,4,4,1.0,344.4675,185.278936448984,0.1,26.989,26.989,1350.881,1,0.25,1.25,0.5,0.25,0.5,Air Canada,4,0.25,NIP-BNA,4,0.25,1836.0888072239854,1184.0693644648795,0.0,4,250.25,160.238104082643,1,0.25,0.1,42.8,42.8,958.2,2.0,0.816496580927726,1.25,0.5,Best Western,4,0.25,False,True,False,False,False,False,False,False,2309.081,69.789,3,4,5,3.95,1507.370232660887,4,4155.390476691433,False,275.57399999999996
1301,514617,1984-08-09,38.0,F,False,True,usa,san diego,SAN,32.733,-117.189,2023-01-06,203,8,18.875,0.5,139.625,2.0,115.0,115.0,8.25,0.0,4,2,0.5,0,0.0,3,2,0.6666666666666666,451.6433333333333,302.402083711957,0.15,63.852,63.852,1291.078,1,0.3333333333333333,1.3333333333333333,0.5773502691896257,0.3333333333333333,0.5773502691896257,Allegiant Air,3,0.3333333333333333,SAN-EFD,3,0.3333333333333333,2156.637614087103,343.90043360448954,0.0,3,264.3333333333333,54.59242926755809,0,0.0,0.0,0.0,0.0,793.0,3.0,1.0,1.3333333333333333,0.5773502691896257,Hyatt,3,0.3333333333333333,False,True,False,False,False,False,False,True,2084.078,63.852,1,4,4,2.8,1360.4880641880627,4,3750.4781659379323,True,338.7325
1309,514682,1980-08-04,42.0,F,False,False,usa,chicago,ORD,41.979,-87.904,2023-01-06,203,9,16.444444444444443,0.4444444444444444,122.33333333333333,1.5,31.0,31.0,9.0,0.0,4,3,0.75,0,0.0,3,2,0.6666666666666666,286.9433333333333,208.101111081448,0.15,16.2825,16.2825,844.5475,1,0.3333333333333333,1.0,0.0,0.6666666666666666,0.5773502691896257,American Airlines,3,0.3333333333333333,ORD-BFI,3,0.3333333333333333,1754.843920413675,873.9289588228175,0.0,4,124.5,87.72114910328068,1,0.25,0.05,2.7,2.7,495.3,3.5,1.2909944487358056,1.0,0.0,Four Seasons,3,0.5,False,True,False,False,False,False,False,False,1339.8475,18.9825,3,4,3,3.25,874.6536989413138,2,2411.1711723057024,False,286.9433333333333
1313,514785,1977-10-25,45.0,F,True,False,usa,fort worth,FTW,32.82,-97.362,2023-01-07,202,8,19.5,0.375,145.5,1.3333333333333333,48.0,48.0,7.666666666666667,0.0,3,3,1.0,0,0.0,3,2,0.6666666666666666,260.3066666666667,47.50977408211213,0.15,36.852,36.852,744.068,1,0.3333333333333333,1.0,0.0,0.3333333333333333,0.5773502691896257,Alaska Airlines,3,0.3333333333333333,FTW-LAX,3,0.3333333333333333,1986.0999194948292,484.36150423443905,0.0,3,149.33333333333334,100.27129865187412,0,0.0,0.0,0.0,0.0,448.0,2.3333333333333335,1.5275252316519468,1.0,0.0,Accor,3,0.3333333333333333,False,True,False,False,False,False,False,True,1192.068,36.852,2,3,3,2.5999999999999996,1037.5774711570523,2,2860.305616400985,False,260.3066666666667
1314,514810,1991-07-28,32.0,M,False,True,usa,nashville,BNA,36.124,-86.678,2023-01-07,202,8,28.625,0.375,213.5,1.6,87.0,87.0,7.333333333333333,0.0,3,1,0.3333333333333333,0,0.0,1,1,1.0,66.68,0.0,0.05,3.334,3.334,63.346,1,1.0,1.0,0.0,0.0,0.0,Southwest Airlines,1,1.0,BNA-IND,1,1.0,400.93946977012126,0.0,0.0,3,151.33333333333334,38.695391629150535,1,0.3333333333333333,0.15,19.5,19.5,434.5,7.0,4.58257569495584,1.3333333333333333,0.5773502691896257,Best Western,3,0.3333333333333333,False,True,False,True,False,False,False,False,497.846,22.834,1,3,1,1.5,433.32577814827164,1,1194.5557719045933,False,66.68
1320,514899,1986-09-14,36.0,F,False,True,usa,boston,BOS,42.364,-71.005,2023-01-07,202,9,20.22222222222222,0.6666666666666666,149.22222222222223,1.5,39.0,39.0,6.833333333333333,0.0,6,5,0.8333333333333334,0,0.0,6,6,1.0,319.07166666666666,290.99557353449,0.1,9.656,19.312,1895.118,2,0.3333333333333333,1.5,0.8366600265340756,0.8333333333333334,0.408248290463863,American Airlines,6,0.16666666666666666,BOS-LGA,5,0.3333333333333333,1684.2515565763142,1758.439287065871,0.0,5,182.4,115.925838362291,2,0.4,0.15,36.15,72.3,839.7,2.6,0.8944271909999159,1.6,0.8944271909999159,Extended Stay,5,0.2,False,True,False,False,False,False,False,False,2734.818,91.612,3,5,5,4.2,1190.194495831944,3,3281.027292585033,False,212.71444444444444
1321,514925,2006-12-27,16.0,F,False,False,canada,ottawa,YOW,45.323,-75.669,2023-01-07,202,8,35.5,0.375,995.125,2.6666666666666665,120.0,144.0,116.5,201.0,2,1,0.5,1,0.5,1,1,1.0,0.0,0.0,0.0,0.0,0.0,0.0,1,1.0,1.0,0.0,1.0,0.0,AirTran Airways,1,1.0,YOW-DAL,1,1.0,0.0,0.0,0.0,2,184.0,0.0,1,0.5,0.0,0.0,0.0,184.0,9.5,3.5355339059327378,1.0,0.0,Fairmont,2,0.5,False,False,True,True,True,False,False,True,184.0,0.0,1,2,1,1.25,240.23074358119374,1,662.2477493957324,True,0.0
1326,514953,1977-07-03,46.0,F,True,False,usa,sacramento,SMF,38.695,-121.591,2023-01-07,202,9,22.0,0.4444444444444444,283.48218144444445,1.8,62.0,65.0,3.6666666666666665,3.0,3,1,0.3333333333333333,1,0.3333333333333333,1,1,1.0,0.0,0.0,0.0,0.0,0.0,0.0,1,1.0,1.0,0.0,2.0,0.0,United Airlines,1,1.0,SMF-IAH,1,1.0,0.0,0.0,0.0,3,204.0,65.05382386916237,2,0.6666666666666666,0.1,15.8,15.8,392.2,8.333333333333334,5.773502691896257,1.6666666666666667,0.5773502691896257,Fairmont,2,0.3333333333333333,False,False,True,True,True,False,False,False,392.2,15.8,2,3,1,1.9,341.37136823385566,1,941.063649684805,False,0.0
1327,514980,1985-03-28,38.0,M,False,False,usa,indianapolis,IND,39.717,-86.294,2023-01-07,202,8,21.125,0.875,155.375,1.1428571428571428,11.0,11.0,10.142857142857142,0.0,7,7,1.0,0,0.0,7,7,1.0,371.8671428571429,224.792324284311,0.15,75.2025,75.2025,2527.8675,1,0.14285714285714285,1.4285714285714286,1.1338934190276817,0.5714285714285714,0.5345224838248488,Air Canada,5,0.42857142857142855,IND-YYC,6,0.2857142857142857,1743.1396872381458,1255.4997624951004,0.0,7,166.28571428571428,122.074723408403,4,0.5714285714285714,0.15,21.65,86.6,1077.4,5.142857142857143,2.6726124191242437,1.4285714285714286,1.1338934190276817,Extended Stay,6,0.2857142857142857,False,True,False,False,False,False,False,False,3605.2675,161.8025,5,5,5,5.0,1344.8697085933406,4,3707.4228072120786,False,260.307
1336,515085,1963-05-14,60.0,F,True,True,usa,new york,JFK,40.64,-73.779,2023-01-07,202,9,21.88888888888889,0.3333333333333333,550.6540051111111,1.8,76.0,133.0,103.5,140.0,2,1,0.5,1,0.5,1,1,1.0,0.0,0.0,0.0,0.0,0.0,0.0,1,1.0,6.0,0.0,5.0,0.0,Allegiant Air,1,1.0,JFK-FLO,1,1.0,0.0,0.0,0.0,2,193.0,0.0,1,0.5,0.0,0.0,0.0,193.0,12.0,4.242640687119285,2.0,1.414213562373095,Wyndham,2,0.5,False,False,True,True,True,False,False,True,193.0,0.0,1,2,1,1.25,251.98116038679558,1,694.6403023553062,True,0.0
1337,515103,1972-08-11,50.0,F,True,True,usa,chicago,MDW,41.786,-87.752,2023-01-07,202,8,17.375,0.375,130.625,2.0,95.0,95.0,8.0,0.0,3,3,1.0,0,0.0,3,3,1.0,217.15333333333334,239.988974816206,0.0,0.0,0.0,651.46,0,0.0,1.0,0.0,1.0,0.0,Delta Air Lines,3,0.3333333333333333,MDW-MEM,3,0.3333333333333333,1228.0264180087877,1382.1560747157293,0.0,3,201.33333333333334,57.500724633115134,2,0.6666666666666666,0.05,8.5,17.0,587.0,3.3333333333333335,1.1547005383792515,1.0,0.0,Conrad,3,0.3333333333333333,False,True,False,False,True,False,False,False,1238.46,17.0,1,3,3,2.1999999999999997,1077.9571257085695,3,2971.620825060285,True,217.15333333333334
1338,515124,1973-07-05,50.0,F,False,False,usa,reno,RNO,39.498,-119.768,2023-01-07,202,8,52.0,0.625,1147.75,1.3333333333333333,48.0,137.0,8.5,5.0,4,4,1.0,1,0.25,4,4,1.0,621.6366666666667,357.999616945791,0.0,0.0,0.0,1864.91,1,0.25,1.2,0.5,0.5,0.5773502691896257,Ryanair,4,0.25,RNO-RND,4,0.25,2420.977630726672,1123.5812740034523,0.0,4,115.0,38.742741255621034,1,0.25,0.0,0.0,0.0,345.0,1.75,0.9574271077563381,1.25,0.5,Hyatt,4,0.25,False,False,False,False,True,False,False,True,2209.91,0.0,2,4,5,3.55,1442.6313112704233,4,3976.9237061606595,True,518.0305555555556
1340,515139,1987-12-05,35.0,F,False,False,usa,new york,JFK,40.64,-73.779,2023-01-07,202,10,29.6,0.4,584.6341722,2.5,88.0,95.0,8.666666666666666,1.0,3,3,1.0,1,0.3333333333333333,3,3,1.0,595.835,130.46827219673,0.0,0.0,0.0,1191.67,1,0.3333333333333333,1.0,0.0,0.0,0.0,Delta Air Lines,3,0.3333333333333333,JFK-PNE,3,0.3333333333333333,3010.4609201322432,1717.9079660161842,0.0,3,147.0,123.036579926459,1,0.3333333333333333,0.0,0.0,0.0,294.0,2.6666666666666665,1.1547005383792515,1.0,0.0,Hyatt,3,0.3333333333333333,False,False,False,False,True,False,False,True,1485.67,0.0,1,3,3,2.1999999999999997,1293.1290174502612,3,3564.788455959267,True,595.835
1341,515161,1976-02-18,47.0,F,True,True,usa,santa ana,SNA,33.676,-117.868,2023-01-07,202,8,20.125,0.375,150.0,1.6,86.0,109.0,11.666666666666666,0.0,3,2,0.6666666666666666,0,0.0,2,2,1.0,271.78,370.905791003592,0.25,2.3775,2.3775,541.1825,1,0.5,1.0,0.0,1.0,1.414213562373095,Ryanair,2,0.5,SNA-LSQ,2,0.5,1419.4687726419666,1925.4077497248572,0.0,3,107.0,25.059928172283335,1,0.3333333333333333,0.15,19.95,19.95,301.05,5.0,2.0,1.3333333333333333,0.5773502691896257,Accor,3,0.3333333333333333,False,True,False,False,False,False,False,False,842.2325,22.3275,1,3,2,1.8499999999999999,733.0802164610426,1,2020.8933970758737,True,271.78
1344,515198,1985-03-14,38.0,F,False,False,canada,toronto,YTZ,43.627,-79.396,2023-01-07,202,8,23.5,0.125,173.875,4.0,152.0,152.0,7.0,0.0,1,0,0.0,0,0.0,0,0,0.0,0.0,0.0,0.0,0.0,0.0,0.0,0,0.0,0.0,0.0,0.0,0.0,MISSING,0,0.0,MISSING,0,0.0,0.0,0.0,0.0,1,86.0,0.0,1,1.0,0.1,8.6,8.6,77.4,20.0,0.0,2.0,0.0,Choice Hotels,1,1.0,False,True,True,False,True,False,True,False,77.4,8.6,1,1,1,1.0,202.10716905635212,1,557.1519109046704,True,
1345,515200,1989-06-26,34.0,F,True,False,usa,mobile,BFM,30.626,-88.068,2023-01-07,202,8,18.375,0.25,136.375,1.6,73.0,143.0,6.5,0.0,2,2,1.0,0,0.0,2,2,1.0,812.43,834.258722579513,0.05,11.126,11.126,1613.734,1,0.5,2.0,1.414213562373095,0.5,0.7071067811865476,JetBlue Airways,2,0.5,BFM-LAX,2,0.5,2053.3161139537665,1148.4256386318618,0.0,2,108.5,60.10407640085654,1,0.5,0.1,15.1,15.1,201.9,4.5,0.7071067811865476,2.0,1.414213562373095,Starwood,1,1.0,False,True,False,False,False,False,False,False,1815.634,26.226,1,2,4,2.3,2370.4951407135713,5,6534.780055578104,True,406.215
1347,515205,1952-10-15,70.0,F,True,False,usa,spokane,GEG,47.62,-117.534,2023-01-07,202,8,41.625,0.25,1021.375,1.3333333333333333,34.0,50.0,169.0,153.0,1,1,1.0,1,1.0,1,1,1.0,0.0,0.0,0.0,0.0,0.0,0.0,1,1.0,2.0,0.0,2.0,0.0,Ryanair,1,1.0,GEG-XSP,1,1.0,0.0,0.0,0.0,1,0.0,0.0,1,1.0,0.0,0.0,0.0,0.0,6.0,0.0,1.0,0.0,NH Hotel,1,1.0,False,False,True,True,True,True,True,True,0.0,0.0,3,1,0,1.4500000000000002,0.0,1,0.0,False,0.0
1358,515409,1979-04-09,44.0,F,True,True,usa,new york,JFK,40.64,-73.779,2023-01-07,202,8,20.875,0.375,155.625,1.6,74.0,154.0,5.333333333333333,0.0,3,3,1.0,0,0.0,3,3,1.0,577.34,580.255148447646,0.1,124.626,124.626,1607.394,1,0.3333333333333333,1.6666666666666667,0.5773502691896257,1.0,0.0,Delta Air Lines,2,0.6666666666666666,JFK-PHX,3,0.3333333333333333,1817.3251231926179,1456.5960135468542,0.0,3,140.0,15.394804318340652,0,0.0,0.0,0.0,0.0,420.0,2.3333333333333335,0.5773502691896257,1.6666666666666667,0.5773502691896257,Banyan Tree,3,0.3333333333333333,False,True,False,False,False,False,False,True,2027.394,124.626,1,3,4,2.55,1764.6462614204734,5,4864.627223327578,True,346.404
1372,515580,1979-04-21,44.0,F,False,False,usa,indianapolis,IND,39.717,-86.294,2023-01-07,202,8,23.5,0.5,175.125,1.3333333333333333,40.0,40.0,7.5,0.0,4,3,0.75,0,0.0,3,3,1.0,390.64,170.565880820286,0.0,0.0,0.0,1171.92,0,0.0,1.0,0.0,0.6666666666666666,0.5773502691896257,American Airlines,2,0.6666666666666666,IND-FTW,3,0.3333333333333333,2174.4842991271667,845.3488659103627,0.0,4,126.25,72.60107896351587,1,0.25,0.1,22.6,22.6,482.4,6.0,4.242640687119285,1.25,0.5,Accor,4,0.25,False,True,False,False,True,False,False,False,1654.32,22.6,3,4,4,3.6,1079.941640546849,3,2977.0915673379022,False,390.64
1374,515610,1991-01-10,32.0,M,True,True,canada,vancouver,YVR,49.195,-123.182,2023-01-07,202,8,36.25,0.5,985.0,2.0,114.0,125.0,59.333333333333336,158.0,3,1,0.3333333333333333,1,0.3333333333333333,3,3,1.0,1622.33,1650.033673898809,0.1,278.908,278.908,2965.752,2,0.6666666666666666,2.75,1.5275252316519468,1.0,1.0,TAP Portugal,3,0.3333333333333333,YVR-LIS,3,0.3333333333333333,3308.719254487585,2965.266183850802,0.0,1,88.0,0.0,0,0.0,0.0,0.0,0.0,88.0,4.0,0.0,1.0,0.0,Aman Resorts,1,1.0,False,False,False,False,False,False,True,True,3053.752,278.908,1,3,5,2.9,2657.989542291875,5,7327.320250770711,True,589.9381818181818
1378,515666,1984-12-01,38.0,F,True,False,usa,columbus,LCK,39.814,-82.928,2023-01-07,202,8,18.0,0.5,134.125,1.1428571428571428,10.0,52.0,8.5,0.0,4,4,1.0,0,0.0,4,3,0.75,195.03,225.713705831082,0.0,0.0,0.0,780.12,0,0.0,1.0,0.0,0.5,0.5773502691896257,American Airlines,3,0.5,LCK-MDW,4,0.25,1153.5639576460842,1333.8363802587967,0.0,4,116.25,40.844216236818646,2,0.5,0.075,6.8,13.6,451.4,3.75,4.856267428111155,1.0,0.0,Radisson,3,0.5,False,True,False,False,True,False,False,False,1231.52,13.6,5,4,3,4.05,803.9374058019339,2,2216.2264900430223,False,195.03
1379,515675,1993-01-15,30.0,F,False,False,usa,tacoma,TCM,47.138,-122.476,2023-01-07,202,9,45.55555555555556,0.4444444444444444,973.7777777777778,1.2857142857142858,11.0,61.0,11.666666666666666,8.0,3,1,0.3333333333333333,1,0.3333333333333333,1,1,1.0,613.56,0.0,0.3,184.068,184.068,429.492,1,1.0,1.0,0.0,0.0,0.0,Delta Air Lines,1,1.0,TCM-LGA,1,1.0,3903.5156882204965,0.0,0.0,3,128.5,74.24621202458749,2,0.6666666666666666,0.1,7.6,7.6,249.4,2.0,0.0,1.6666666666666667,0.5773502691896257,Wyndham,3,0.3333333333333333,False,False,False,True,False,False,False,False,678.892,191.668,5,3,2,3.45,590.9084419250861,1,1628.96630102452,False,613.56
1382,515694,1980-04-03,43.0,F,False,False,usa,lubbock,LBB,33.664,-101.823,2023-01-07,202,8,30.625,0.75,227.875,1.1428571428571428,11.0,11.0,8.333333333333334,0.0,6,6,1.0,0,0.0,6,6,1.0,299.0,137.868248556366,0.05,15.36175,30.7235,1763.2765,2,0.3333333333333333,1.0,0.0,0.5,0.8366600265340756,Southwest Airlines,4,0.3333333333333333,LBB-BWI,6,0.16666666666666666,1651.3618905697904,757.0030704729118,0.0,6,338.1666666666667,264.58602885766,0,0.0,0.0,0.0,0.0,2029.0,1.3333333333333333,0.5163977794943223,1.0,0.0,Aman Resorts,5,0.3333333333333333,False,True,False,False,False,False,False,True,3792.2765,30.7235,5,5,5,5.0,1650.4010932255194,4,4549.6858282813855,False,299.0
1383,515713,1981-06-05,42.0,F,True,False,usa,tucson,DMA,32.166,-110.883,2023-01-07,202,8,18.375,0.375,135.75,1.1428571428571428,19.0,19.0,10.333333333333334,0.0,3,2,0.6666666666666666,0,0.0,2,2,1.0,601.645,10.443967158125307,0.2,118.852,118.852,1084.438,1,0.5,1.0,0.0,0.0,0.0,Air Canada,2,0.5,DMA-LGA,2,0.5,3475.5578154868863,73.09432644099708,0.0,3,128.0,61.587336360651285,0,0.0,0.0,0.0,0.0,384.0,21.0,14.798648586948742,1.3333333333333333,0.5773502691896257,Accor,3,0.3333333333333333,False,True,False,False,False,False,False,True,1468.438,118.852,4,3,3,3.4,1278.1302631988442,3,3523.441161692647,False,601.645
1401,515953,1980-09-16,42.0,F,True,False,usa,los angeles,LAX,33.942,-118.408,2023-01-07,202,8,17.5,0.375,129.5,1.6,77.0,77.0,8.666666666666666,0.0,3,3,1.0,0,0.0,3,3,1.0,494.03,711.431681821944,0.1,70.9105,141.821,1340.269,2,0.6666666666666666,1.6666666666666667,0.5773502691896257,0.6666666666666666,0.5773502691896257,Air Canada,3,0.3333333333333333,LAX-PHX,3,0.3333333333333333,1519.1450968167635,2002.9189579309868,0.0,3,178.33333333333334,99.7714053891862,0,0.0,0.0,0.0,0.0,535.0,2.3333333333333335,1.5275252316519468,1.6666666666666667,0.5773502691896257,Crowne Plaza,3,0.3333333333333333,False,True,False,False,False,False,False,True,1875.269,141.821,1,3,4,2.55,1632.2364720462374,4,4499.611140440527,False,296.41799999999995
1409,516057,1985-10-14,37.0,F,False,False,usa,houston,HOU,29.645,-95.279,2023-01-07,202,8,57.0,0.625,1137.375,1.1428571428571428,20.0,141.0,8.25,1.0,4,3,0.75,1,0.25,4,4,1.0,498.56,195.013792076355,0.05,34.1935,34.1935,1461.4865,2,0.5,1.6,0.5773502691896257,0.75,0.5,Air Canada,4,0.25,HOU-YYC,4,0.25,2100.4529522394137,533.0968885866638,0.0,3,183.5,53.033008588991066,2,0.6666666666666666,0.15,33.15,33.15,333.85,4.333333333333333,0.5773502691896257,1.6666666666666667,0.5773502691896257,InterContinental,2,0.3333333333333333,False,False,False,False,False,False,False,False,1795.3365,67.3435,4,4,4,4.0,1171.9973434061353,3,3230.8629253614436,True,311.59999999999997
1410,516061,1968-09-28,54.0,F,True,False,usa,chicago,UGN,42.422,-87.868,2023-01-07,202,8,18.125,0.375,134.625,1.6,58.0,148.0,7.0,0.0,3,2,0.6666666666666666,0,0.0,3,3,1.0,241.60666666666665,175.861798675361,0.1,6.921,6.921,717.899,1,0.3333333333333333,1.3333333333333333,0.5773502691896257,0.3333333333333333,0.5773502691896257,Delta Air Lines,3,0.3333333333333333,UGN-LGA,2,0.6666666666666666,924.8852147228193,455.64459053858803,0.0,2,171.0,4.242640687119285,0,0.0,0.0,0.0,0.0,342.0,4.5,2.1213203435596424,1.5,0.7071067811865476,Banyan Tree,2,0.5,False,True,False,False,False,False,False,True,1059.899,6.921,2,3,3,2.5999999999999996,922.5374090252304,2,2543.1729251332868,True,181.205
1413,516089,1967-04-10,56.0,F,True,True,usa,baltimore,BWI,39.175,-76.668,2023-01-07,202,8,16.875,0.375,126.0,1.3333333333333333,32.0,32.0,7.333333333333333,0.0,3,3,1.0,0,0.0,3,3,1.0,343.34,33.53677980963587,0.05,16.312,16.312,1013.708,1,0.3333333333333333,1.0,0.0,0.6666666666666666,0.5773502691896257,Ryanair,2,0.6666666666666666,BWI-FTW,3,0.3333333333333333,2076.4278385406055,147.81494632271512,0.0,3,82.0,36.51027252705737,0,0.0,0.0,0.0,0.0,246.0,4.0,2.0,1.0,0.0,Extended Stay,3,0.3333333333333333,False,True,False,False,False,False,False,True,1259.708,16.312,3,3,3,3.0,1096.451411359342,3,3022.604303970287,False,343.34
1414,516092,1986-02-09,37.0,M,True,False,usa,indianapolis,IND,39.717,-86.294,2023-01-07,202,9,19.0,0.4444444444444444,140.88888888888889,1.8,77.0,77.0,8.25,0.0,4,3,0.75,0,0.0,4,4,1.0,316.855,234.12224933426,0.0,0.0,0.0,1267.42,0,0.0,1.25,0.5,1.0,1.1547005383792515,AirTran Airways,2,0.5,IND-CMH,4,0.25,1381.294328777832,1100.9379606833027,0.0,3,174.66666666666666,103.56318522203405,1,0.3333333333333333,0.1,13.6,13.6,510.4,2.3333333333333335,0.5773502691896257,1.0,0.0,Conrad,3,0.3333333333333333,False,True,False,False,True,False,False,False,1777.82,13.6,1,4,4,2.8,1160.5625558519505,3,3199.340472366089,False,253.484
1419,516132,1975-02-07,48.0,F,False,True,usa,dallas,DAL,32.847,-96.852,2023-01-07,202,9,31.0,0.4444444444444444,866.1111111111111,1.2857142857142858,13.0,28.0,91.33333333333333,238.0,3,1,0.3333333333333333,1,0.3333333333333333,3,3,1.0,215.515,210.343054199562,0.0,0.0,0.0,431.03,1,0.3333333333333333,1.0,0.0,0.6666666666666666,0.5773502691896257,Frontier Airlines,3,0.3333333333333333,DAL-PHX,3,0.3333333333333333,1307.7968820603166,918.1553051622717,0.0,1,129.0,0.0,0,0.0,0.0,0.0,0.0,129.0,3.0,0.0,1.0,0.0,Radisson,1,1.0,False,False,False,False,True,False,True,True,560.03,0.0,5,3,1,3.1,487.45080915860837,1,1343.7630691814925,False,215.515
1425,516178,1995-06-19,28.0,F,False,True,canada,vancouver,YVR,49.195,-123.182,2023-01-07,202,7,16.857142857142858,0.2857142857142857,125.14285714285714,1.75,98.0,98.0,7.0,0.0,2,1,0.5,0,0.0,2,2,1.0,420.06,241.674955673938,0.05,29.5475,29.5475,810.5725,1,0.5,1.0,0.0,0.5,0.7071067811865476,Allegiant Air,2,0.5,YVR-FAT,2,0.5,2357.2902899951832,1341.1130209990545,0.0,1,65.0,0.0,0,0.0,0.0,0.0,0.0,65.0,3.0,0.0,1.0,0.0,Accor,1,1.0,False,True,False,False,False,False,True,True,875.5725,29.5475,1,2,2,1.6,1143.1490909469824,3,3151.3365084662764,True,420.06
1431,516251,1972-04-20,51.0,F,True,False,canada,calgary,YYC,51.114,-114.02,2023-01-07,202,8,30.875,0.875,227.75,1.1428571428571428,18.0,18.0,9.0,0.0,7,6,0.8571428571428571,0,0.0,7,7,1.0,613.3728571428571,369.300938879314,0.0,0.0,0.0,4293.61,0,0.0,1.2857142857142858,0.7559289460184545,0.7142857142857143,0.4879500364742666,Air Canada,7,0.14285714285714285,YYC-FAT,7,0.14285714285714285,2740.6293788333924,552.8393623638493,0.0,6,134.5,59.641428554319525,2,0.3333333333333333,0.075,6.325,12.65,794.35,2.6666666666666665,2.250925735484551,1.3333333333333333,0.816496580927726,Choice Hotels,5,0.3333333333333333,False,True,False,False,True,False,False,False,5087.96,12.65,4,5,5,4.6,1897.9571647692087,5,5232.127420831538,False,477.06777777777774
1435,516283,1999-10-13,23.0,M,True,True,usa,phoenix,PHX,33.434,-112.008,2023-01-07,202,9,33.22222222222222,0.3333333333333333,881.5555555555555,1.8,85.0,93.0,88.0,160.0,2,2,1.0,1,0.5,2,2,1.0,271.77,0.0,0.25,67.9425,67.9425,203.8275,2,1.0,5.666666666666667,4.949747468305833,4.5,4.949747468305833,All Nippon Airways,2,0.5,PHX-NRT,2,0.5,1650.6704199838907,5379.966128711314,0.0,2,171.0,0.0,1,0.5,0.15,0.0,0.0,171.0,7.5,9.192388155425117,2.5,2.1213203435596424,Hyatt,2,0.5,False,False,False,False,False,False,False,True,374.8275,67.9425,1,2,1,1.25,489.3754839113037,1,1349.0688493838525,True,47.95941176470588
1436,516287,1970-10-10,52.0,F,True,False,usa,honolulu,HNL,21.316,-157.927,2023-01-07,202,9,21.88888888888889,0.3333333333333333,690.4600824444444,2.25,99.0,130.0,119.0,194.0,2,1,0.5,1,0.5,2,2,1.0,700.54,0.0,0.0,0.0,0.0,700.54,1,0.5,1.6666666666666667,0.7071067811865476,0.5,0.7071067811865476,China Southern Airlines,2,0.5,HNL-HKG,2,0.5,4108.712692044423,3421.2720505812754,0.0,1,61.0,0.0,0,0.0,0.0,0.0,0.0,61.0,9.0,0.0,1.0,0.0,Shangri-La,1,1.0,False,False,False,False,True,False,True,True,761.54,0.0,1,2,2,1.6,994.2680460153384,2,2740.913864537098,True,420.32399999999996
1442,516368,1976-12-26,46.0,F,True,True,usa,denver,DEN,39.858,-104.667,2023-01-07,202,8,36.0,0.25,981.125,1.3333333333333333,43.0,139.0,225.0,129.0,1,0,0.0,1,1.0,1,1,1.0,0.0,0.0,0.0,0.0,0.0,0.0,1,1.0,4.0,0.0,3.0,0.0,Kenmore Air,1,1.0,DEN-BFI,1,1.0,0.0,0.0,0.0,0,0.0,0.0,0,0.0,0.0,0.0,0.0,0.0,0.0,0.0,0.0,0.0,MISSING,0,0.0,False,False,True,True,True,True,False,True,0.0,0.0,2,1,0,1.05,0.0,1,0.0,True,0.0
1444,516418,1997-01-26,26.0,F,True,False,usa,dallas,DAL,32.847,-96.852,2023-01-07,202,7,17.571428571428573,0.2857142857142857,131.0,1.1666666666666667,49.0,49.0,9.0,0.0,2,1,0.5,0,0.0,1,1,1.0,958.92,0.0,0.15,143.838,143.838,815.082,1,1.0,2.0,0.0,0.0,0.0,United Airlines,1,1.0,DAL-YED,1,1.0,2662.815661429341,0.0,0.0,2,113.0,127.279220613579,1,0.5,0.05,10.15,10.15,215.85,6.5,0.7071067811865476,1.5,0.7071067811865476,Banyan Tree,2,0.5,False,True,False,True,False,False,False,False,1030.932,153.988,2,2,2,2.0,1345.9867442480827,4,3710.502156413267,False,479.46
1447,516456,1985-05-05,38.0,F,True,False,canada,halifax,YHZ,44.881,-63.509,2023-01-07,202,8,20.625,0.5,154.0,1.1428571428571428,23.0,23.0,7.0,0.0,4,3,0.75,0,0.0,4,4,1.0,485.1525,322.150157263659,0.05,12.233,12.233,1928.377,1,0.25,1.0,0.0,0.25,0.5,KLM Royal Dutch Airlines,4,0.25,YHZ-LAS,4,0.25,2844.7277891789113,2009.4805388638292,0.0,3,148.33333333333334,69.29886963965093,1,0.3333333333333333,0.05,5.1,5.1,439.9,1.6666666666666667,1.1547005383792515,1.0,0.0,Best Western,3,0.3333333333333333,False,True,False,False,False,False,False,False,2368.277,17.333,4,4,5,4.35,1546.0134367289097,4,4261.918785857818,False,485.1525
1455,516578,1984-03-03,39.0,F,False,False,canada,winnipeg,YWG,49.91,-97.234,2023-01-07,202,8,23.25,0.5,172.625,1.1428571428571428,21.0,21.0,7.5,0.0,4,4,1.0,0,0.0,4,4,1.0,470.2425,242.703330203083,0.0,0.0,0.0,1880.97,0,0.0,1.25,0.5,0.25,0.5,United Airlines,3,0.5,YWG-AUS,4,0.25,1985.3278951715222,319.59969111083456,0.0,4,104.75,42.29558684622624,1,0.25,0.2,11.0,11.0,408.0,4.75,3.593976442141304,1.25,0.5,Hilton,4,0.25,False,True,False,False,True,False,False,False,2288.97,11.0,4,4,5,4.35,1494.2417530843613,4,4119.19899710421,False,376.194
1466,516679,1981-05-24,42.0,F,False,False,usa,kansas city,MCI,39.297,-94.714,2023-01-08,201,8,24.25,0.375,592.84840875,1.3333333333333333,30.0,128.0,104.5,99.0,2,2,1.0,1,0.5,2,2,1.0,405.2,0.0,0.0,0.0,0.0,405.2,1,0.5,1.0,0.0,0.5,0.7071067811865476,Alitalia,2,0.5,MCI-VCE,2,0.5,2189.6559575203396,4190.356990534002,0.0,2,80.0,0.0,2,1.0,0.1,8.0,8.0,72.0,6.0,5.656854249492381,1.0,0.0,Conrad,2,0.5,False,False,False,False,True,False,False,False,477.2,8.0,3,2,1,2.0500000000000003,623.0332110703567,1,1717.5251413676276,True,405.2
1479,516806,1982-09-07,40.0,F,False,False,usa,washington,DCA,38.852,-77.037,2023-01-08,201,8,32.25,0.875,354.619765375,1.1428571428571428,22.0,74.0,7.666666666666667,10.0,6,5,0.8333333333333334,1,0.16666666666666666,6,5,0.8333333333333334,302.904,111.225133985085,0.0,0.0,0.0,1514.52,1,0.16666666666666666,1.0,0.0,0.6666666666666666,0.5163977794943223,Air Canada,5,0.16666666666666666,DCA-YYC,6,0.16666666666666666,2096.654851612684,953.3336311490609,0.0,5,230.75,126.747452308386,4,0.8,0.06666666666666667,16.616666666666667,49.85,873.15,7.8,8.526429498916883,1.0,0.0,Best Western,5,0.2,False,False,False,False,True,False,False,False,2387.67,49.85,4,5,5,4.6,1039.1154701567189,2,2864.5454416661382,False,302.904
1481,516827,1971-09-21,51.0,F,False,False,usa,las vegas,LSV,36.236,-115.034,2023-01-08,201,7,25.428571428571427,0.7142857142857143,189.28571428571428,1.4,70.0,70.0,10.2,0.0,5,2,0.4,0,0.0,3,3,1.0,387.08,273.081123661084,0.0,0.0,0.0,1161.24,0,0.0,1.0,0.0,0.6666666666666666,0.5773502691896257,United Airlines,2,0.6666666666666666,LSV-BNA,3,0.3333333333333333,2151.9279472330095,1554.7619618518843,0.0,4,109.0,48.11098280711658,2,0.5,0.1,13.1,26.2,409.8,7.25,3.774917217635375,1.0,0.0,Aman Resorts,4,0.25,False,True,False,False,True,False,False,False,1571.04,26.2,1,5,4,3.05,820.4611030343447,2,2261.7776178492854,False,387.08
1490,517033,2002-09-28,20.0,F,False,False,canada,calgary,YYC,51.114,-114.02,2023-01-08,201,8,17.875,0.375,134.375,1.3333333333333333,56.0,108.0,9.666666666666666,0.0,3,0,0.0,0,0.0,0,0,0.0,0.0,0.0,0.0,0.0,0.0,0.0,0,0.0,0.0,0.0,0.0,0.0,MISSING,0,0.0,MISSING,0,0.0,0.0,0.0,0.0,3,129.0,20.29778313018444,1,0.3333333333333333,0.1,15.1,15.1,371.9,12.333333333333334,2.309401076758503,1.3333333333333333,0.5773502691896257,Fairmont,3,0.3333333333333333,False,True,True,False,True,False,False,False,371.9,15.1,2,3,1,1.9,323.7022229632099,1,892.3548478270754,True,
1496,517131,1955-11-02,67.0,F,True,False,usa,los angeles,LAX,33.942,-118.408,2023-01-08,201,8,29.875,0.5,995.125,1.1428571428571428,2.0,77.0,112.66666666666667,234.0,3,1,0.3333333333333333,1,0.3333333333333333,1,1,1.0,0.0,0.0,0.0,0.0,0.0,0.0,1,1.0,2.0,0.0,1.0,0.0,Air Macau,1,1.0,LAX-MFM,1,1.0,0.0,0.0,0.0,3,156.5,146.371103705615,1,0.3333333333333333,0.0,0.0,0.0,313.0,6.0,4.58257569495584,1.3333333333333333,0.5773502691896257,Wyndham,3,0.3333333333333333,False,False,True,True,True,False,False,True,313.0,0.0,5,3,1,3.1,272.4355896409914,1,751.0273389886383,False,0.0
1499,517150,1986-08-24,36.0,M,False,False,usa,columbus,CMH,39.998,-82.892,2023-01-08,201,8,17.625,0.75,130.75,1.3333333333333333,47.0,47.0,8.0,0.0,6,6,1.0,0,0.0,6,6,1.0,442.7816666666667,253.856066338125,0.1,61.537,123.074,2533.616,2,0.3333333333333333,1.3333333333333333,0.816496580927726,0.16666666666666666,0.408248290463863,Lufthansa,6,0.16666666666666666,CMH-SFO,5,0.3333333333333333,2273.487226518929,1472.584534744729,0.0,6,175.66666666666666,138.743888754304,1,0.16666666666666666,0.05,9.0,9.0,1045.0,3.8333333333333335,2.136976056643281,1.3333333333333333,0.816496580927726,Choice Hotels,6,0.16666666666666666,False,True,False,False,False,False,False,False,3578.616,132.074,2,5,5,3.8,1557.415910636879,4,4293.352159332533,False,332.08625000000006
1508,517356,1972-04-27,51.0,F,True,False,usa,orlando,MCO,28.429,-81.316,2023-01-08,201,8,28.375,0.5,379.13432475,1.3333333333333333,44.0,44.0,6.666666666666667,0.0,3,2,0.6666666666666666,1,0.3333333333333333,3,3,1.0,255.515,8.209509729575817,0.0,0.0,0.0,511.03,1,0.3333333333333333,1.5,0.5773502691896257,0.3333333333333333,0.5773502691896257,Southwest Airlines,3,0.3333333333333333,MCO-DAL,3,0.3333333333333333,1558.469096578091,36.85629263280605,0.0,2,312.0,57.982756057296896,0,0.0,0.0,0.0,0.0,624.0,6.0,1.414213562373095,1.0,0.0,Accor,2,0.5,False,False,False,False,True,False,False,True,1135.03,0.0,2,3,3,2.5999999999999996,987.931524952762,2,2723.4458804226015,False,170.34333333333333
1510,517392,1977-06-26,46.0,F,True,False,usa,los angeles,LAX,33.942,-118.408,2023-01-08,201,9,46.22222222222222,0.6666666666666666,979.2222222222222,1.5,36.0,36.0,9.2,8.0,5,4,0.8,1,0.2,5,5,1.0,473.7525,264.027124537739,0.0,0.0,0.0,1895.01,1,0.2,1.1666666666666667,0.4472135954999579,0.6,0.5477225575051661,United Airlines,5,0.2,LAX-IAD,5,0.2,2527.3569633800753,1590.720959466089,0.0,4,130.66666666666666,91.48952581215696,1,0.25,0.0,0.0,0.0,392.0,2.75,0.9574271077563381,1.25,0.5,Radisson,4,0.25,False,False,False,False,True,False,False,True,2287.01,0.0,3,5,5,4.2,1194.3698106035347,3,3292.537446403335,False,406.0735714285714
1515,517438,1984-12-25,38.0,M,False,False,usa,nashville,BNA,36.124,-86.678,2023-01-08,201,9,18.333333333333332,0.5555555555555556,136.55555555555554,1.2857142857142858,12.0,12.0,7.4,0.0,5,5,1.0,0,0.0,5,4,0.8,348.132,218.532865651828,0.25,56.09,56.09,1684.57,1,0.2,1.2,0.4472135954999579,0.4,0.5477225575051661,Air Canada,5,0.2,BNA-DAL,5,0.2,1668.013239158825,919.268538778096,0.0,5,234.4,127.817447948236,2,0.4,0.15,22.65,45.3,1126.7,1.4,0.5477225575051661,1.2,0.4472135954999579,Accor,5,0.2,False,True,False,False,False,False,False,False,2811.27,101.39,5,5,5,5.0,1468.159744581527,4,4047.2983270516097,False,290.11
1524,517571,1979-02-19,44.0,M,False,False,usa,phoenix,LUF,33.535,-112.383,2023-01-08,201,8,16.0,0.125,118.75,1.3333333333333333,47.0,133.0,5.0,0.0,1,1,1.0,0,0.0,1,1,1.0,504.02,0.0,0.15,75.603,75.603,428.417,1,1.0,1.0,0.0,1.0,0.0,American Airlines,1,1.0,LUF-YYZ,1,1.0,3061.212011642412,0.0,0.0,1,139.0,0.0,0,0.0,0.0,0.0,0.0,139.0,3.0,0.0,1.0,0.0,Choice Hotels,1,1.0,False,True,False,True,False,False,True,True,567.417,75.603,2,1,1,1.4,1481.6413894631544,4,4084.4633828138944,True,504.02
1529,517633,1985-12-23,37.0,F,True,False,usa,houston,IAH,29.98,-95.34,2023-01-08,201,8,16.125,0.5,123.125,1.6,63.0,134.0,7.25,0.0,4,3,0.75,0,0.0,3,2,0.6666666666666666,303.87,69.9337536530108,0.0,0.0,0.0,911.61,0,0.0,1.0,0.0,0.6666666666666666,0.5773502691896257,Allegiant Air,3,0.3333333333333333,IAH-DET,3,0.3333333333333333,2256.093259149824,432.07902818524,0.0,4,190.0,117.753980824429,1,0.25,0.2,34.4,34.4,725.6,7.25,2.8722813232690143,1.0,0.0,Accor,4,0.25,False,True,False,False,True,False,False,False,1637.21,34.4,2,4,4,3.2,1068.7722165721907,3,2946.3006461635514,True,303.87
1530,517653,1970-09-05,52.0,F,True,True,usa,phoenix,LUF,33.535,-112.383,2023-01-08,201,8,18.125,0.25,134.125,2.0,109.0,109.0,8.5,0.0,2,2,1.0,0,0.0,2,2,1.0,289.8,150.21776459527,0.05,19.801,19.801,559.799,1,0.5,1.0,0.0,1.0,0.0,Air Canada,2,0.5,LUF-SFO,2,0.5,1484.8831900299938,670.7790769661083,0.0,2,72.5,14.849242404917497,1,0.5,0.05,4.15,4.15,140.85,2.0,1.414213562373095,1.0,0.0,Banyan Tree,2,0.5,False,True,False,False,False,False,False,False,700.649,23.951,1,2,2,1.6,914.768642714238,2,2521.7566487302743,True,289.8
1532,517675,1994-05-10,29.0,F,True,False,canada,toronto,YTZ,43.627,-79.396,2023-01-08,201,8,17.25,0.5,128.0,1.1428571428571428,21.0,108.0,7.5,0.0,4,4,1.0,0,0.0,4,4,1.0,275.7775,229.945608840439,0.2,22.15,22.15,1080.96,1,0.25,1.5,1.0,1.0,0.816496580927726,Delta Air Lines,3,0.5,YTZ-LGA,2,0.75,1305.3932093566004,1471.3010670096262,0.0,4,137.75,22.779742462694056,1,0.25,0.1,15.2,15.2,535.8,4.5,0.5773502691896257,1.5,1.0,Aman Resorts,4,0.25,False,True,False,False,False,False,False,False,1616.76,37.35,4,4,4,4.0,1055.4224374791597,2,2909.4991068289246,True,183.85166666666666
1537,517735,1975-07-17,48.0,F,True,True,usa,memphis,MEM,35.042,-89.977,2023-01-08,201,8,16.75,0.25,123.5,1.6,66.0,185.0,9.0,0.0,2,1,0.5,0,0.0,2,2,1.0,405.39,75.16545084013,0.25,101.3475,202.695,608.085,2,1.0,1.5,0.7071067811865476,0.5,0.7071067811865476,Air Canada,2,0.5,MEM-NZC,2,0.5,1774.8631628849846,1202.0637403778162,0.0,1,247.0,0.0,0,0.0,0.0,0.0,0.0,247.0,6.0,0.0,2.0,0.0,Fairmont,1,1.0,False,True,False,False,False,False,True,True,855.085,202.695,1,2,2,1.6,1116.400572690897,3,3077.5984608263575,True,270.26
1553,517961,1962-06-08,61.0,F,True,True,canada,montreal,YUL,45.468,-73.741,2023-01-08,201,8,35.375,0.5,991.375,1.3333333333333333,30.0,129.0,79.33333333333333,125.0,3,3,1.0,1,0.3333333333333333,3,3,1.0,1092.715,518.910311373748,0.0,0.0,0.0,2185.43,1,0.3333333333333333,2.25,1.0,1.3333333333333333,1.1547005383792515,Air India Limited,3,0.3333333333333333,YUL-AGR,2,0.3333333333333333,3955.4920854149823,4325.404243539712,0.0,3,143.5,154.856385079854,1,0.3333333333333333,0.0,0.0,0.0,287.0,4.666666666666667,4.618802153517006,1.6666666666666667,0.5773502691896257,Aman Resorts,3,0.3333333333333333,False,False,False,False,True,False,False,True,2472.43,0.0,3,3,5,3.7,2152.00614982772,5,5932.468126951052,True,485.65111111111105
1555,517968,1980-09-13,42.0,F,True,False,usa,new york,LGA,40.777,-73.872,2023-01-08,201,8,17.0,0.5,126.75,1.3333333333333333,51.0,51.0,7.0,0.0,4,2,0.5,0,0.0,2,2,1.0,269.81,249.750115115089,0.0,0.0,0.0,539.62,0,0.0,1.0,0.0,0.0,0.0,Air New Zealand,2,0.5,LGA-AUS,2,0.5,1505.5341701198086,1326.7022994271642,0.0,4,144.0,49.78620960332958,2,0.5,0.05,8.95,17.9,558.1,3.75,2.0615528128088303,1.25,0.5,Fairmont,4,0.25,False,True,False,False,True,False,False,False,1097.72,17.9,2,4,3,2.8499999999999996,716.5926408802934,1,1975.4418463768568,False,269.81
1557,518015,1983-06-19,40.0,F,False,True,usa,austin,AUS,30.194,-97.67,2023-01-08,201,8,17.25,0.5,128.25,1.1428571428571428,13.0,119.0,7.25,0.0,4,4,1.0,0,0.0,4,4,1.0,332.3625,45.9060528870286,0.15,46.3125,46.3125,1283.1375,1,0.25,1.0,0.0,0.25,0.5,AirTran Airways,4,0.25,AUS-FAT,4,0.25,1816.3787523828184,265.75129498751926,0.0,4,143.25,104.090905782718,1,0.25,0.2,15.4,15.4,557.6,8.75,7.274384280931732,1.0,0.0,Aman Resorts,4,0.25,False,True,False,False,False,False,False,False,1840.7375,61.7125,5,4,4,4.4,1201.6351585945315,3,3312.5659418568666,True,332.3625
1564,518127,1988-06-21,35.0,F,False,False,usa,memphis,MEM,35.042,-89.977,2023-01-08,201,8,17.875,0.5,133.75,1.6,83.0,83.0,7.0,0.0,4,4,1.0,0,0.0,4,4,1.0,241.9425,74.5681113144218,0.0,0.0,0.0,967.77,0,0.0,1.25,0.5,0.25,0.5,Allegiant Air,4,0.25,MEM-CLT,4,0.25,1163.8809036391008,519.6863055062977,0.0,4,118.0,55.80322571321482,2,0.5,0.1,7.6,15.2,456.8,4.0,2.943920288775949,1.25,0.5,Accor,4,0.25,False,True,False,False,True,False,False,False,1424.57,15.2,1,4,3,2.4499999999999997,929.9606260420139,2,2563.636620534452,False,193.554
1565,518135,1988-09-21,34.0,F,False,False,usa,new york,JFK,40.64,-73.779,2023-01-08,201,8,47.5,0.5,1067.25,1.6,65.0,115.0,11.333333333333334,5.0,3,2,0.6666666666666666,1,0.3333333333333333,2,2,1.0,464.26,0.0,0.0,0.0,0.0,464.26,1,0.5,1.0,0.0,0.0,0.0,WestJet,2,0.5,JFK-YYC,2,0.5,2536.159192866054,523.9325918071161,0.0,3,49.5,4.949747468305833,2,0.6666666666666666,0.25,13.25,13.25,85.75,3.3333333333333335,0.5773502691896257,1.3333333333333333,0.5773502691896257,InterContinental,3,0.3333333333333333,False,False,False,False,True,False,False,False,550.01,13.25,1,3,1,1.5,478.72938868511727,1,1319.7205965403869,True,464.26
1566,518191,1977-11-11,45.0,F,True,False,usa,detroit,YIP,42.238,-83.53,2023-01-08,201,9,43.44444444444444,0.4444444444444444,972.5555555555555,1.5,41.0,105.0,8.0,7.0,3,2,0.6666666666666666,1,0.3333333333333333,3,2,0.6666666666666666,110.305,52.403683553735036,0.0,0.0,0.0,220.61,1,0.3333333333333333,1.0,0.0,0.6666666666666666,0.5773502691896257,Southwest Airlines,3,0.3333333333333333,YIP-DEN,3,0.3333333333333333,607.3448114679281,717.2589197639477,0.0,2,185.0,0.0,1,0.5,0.0,0.0,0.0,185.0,1.5,0.7071067811865476,1.0,0.0,Best Western,2,0.5,False,False,False,False,True,False,False,True,405.61,0.0,2,3,1,1.9,353.0434489274203,1,973.2402522913153,True,110.305
1571,518324,1984-01-12,39.0,F,False,False,usa,norfolk,NGU,36.938,-76.289,2023-01-08,201,6,28.666666666666668,0.5,211.66666666666666,1.5,107.0,119.0,6.666666666666667,0.0,3,3,1.0,0,0.0,3,2,0.6666666666666666,165.84333333333333,87.65074804776816,0.05,13.271,13.271,484.259,1,0.3333333333333333,1.3333333333333333,0.5773502691896257,0.3333333333333333,0.5773502691896257,Allegiant Air,3,0.3333333333333333,NGU-CMH,3,0.3333333333333333,898.8866750408635,267.725554752982,0.0,3,262.6666666666667,211.050546868122,0,0.0,0.0,0.0,0.0,788.0,1.6666666666666667,0.5773502691896257,1.3333333333333333,0.5773502691896257,Accor,3,0.3333333333333333,False,True,False,False,False,False,False,True,1272.259,13.271,1,3,3,2.1999999999999997,1107.3758173835724,3,3052.719780429222,True,124.38250000000001
1577,518372,1993-09-25,29.0,F,False,False,usa,riverside,RAL,33.952,-117.445,2023-01-08,201,8,17.375,0.25,128.5,1.3333333333333333,51.0,51.0,7.5,0.0,2,2,1.0,0,0.0,2,2,1.0,294.72,320.192092656892,0.15,78.1695,78.1695,511.2705,1,0.5,1.0,0.0,0.5,0.7071067811865476,Southwest Airlines,2,0.5,RAL-FAT,2,0.5,1559.3730173514439,1674.1294262859328,0.0,2,276.5,219.910208949016,0,0.0,0.0,0.0,0.0,553.0,2.5,0.7071067811865476,1.0,0.0,Accor,2,0.5,False,True,False,False,False,False,False,True,1064.2705,78.1695,2,2,3,2.3499999999999996,1389.5135521007003,4,3830.4931705069066,False,294.72
1580,518416,1978-09-17,44.0,F,False,False,usa,houston,EFD,29.607,-95.159,2023-01-08,201,8,22.5,0.375,165.125,1.1428571428571428,12.0,12.0,8.666666666666666,0.0,3,3,1.0,0,0.0,3,3,1.0,325.99,212.278698648734,0.15,78.846,78.846,899.124,1,0.3333333333333333,1.3333333333333333,0.5773502691896257,0.6666666666666666,0.5773502691896257,Allegiant Air,3,0.3333333333333333,EFD-LAS,3,0.3333333333333333,1699.8644696453882,1275.6771658786545,0.0,3,205.66666666666666,253.996719138916,0,0.0,0.0,0.0,0.0,617.0,4.333333333333333,4.041451884327381,1.3333333333333333,0.5773502691896257,Accor,3,0.3333333333333333,False,True,False,False,False,False,False,True,1516.124,78.846,5,3,4,4.15,1319.6362169612091,3,3637.8612565393305,False,244.4925
1585,518495,2000-05-18,23.0,F,False,False,canada,montreal,YMX,45.68,-74.039,2023-01-08,201,8,18.75,0.25,138.875,2.6666666666666665,121.0,144.0,7.5,0.0,2,2,1.0,0,0.0,2,2,1.0,197.6,171.3319730815,0.35,26.7575,26.7575,368.4425,1,0.5,1.0,0.0,1.0,1.414213562373095,Delta Air Lines,2,0.5,YMX-MEM,2,0.5,1127.9672754584885,935.1229289260843,0.0,2,206.0,11.313708498984761,0,0.0,0.0,0.0,0.0,412.0,11.0,9.899494936611665,1.0,0.0,Aman Resorts,2,0.5,False,True,False,False,False,False,False,True,780.4425,26.7575,1,2,2,1.6,1018.9471853117706,2,2808.947223683581,True,197.6
1588,518527,1979-07-11,44.0,F,True,False,canada,edmonton,YED,53.667,-113.467,2023-01-08,201,7,26.428571428571427,0.5714285714285714,198.0,1.4,83.0,83.0,7.25,0.0,4,4,1.0,0,0.0,4,4,1.0,393.995,244.475637845573,0.3999999999999999,155.37599999999995,155.37599999999995,1420.604,1,0.25,1.5,1.0,0.25,0.5,AeroMéxico,4,0.25,YED-LGA,4,0.25,1728.5792427151923,1306.2245088854218,0.0,4,202.0,108.970944139558,1,0.25,0.1,24.8,24.8,783.2,4.25,4.5,1.5,1.0,Extended Stay,2,0.5,False,True,False,False,False,False,False,False,2203.804,180.17599999999996,1,4,5,3.15,1438.64530876959,4,3965.935432362263,False,262.66333333333336
1596,518612,1980-03-17,43.0,F,False,False,usa,chicago,UGN,42.422,-87.868,2023-01-08,201,8,19.25,0.75,142.625,2.6666666666666665,118.0,118.0,6.666666666666667,0.0,6,5,0.8333333333333334,0,0.0,5,5,1.0,220.926,137.365727639757,0.0,0.0,0.0,1104.63,0,0.0,1.2,0.4472135954999579,0.6,0.8944271909999159,Air Canada,5,0.2,UGN-BWI,5,0.2,1077.4180371481955,221.22769458653943,0.0,6,147.66666666666666,73.3175740642492,2,0.3333333333333333,0.1,15.6,31.2,854.8,3.3333333333333335,1.96638416050035,1.3333333333333333,0.5163977794943223,Aman Resorts,6,0.16666666666666666,False,True,False,False,True,False,False,False,1959.43,31.2,1,5,4,3.05,852.7451556074246,2,2350.7755572436226,True,184.105
1606,518722,1971-02-23,52.0,F,True,False,usa,tulsa,TUL,36.198,-95.888,2023-01-09,200,8,25.375,0.5,189.625,1.1428571428571428,8.0,8.0,7.0,0.0,4,3,0.75,0,0.0,4,4,1.0,332.935,49.576853133964306,0.0,0.0,0.0,1331.74,0,0.0,1.0,0.0,1.0,0.816496580927726,Delta Air Lines,2,0.75,TUL-BOS,4,0.25,1915.011883740354,333.10978556105636,0.0,3,81.0,9.16515138991168,1,0.3333333333333333,0.05,3.65,3.65,239.35,2.3333333333333335,1.5275252316519468,1.0,0.0,Accor,3,0.3333333333333333,False,True,False,False,True,False,False,False,1571.09,3.65,5,4,4,4.4,1025.609018839613,2,2827.3120016253833,False,332.935
1610,518747,1973-11-05,49.0,F,True,True,usa,los angeles,LAX,33.942,-118.408,2023-01-09,200,8,16.75,0.25,125.0,2.0,109.0,109.0,7.0,0.0,2,2,1.0,0,0.0,2,1,0.5,664.8,806.837121605098,0.2,18.856,18.856,1310.744,1,0.5,2.0,0.0,0.5,0.7071067811865476,Alaska Airlines,2,0.5,LAX-CLT,2,0.5,1954.1395277702447,2062.5125424079483,0.0,2,116.5,6.363961030678928,0,0.0,0.0,0.0,0.0,233.0,2.5,2.1213203435596424,2.0,0.0,Crowne Plaza,2,0.5,False,True,False,False,False,False,False,True,1543.744,18.856,1,2,4,2.3,2015.5150490163387,5,5556.201030669377,True,332.4
1611,518751,1991-01-17,32.0,F,False,False,usa,indianapolis,IND,39.717,-86.294,2023-01-09,200,8,21.125,0.625,156.75,1.1428571428571428,17.0,17.0,7.8,0.0,5,3,0.6,0,0.0,5,5,1.0,368.39,349.729867683617,0.0,0.0,0.0,1841.95,0,0.0,1.2,0.4472135954999579,0.2,0.4472135954999579,Air Canada,5,0.2,IND-JFK,4,0.4,1509.8952391817315,778.7558322650588,0.0,3,320.0,178.538511251774,1,0.3333333333333333,0.1,21.0,21.0,939.0,1.6666666666666667,0.5773502691896257,1.0,0.0,Banyan Tree,3,0.3333333333333333,False,True,False,False,True,False,False,False,2780.95,21.0,4,5,5,4.6,1452.3254051350448,4,4003.647562352308,False,306.9916666666667
1612,518756,1972-01-01,51.0,F,False,False,usa,boston,BOS,42.364,-71.005,2023-01-09,200,8,32.375,0.5,611.4627295,1.3333333333333333,37.0,39.0,6.0,5.0,3,3,1.0,1,0.3333333333333333,3,3,1.0,617.345,21.545543622754103,0.0,0.0,0.0,1234.69,1,0.3333333333333333,1.0,0.0,0.3333333333333333,0.5773502691896257,AirTran Airways,3,0.3333333333333333,BOS-MEM,3,0.3333333333333333,3329.0021525352818,864.9066852111897,0.0,3,137.0,5.656854249492381,1,0.3333333333333333,0.0,0.0,0.0,274.0,3.3333333333333335,2.0816659994661326,1.0,0.0,Banyan Tree,3,0.3333333333333333,False,False,False,False,True,False,False,True,1508.69,0.0,3,3,3,3.0,1313.1656541069246,3,3620.0237573762593,False,617.345
1620,518896,1967-02-03,56.0,F,True,False,usa,chicago,MDW,41.786,-87.752,2023-01-09,200,8,38.375,0.625,998.875,1.1428571428571428,24.0,72.0,82.5,260.0,4,3,0.75,1,0.25,3,3,1.0,316.885,293.626090887714,0.0,0.0,0.0,633.77,1,0.3333333333333333,1.5,0.5773502691896257,0.6666666666666666,0.5773502691896257,Delta Air Lines,2,0.3333333333333333,MDW-LBG,3,0.3333333333333333,1806.942021459809,3038.848764536787,0.0,4,219.66666666666666,200.978439971389,1,0.25,0.0,0.0,0.0,659.0,12.5,3.0,1.0,0.0,InterContinental,4,0.25,False,False,False,False,True,False,False,True,1292.77,0.0,4,4,3,3.65,843.9214629876625,2,2326.4511494193503,False,211.25666666666666
1621,518907,1981-09-20,41.0,M,False,False,usa,san antonio,SAT,29.534,-98.47,2023-01-09,200,8,21.875,0.625,164.75,1.1428571428571428,17.0,17.0,7.4,0.0,5,3,0.6,0,0.0,3,3,1.0,361.45,159.034011771067,0.2,73.154,73.154,1011.196,1,0.3333333333333333,1.0,0.0,0.6666666666666666,1.1547005383792515,Ryanair,3,0.3333333333333333,SAT-BWI,3,0.3333333333333333,2113.5928028291582,829.6399618750054,0.0,5,145.6,40.51913128387626,1,0.2,0.15,23.55,23.55,704.45,4.0,2.449489742783178,1.0,0.0,Fairmont,4,0.4,False,True,False,False,False,False,False,False,1715.646,96.704,4,5,4,4.25,895.9802484828275,2,2469.9623962169358,False,361.45
1629,518998,1977-08-05,45.0,F,True,True,usa,st. petersburg,SPG,27.765,-82.627,2023-01-09,200,7,19.142857142857142,0.2857142857142857,143.57142857142858,1.0,22.0,22.0,8.0,0.0,2,2,1.0,0,0.0,2,2,1.0,361.25,107.63579423221627,0.0,0.0,0.0,722.5,0,0.0,1.0,0.0,1.0,0.0,Air Transat,2,0.5,SPG-ORD,2,0.5,1880.8086308402658,358.9705983617936,0.0,2,101.5,38.890872965260115,1,0.5,0.1,12.9,12.9,190.1,3.0,0.0,1.0,0.0,Conrad,2,0.5,False,True,False,False,True,False,False,False,912.6,12.9,4,2,2,2.8,1191.4922640880293,3,3284.60487010079,False,361.25
1630,519014,1985-06-20,38.0,F,False,False,usa,portland,PWM,43.646,-70.309,2023-01-09,200,8,16.625,0.5,123.0,1.1428571428571428,18.0,18.0,6.0,0.0,4,1,0.25,0,0.0,2,2,1.0,253.845,234.950370184854,0.0,0.0,0.0,507.69,0,0.0,1.0,0.0,0.5,0.7071067811865476,AirTran Airways,2,0.5,PWM-OKC,2,0.5,1482.2152400089758,1439.7175717021305,0.0,3,183.66666666666666,22.501851775650227,1,0.3333333333333333,0.1,20.0,20.0,531.0,10.666666666666666,7.571877794400365,1.0,0.0,Aman Resorts,3,0.3333333333333333,False,True,False,False,True,False,False,False,1038.69,20.0,4,4,2,3.3,678.0578017672558,1,1869.2122685322101,False,253.845
1635,519096,1990-10-28,32.0,F,False,True,usa,tampa,MCF,27.849,-82.521,2023-01-09,200,8,19.125,0.25,143.125,1.6,61.0,90.0,9.0,0.0,2,2,1.0,0,0.0,2,2,1.0,237.79,6.519524522539968,0.125,29.6085,59.217,416.363,2,1.0,1.0,0.0,0.0,0.0,Alaska Airlines,2,0.5,MCF-AUS,2,0.5,1423.0136068621105,101.3660893609999,0.0,2,129.5,36.062445840513924,1,0.5,0.05,7.75,7.75,251.25,3.5,2.1213203435596424,1.0,0.0,Best Western,2,0.5,False,True,False,False,False,False,False,False,667.613,66.967,2,2,2,2.0,871.6367794264755,2,2402.854384333332,False,237.79
1637,519117,1978-07-07,45.0,F,True,True,usa,san antonio,SAT,29.534,-98.47,2023-01-09,200,8,16.625,0.5,124.625,1.3333333333333333,30.0,118.0,9.0,0.0,4,4,1.0,0,0.0,4,4,1.0,272.39,195.105738169503,0.15,37.4725,74.945,1014.615,2,0.5,1.0,0.0,0.5,0.5773502691896257,Air Canada,4,0.25,SAT-DEN,4,0.25,1502.840934070161,1120.630225661231,0.0,4,189.5,97.4970085011159,1,0.25,0.05,6.85,6.85,751.15,4.5,3.3166247903554,1.0,0.0,Conrad,4,0.25,False,True,False,False,False,False,False,False,1765.765,81.795,3,4,4,3.6,1152.6930405968656,3,3177.6464598145526,True,272.39
1641,519191,2003-10-08,19.0,M,False,False,usa,tampa,TPA,27.975,-82.533,2023-01-09,200,8,28.375,0.125,212.5,2.6666666666666665,121.0,121.0,7.0,0.0,1,0,0.0,0,0.0,0,0,0.0,0.0,0.0,0.0,0.0,0.0,0.0,0,0.0,0.0,0.0,0.0,0.0,MISSING,0,0.0,MISSING,0,0.0,0.0,0.0,0.0,1,68.0,0.0,1,1.0,0.05,3.4,3.4,64.6,14.0,0.0,2.0,0.0,InterContinental,1,1.0,False,True,True,False,True,False,True,False,64.6,3.4,1,1,1,1.0,168.68376125375124,1,465.0130935974381,True,
1653,519348,1978-06-28,45.0,M,False,False,usa,new york,LGA,40.777,-73.872,2023-01-09,200,8,19.875,0.375,146.0,1.3333333333333333,27.0,153.0,6.333333333333333,0.0,3,3,1.0,0,0.0,3,3,1.0,223.82666666666665,198.914308266985,0.0,0.0,0.0,671.48,0,0.0,1.0,0.0,0.6666666666666666,1.1547005383792515,Air Transat,3,0.3333333333333333,LGA-DEN,3,0.3333333333333333,1287.9568117226706,1137.6428592309514,0.0,3,141.66666666666666,64.25988899253821,1,0.3333333333333333,0.1,16.5,16.5,408.5,2.6666666666666665,0.5773502691896257,1.0,0.0,Fairmont,2,0.6666666666666666,False,True,False,False,True,False,False,False,1079.98,16.5,3,3,3,3.0,940.0159364232521,2,2591.3562477985615,True,223.82666666666665
1663,519430,1988-12-16,34.0,F,False,False,usa,new york,JFK,40.64,-73.779,2023-01-09,200,8,16.125,0.25,120.125,1.6,73.0,98.0,7.5,0.0,2,2,1.0,0,0.0,2,2,1.0,396.355,8.916616510762365,0.0,0.0,0.0,792.71,0,0.0,1.5,0.7071067811865476,0.5,0.7071067811865476,AirTran Airways,2,0.5,JFK-DAL,2,0.5,1698.4536391679048,741.0911104672014,0.0,2,76.0,57.982756057296896,1,0.5,0.15,5.25,5.25,146.75,4.0,2.8284271247461903,1.5,0.7071067811865476,Aman Resorts,2,0.5,False,True,False,False,True,False,False,False,939.46,5.25,1,2,2,1.6,1226.5607302434146,3,3381.278644822363,True,264.2366666666667
1665,519469,1989-02-12,34.0,M,False,False,usa,nashville,BNA,36.124,-86.678,2023-01-09,200,8,49.625,0.5,1084.125,1.1428571428571428,22.0,84.0,12.666666666666666,5.0,3,2,0.6666666666666666,1,0.3333333333333333,2,2,1.0,244.6,0.0,0.0,0.0,0.0,244.6,1,0.5,3.0,2.1213203435596424,0.5,0.7071067811865476,Cubana de Aviación,2,0.5,BNA-YYZ,2,0.5,1216.0048333812604,109.55742910440189,0.0,3,172.5,36.062445840513924,2,0.6666666666666666,0.35,51.45,51.45,293.55,2.6666666666666665,1.5275252316519468,2.0,1.7320508075688772,Four Seasons,3,0.3333333333333333,False,False,False,False,True,False,False,False,538.15,51.45,4,3,1,2.7,468.4064299210848,1,1291.2631389033093,False,81.53333333333333
1678,519664,1970-12-09,52.0,F,True,True,usa,riverside,RAL,33.952,-117.445,2023-01-09,200,8,27.5,0.25,203.75,1.6,65.0,126.0,11.0,0.0,2,2,1.0,0,0.0,2,2,1.0,207.995,271.43708009408,0.0,0.0,0.0,415.99,0,0.0,1.0,0.0,1.0,0.0,Air North Charter - Canada,2,0.5,RAL-LSQ,2,0.5,1008.572089040823,1300.703364247622,0.0,2,157.0,49.49747468305833,1,0.5,0.1,19.2,19.2,294.8,6.0,7.0710678118654755,1.0,0.0,Four Seasons,2,0.5,False,True,False,False,True,False,False,False,710.79,19.2,1,2,2,1.6,928.0087512504167,2,2558.2558575706116,True,207.995
1683,519709,1992-02-28,31.0,F,True,False,usa,chicago,MDW,41.786,-87.752,2023-01-09,200,9,19.0,0.6666666666666666,207.56151666666668,1.5,37.0,48.0,46.4,186.0,5,2,0.4,1,0.2,5,5,1.0,162.99,114.045514013777,0.05,12.6295,12.6295,639.3305,2,0.4,1.3333333333333333,0.4472135954999579,0.6,0.8944271909999159,American Airlines,5,0.2,MDW-EFD,5,0.2,917.3092586109639,596.7501999837193,0.0,2,225.5,34.64823227814083,0,0.0,0.0,0.0,0.0,451.0,2.5,0.7071067811865476,1.0,0.0,Conrad,2,0.5,False,False,False,False,False,False,False,True,1090.3305,12.6295,3,5,3,3.5,569.4150147049016,1,1569.7150428750513,False,122.2425
1684,519718,1971-12-22,51.0,F,True,True,usa,buffalo,BUF,42.94,-78.732,2023-01-09,200,8,37.25,0.625,752.566226,2.0,102.0,104.0,6.25,4.0,4,3,0.75,1,0.25,3,3,1.0,213.89,167.669159954954,0.05,0.0,0.0,427.78,1,0.3333333333333333,1.0,0.0,0.3333333333333333,0.5773502691896257,American Airlines,2,0.6666666666666666,BUF-PNE,3,0.3333333333333333,1211.5182371297713,850.8372655787167,0.0,4,135.66666666666666,75.1021526544568,1,0.25,0.0,0.0,0.0,407.0,3.5,3.0,1.0,0.0,Starwood,4,0.25,False,False,False,False,True,False,False,True,834.78,0.0,1,4,2,2.0999999999999996,544.9451633877959,1,1502.258631088504,True,213.89
1686,519725,1983-01-18,40.0,F,True,True,usa,louisville,LOU,38.228,-85.664,2023-01-09,200,8,16.75,0.25,124.5,1.6,85.0,146.0,5.0,0.0,2,1,0.5,0,0.0,1,1,1.0,232.88,0.0,0.0,0.0,0.0,232.88,0,0.0,1.0,0.0,1.0,0.0,United Airlines,1,1.0,LOU-EFD,1,1.0,1297.1498192243598,0.0,0.0,2,120.0,80.61017305526642,1,0.5,0.05,8.85,8.85,231.15,2.0,1.414213562373095,1.0,0.0,Extended Stay,2,0.5,False,True,False,True,True,False,False,False,464.03,8.85,1,2,1,1.25,605.8384344781593,1,1670.1240388701178,True,232.88
1688,519747,1978-12-10,44.0,M,True,False,usa,columbus,LCK,39.814,-82.928,2023-01-09,200,8,37.125,0.875,867.656723875,1.1428571428571428,24.0,24.0,8.333333333333334,1.0,6,6,1.0,1,0.16666666666666666,6,5,0.8333333333333334,343.27,249.306500918047,0.1,13.918,13.918,1702.432,2,0.3333333333333333,1.1428571428571428,0.408248290463863,0.3333333333333333,0.5163977794943223,Abu Dhabi Amiri Flight,5,0.16666666666666666,LCK-JFK,4,0.3333333333333333,1749.3781765319677,1254.5157362389707,0.0,6,156.2,51.39260647213761,2,0.3333333333333333,0.05,6.15,6.15,774.85,3.5,2.4289915602982237,1.1666666666666667,0.408248290463863,Four Seasons,6,0.16666666666666666,False,False,False,False,False,False,False,False,2477.282,20.068,4,5,5,4.6,1078.114668333889,3,2972.05512521478,False,300.36125
1690,519774,1969-08-17,53.0,F,False,True,usa,las vegas,LAS,36.08,-115.152,2023-01-09,200,8,16.5,0.375,122.625,1.6,58.0,132.0,11.0,0.0,3,2,0.6666666666666666,0,0.0,2,2,1.0,330.89,360.539605591397,0.0,0.0,0.0,661.78,0,0.0,1.0,0.0,1.0,0.0,American Airlines,2,0.5,LAS-PNE,2,0.5,1957.6565423960976,2173.318482226282,0.0,3,106.0,54.0277706369604,1,0.3333333333333333,0.2,32.2,32.2,285.8,6.333333333333333,5.507570547286102,1.0,0.0,Fairmont,3,0.3333333333333333,False,True,False,False,True,False,False,False,947.58,32.2,2,3,2,2.25,824.774811603868,2,2273.6692839580005,True,330.89
1691,519787,2006-06-22,17.0,F,False,True,canada,edmonton,YEG,53.31,-113.58,2023-01-09,200,9,33.888888888888886,0.3333333333333333,887.4444444444445,1.2857142857142858,24.0,96.0,76.5,69.0,2,0,0.0,1,0.5,1,1,1.0,0.0,0.0,0.0,0.0,0.0,0.0,1,1.0,2.0,0.0,1.0,0.0,Korean Air,1,1.0,YEG-GMP,1,1.0,0.0,0.0,0.0,1,128.0,0.0,0,0.0,0.0,0.0,0.0,128.0,7.0,0.0,2.0,0.0,Hilton,1,1.0,False,False,True,True,True,False,True,True,128.0,0.0,4,2,1,2.45,167.11703901300433,1,460.69408653616165,True,0.0
1698,519888,1984-11-10,38.0,F,False,False,usa,las vegas,LSV,36.236,-115.034,2023-01-09,200,7,21.428571428571427,0.42857142857142855,159.28571428571428,1.0,23.0,23.0,12.666666666666666,0.0,3,2,0.6666666666666666,0,0.0,2,2,1.0,500.57,204.961971594733,0.0,0.0,0.0,1001.14,0,0.0,1.0,0.0,1.0,0.0,Korean Air,2,0.5,LSV-AUS,2,0.5,2669.701080914454,1306.0648546650407,0.0,3,76.0,38.118237105091836,2,0.6666666666666666,0.2,15.625,31.25,196.75,5.333333333333333,2.516611478423583,1.0,0.0,Banyan Tree,3,0.3333333333333333,False,True,False,False,True,False,False,False,1197.89,31.25,4,3,3,3.4,1042.6449472046238,2,2874.2752047958475,False,500.57
1710,519982,2002-09-08,20.0,F,False,True,usa,memphis,MEM,35.042,-89.977,2023-01-09,200,8,38.75,0.25,1001.625,1.6,67.0,67.0,169.0,169.0,1,0,0.0,1,1.0,1,1,1.0,0.0,0.0,0.0,0.0,0.0,0.0,1,1.0,2.0,0.0,1.0,0.0,Ryanair,1,1.0,MEM-JRS,1,1.0,0.0,0.0,0.0,0,0.0,0.0,0,0.0,0.0,0.0,0.0,0.0,0.0,0.0,0.0,0.0,MISSING,0,0.0,False,False,True,True,True,True,False,True,0.0,0.0,1,1,0,0.65,0.0,1,0.0,False,0.0
1716,520152,1976-10-25,46.0,F,True,True,usa,phoenix,PHX,33.434,-112.008,2023-01-09,200,9,17.555555555555557,0.4444444444444444,130.88888888888889,1.2857142857142858,15.0,110.0,8.5,0.0,4,3,0.75,0,0.0,3,3,1.0,237.94,243.671409073777,0.1,9.904,9.904,703.916,1,0.3333333333333333,1.0,0.0,1.0,1.0,Air Canada,3,0.3333333333333333,PHX-BIF,3,0.3333333333333333,1395.978206269031,1421.8562380485746,0.0,4,184.25,114.141359725561,0,0.0,0.0,0.0,0.0,737.0,4.75,3.5,1.25,0.5,Hilton,4,0.25,False,True,False,False,False,False,False,True,1440.916,9.904,5,4,3,4.05,940.6313101033677,2,2593.052657794296,True,237.94
1718,520175,1971-12-13,51.0,F,False,False,usa,atlanta,ATL,33.64,-84.427,2023-01-09,200,8,27.0,0.375,200.375,1.6,58.0,118.0,7.666666666666667,0.0,3,3,1.0,0,0.0,3,3,1.0,305.42333333333335,56.56554104163889,0.1,25.723,25.723,890.547,1,0.3333333333333333,1.0,0.0,0.6666666666666666,0.5773502691896257,Air Canada,3,0.3333333333333333,ATL-DEN,3,0.3333333333333333,1644.5912098673664,269.8002466927694,0.0,3,119.0,88.61151166750288,1,0.3333333333333333,0.05,1.25,1.25,355.75,2.6666666666666665,0.5773502691896257,1.0,0.0,Accor,3,0.3333333333333333,False,True,False,False,False,False,False,False,1246.297,26.973,2,3,3,2.5999999999999996,1084.7784602645327,3,2990.42530191541,True,305.42333333333335
1719,520177,1970-03-28,53.0,F,True,False,usa,nashville,BNA,36.124,-86.678,2023-01-09,200,10,20.0,0.6,150.1,2.0,62.0,62.0,8.833333333333334,0.0,6,3,0.5,0,0.0,5,5,1.0,230.05,93.06962528129142,0.0,0.0,0.0,1150.25,0,0.0,1.0,0.0,0.4,0.5477225575051661,Delta Air Lines,4,0.4,BNA-EFD,5,0.2,1301.8977214404642,613.4816705306516,0.0,4,155.0,74.5072703387618,1,0.25,0.1,15.1,15.1,604.9,6.25,6.020797289396148,1.0,0.0,Choice Hotels,4,0.25,False,True,False,False,True,False,False,False,1755.15,15.1,2,5,4,3.4499999999999997,763.8423724574859,2,2105.6959009998545,False,230.05
1721,520188,1988-03-24,35.0,F,False,False,canada,victoria,YYJ,48.647,-123.426,2023-01-09,200,8,22.125,0.25,165.375,1.6,80.0,106.0,7.0,0.0,2,1,0.5,0,0.0,1,1,1.0,488.46,0.0,0.0,0.0,0.0,488.46,0,0.0,1.0,0.0,1.0,0.0,Allegiant Air,1,1.0,YYJ-ORD,1,1.0,2867.7281611872245,0.0,0.0,2,74.0,19.79898987322333,1,0.5,0.35,30.8,30.8,117.2,5.0,1.414213562373095,1.0,0.0,Banyan Tree,2,0.5,False,True,False,True,True,False,False,False,605.66,30.8,1,2,2,1.6,790.750826942314,2,2179.874847277278,True,488.46
1723,520225,1981-08-13,41.0,F,False,True,usa,san jose,SJC,37.362,-121.929,2023-01-09,200,7,16.142857142857142,0.5714285714285714,121.14285714285714,1.0,21.0,76.0,7.25,0.0,4,4,1.0,0,0.0,4,4,1.0,470.2225,113.795003808017,0.125,63.35825,126.7165,1754.1735,2,0.5,1.0,0.0,0.5,0.5773502691896257,Air France,4,0.25,SJC-ELP,4,0.25,2494.9118344333383,647.5396663940099,0.0,4,128.0,24.60352278299458,0,0.0,0.0,0.0,0.0,512.0,3.75,1.8929694486000912,1.0,0.0,Extended Stay,3,0.5,False,True,False,False,False,False,False,True,2266.1735,126.7165,4,4,5,4.35,1479.3601766005334,4,4078.1747285740475,False,470.2225
1726,520250,1968-10-04,54.0,M,True,False,usa,austin,AUS,30.194,-97.67,2023-01-09,200,8,18.625,0.5,138.875,1.1428571428571428,17.0,17.0,8.5,0.0,4,4,1.0,0,0.0,4,4,1.0,358.54,425.483378445426,0.0,0.0,0.0,1434.16,0,0.0,1.25,0.5,0.5,0.5773502691896257,United Airlines,3,0.5,AUS-DAL,4,0.25,1541.9813428094853,1462.0441782834152,0.0,4,154.75,79.81802219215074,1,0.25,0.05,13.7,13.7,605.3,2.5,1.7320508075688772,1.25,0.5,Accor,4,0.25,False,True,False,False,True,False,False,False,2039.46,13.7,4,4,4,4.0,1331.3613921307103,4,3670.184225496251,False,286.832
1727,520256,1981-05-12,42.0,F,True,False,usa,dallas,DAL,32.847,-96.852,2023-01-09,200,8,16.75,0.5,124.125,1.3333333333333333,52.0,52.0,14.0,0.0,4,3,0.75,0,0.0,3,3,1.0,186.00333333333333,142.892631837101,0.0,0.0,0.0,558.01,0,0.0,1.3333333333333333,0.5773502691896257,0.0,0.0,Air New Zealand,3,0.3333333333333333,DAL-EFD,3,0.3333333333333333,885.4655328375082,851.5108832912554,0.0,4,125.5,116.150764095636,1,0.25,0.05,4.25,4.25,497.75,5.25,4.645786621588784,1.25,0.5,Crowne Plaza,4,0.25,False,True,False,False,True,False,False,False,1055.76,4.25,2,4,3,2.8499999999999996,689.2011137045681,1,1899.9312062555389,False,139.5025
1730,520291,1987-09-08,35.0,M,True,False,usa,los angeles,LAX,33.942,-118.408,2023-01-09,200,8,24.75,0.375,183.125,1.3333333333333333,29.0,44.0,9.0,0.0,3,3,1.0,0,0.0,3,3,1.0,439.39666666666665,328.632712360369,0.0,0.0,0.0,1318.19,0,0.0,1.0,0.0,1.0,0.0,Frontier Airlines,3,0.3333333333333333,LAX-BOS,3,0.3333333333333333,2521.1787038655457,1834.4241954128963,0.0,3,118.66666666666667,24.37895267096873,1,0.3333333333333333,0.05,6.4,6.4,349.6,7.333333333333333,7.767453465154029,1.0,0.0,Radisson,3,0.3333333333333333,False,True,False,False,True,False,False,False,1667.79,6.4,3,3,4,3.35,1451.6464921640545,4,4001.775992625755,False,439.39666666666665
1731,520298,1982-08-16,40.0,F,False,False,usa,houston,EFD,29.607,-95.159,2023-01-09,200,8,20.5,0.25,152.375,2.0,97.0,144.0,6.5,0.0,2,1,0.5,0,0.0,1,1,1.0,311.82,0.0,0.3,93.546,93.546,218.274,1,1.0,1.0,0.0,2.0,0.0,JetBlue Airways,1,1.0,EFD-PHX,1,1.0,1686.9008783272611,0.0,0.0,2,282.5,23.33452377915607,1,0.5,0.05,14.95,14.95,550.05,4.0,0.0,1.0,0.0,Four Seasons,2,0.5,False,True,False,True,False,False,False,False,768.324,108.496,1,2,2,1.6,1003.1252490830276,2,2765.330651123514,True,311.82
1742,520429,1972-09-04,50.0,M,True,True,usa,winston-salem,INT,36.134,-80.222,2023-01-09,200,8,35.5,0.5,977.625,1.6,66.0,138.0,72.33333333333333,125.0,3,2,0.6666666666666666,1,0.3333333333333333,3,2,0.6666666666666666,541.185,306.905556238397,0.0,0.0,0.0,1082.37,1,0.3333333333333333,2.5,1.7320508075688772,1.6666666666666667,1.1547005383792515,Delta Air Lines,3,0.3333333333333333,INT-LAX,2,0.6666666666666666,3462.820856878424,2.6254850544756925e-13,0.0,2,177.0,39.59797974644666,0,0.0,0.0,0.0,0.0,354.0,4.0,2.8284271247461903,1.0,0.0,Aman Resorts,2,0.5,False,False,False,False,True,False,False,True,1436.37,0.0,1,3,3,2.1999999999999997,1250.2182360786928,3,3446.495651447638,True,216.474
1747,520497,1975-12-06,47.0,F,False,False,usa,long beach,LGB,33.818,-118.151,2023-01-09,200,8,16.5,0.375,123.375,1.3333333333333333,37.0,139.0,8.0,0.0,3,2,0.6666666666666666,0,0.0,3,3,1.0,640.8266666666667,16.866221667383993,0.5,312.235,312.235,1610.245,1,0.3333333333333333,1.0,0.0,1.0,1.0,Air New Zealand,3,0.3333333333333333,LGB-CLT,3,0.3333333333333333,3600.620179900263,311.0651326618927,0.0,2,81.5,23.33452377915607,0,0.0,0.0,0.0,0.0,163.0,3.5,2.1213203435596424,1.0,0.0,Accor,2,0.5,False,True,False,False,False,False,False,True,1773.245,312.235,3,3,4,3.35,1543.4346554407023,4,4254.809820207374,True,640.8266666666667
1749,520530,1983-04-18,40.0,F,True,False,usa,los angeles,LAX,33.942,-118.408,2023-01-09,200,8,16.875,0.5,125.75,1.3333333333333333,37.0,37.0,9.25,0.0,4,4,1.0,0,0.0,4,4,1.0,544.48,325.269035620259,0.05,36.438,36.438,2141.482,1,0.25,1.0,0.0,0.75,0.5,American Airlines,3,0.5,LAX-FAT,4,0.25,3032.6224173627716,1798.9433691796391,0.0,4,131.75,72.43100164984604,1,0.25,0.1,11.5,11.5,515.5,3.5,1.9148542155126762,1.0,0.0,Hyatt,4,0.25,False,True,False,False,False,False,False,False,2656.982,47.938,3,4,5,3.95,1734.4803302767589,5,4781.468341535249,False,544.48
1750,520532,1976-10-07,46.0,F,True,False,usa,washington,DCA,38.852,-77.037,2023-01-09,200,9,19.77777777777778,0.4444444444444444,146.33333333333334,1.2857142857142858,16.0,57.0,9.25,0.0,4,4,1.0,0,0.0,4,4,1.0,346.43,291.329813670577,0.0,0.0,0.0,1385.72,0,0.0,1.0,0.0,0.75,0.5,United Airlines,3,0.5,DCA-FTW,4,0.25,1847.9553671382241,1477.400245233051,0.0,4,96.75,33.39036787258665,1,0.25,0.25,26.25,26.25,360.75,4.5,1.2909944487358056,1.0,0.0,Conrad,4,0.25,False,True,False,False,True,False,False,False,1746.47,26.25,4,4,4,4.0,1140.097246582194,3,3142.9234426281646,False,346.43
1751,520539,1972-02-11,51.0,F,True,True,usa,little rock,LIT,34.729,-92.224,2023-01-09,200,7,19.571428571428573,0.5714285714285714,524.5311177142858,2.3333333333333335,123.0,130.0,79.66666666666667,217.0,3,3,1.0,1,0.3333333333333333,3,3,1.0,297.045,44.22952916321855,0.0,0.0,0.0,594.09,1,0.3333333333333333,2.0,1.1547005383792515,1.0,1.0,Southwest Airlines,3,0.3333333333333333,LIT-DAL,3,0.3333333333333333,1586.3656947523405,660.811757936148,0.0,3,90.5,40.30508652763321,1,0.3333333333333333,0.0,0.0,0.0,181.0,7.0,7.810249675906654,1.3333333333333333,0.5773502691896257,Conrad,3,0.3333333333333333,False,False,False,False,True,False,False,True,775.09,0.0,1,3,2,1.8499999999999999,674.6393008780705,1,1859.7884350693412,True,148.5225
1752,520556,1989-11-18,33.0,F,False,True,usa,austin,AUS,30.194,-97.67,2023-01-09,200,8,18.25,0.625,136.375,1.1428571428571428,8.0,28.0,8.4,0.0,5,3,0.6,0,0.0,4,4,1.0,249.7675,223.250974820567,0.05,10.711,10.711,988.359,1,0.25,1.0,0.0,0.75,0.5,Southwest Airlines,3,0.5,AUS-BNA,4,0.25,1318.7068258531085,1121.1379690389913,0.0,4,165.75,70.40537384792916,1,0.25,0.1,18.9,18.9,644.1,10.5,15.67375726067833,1.25,0.5,Accor,4,0.25,False,True,False,False,False,False,False,False,1632.459,29.611,5,5,4,4.65,852.5366074691564,2,2350.2006494147995,False,249.7675
1758,520696,1982-08-04,40.0,F,False,False,usa,lincoln,LNK,40.851,-96.759,2023-01-09,200,8,45.25,0.375,1048.25,2.6666666666666665,123.0,179.0,7.0,7.0,2,2,1.0,1,0.5,2,2,1.0,316.25,0.0,0.0,0.0,0.0,316.25,1,0.5,1.0,0.0,0.0,0.0,Ryanair,2,0.5,LNK-BIF,2,0.5,1954.5731927666936,449.42401424841376,0.0,2,61.0,0.0,1,0.5,0.0,0.0,0.0,61.0,2.5,0.7071067811865476,1.0,0.0,Crowne Plaza,2,0.5,False,False,False,False,True,False,False,True,377.25,0.0,1,2,1,1.25,492.5383044348116,1,1357.7878448888046,True,316.25
1761,520733,1983-01-10,40.0,F,True,False,usa,honolulu,HNL,21.316,-157.927,2023-01-09,200,8,18.0,0.375,135.625,1.1428571428571428,26.0,147.0,9.333333333333334,0.0,3,3,1.0,0,0.0,3,3,1.0,1080.8,318.263271365076,0.05,56.149,56.149,3186.251,1,0.3333333333333333,1.0,0.0,0.3333333333333333,0.5773502691896257,Alaska Airlines,3,0.3333333333333333,HNL-CLT,3,0.3333333333333333,6224.872935081551,1847.5379720363123,0.6666666666666666,3,149.33333333333334,39.20884254008697,0,0.0,0.0,0.0,0.0,448.0,3.3333333333333335,2.0816659994661326,1.0,0.0,Hilton,3,0.3333333333333333,False,True,False,False,False,False,False,True,3634.251,56.149,4,3,5,4.1,3163.256594531511,5,8720.197628584023,True,1080.8
1773,520861,1972-09-27,50.0,M,False,True,usa,austin,AUS,30.194,-97.67,2023-01-09,200,9,29.11111111111111,0.4444444444444444,919.1276355555556,1.5,39.0,70.0,71.0,166.0,3,2,0.6666666666666666,1,0.3333333333333333,3,3,1.0,344.515,17.274618664387354,0.0,0.0,0.0,689.03,1,0.3333333333333333,1.0,0.0,1.0,0.0,Alitalia,3,0.3333333333333333,AUS-FCO,3,0.3333333333333333,2104.727711655852,225.2490880231989,0.0,2,138.0,118.79393923933998,1,0.5,0.1,5.4,5.4,270.6,5.5,4.949747468305833,1.0,0.0,Choice Hotels,2,0.5,False,False,False,False,True,False,False,False,959.63,5.4,3,3,2,2.6500000000000004,835.2631466044237,2,2302.582636784879,False,344.515
1777,520885,1987-09-08,35.0,M,True,True,usa,el paso,ELP,31.807,-106.378,2023-01-09,200,8,43.375,0.75,1035.75,1.1428571428571428,20.0,79.0,49.8,165.0,5,4,0.8,1,0.2,5,4,0.8,216.1075,103.92140920747114,0.1,11.74,11.74,852.69,2,0.4,2.0,1.3416407864998738,1.2,1.0954451150103321,American Airlines,4,0.4,ELP-NAP,5,0.2,1419.672354803047,3843.425550247627,0.0,4,386.0,396.49716266324,0,0.0,0.0,0.0,0.0,1544.0,3.75,1.707825127659933,1.0,0.0,Best Western,4,0.25,False,False,False,False,False,False,False,True,2396.69,11.74,4,5,5,4.6,1251.6491757252418,3,3450.440344563604,False,108.05375
1782,520947,2000-12-23,22.0,O,True,True,usa,new york,LGA,40.777,-73.872,2023-01-10,199,8,24.25,0.5,465.209656875,1.1428571428571428,17.0,36.0,68.66666666666667,178.0,3,1,0.3333333333333333,1,0.3333333333333333,1,1,1.0,0.0,0.0,0.0,0.0,0.0,0.0,1,1.0,1.0,0.0,0.0,0.0,AirTran Airways,1,1.0,LGA-DAL,1,1.0,0.0,0.0,0.0,3,256.5,245.366053071732,2,0.6666666666666666,0.15,12.45,12.45,500.55,6.0,4.0,1.3333333333333333,0.5773502691896257,Starwood,3,0.3333333333333333,False,False,True,True,True,False,False,False,500.55,12.45,4,3,1,2.7,435.6793431143714,1,1201.0438802899776,False,0.0
1788,521033,1981-06-24,42.0,M,True,True,usa,chicago,ORD,41.979,-87.904,2023-01-10,199,8,18.875,0.5,140.25,1.3333333333333333,34.0,63.0,8.25,0.0,4,3,0.75,0,0.0,4,4,1.0,238.56,38.166546433580635,0.0,0.0,0.0,954.24,0,0.0,1.25,0.5,0.5,0.5773502691896257,American Airlines,3,0.5,ORD-BOS,4,0.25,1136.5616974159198,297.9609732188573,0.0,3,176.0,73.7360156233031,2,0.6666666666666666,0.075,9.55,19.1,508.9,6.0,6.244997998398398,1.3333333333333333,0.5773502691896257,Accor,3,0.3333333333333333,False,True,False,False,True,False,False,False,1463.14,19.1,3,4,3,3.25,955.1391580526843,2,2633.046663181717,False,190.848
1790,521060,1984-07-02,39.0,F,False,False,usa,burlington,BTV,44.472,-73.153,2023-01-10,199,8,21.25,0.625,158.625,1.3333333333333333,42.0,70.0,6.4,0.0,5,4,0.8,0,0.0,4,4,1.0,543.635,321.475477810257,0.0,0.0,0.0,2174.54,0,0.0,1.25,0.5,1.0,0.0,American Airlines,4,0.25,BTV-EFD,4,0.25,2479.13311818588,1387.456587457819,0.0,5,137.8,70.95561993246201,2,0.4,0.075,7.925,15.85,673.15,4.2,4.494441010848846,1.4,0.5477225575051661,Rosewood,4,0.4,False,True,False,False,True,False,False,False,2847.69,15.85,2,5,5,3.8,1487.1797525841948,4,4099.731072775507,False,434.908
1792,521065,1979-11-14,43.0,F,True,True,usa,new york,LGA,40.777,-73.872,2023-01-10,199,8,36.5,0.625,986.0,1.1428571428571428,10.0,82.0,76.25,209.0,4,2,0.5,1,0.25,4,4,1.0,647.1966666666667,359.625180616337,0.15,98.5125,98.5125,1843.0775,2,0.5,2.8,1.8929694486000912,1.0,2.0,Delta Air Lines,3,0.5,LGA-BOS,4,0.25,2824.8777445311794,1589.0063825282684,0.0,2,206.0,165.462986797652,1,0.5,0.25,80.75,80.75,331.25,1.5,0.7071067811865476,1.0,0.0,Crowne Plaza,2,0.5,False,False,False,False,False,False,False,False,2174.3275,179.2625,5,4,4,4.4,1419.4030220490163,4,3912.889927511547,False,231.1416666666667
1805,521212,1982-06-10,41.0,M,True,True,usa,dallas,DAL,32.847,-96.852,2023-01-10,199,7,46.42857142857143,0.5714285714285714,1173.126289,1.4,60.0,104.0,7.0,5.0,3,2,0.6666666666666666,1,0.3333333333333333,2,2,1.0,206.71,269.153125190847,0.25,99.2575,99.2575,314.1625,1,0.5,1.5,0.7071067811865476,1.5,0.7071067811865476,Allegiant Air,2,0.5,DAL-FTW,2,0.5,1135.1143488573546,1537.773175042016,0.0,3,211.5,170.412734265958,2,0.6666666666666666,0.15,13.65,13.65,409.35,7.0,2.6457513110645907,1.3333333333333333,0.5773502691896257,Rosewood,3,0.3333333333333333,False,False,False,False,False,False,False,False,723.5125,112.9075,2,3,2,2.25,629.7461806713349,1,1736.0308869010137,True,137.80666666666667
1806,521235,1989-06-21,34.0,F,False,False,usa,seattle,SEA,47.449,-122.309,2023-01-10,199,8,24.25,0.625,179.875,1.1428571428571428,16.0,16.0,45.6,0.0,5,5,1.0,0,0.0,5,5,1.0,805.824,363.49515021524,0.1,82.94825,165.8965,3863.2235,2,0.4,1.8,0.8366600265340756,1.2,0.8366600265340756,American Airlines,3,0.4,SEA-DEN,5,0.2,2816.2282551833887,1161.2010968452694,0.0,5,123.0,84.20213774008353,0,0.0,0.0,0.0,0.0,615.0,5.4,3.361547262794322,1.6,0.8944271909999159,Accor,5,0.2,False,True,False,False,False,False,False,True,4478.2235,165.8965,4,5,5,4.6,2338.710785495165,5,6447.159639491477,False,447.67999999999995
1807,521250,1992-11-19,30.0,M,False,False,usa,sacramento,MHR,38.554,-121.297,2023-01-10,199,8,19.375,0.25,142.625,1.6,86.0,86.0,8.0,0.0,2,1,0.5,0,0.0,2,2,1.0,557.43,129.089413973416,0.1,64.871,64.871,1049.989,1,0.5,1.0,0.0,0.0,0.0,SATA International,2,0.5,MHR-IAH,2,0.5,3055.6640875183493,654.056992637308,0.0,1,75.0,0.0,0,0.0,0.0,0.0,0.0,75.0,2.0,0.0,1.0,0.0,Starwood,1,1.0,False,True,False,False,False,False,True,True,1124.989,64.871,1,2,3,1.9499999999999997,1468.7877390796932,4,4049.0295290486715,False,557.43
1808,521259,1988-09-06,34.0,F,False,False,usa,knoxville,TYS,35.812,-83.993,2023-01-10,199,8,17.875,0.25,133.25,2.0,101.0,179.0,8.0,0.0,2,2,1.0,0,0.0,2,2,1.0,385.525,214.953390412899,0.15,35.0295,35.0295,736.0205,1,0.5,1.0,0.0,0.0,0.0,American Airlines,2,0.5,TYS-FTW,2,0.5,2146.053626214806,1237.6397547644117,0.0,2,94.0,16.97056274847714,1,0.5,0.1,10.6,10.6,177.4,3.5,0.7071067811865476,1.0,0.0,Fairmont,2,0.5,False,True,False,False,False,False,False,False,913.4205,45.6295,1,2,2,1.6,1192.56351042014,3,3287.5579911789373,True,385.525
1811,521293,1989-02-09,34.0,F,True,False,usa,akron,AKR,41.038,-81.467,2023-01-10,199,8,17.625,0.625,130.75,1.1428571428571428,18.0,18.0,7.6,0.0,5,5,1.0,0,0.0,5,5,1.0,196.804,91.95208388068211,0.0,0.0,0.0,984.02,0,0.0,1.0,0.0,0.4,0.5477225575051661,AirTran Airways,5,0.2,AKR-FTW,5,0.2,1121.8350425883855,517.5554778600409,0.0,5,195.4,78.44615988051933,2,0.4,0.15,33.8,67.6,909.4,5.2,7.19027120489902,1.0,0.0,Best Western,4,0.4,False,True,False,False,True,False,False,False,1893.42,67.6,4,5,4,4.25,988.8210750250083,2,2725.89811665406,False,196.804
1813,521298,1986-02-28,37.0,F,False,False,usa,san jose,SJC,37.362,-121.929,2023-01-10,199,8,16.625,0.375,123.875,1.3333333333333333,42.0,62.0,7.666666666666667,0.0,3,2,0.6666666666666666,0,0.0,3,3,1.0,379.1,226.848926160121,0.0,0.0,0.0,1137.3,0,0.0,2.0,1.7320508075688772,0.3333333333333333,0.5773502691896257,Allegiant Air,3,0.3333333333333333,SJC-LAX,3,0.3333333333333333,1678.416146285267,1697.1861370825177,0.0,2,202.5,43.1335136523794,1,0.5,0.1,23.3,23.3,381.7,3.0,1.414213562373095,2.5,2.1213203435596424,Extended Stay,2,0.5,False,True,False,False,True,False,False,False,1519.0,23.3,2,3,4,2.95,1322.1394909414248,3,3644.7620700439033,False,189.55
1815,521316,1980-03-21,43.0,F,False,False,usa,nashville,BNA,36.124,-86.678,2023-01-10,199,9,18.22222222222222,0.3333333333333333,134.44444444444446,1.2857142857142858,24.0,24.0,9.333333333333334,0.0,3,2,0.6666666666666666,0,0.0,2,2,1.0,233.69,202.967930471787,0.05,18.8605,18.8605,448.5195,1,0.5,1.0,0.0,0.5,0.7071067811865476,Allegiant Air,2,0.5,BNA-CLT,2,0.5,1442.3250470779453,1293.3722604673405,0.0,3,96.0,54.69003565550127,2,0.6666666666666666,0.075,8.175,16.35,271.65,6.666666666666667,2.516611478423583,1.0,0.0,Accor,3,0.3333333333333333,False,True,False,False,False,False,False,False,720.1695,35.2105,4,3,2,3.05,626.8364293097699,1,1728.0095310088761,False,233.69
1816,521331,1960-03-23,63.0,F,False,False,usa,cleveland,CLE,41.412,-81.85,2023-01-10,199,10,17.0,0.3,531.2405255,1.6666666666666667,40.0,118.0,101.5,118.0,2,1,0.5,1,0.5,2,1,0.5,13.77,0.0,0.0,0.0,0.0,13.77,1,0.5,1.0,0.0,0.5,0.7071067811865476,Air Berlin,2,0.5,CLE-AYT,2,0.5,180.0964831237036,6196.434975404129,0.0,1,48.0,0.0,0,0.0,0.0,0.0,0.0,48.0,6.0,0.0,1.0,0.0,InterContinental,1,1.0,False,False,False,False,True,False,True,True,61.77,0.0,3,2,1,2.0500000000000003,80.64702734244749,1,222.32088847920863,True,13.77
1817,521335,1990-05-09,33.0,F,False,False,usa,denver,DEN,39.858,-104.667,2023-01-10,199,7,30.142857142857142,0.5714285714285714,458.45939785714285,1.1666666666666667,43.0,43.0,5.666666666666667,3.0,3,2,0.6666666666666666,1,0.3333333333333333,2,2,1.0,245.79,0.0,0.0,0.0,0.0,245.79,1,0.5,1.0,0.0,0.0,0.0,American Airlines,1,1.0,DEN-LAX,2,0.5,1385.4691286312143,0.0,0.0,3,54.0,1.414213562373095,1,0.3333333333333333,0.0,0.0,0.0,108.0,5.666666666666667,3.2145502536643185,1.3333333333333333,0.5773502691896257,Starwood,3,0.3333333333333333,False,False,False,False,True,False,False,True,353.79,0.0,2,3,1,1.9,307.9392564188063,1,848.9008378938992,False,245.79
1827,521491,1989-02-07,34.0,F,False,False,usa,philadelphia,PNE,40.082,-75.011,2023-01-10,199,8,45.875,0.75,1054.75,2.0,104.0,114.0,44.8,187.0,5,2,0.4,1,0.2,4,4,1.0,309.02666666666664,312.055292750072,0.0,0.0,0.0,927.08,1,0.25,1.4,0.5,0.5,0.5773502691896257,Lufthansa,4,0.25,PNE-BRU,4,0.25,1725.022364464546,2625.367987414085,0.0,3,348.0,277.998201433031,1,0.3333333333333333,0.25,46.5,46.5,997.5,5.0,1.7320508075688772,1.0,0.0,Marriott,3,0.3333333333333333,False,False,False,False,True,False,False,False,1924.58,46.5,1,5,4,3.05,1005.0940966988996,2,2770.758203330519,True,220.73333333333332
1832,521607,1982-07-08,41.0,F,False,False,usa,bakersfield,BFL,35.433,-119.057,2023-01-10,199,8,16.5,0.375,123.0,1.3333333333333333,53.0,69.0,8.333333333333334,0.0,3,3,1.0,0,0.0,3,3,1.0,502.93666666666667,386.618989876769,0.125,37.71625,75.4325,1433.3775,2,0.6666666666666666,1.0,0.0,0.3333333333333333,0.5773502691896257,American Airlines,3,0.3333333333333333,BFL-CLT,3,0.3333333333333333,2582.5145635400772,1952.9165223628263,0.0,3,122.66666666666667,49.21720566360237,1,0.3333333333333333,0.15,13.2,13.2,354.8,3.3333333333333335,1.5275252316519468,1.0,0.0,Choice Hotels,2,0.6666666666666666,False,True,False,False,False,False,False,False,1788.1775,88.6325,2,3,4,2.95,1556.4319220295654,4,4290.639582953215,False,502.93666666666667
1839,521708,1976-06-24,47.0,F,True,False,usa,nashville,BNA,36.124,-86.678,2023-01-10,199,8,21.875,0.5,162.625,2.6666666666666665,121.0,121.0,7.75,0.0,4,3,0.75,0,0.0,4,4,1.0,285.3325,209.046093222683,0.2,18.166,18.166,1123.164,1,0.25,1.0,0.0,0.75,0.5,Allegiant Air,4,0.25,BNA-LGA,4,0.25,1532.7182243145583,957.6628097993339,0.0,3,108.66666666666667,24.8461935381123,1,0.3333333333333333,0.05,4.0,4.0,322.0,5.0,1.7320508075688772,1.0,0.0,Accor,3,0.3333333333333333,False,True,False,False,False,False,False,False,1445.164,22.166,1,4,3,2.4499999999999997,943.4044084694898,2,2600.6973002927557,True,285.3325
1846,521814,1981-07-11,42.0,F,True,True,canada,toronto,YKZ,43.862,-79.37,2023-01-10,199,7,18.571428571428573,0.7142857142857143,137.71428571428572,1.1666666666666667,52.0,52.0,8.0,0.0,5,4,0.8,0,0.0,5,5,1.0,491.584,435.063281523504,0.0,0.0,0.0,2457.92,0,0.0,1.2,0.4472135954999579,0.2,0.4472135954999579,Southwest Airlines,3,0.4,YKZ-IAH,5,0.2,2021.3474294723296,1301.1936922349573,0.0,4,148.75,82.52019954734315,1,0.25,0.1,15.9,15.9,579.1,3.75,1.2583057392117916,1.25,0.5,Extended Stay,4,0.25,False,True,False,False,True,False,False,False,3037.02,15.9,2,5,5,3.8,1586.0555931977326,4,4372.303608412668,False,409.65333333333336
1847,521818,2006-06-14,17.0,F,False,False,usa,boston,BOS,42.364,-71.005,2023-01-10,199,8,17.75,0.375,449.44670075,2.0,116.0,119.0,88.5,166.0,2,2,1.0,1,0.5,2,2,1.0,125.66,0.0,0.0,0.0,0.0,125.66,1,0.5,1.0,0.0,0.5,0.7071067811865476,Shenzhen Airlines,2,0.5,BOS-SZX,2,0.5,594.0564511651116,8609.806791488976,0.0,2,104.0,0.0,2,1.0,0.1,10.4,10.4,93.6,6.5,7.7781745930520225,1.0,0.0,Radisson,2,0.5,False,False,False,False,True,False,False,False,219.26,10.4,1,2,1,1.25,286.26626542180725,1,789.1545735462406,True,125.66
1867,522111,2001-04-11,22.0,F,False,True,usa,philadelphia,PHL,39.872,-75.241,2023-01-10,199,8,22.0,0.625,393.931855625,1.1428571428571428,22.0,67.0,83.5,264.0,4,1,0.25,1,0.25,3,2,0.6666666666666666,542.695,182.426478478317,0.0,0.0,0.0,1085.39,1,0.3333333333333333,1.75,0.5773502691896257,0.6666666666666666,0.5773502691896257,Lufthansa,3,0.3333333333333333,PHL-EDI,3,0.3333333333333333,3094.2288687335385,1625.120860059867,0.0,2,161.5,89.80256121069154,0,0.0,0.0,0.0,0.0,323.0,5.0,5.656854249492381,1.5,0.7071067811865476,Marriott,2,0.5,False,False,False,False,True,False,False,True,1408.39,0.0,4,4,3,3.65,919.3983069356452,2,2534.5193145963467,False,310.1114285714286
1869,522115,1984-10-14,38.0,M,False,True,usa,chicago,MDW,41.786,-87.752,2023-01-10,199,8,44.875,0.625,1097.0,1.3333333333333333,49.0,49.0,6.5,1.0,4,4,1.0,1,0.25,4,3,0.75,165.66,57.72378106118829,0.0,0.0,0.0,496.98,1,0.25,1.0,0.0,0.75,0.5,Aer Lingus,4,0.25,MDW-JFK,3,0.5,1138.711219930673,131.42229575373034,0.0,4,334.3333333333333,299.267995838735,2,0.5,0.15,37.35,37.35,965.65,3.25,1.2583057392117916,1.0,0.0,Rosewood,4,0.25,False,False,False,False,True,False,False,False,1462.63,37.35,2,4,3,2.8499999999999996,954.8062295765255,2,2632.128874181196,False,165.66
1872,522152,1992-09-27,30.0,F,False,True,usa,dallas,DAL,32.847,-96.852,2023-01-10,199,8,23.75,0.375,638.710063125,2.0,92.0,152.0,87.0,109.0,2,2,1.0,1,0.5,2,2,1.0,381.11,0.0,0.0,0.0,0.0,381.11,1,0.5,1.6666666666666667,0.7071067811865476,1.5,0.7071067811865476,Delta Air Lines,1,1.0,DAL-YKZ,2,0.5,2001.216407490485,37.34122765555681,0.0,2,59.0,0.0,1,0.5,0.0,0.0,0.0,59.0,5.0,5.656854249492381,1.0,0.0,Marriott,2,0.5,False,False,False,False,True,False,False,True,440.11,0.0,1,2,1,1.25,574.6084378126042,1,1584.0318314486726,True,228.666
1874,522179,1982-11-06,40.0,M,True,True,usa,dallas,DAL,32.847,-96.852,2023-01-10,199,8,17.0,0.375,127.375,1.6,61.0,61.0,7.333333333333333,0.0,3,2,0.6666666666666666,0,0.0,3,3,1.0,292.8466666666667,101.88713968569995,0.35,88.8335,88.8335,789.7065,1,0.3333333333333333,1.6666666666666667,1.1547005383792515,1.0,1.0,AirTran Airways,2,0.6666666666666666,DAL-FAT,3,0.3333333333333333,1296.4411826306016,869.3750145219007,0.0,2,110.0,46.66904755831214,0,0.0,0.0,0.0,0.0,220.0,3.0,0.0,2.0,1.414213562373095,Extended Stay,2,0.5,False,True,False,False,False,False,False,True,1009.7065,88.8335,2,3,2,2.25,878.8497945426252,2,2422.7386129537754,False,175.708
1878,522233,1983-05-21,40.0,M,False,False,usa,norfolk,NGU,36.938,-76.289,2023-01-10,199,8,42.375,0.75,1081.125,1.1428571428571428,22.0,22.0,7.8,6.0,5,4,0.8,1,0.2,4,4,1.0,551.0366666666666,594.198137520923,0.1,121.049,121.049,1532.061,2,0.5,1.2,0.5,0.75,0.5,Allegiant Air,4,0.25,NGU-PHX,4,0.25,1872.6950023463567,1418.3283821070136,0.0,5,138.25,58.27735409230587,2,0.4,0.1,9.4,9.4,543.6,4.8,1.6431676725154982,1.4,0.5477225575051661,Hyatt,5,0.2,False,False,False,False,False,False,False,False,2075.661,130.449,4,5,4,4.25,1083.9947509836613,3,2988.2648386054248,False,459.1972222222222
1881,522265,1982-01-09,41.0,F,False,True,usa,bakersfield,BFL,35.433,-119.057,2023-01-10,199,8,18.75,0.5,139.625,1.6,80.0,129.0,7.0,0.0,4,3,0.75,0,0.0,3,3,1.0,448.5233333333333,305.910703365105,0.0,0.0,0.0,1345.57,0,0.0,1.0,0.0,0.3333333333333333,0.5773502691896257,Delta Air Lines,3,0.3333333333333333,BFL-JFK,3,0.3333333333333333,2414.0446502722084,1668.9219963729577,0.0,4,111.0,38.05259518088089,2,0.5,0.1,8.8,17.6,426.4,4.25,1.707825127659933,1.0,0.0,Banyan Tree,4,0.25,False,True,False,False,True,False,False,False,1771.97,17.6,1,4,4,2.8,1156.74367039013,3,3188.812892654228,True,448.5233333333333
1891,522420,1992-10-04,30.0,F,True,False,usa,oakland,OAK,37.721,-122.221,2023-01-10,199,9,18.22222222222222,0.2222222222222222,739.3266056666666,1.8,81.0,88.0,280.0,273.0,1,1,1.0,1,1.0,1,1,1.0,0.0,0.0,0.0,0.0,0.0,0.0,1,1.0,1.0,0.0,0.0,0.0,Bangkok Airways,1,1.0,OAK-BKK,1,1.0,0.0,0.0,0.0,1,0.0,0.0,1,1.0,0.0,0.0,0.0,0.0,10.0,0.0,1.0,0.0,NH Hotel,1,1.0,False,False,True,True,True,True,True,True,0.0,0.0,1,1,0,0.65,0.0,1,0.0,False,0.0
1900,522484,1973-03-06,50.0,F,True,False,usa,washington,DCA,38.852,-77.037,2023-01-10,199,10,19.2,0.6,143.7,1.4285714285714286,19.0,19.0,7.166666666666667,0.0,6,4,0.6666666666666666,0,0.0,6,6,1.0,496.365,252.303614302293,0.0,0.0,0.0,2978.19,0,0.0,1.5,0.8366600265340756,0.0,0.0,United Airlines,5,0.3333333333333333,DCA-AUS,6,0.16666666666666666,2021.2394040371935,1075.315583586033,0.0,4,169.0,155.424150847501,1,0.25,0.1,7.0,7.0,669.0,5.75,4.272001872658765,1.0,0.0,Banyan Tree,4,0.25,False,True,False,False,True,False,False,False,3647.19,7.0,4,5,5,4.6,1587.259358119373,4,4375.622045504748,False,330.91
1911,522639,1988-06-13,35.0,F,False,False,usa,chicago,MDW,41.786,-87.752,2023-01-10,199,8,17.375,0.25,128.625,1.1428571428571428,24.0,45.0,8.0,0.0,2,2,1.0,0,0.0,2,1,0.5,298.655,268.141962493751,0.2,21.81,21.81,575.5,1,0.5,1.0,0.0,0.5,0.7071067811865476,Air Canada,2,0.5,MDW-LAX,2,0.5,1993.007569728053,1157.6532739156655,0.0,2,232.0,117.37972567696688,0,0.0,0.0,0.0,0.0,464.0,5.5,3.5355339059327378,1.0,0.0,Best Western,2,0.5,False,True,False,False,False,False,False,True,1039.5,21.81,4,2,2,2.8,1357.1731410470156,4,3741.3398668307814,False,298.655
1917,522761,1983-10-13,39.0,M,False,False,usa,houston,HOU,29.645,-95.279,2023-01-10,199,8,65.125,0.5,1197.75,1.3333333333333333,30.0,138.0,7.666666666666667,5.0,3,3,1.0,1,0.3333333333333333,3,3,1.0,442.515,172.611836355448,0.0,0.0,0.0,885.03,1,0.3333333333333333,1.25,0.5773502691896257,0.6666666666666666,0.5773502691896257,United Airlines,3,0.3333333333333333,HOU-JFK,3,0.3333333333333333,1855.7785693367523,454.3911954578749,0.0,3,271.0,332.340187157677,1,0.3333333333333333,0.0,0.0,0.0,542.0,2.6666666666666665,1.1547005383792515,1.3333333333333333,0.5773502691896257,InterContinental,3,0.3333333333333333,False,False,False,False,True,False,False,True,1427.03,0.0,3,3,3,3.0,1242.088688451706,3,3424.0848036963475,True,354.012
1925,522937,1978-02-01,45.0,F,False,False,usa,phoenix,LUF,33.535,-112.383,2023-01-11,198,8,26.625,0.875,197.625,1.3333333333333333,29.0,29.0,10.0,0.0,7,5,0.7142857142857143,0,0.0,7,6,0.8571428571428571,367.50857142857143,177.288753866733,0.0,0.0,0.0,2572.56,0,0.0,1.0,0.0,0.8571428571428571,0.6900655593423543,Ryanair,6,0.2857142857142857,LUF-AUS,7,0.14285714285714285,2219.2427608850708,929.6221561454654,0.0,5,89.2,67.17291120682503,2,0.4,0.125,15.3,30.6,415.4,3.2,1.7888543819998317,1.0,0.0,Hilton,4,0.4,False,True,False,False,True,False,False,False,2987.96,30.6,3,5,5,4.2,1114.596044395751,3,3072.6238901932807,False,367.50857142857143
1930,522981,1986-06-11,37.0,F,False,False,usa,atlanta,ATL,33.64,-84.427,2023-01-11,198,8,20.5,0.625,153.125,1.6,84.0,84.0,6.8,0.0,5,4,0.8,0,0.0,5,4,0.8,231.542,179.954125043023,0.0,0.0,0.0,1157.71,0,0.0,1.0,0.0,0.6,0.8944271909999159,Air Canada,5,0.2,ATL-LOU,5,0.2,1415.2488467496594,952.8568399119658,0.0,4,236.5,136.817396554678,1,0.25,0.1,36.7,36.7,909.3,3.75,1.5,1.0,0.0,Banyan Tree,4,0.25,False,True,False,False,True,False,False,False,2067.01,36.7,1,5,4,3.05,1079.4768462820941,3,2975.8102619097235,False,231.542
1935,523077,1992-03-17,31.0,F,False,False,usa,corpus christi,CRP,27.77,-97.501,2023-01-11,198,8,19.0,0.5,139.25,1.1428571428571428,18.0,18.0,7.25,0.0,4,1,0.25,0,0.0,1,1,1.0,551.81,0.0,0.0,0.0,0.0,551.81,0,0.0,1.0,0.0,1.0,0.0,Delta Air Lines,1,1.0,CRP-SEA,1,1.0,3071.5659099910868,0.0,0.0,4,140.5,57.876304880898076,1,0.25,0.1,13.9,13.9,548.1,6.75,3.095695936834452,1.25,0.5,Choice Hotels,4,0.25,False,True,False,True,True,False,False,False,1099.91,13.9,4,4,3,3.65,718.022274924975,1,1979.3829403202717,False,551.81
1938,523146,1975-08-21,47.0,F,False,True,usa,new york,LGA,40.777,-73.872,2023-01-11,198,8,17.875,0.5,133.375,1.1428571428571428,12.0,134.0,9.75,0.0,4,4,1.0,0,0.0,4,4,1.0,314.1825,263.495401145826,0.25,176.785,176.785,1079.945,1,0.25,1.25,0.5,0.25,0.5,Delta Air Lines,3,0.5,LGA-LSQ,4,0.25,1619.362487479207,1583.3858169218108,0.0,4,174.5,57.07597276145775,1,0.25,0.15,17.7,17.7,680.3,7.25,9.215023964519391,1.25,0.5,Best Western,4,0.25,False,True,False,False,False,False,False,False,1760.245,194.485,5,4,4,4.4,1149.0895794431476,3,3167.7127435736165,True,251.346
1950,523338,1985-09-16,37.0,F,True,True,usa,new york,LGA,40.777,-73.872,2023-01-11,198,9,22.22222222222222,0.4444444444444444,163.11111111111111,1.8,74.0,74.0,8.5,0.0,4,4,1.0,0,0.0,4,4,1.0,148.135,104.468413248535,0.0,0.0,0.0,592.54,0,0.0,1.0,0.0,1.0,0.0,AirTran Airways,4,0.25,LGA-BOS,4,0.25,819.8443008979152,603.6642049713494,0.0,4,451.25,326.690857947795,1,0.25,0.1,18.1,18.1,1786.9,3.75,2.753785273643051,1.0,0.0,Hilton,3,0.5,False,True,False,False,True,False,False,False,2379.44,18.1,1,4,5,3.15,1553.3006535511838,4,4282.00756745158,False,148.135
1951,523392,1984-04-13,39.0,F,False,False,usa,houston,IAH,29.98,-95.34,2023-01-11,198,10,18.2,0.3,134.4,1.4285714285714286,18.0,160.0,8.333333333333334,0.0,3,2,0.6666666666666666,0,0.0,3,3,1.0,443.16333333333336,214.427219898345,0.1,41.415,41.415,1288.075,1,0.3333333333333333,1.3333333333333333,0.5773502691896257,0.3333333333333333,0.5773502691896257,United Airlines,2,0.6666666666666666,IAH-LRF,3,0.3333333333333333,1686.2133467714254,389.69250901445497,0.0,2,157.5,144.956890143242,0,0.0,0.0,0.0,0.0,315.0,2.0,0.0,1.5,0.7071067811865476,Choice Hotels,2,0.5,False,True,False,False,False,False,False,True,1603.075,41.415,4,3,4,3.75,1395.3184756029789,4,3846.495691531028,True,332.37250000000006
1971,523690,1981-02-23,42.0,M,False,False,usa,lincoln,LNK,40.851,-96.759,2023-01-11,198,8,18.0,0.5,133.875,1.1428571428571428,11.0,11.0,10.5,0.0,4,2,0.5,0,0.0,2,1,0.5,189.28,115.17355251966487,0.0,0.0,0.0,378.56,0,0.0,1.0,0.0,0.5,0.7071067811865476,American Airlines,1,1.0,LNK-CLT,2,0.5,1391.9546649077706,177.50114481540078,0.0,4,179.5,102.9255394285921,1,0.25,0.1,14.1,14.1,703.9,5.25,2.5,1.25,0.5,Choice Hotels,4,0.25,False,True,False,False,True,False,False,False,1082.46,14.1,5,4,3,4.05,706.6308986328776,1,1947.9801598122401,False,189.28
1972,523700,1965-02-02,58.0,F,True,True,usa,charlotte,CLT,35.214,-80.943,2023-01-11,198,8,17.875,0.125,134.875,2.6666666666666665,123.0,154.0,11.0,0.0,1,1,1.0,0,0.0,1,1,1.0,156.24,0.0,0.0,0.0,0.0,156.24,0,0.0,2.0,0.0,0.0,0.0,Allegiant Air,1,1.0,CLT-LCK,1,1.0,558.9334677655318,0.0,0.0,1,748.0,0.0,1,1.0,0.1,74.8,74.8,673.2,2.0,0.0,2.0,0.0,NH Hotel,1,1.0,False,True,False,True,True,False,True,False,829.44,74.8,1,1,2,1.35,2165.8368256085364,5,5970.5953615086555,True,78.12
1974,523715,1980-10-07,42.0,F,True,True,usa,portland,PWM,43.646,-70.309,2023-01-11,198,8,33.75,0.5,964.875,1.6,70.0,120.0,70.0,147.0,3,1,0.3333333333333333,1,0.3333333333333333,2,2,1.0,149.96,0.0,0.0,0.0,0.0,149.96,1,0.5,3.6666666666666665,2.8284271247461903,2.5,2.1213203435596424,Iberia Airlines,2,0.5,PWM-MAD,2,0.5,774.4487571981127,3249.591703092544,0.0,2,115.5,36.062445840513924,0,0.0,0.0,0.0,0.0,231.0,4.0,2.8284271247461903,1.0,0.0,Conrad,2,0.5,False,False,False,False,True,False,False,True,380.96,0.0,1,3,1,1.5,331.5880582416361,1,914.0938500355006,True,40.898181818181826
1977,523735,1968-11-27,54.0,F,True,True,canada,ottawa,YOW,45.323,-75.669,2023-01-11,198,9,19.0,0.4444444444444444,140.33333333333334,1.5,29.0,124.0,8.25,0.0,4,3,0.75,0,0.0,3,3,1.0,1123.0466666666666,780.858013747271,0.3,139.011,139.011,3230.129,1,0.3333333333333333,2.0,1.0,0.6666666666666666,1.1547005383792515,Delta Air Lines,2,0.6666666666666666,YOW-EFD,3,0.3333333333333333,2820.0758585894487,494.2177669588226,0.0,4,88.5,28.629821282478638,1,0.25,0.2,12.6,12.6,341.4,6.25,5.251983752196243,2.0,0.816496580927726,Conrad,4,0.25,False,True,False,False,False,False,False,False,3571.529,151.611,3,4,5,3.95,2331.4974657385796,5,6427.274571064106,True,561.5233333333333
1980,523768,1967-08-16,55.0,F,True,False,canada,montreal,YMX,45.68,-74.039,2023-01-11,198,8,46.75,0.5,1110.375,2.0,96.0,129.0,5.0,1.0,3,2,0.6666666666666666,1,0.3333333333333333,2,2,1.0,195.42,0.0,0.0,0.0,0.0,195.42,1,0.5,1.0,0.0,0.0,0.0,AirTran Airways,2,0.5,YMX-MDW,2,0.5,1181.9000635368743,0.0,0.0,3,100.5,21.920310216782973,1,0.3333333333333333,0.0,0.0,0.0,201.0,4.0,1.0,1.0,0.0,Crowne Plaza,3,0.3333333333333333,False,False,False,False,True,False,False,True,396.42,0.0,1,3,1,1.5,345.04446148716244,1,951.1893217951314,True,195.42
1988,523842,1981-02-01,42.0,M,True,False,usa,lincoln,LNK,40.851,-96.759,2023-01-11,198,8,22.5,0.5,168.625,1.3333333333333333,34.0,34.0,8.0,0.0,4,3,0.75,0,0.0,3,3,1.0,343.99,26.660540129562268,0.0,0.0,0.0,1031.97,0,0.0,1.0,0.0,0.6666666666666666,0.5773502691896257,Air Canada,3,0.3333333333333333,LNK-BWI,3,0.3333333333333333,1912.4726741340837,252.95143681344916,0.0,4,134.25,90.56995454711604,1,0.25,0.1,27.0,27.0,510.0,6.0,5.41602560309064,1.0,0.0,Four Seasons,3,0.5,False,True,False,False,True,False,False,False,1541.97,27.0,3,4,4,3.6,1006.599455651884,2,2774.9080492818953,False,343.99
2002,524038,1982-10-09,40.0,F,False,False,canada,montreal,YUL,45.468,-73.741,2023-01-11,198,8,16.875,0.5,125.5,2.0,103.0,116.0,6.5,0.0,4,4,1.0,0,0.0,4,4,1.0,391.9375,274.091395021807,0.0,0.0,0.0,1567.75,0,0.0,1.0,0.0,0.0,0.0,Air Canada,4,0.25,YUL-ELP,4,0.25,2186.8841434801802,1501.2480052180529,0.0,4,94.25,34.97022543059548,1,0.25,0.15,9.75,9.75,367.25,2.0,0.816496580927726,1.0,0.0,Accor,4,0.25,False,True,False,False,True,False,False,False,1935.0,9.75,1,4,4,2.8,1263.1698066022007,3,3482.1994431541902,True,391.9375
2003,524043,1968-08-14,54.0,F,True,False,usa,wichita,IAB,37.623,-97.267,2023-01-11,198,8,17.0,0.75,126.125,1.3333333333333333,33.0,33.0,6.666666666666667,0.0,6,5,0.8333333333333334,0,0.0,5,5,1.0,378.702,227.93698519547,0.0,0.0,0.0,1893.51,0,0.0,1.2,0.4472135954999579,0.8,0.4472135954999579,American Airlines,5,0.2,IAB-DTW,5,0.2,1711.3468215147993,527.0883478212969,0.0,6,133.66666666666666,66.20775382586746,4,0.6666666666666666,0.15,14.55,58.2,743.8,5.333333333333333,4.179314138308661,1.1666666666666667,0.408248290463863,Shangri-La,5,0.3333333333333333,False,True,False,False,True,False,False,False,2637.31,58.2,3,5,5,4.2,1147.758953540069,3,3164.0445868819907,False,315.58500000000004
2005,524052,1981-10-26,41.0,F,False,False,usa,santa ana,SNA,33.676,-117.868,2023-01-11,198,8,29.125,0.375,216.875,1.1428571428571428,9.0,119.0,7.0,0.0,3,3,1.0,0,0.0,3,3,1.0,495.6166666666667,212.53792939928,0.1,40.08,40.08,1446.77,1,0.3333333333333333,1.0,0.0,0.6666666666666666,0.5773502691896257,Air Canada,3,0.3333333333333333,SNA-BWI,3,0.3333333333333333,2639.3583809379775,933.3159643900512,0.0,3,149.0,135.974262270475,1,0.3333333333333333,0.15,45.9,45.9,401.1,3.3333333333333335,2.516611478423583,1.0,0.0,Banyan Tree,3,0.3333333333333333,False,True,False,False,False,False,False,False,1847.87,85.98,5,3,4,4.15,1608.3883483383347,4,4433.868654622796,True,495.6166666666667
2011,524120,1984-06-09,39.0,F,False,False,usa,honolulu,HNL,21.316,-157.927,2023-01-11,198,8,23.125,0.5,171.75,1.1428571428571428,9.0,83.0,8.0,0.0,4,4,1.0,0,0.0,4,4,1.0,1135.84,228.018713998069,0.125,145.6445,291.289,4252.071,2,0.5,1.0,0.0,0.75,0.9574271077563381,Allegiant Air,4,0.25,HNL-LAS,4,0.25,6319.188225767766,1496.0785295742617,0.75,4,149.5,77.31537147725973,0,0.0,0.0,0.0,0.0,598.0,7.0,3.559026084010437,1.0,0.0,Choice Hotels,4,0.25,False,True,False,False,False,False,False,True,4850.071,291.289,5,4,5,4.75,3166.1308770423475,5,8728.121206955188,False,1135.84
2017,524194,1988-12-17,34.0,F,False,False,usa,richmond,RIC,37.505,-77.319,2023-01-11,198,8,39.5,0.375,1008.0,1.1428571428571428,25.0,32.0,101.0,189.0,2,2,1.0,1,0.5,2,2,1.0,392.99,0.0,0.0,0.0,0.0,392.99,1,0.5,1.6666666666666667,0.7071067811865476,0.5,0.7071067811865476,easyJet,2,0.5,RIC-SXF,2,0.5,2042.0622736071223,3402.006915694809,0.0,2,55.0,0.0,1,0.5,0.0,0.0,0.0,55.0,6.0,5.656854249492381,1.0,0.0,Aman Resorts,2,0.5,False,False,False,False,True,False,False,True,447.99,0.0,4,2,1,2.45,584.8965805268423,1,1612.393311151055,False,235.79399999999998
2018,524200,1969-04-09,54.0,F,True,False,usa,new york,LGA,40.777,-73.872,2023-01-11,198,7,23.857142857142858,0.42857142857142855,179.28571428571428,1.1666666666666667,51.0,148.0,8.333333333333334,0.0,3,3,1.0,0,0.0,3,3,1.0,113.2,16.162775133002377,0.0,0.0,0.0,339.6,0,0.0,1.0,0.0,0.6666666666666666,0.5773502691896257,Air Canada,3,0.3333333333333333,LGA-YHM,3,0.3333333333333333,610.6115140232359,74.96841175137972,0.0,3,210.33333333333334,165.270485366666,2,0.6666666666666666,0.1,11.15,22.3,608.7,5.0,5.291502622129181,1.0,0.0,Hyatt,3,0.3333333333333333,False,True,False,False,True,False,False,False,948.3,22.3,2,3,2,2.25,825.4015005001667,2,2275.3968867825106,True,113.2
2021,524226,1978-02-25,45.0,F,True,True,usa,new york,LGA,40.777,-73.872,2023-01-11,198,8,21.125,0.5,157.25,1.6,69.0,69.0,6.5,0.0,4,4,1.0,0,0.0,4,4,1.0,296.3275,306.971386763761,0.075,18.725875,74.9035,1110.4065,4,1.0,1.0,0.0,0.25,0.5,Air Canada,4,0.25,LGA-IND,4,0.25,1570.5209962775089,1584.8296204336418,0.0,4,161.25,77.65897672945908,0,0.0,0.0,0.0,0.0,645.0,2.0,0.816496580927726,1.0,0.0,Rosewood,3,0.5,False,True,False,False,False,False,False,True,1755.4065,74.9035,1,4,4,2.8,1145.9310021257086,3,3159.0054453794555,False,296.3275
2022,524244,1987-07-18,36.0,F,False,False,usa,las vegas,LAS,36.08,-115.152,2023-01-11,198,8,19.5,0.375,144.375,1.3333333333333333,43.0,138.0,6.666666666666667,0.0,3,2,0.6666666666666666,0,0.0,2,2,1.0,546.15,237.969716140521,0.0,0.0,0.0,1092.3,0,0.0,1.0,0.0,0.5,0.7071067811865476,Southwest Airlines,2,0.5,LAS-HOU,2,0.5,2745.6802789967005,1058.8846264537856,0.0,3,125.0,18.193405398660254,1,0.3333333333333333,0.05,5.75,5.75,369.25,6.0,3.605551275463989,1.0,0.0,Aman Resorts,3,0.3333333333333333,False,True,False,False,True,False,False,False,1461.55,5.75,2,3,3,2.5999999999999996,1272.1349394242525,3,3506.9137613381617,True,546.15
2034,524448,1972-09-23,50.0,F,True,True,canada,ottawa,YOW,45.323,-75.669,2023-01-11,198,8,59.625,0.375,1156.25,2.6666666666666665,127.0,131.0,6.5,3.0,2,1,0.5,1,0.5,2,2,1.0,585.03,0.0,0.05,29.2515,29.2515,555.7785,2,1.0,1.0,0.0,0.5,0.7071067811865476,United Airlines,2,0.5,YOW-YWG,2,0.5,3551.7999406903264,1325.9809448683009,0.0,1,0.0,0.0,1,1.0,0.0,0.0,0.0,0.0,2.0,0.0,1.0,0.0,Banyan Tree,1,1.0,False,False,False,False,False,True,True,True,555.7785,29.2515,1,2,1,1.25,725.625447399133,1,2000.3427216713915,True,585.03
2050,524722,1972-01-20,51.0,M,True,True,usa,dallas,DAL,32.847,-96.852,2023-01-11,198,8,20.0,0.375,150.0,1.6,60.0,60.0,7.0,0.0,3,3,1.0,0,0.0,3,3,1.0,226.27333333333334,155.515016745436,0.05,19.0915,19.0915,659.7285,1,0.3333333333333333,1.0,0.0,0.6666666666666666,0.5773502691896257,American Airlines,2,0.6666666666666666,DAL-IAH,3,0.3333333333333333,1224.363960390264,804.6240562641515,0.0,3,124.0,39.949968710876355,1,0.3333333333333333,0.05,8.4,8.4,363.6,2.0,1.7320508075688772,1.0,0.0,Banyan Tree,2,0.6666666666666666,False,True,False,False,False,False,False,False,1023.3285,27.4915,2,3,2,2.25,890.7064003001,2,2455.423898614169,False,226.27333333333334
2057,524821,1996-06-03,27.0,F,True,True,usa,rochester,ROC,43.119,-77.672,2023-01-11,198,8,36.125,0.375,984.375,2.0,108.0,131.0,88.0,146.0,2,1,0.5,1,0.5,2,2,1.0,142.88,0.0,0.0,0.0,0.0,142.88,1,0.5,2.6666666666666665,0.7071067811865476,2.0,0.0,American Airlines,2,0.5,ROC-SAN,2,0.5,424.0163459615513,2259.3740585423984,0.0,1,0.0,0.0,1,1.0,0.0,0.0,0.0,0.0,11.0,0.0,2.0,0.0,Starwood,1,1.0,False,False,False,False,True,True,True,True,142.88,0.0,1,2,1,1.25,186.54439479826607,1,514.2497740959903,True,53.58
2058,524834,1980-06-16,43.0,F,True,True,usa,phoenix,LUF,33.535,-112.383,2023-01-11,198,8,20.625,0.25,155.125,2.6666666666666665,121.0,142.0,9.5,0.0,2,2,1.0,0,0.0,2,1,0.5,200.47,158.703045969509,0.15,13.2375,13.2375,387.7025,1,0.5,1.0,0.0,0.5,0.7071067811865476,Alaska Airlines,2,0.5,LUF-JFK,2,0.5,1972.1148671663043,2139.2070058978325,0.0,2,210.5,154.856385079854,1,0.5,0.05,5.05,5.05,415.95,2.0,0.0,1.0,0.0,InterContinental,2,0.5,False,True,False,False,False,False,False,False,803.6525,18.2875,1,2,2,1.6,1049.2502046515506,2,2892.484018593771,True,200.47
2071,524980,1974-09-05,48.0,F,True,False,usa,chicago,UGN,42.422,-87.868,2023-01-12,197,7,31.857142857142858,0.42857142857142855,729.0080585714286,1.1666666666666667,39.0,151.0,11.5,5.0,2,2,1.0,1,0.5,2,2,1.0,496.21,0.0,0.1,49.621,49.621,446.589,2,1.0,1.0,0.0,1.0,0.0,American Airlines,2,0.5,UGN-JFK,2,0.5,2785.792970817019,1129.8443683503651,0.0,2,107.0,0.0,1,0.5,0.0,0.0,0.0,107.0,4.5,2.1213203435596424,1.0,0.0,Starwood,2,0.5,False,False,False,False,False,False,False,True,553.589,49.621,3,2,1,2.0500000000000003,722.7668321107036,1,1992.4623333708375,True,496.21
2072,525022,1975-08-08,47.0,F,True,False,usa,st. louis,STL,38.748,-90.36,2023-01-12,197,8,42.375,0.5,1030.25,1.3333333333333333,35.0,47.0,69.33333333333333,185.0,3,1,0.3333333333333333,1,0.3333333333333333,2,2,1.0,210.48,0.0,0.0,0.0,0.0,210.48,1,0.5,1.6666666666666667,0.7071067811865476,1.0,0.0,AirTran Airways,2,0.5,STL-SJC,2,0.5,1107.7035660804797,1164.5961834402021,0.0,2,150.5,126.572113832392,1,0.5,0.05,12.0,12.0,289.0,2.0,1.414213562373095,1.5,0.7071067811865476,Four Seasons,1,1.0,False,False,False,False,True,False,False,False,499.48,12.0,3,3,1,2.3000000000000003,434.7480137823719,1,1198.4764705368855,False,126.28799999999998
2075,525053,1975-04-22,48.0,F,True,False,canada,calgary,YYC,51.114,-114.02,2023-01-12,197,8,18.875,0.375,139.625,1.3333333333333333,32.0,124.0,6.666666666666667,0.0,3,3,1.0,0,0.0,3,3,1.0,506.14,92.85868995414484,0.15,84.0825,84.0825,1434.3375,1,0.3333333333333333,1.0,0.0,0.3333333333333333,0.5773502691896257,Air India Limited,3,0.3333333333333333,YYC-DCA,3,0.3333333333333333,2869.694254147456,614.3400129133245,0.0,3,125.66666666666667,66.98009654616313,1,0.3333333333333333,0.05,5.35,5.35,371.65,2.3333333333333335,0.5773502691896257,1.0,0.0,Banyan Tree,3,0.3333333333333333,False,True,False,False,False,False,False,False,1805.9875,89.4325,3,3,4,3.35,1571.9337682005112,4,4333.373758376178,True,506.14
2087,525234,1969-08-03,53.0,F,False,False,usa,houston,HOU,29.645,-95.279,2023-01-12,197,8,37.25,0.625,990.75,2.0,88.0,122.0,60.75,191.0,4,3,0.75,1,0.25,3,3,1.0,459.625,41.160685732868934,0.1,43.052,43.052,876.198,2,0.6666666666666666,1.5,0.5773502691896257,0.3333333333333333,0.5773502691896257,Germanwings,3,0.3333333333333333,HOU-FCO,3,0.3333333333333333,2414.568820683447,189.81967439416636,0.0,4,296.0,260.60890238056,2,0.5,0.1,10.65,10.65,877.35,6.0,3.559026084010437,1.0,0.0,Hyatt,4,0.25,False,False,False,False,False,False,False,False,1753.548,53.702,1,4,4,2.8,1144.7177715905302,3,3155.66091428638,True,306.4166666666667
2089,525265,1978-03-12,45.0,M,True,False,usa,houston,EFD,29.607,-95.159,2023-01-12,197,9,20.333333333333332,0.3333333333333333,149.66666666666666,1.2857142857142858,18.0,18.0,11.333333333333334,0.0,3,3,1.0,0,0.0,3,3,1.0,465.29333333333335,98.71655247897048,0.1,39.636,39.636,1356.244,1,0.3333333333333333,1.3333333333333333,0.5773502691896257,1.3333333333333333,0.5773502691896257,American Airlines,3,0.3333333333333333,EFD-LAX,3,0.3333333333333333,2174.6474403089637,456.7563022363979,0.0,3,117.33333333333333,19.655363983740756,1,0.3333333333333333,0.1,10.7,10.7,341.3,2.3333333333333335,1.5275252316519468,1.3333333333333333,0.5773502691896257,Aman Resorts,3,0.3333333333333333,False,True,False,False,False,False,False,False,1697.544,50.336,4,3,4,3.75,1477.5444108036013,4,4073.1691793486566,False,348.97
2090,525281,1985-12-23,37.0,F,False,False,usa,chicago,MDW,41.786,-87.752,2023-01-12,197,8,20.875,0.625,154.625,1.6,59.0,59.0,6.2,0.0,5,5,1.0,0,0.0,5,5,1.0,290.672,175.544577016779,0.075,14.8715,29.743,1423.617,2,0.4,1.4,0.5477225575051661,0.4,0.5477225575051661,Air New Zealand,5,0.2,MDW-BWI,5,0.2,1171.090112535847,565.4122840383185,0.0,5,108.4,61.978221981596086,0,0.0,0.0,0.0,0.0,542.0,4.0,3.3166247903554,1.4,0.5477225575051661,Accor,5,0.2,False,True,False,False,False,False,False,True,1965.617,29.743,2,5,4,3.4499999999999997,1026.5252902300767,2,2829.83790092172,False,207.62285714285719
2093,525332,1993-07-09,30.0,F,False,False,canada,toronto,YKZ,43.862,-79.37,2023-01-12,197,8,43.625,0.75,726.311615375,1.3333333333333333,27.0,27.0,6.4,2.0,5,5,1.0,1,0.2,5,5,1.0,235.95,206.006176121009,0.15,30.6855,30.6855,913.1145,2,0.4,2.1666666666666665,1.3038404810405297,0.6,0.5477225575051661,American Airlines,5,0.2,YKZ-CMH,4,0.2,1222.8426057761735,1152.1246736515964,0.0,5,201.5,140.879381032144,1,0.2,0.05,0.0,0.0,806.0,5.2,2.7748873851023217,1.8,1.3038404810405297,Aman Resorts,5,0.2,False,False,False,False,False,False,False,True,1719.1145,30.6855,3,5,4,3.85,897.7916405135045,2,2474.955888214282,False,108.9
2100,525415,1986-05-05,37.0,F,True,True,canada,edmonton,YED,53.667,-113.467,2023-01-12,197,9,16.77777777777778,0.3333333333333333,124.22222222222223,1.5,42.0,67.0,11.0,0.0,3,3,1.0,0,0.0,3,3,1.0,444.8666666666667,101.06572234607208,0.0,0.0,0.0,1334.6,0,0.0,1.0,0.0,0.3333333333333333,0.5773502691896257,Air Canada,3,0.3333333333333333,YED-LAS,3,0.3333333333333333,2564.5905651503167,551.615223553191,0.0,3,104.66666666666667,38.00438571182717,1,0.3333333333333333,0.15,21.45,21.45,292.55,4.0,2.0,1.0,0.0,InterContinental,3,0.3333333333333333,False,True,False,False,True,False,False,False,1627.15,21.45,2,3,4,2.95,1416.2733855729687,4,3904.2624109756007,False,444.8666666666667
2102,525488,1995-11-04,27.0,F,False,True,usa,long beach,LGB,33.818,-118.151,2023-01-12,197,10,33.0,0.3,816.4,1.6666666666666667,46.0,122.0,103.0,121.0,2,1,0.5,1,0.5,2,2,1.0,1538.87,0.0,0.0,0.0,0.0,1538.87,1,0.5,1.3333333333333333,0.7071067811865476,0.0,0.0,SunExpress,2,0.5,LGB-AYT,2,0.5,3958.2213244582167,5346.023057080271,0.0,1,116.0,0.0,0,0.0,0.0,0.0,0.0,116.0,5.0,0.0,2.0,0.0,Aman Resorts,1,1.0,False,False,False,False,True,False,True,True,1654.87,0.0,2,2,4,2.7,2160.6013621207067,5,5956.162679578889,True,1154.1525
2103,525515,1991-02-26,32.0,F,False,True,canada,toronto,YTZ,43.627,-79.396,2023-01-12,197,8,18.625,0.5,138.5,1.3333333333333333,38.0,71.0,6.75,0.0,4,4,1.0,0,0.0,4,4,1.0,123.6125,58.190435282212256,0.0,0.0,0.0,494.45,0,0.0,1.25,0.5,0.75,0.9574271077563381,Aerolineas Argentinas,4,0.25,YTZ-JFK,4,0.25,587.145099190459,90.34992632144318,0.0,4,132.5,64.95382975621992,1,0.25,0.05,9.75,9.75,520.25,4.0,4.08248290463863,1.25,0.5,Extended Stay,3,0.5,False,True,False,False,True,False,False,False,1014.7,9.75,3,4,2,2.9000000000000004,662.3971073691231,1,1826.0401937822003,False,98.89
2106,525555,1982-01-22,41.0,F,False,True,canada,hamilton,YHM,43.173,-79.935,2023-01-12,197,9,22.666666666666668,0.4444444444444444,234.75261033333334,1.5,53.0,53.0,9.0,3.0,3,2,0.6666666666666666,1,0.3333333333333333,3,3,1.0,488.76,40.55964496886037,0.0,0.0,0.0,977.52,1,0.3333333333333333,1.0,0.0,0.6666666666666666,0.5773502691896257,AirTran Airways,2,0.3333333333333333,YHM-CMH,3,0.3333333333333333,2833.336712411758,1393.5987952688827,0.0,2,101.5,14.849242404917497,0,0.0,0.0,0.0,0.0,203.0,2.0,1.414213562373095,1.0,0.0,Crowne Plaza,2,0.5,False,False,False,False,True,False,False,True,1180.52,0.0,2,3,3,2.5999999999999996,1027.526077581416,2,2832.596786654529,False,488.76
2111,525631,1978-09-02,44.0,M,False,False,usa,new york,JFK,40.64,-73.779,2023-01-12,197,8,35.25,0.5,976.875,1.3333333333333333,42.0,132.0,79.33333333333333,135.0,3,1,0.3333333333333333,1,0.3333333333333333,2,2,1.0,1435.03,0.0,0.0,0.0,0.0,1435.03,1,0.5,2.0,0.0,1.0,0.0,British Airways,2,0.5,JFK-WAW,2,0.5,3974.209842999768,2031.8805947240517,0.0,2,83.5,28.991378028648448,0,0.0,0.0,0.0,0.0,167.0,6.5,3.5355339059327378,1.5,0.7071067811865476,Hilton,2,0.5,False,False,False,False,True,False,False,True,1602.03,0.0,2,3,4,2.95,1394.4089063021006,4,3843.98826798712,True,717.515
2113,525671,1978-11-09,44.0,F,True,False,usa,baltimore,BWI,39.175,-76.668,2023-01-12,197,8,31.125,0.5,231.375,1.1428571428571428,14.0,14.0,8.25,0.0,4,3,0.75,0,0.0,4,4,1.0,546.335,276.343210579405,0.0,0.0,0.0,2185.34,0,0.0,1.5,1.0,0.5,0.5773502691896257,American Airlines,2,0.75,BWI-LAX,4,0.25,2354.7104016936073,1722.0891183143874,0.0,3,94.0,10.816653826391969,1,0.3333333333333333,0.05,4.25,4.25,277.75,3.0,0.0,1.6666666666666667,1.1547005383792515,Banyan Tree,3,0.3333333333333333,False,True,False,False,True,False,False,False,2463.09,4.25,5,4,5,4.75,1607.9074516505502,4,4432.542959399822,False,364.22333333333336
2116,525722,1973-09-10,49.0,F,False,False,usa,phoenix,LUF,33.535,-112.383,2023-01-12,197,9,20.444444444444443,0.5555555555555556,152.22222222222223,1.2857142857142858,11.0,35.0,10.0,0.0,5,4,0.8,0,0.0,5,5,1.0,302.848,135.043864984678,0.1,28.938,28.938,1485.302,1,0.2,1.2,0.4472135954999579,0.2,0.4472135954999579,Southwest Airlines,4,0.4,LUF-DAL,4,0.4,1534.0750083355824,501.2462127080468,0.0,4,219.75,151.403159368181,1,0.25,0.05,1.9,1.9,877.1,2.0,0.816496580927726,1.0,0.0,Accor,4,0.25,False,True,False,False,False,False,False,False,2362.402,30.838,5,5,5,5.0,1233.7425849949984,3,3401.0769731912546,False,252.37333333333336
2120,525789,1963-11-25,59.0,F,True,False,usa,birmingham,BHM,33.563,-86.753,2023-01-12,197,9,16.88888888888889,0.4444444444444444,123.66666666666667,1.8,80.0,80.0,9.5,0.0,4,3,0.75,0,0.0,3,3,1.0,447.58,198.020905209526,0.0,0.0,0.0,1342.74,0,0.0,1.0,0.0,0.3333333333333333,0.5773502691896257,American Airlines,3,0.3333333333333333,BHM-LSQ,2,0.6666666666666666,2357.2140067908917,966.3794051620166,0.0,4,142.75,62.33979467402824,1,0.25,0.2,24.4,24.4,546.6,4.0,2.160246899469287,1.25,0.5,Fairmont,4,0.25,False,True,False,False,True,False,False,False,1889.34,24.4,1,4,4,2.8,1233.3629159719906,3,3400.0303338134045,False,447.58
2125,525844,1988-08-13,34.0,M,False,False,usa,fort worth,FTW,32.82,-97.362,2023-01-12,197,8,59.875,0.625,1157.625,2.0,105.0,123.0,7.0,1.0,4,4,1.0,1,0.25,4,3,0.75,218.41333333333333,48.314802424653806,0.2,0.0,0.0,655.24,1,0.25,1.0,0.0,0.5,0.5773502691896257,Southwest Airlines,4,0.25,FTW-LGA,3,0.5,1659.7357855942835,583.0066582476416,0.0,4,221.0,170.771777527787,1,0.25,0.0,0.0,0.0,663.0,3.0,1.632993161855452,1.0,0.0,Radisson,4,0.25,False,False,False,False,True,False,False,True,1318.24,0.0,1,4,3,2.4499999999999997,860.5483027675892,2,2372.2866118571474,True,218.41333333333333
2130,525975,1981-02-26,42.0,F,True,False,usa,austin,AUS,30.194,-97.67,2023-01-12,197,7,17.571428571428573,0.42857142857142855,131.57142857142858,1.1666666666666667,29.0,29.0,8.333333333333334,0.0,3,3,1.0,0,0.0,3,3,1.0,328.74333333333334,152.580120701661,0.1,45.359,45.359,940.871,1,0.3333333333333333,1.0,0.0,0.6666666666666666,0.5773502691896257,United Airlines,3,0.3333333333333333,AUS-MEM,3,0.3333333333333333,1885.5150533376536,870.6907031838739,0.0,3,167.33333333333334,143.615226676468,1,0.3333333333333333,0.15,15.3,15.3,486.7,2.3333333333333335,0.5773502691896257,1.0,0.0,Crowne Plaza,3,0.3333333333333333,False,True,False,False,False,False,False,False,1427.571,60.659,3,3,3,3.0,1242.559575525175,3,3425.3829052630977,False,328.74333333333334
2134,526062,1979-02-26,44.0,M,True,False,usa,montgomery,MXF,32.379,-86.362,2023-01-12,197,8,21.375,0.625,159.375,1.3333333333333333,41.0,41.0,7.6,0.0,5,3,0.6,0,0.0,4,4,1.0,283.63,162.519212197615,0.15,48.096,96.192,1038.328,2,0.5,1.25,0.5,0.5,0.5773502691896257,Allegiant Air,4,0.25,MXF-BNA,4,0.25,1336.2347548839307,841.0694175003811,0.0,4,243.5,127.317189203448,1,0.25,0.05,10.6,10.6,963.4,6.75,2.629955639676583,1.25,0.5,Aman Resorts,4,0.25,False,True,False,False,False,False,False,False,2001.728,106.792,2,5,4,3.4499999999999997,1045.3839258419473,2,2881.8257889183055,False,226.904
2138,526144,1981-02-06,42.0,F,False,True,usa,chicago,MDW,41.786,-87.752,2023-01-12,197,8,18.75,0.625,139.875,1.3333333333333333,27.0,27.0,8.0,0.0,5,4,0.8,0,0.0,5,5,1.0,363.3,89.44737698781334,0.075,31.71825,63.4365,1753.0635,2,0.4,1.2,0.4472135954999579,0.6,0.5477225575051661,American Airlines,5,0.2,MDW-AUS,5,0.2,1764.9713160903345,350.0756977354112,0.0,4,283.5,332.359744854879,1,0.25,0.05,39.05,39.05,1094.95,4.25,3.2015621187164243,1.25,0.5,Best Western,3,0.5,False,True,False,False,False,False,False,False,2848.0135,102.4865,3,5,5,4.2,1487.348697465822,4,4100.196805703615,False,302.75
2143,526203,1990-11-19,32.0,F,True,True,usa,new york,LGA,40.777,-73.872,2023-01-12,197,9,43.111111111111114,0.5555555555555556,383.4486988888889,1.2857142857142858,15.0,15.0,9.25,3.0,4,3,0.75,1,0.25,4,4,1.0,230.19666666666666,226.673224341415,0.1,47.642,47.642,642.948,2,0.5,1.0,0.0,1.0,0.816496580927726,Delta Air Lines,3,0.5,LGA-BOS,4,0.25,1219.0644852067799,1048.5338679675021,0.0,3,124.0,18.384776310850235,1,0.3333333333333333,0.0,0.0,0.0,248.0,7.333333333333333,3.0550504633038935,1.0,0.0,Aman Resorts,3,0.3333333333333333,False,False,False,False,False,False,False,True,890.948,47.642,5,4,2,3.7,581.6116862287429,1,1603.3377930125787,False,230.19666666666666
2153,526308,1979-08-10,43.0,F,True,False,canada,toronto,YYZ,43.677,-79.631,2023-01-12,197,8,50.0,0.75,1086.375,1.3333333333333333,28.0,28.0,10.0,2.0,5,3,0.6,1,0.2,4,4,1.0,277.4975,262.939384316994,0.0,0.0,0.0,1109.99,0,0.0,1.0,0.0,0.5,0.5773502691896257,Air France,4,0.25,YYZ-FAT,4,0.25,1553.6200366056478,1326.9625258942694,0.0,4,148.0,143.815854480652,1,0.25,0.0,0.0,0.0,444.0,5.75,2.217355782608345,1.25,0.5,Banyan Tree,4,0.25,False,False,False,False,True,False,False,True,1553.99,0.0,3,5,4,3.85,811.5568982994331,2,2237.2312610510307,False,277.4975
2165,526471,1982-01-21,41.0,M,False,False,usa,washington,IAD,38.944,-77.456,2023-01-12,197,8,17.375,0.75,129.0,1.1428571428571428,18.0,50.0,6.666666666666667,0.0,6,4,0.6666666666666666,0,0.0,6,6,1.0,323.60333333333335,285.180693362413,0.15,29.205,29.205,1912.415,1,0.16666666666666666,1.1666666666666667,0.408248290463863,0.6666666666666666,0.5163977794943223,Southwest Airlines,3,0.6666666666666666,IAD-IND,6,0.16666666666666666,1687.3909985657176,1564.2740453582003,0.0,4,214.25,126.923533410213,1,0.25,0.15,37.5,37.5,819.5,4.5,1.2909944487358056,1.25,0.5,Accor,3,0.5,False,True,False,False,False,False,False,False,2731.915,66.705,4,5,5,4.6,1188.9311084250305,3,3277.5444932797864,False,277.3742857142857
2174,526676,1986-09-23,36.0,F,False,True,canada,calgary,YYC,51.114,-114.02,2023-01-12,197,8,36.25,0.5,984.25,1.1428571428571428,21.0,118.0,69.66666666666667,99.0,3,2,0.6666666666666666,1,0.3333333333333333,3,2,0.6666666666666666,360.995,271.352227280338,0.25,42.28,42.28,679.71,2,0.6666666666666666,1.0,0.0,0.3333333333333333,0.5773502691896257,Southwest Airlines,3,0.3333333333333333,YYC-PHX,3,0.3333333333333333,2609.6110309421547,765.8789963938385,0.0,2,124.5,88.38834764831844,2,1.0,0.15,24.925,49.85,199.15,3.5,2.1213203435596424,1.0,0.0,Aman Resorts,2,0.5,False,False,False,False,False,False,False,False,878.86,92.13,4,3,2,3.05,764.9608380571301,2,2108.7791921519324,True,360.995
2177,526711,1990-01-26,33.0,F,False,False,usa,san francisco,SFO,37.619,-122.375,2023-01-12,197,8,23.0,0.25,169.375,1.3333333333333333,43.0,131.0,9.0,0.0,2,2,1.0,0,0.0,2,2,1.0,429.9,424.561053560027,0.2,146.022,146.022,713.778,1,0.5,1.0,0.0,0.0,0.0,AirTran Airways,2,0.5,SFO-NZY,2,0.5,2384.06857933102,2352.806836581906,0.0,2,48.0,11.313708498984761,1,0.5,0.2,11.2,11.2,84.8,3.0,1.414213562373095,1.0,0.0,Extended Stay,2,0.5,False,True,False,False,False,False,False,False,798.578,157.222,2,2,2,2.0,1042.624927975992,2,2874.220017483398,True,429.9
2178,526727,1960-09-21,62.0,F,True,True,usa,memphis,MEM,35.042,-89.977,2023-01-12,197,9,31.666666666666668,0.3333333333333333,870.7777777777778,1.8,60.0,139.0,103.0,118.0,2,1,0.5,1,0.5,2,2,1.0,238.57,0.0,0.0,0.0,0.0,238.57,1,0.5,3.0,2.1213203435596424,2.5,2.1213203435596424,WestJet,2,0.5,MEM-LGA,2,0.5,1264.9754390036496,201.2074769614084,0.0,1,249.0,0.0,0,0.0,0.0,0.0,0.0,249.0,3.0,0.0,1.0,0.0,Hilton,1,1.0,False,False,False,False,True,False,True,True,487.57,0.0,2,2,1,1.65,636.5723024341447,1,1754.848560722159,True,79.52333333333333
2190,526900,1971-04-13,52.0,F,True,False,usa,new orleans,NBG,29.825,-90.035,2023-01-12,197,8,16.25,0.375,120.875,1.1428571428571428,19.0,19.0,5.333333333333333,0.0,3,2,0.6666666666666666,0,0.0,3,3,1.0,292.7133333333333,143.096659756031,0.0,0.0,0.0,878.14,0,0.0,1.0,0.0,0.6666666666666666,0.5773502691896257,Air Canada,3,0.3333333333333333,NBG-DAL,3,0.3333333333333333,1753.744032140791,991.6476646427016,0.0,2,102.0,2.8284271247461903,2,1.0,0.15,15.2,30.4,173.6,2.5,0.7071067811865476,1.0,0.0,Conrad,2,0.5,False,True,False,False,True,False,False,False,1051.74,30.4,4,3,2,3.05,915.4358052684228,2,2523.595825903868,False,292.7133333333333
2203,527046,1984-01-07,39.0,F,True,True,usa,newark,EWR,40.692,-74.169,2023-01-12,197,9,16.555555555555557,0.3333333333333333,122.0,1.5,37.0,37.0,5.666666666666667,0.0,3,3,1.0,0,0.0,3,2,0.6666666666666666,446.1,426.2430258667,0.0,0.0,0.0,1338.3,0,0.0,1.3333333333333333,0.5773502691896257,0.3333333333333333,0.5773502691896257,Air New Zealand,3,0.3333333333333333,EWR-HLZ,3,0.3333333333333333,1704.5193831706176,1024.4589751492238,0.0,3,197.0,104.53229166147655,1,0.3333333333333333,0.05,15.0,15.0,576.0,4.0,2.0,1.3333333333333333,0.5773502691896257,Best Western,2,0.6666666666666666,False,True,False,False,True,False,False,False,1914.3,15.0,3,3,4,3.35,1666.2091030343447,4,4593.264009667574,False,334.57500000000005
2206,527082,1984-07-21,39.0,M,False,False,usa,el paso,BIF,31.849,-106.38,2023-01-12,197,8,16.375,0.375,122.25,1.6,61.0,61.0,9.333333333333334,0.0,3,2,0.6666666666666666,0,0.0,2,2,1.0,207.755,99.45456877388791,0.0,0.0,0.0,415.51,0,0.0,1.0,0.0,1.0,0.0,Euro Exec Express,2,0.5,BIF-SAT,2,0.5,1181.5867454250263,516.7377364808972,0.0,3,216.0,161.331955916985,1,0.3333333333333333,0.2,26.4,26.4,621.6,4.0,4.358898943540674,1.0,0.0,Choice Hotels,3,0.3333333333333333,False,True,False,False,True,False,False,False,1037.11,26.4,2,3,2,2.25,902.7018350561298,2,2488.4918962891593,False,207.755
2209,527132,1971-09-28,51.0,M,False,False,usa,chicago,UGN,42.422,-87.868,2023-01-12,197,8,25.75,0.25,190.5,1.3333333333333333,43.0,119.0,8.0,0.0,2,2,1.0,0,0.0,2,2,1.0,80.69,100.05560953789647,0.1,0.994,0.994,160.386,1,0.5,1.0,0.0,0.0,0.0,JetBlue Airways,2,0.5,UGN-DCA,2,0.5,526.9345127637818,662.5764914743171,0.0,2,154.5,31.81980515339464,0,0.0,0.0,0.0,0.0,309.0,3.0,0.0,1.0,0.0,Accor,2,0.5,False,True,False,False,False,False,False,True,469.386,0.994,2,2,1,1.65,612.8312380793598,1,1689.4012070536153,True,80.69
2210,527133,1976-01-25,47.0,F,False,False,usa,lubbock,LBB,33.664,-101.823,2023-01-12,197,9,51.22222222222222,0.6666666666666666,1013.1111111111111,1.5,29.0,29.0,9.4,4.0,5,4,0.8,1,0.2,4,4,1.0,375.18333333333334,113.790852151363,0.0,0.0,0.0,1125.55,1,0.25,1.0,0.0,1.0,0.0,Delta Air Lines,2,0.75,LBB-FAT,4,0.25,1995.4517266122032,473.32397280847124,0.0,5,115.5,61.14736298484179,3,0.6,0.225,28.075,56.15,405.85,4.0,3.162277660168379,1.0,0.0,Best Western,5,0.2,False,False,False,False,True,False,False,False,1531.4,56.15,3,5,4,3.85,799.759479826609,2,2204.709137879619,False,375.18333333333334
2215,527158,1973-04-15,50.0,F,True,False,canada,victoria,YYJ,48.647,-123.426,2023-01-13,196,8,21.75,0.5,480.060603875,1.3333333333333333,32.0,92.0,71.66666666666667,136.0,3,3,1.0,1,0.3333333333333333,3,3,1.0,477.595,483.639825128163,0.0,0.0,0.0,955.19,1,0.3333333333333333,2.0,1.0,1.0,0.0,China Eastern Airlines,3,0.3333333333333333,YYJ-MFM,3,0.3333333333333333,1207.014376227679,5287.2796739821715,0.0,3,169.5,161.927452891719,1,0.3333333333333333,0.0,0.0,0.0,339.0,4.666666666666667,4.725815626252609,1.6666666666666667,1.1547005383792515,Aman Resorts,3,0.3333333333333333,False,False,False,False,True,False,False,True,1294.19,0.0,3,3,3,3.0,1126.4645870845839,3,3105.342082574141,True,238.7975
2223,527326,1967-06-18,56.0,F,True,False,usa,tacoma,TCM,47.138,-122.476,2023-01-13,196,9,16.0,0.3333333333333333,118.77777777777777,1.5,49.0,71.0,6.333333333333333,0.0,3,1,0.3333333333333333,0,0.0,2,2,1.0,707.545,187.941911371572,0.15,126.066,126.066,1289.024,1,0.5,3.0,0.0,1.0,0.0,Alaska Airlines,2,0.5,TCM-DEN,2,0.5,1350.923213310566,413.55346071860293,0.0,2,167.0,21.213203435596427,0,0.0,0.0,0.0,0.0,334.0,1.5,0.7071067811865476,2.5,0.7071067811865476,Fairmont,2,0.5,False,True,False,False,False,False,False,True,1623.024,126.066,2,3,4,2.95,1412.6821100366788,4,3894.362287011808,False,235.84833333333333
2235,527451,1992-07-03,31.0,F,False,False,canada,toronto,YKZ,43.862,-79.37,2023-01-13,196,8,17.5,0.375,130.875,1.1428571428571428,18.0,57.0,6.666666666666667,0.0,3,3,1.0,0,0.0,3,3,1.0,109.53,7.539635269693091,0.0,0.0,0.0,328.59,0,0.0,1.0,0.0,0.6666666666666666,0.5773502691896257,American Airlines,3,0.3333333333333333,YKZ-LGA,2,0.6666666666666666,557.0257528275915,44.9347202286123,0.0,3,282.0,389.079683355479,1,0.3333333333333333,0.05,3.55,3.55,842.45,2.6666666666666665,1.1547005383792515,1.0,0.0,Hyatt,3,0.3333333333333333,False,True,False,False,True,False,False,False,1171.04,3.55,4,3,3,3.4,1019.2746737801489,2,2809.8500161318057,False,109.53
2237,527455,1996-03-02,27.0,F,True,False,canada,winnipeg,YWG,49.91,-97.234,2023-01-13,196,8,36.5,0.375,984.25,1.1428571428571428,23.0,77.0,129.5,199.0,2,1,0.5,1,0.5,2,2,1.0,430.0,0.0,0.0,0.0,0.0,430.0,1,0.5,1.6666666666666667,0.7071067811865476,1.0,0.0,United Airlines,2,0.5,YWG-XSP,2,0.5,2092.173164894341,8393.816179960037,0.0,1,83.0,0.0,1,1.0,0.1,8.3,8.3,74.7,7.0,0.0,1.0,0.0,Conrad,1,1.0,False,False,False,False,True,False,True,False,504.7,8.3,4,2,1,2.45,658.9372624208069,1,1816.502386521881,False,258.0
2252,527605,1990-08-19,32.0,F,False,False,canada,toronto,YKZ,43.862,-79.37,2023-01-13,196,8,19.5,0.375,146.0,1.1428571428571428,21.0,21.0,5.0,0.0,3,2,0.6666666666666666,0,0.0,3,3,1.0,452.5,105.65010743013941,0.1,34.568,34.568,1322.932,1,0.3333333333333333,1.0,0.0,0.3333333333333333,0.5773502691896257,JetBlue Airways,3,0.3333333333333333,YKZ-BIF,3,0.3333333333333333,2571.0949384902356,568.1235047347617,0.0,2,123.5,13.435028842544403,0,0.0,0.0,0.0,0.0,247.0,4.5,0.7071067811865476,1.0,0.0,Marriott,2,0.5,False,True,False,False,False,False,False,True,1569.932,34.568,4,3,4,3.75,1366.4707671446035,4,3766.9707742910896,False,452.5
2270,527995,1972-05-27,51.0,F,True,True,usa,nashville,BNA,36.124,-86.678,2023-01-13,196,8,20.625,0.375,152.75,1.6,68.0,124.0,6.333333333333333,0.0,3,1,0.3333333333333333,0,0.0,2,2,1.0,477.745,201.645640790968,0.0,0.0,0.0,955.49,0,0.0,1.0,0.0,1.0,0.0,United Airlines,1,1.0,BNA-DEN,2,0.5,2452.4922815965715,1167.351726975094,0.0,2,138.0,35.35533905932738,1,0.5,0.1,16.3,16.3,259.7,3.0,1.414213562373095,1.0,0.0,Banyan Tree,2,0.5,False,True,False,False,True,False,False,False,1215.19,16.3,1,3,3,2.1999999999999997,1057.7028887406914,2,2915.7856615514493,True,477.745
2277,528122,1986-01-18,37.0,F,False,True,canada,toronto,YYZ,43.677,-79.631,2023-01-13,196,7,25.285714285714285,0.5714285714285714,187.42857142857142,1.1666666666666667,35.0,35.0,7.25,0.0,4,4,1.0,0,0.0,4,4,1.0,245.7825,329.543090391833,0.0,0.0,0.0,983.13,0,0.0,1.25,0.5,0.75,0.5,Ryanair,3,0.5,YYZ-BWI,4,0.25,1234.82777538469,1511.067360029395,0.0,4,279.0,186.05196406739,1,0.25,0.1,21.2,21.2,1094.8,4.0,4.69041575982343,1.25,0.5,Extended Stay,4,0.25,False,True,False,False,True,False,False,False,2077.93,21.2,3,4,4,3.6,1356.4746440480158,4,3739.4143095159616,False,196.626
2285,528216,1973-06-23,50.0,F,True,True,usa,houston,EFD,29.607,-95.159,2023-01-13,196,8,24.875,0.375,185.625,1.6,84.0,128.0,9.333333333333334,0.0,3,3,1.0,0,0.0,3,3,1.0,332.9066666666667,72.33522263277645,0.0,0.0,0.0,998.72,0,0.0,1.0,0.0,0.6666666666666666,0.5773502691896257,American Airlines,3,0.3333333333333333,EFD-CLT,3,0.3333333333333333,2007.449930190666,492.5816298370579,0.0,3,114.33333333333333,23.860706890897706,1,0.3333333333333333,0.15,21.15,21.15,321.85,2.6666666666666665,0.5773502691896257,1.0,0.0,Aman Resorts,3,0.3333333333333333,False,True,False,False,True,False,False,False,1320.57,21.15,1,3,3,2.1999999999999997,1149.4257719239747,3,3168.6395305055157,True,332.9066666666667
2292,528354,1969-06-19,54.0,M,True,True,canada,windsor,YQG,42.276,-82.956,2023-01-13,196,8,25.875,0.375,193.125,1.1428571428571428,11.0,61.0,8.333333333333334,0.0,3,3,1.0,0,0.0,3,3,1.0,405.36333333333334,241.309928584245,0.0,0.0,0.0,1216.09,0,0.0,1.0,0.0,0.6666666666666666,1.1547005383792515,Alaska Airlines,3,0.3333333333333333,YQG-PHX,3,0.3333333333333333,2206.934004251709,1323.7364274380654,0.0,3,98.33333333333333,36.29508690350986,1,0.3333333333333333,0.3,19.5,19.5,275.5,4.0,2.6457513110645907,1.0,0.0,Wyndham,2,0.6666666666666666,False,True,False,False,True,False,False,False,1491.59,19.5,5,3,3,3.8,1298.2817928198288,3,3578.9931902941316,False,405.36333333333334
2298,528417,1972-05-23,51.0,F,False,False,usa,oakland,OAK,37.721,-122.221,2023-01-13,196,8,22.25,0.25,165.5,1.3333333333333333,41.0,78.0,8.0,0.0,2,2,1.0,0,0.0,2,2,1.0,520.89,227.136840252743,0.0,0.0,0.0,1041.78,0,0.0,1.0,0.0,0.5,0.7071067811865476,Delta Air Lines,2,0.5,OAK-DAL,2,0.5,3291.3973929594163,1320.3972766935772,0.0,2,113.5,60.10407640085654,1,0.5,0.15,23.4,23.4,203.6,3.0,0.0,1.0,0.0,Hilton,2,0.5,False,True,False,False,True,False,False,False,1245.38,23.4,2,2,3,2.3499999999999996,1625.970453484495,4,4482.337511643789,False,520.89
2299,528421,1987-09-26,35.0,F,False,False,canada,winnipeg,YAV,50.056,-97.032,2023-01-13,196,8,17.125,0.875,128.25,1.1428571428571428,9.0,9.0,8.857142857142858,0.0,7,4,0.5714285714285714,0,0.0,6,6,1.0,362.855,139.614581294362,0.18333333333333332,52.282833333333336,156.8485,2020.2815,3,0.5,1.1666666666666667,0.408248290463863,0.5,0.5477225575051661,Air Canada,4,0.3333333333333333,YAV-YYZ,5,0.3333333333333333,1744.7162700403317,313.26001976848744,0.0,5,148.8,55.719834888484726,0,0.0,0.0,0.0,0.0,744.0,6.0,4.123105625617661,1.4,0.5477225575051661,Rosewood,4,0.4,False,True,False,False,False,False,False,True,2764.2815,156.8485,5,5,5,5.0,1031.157453746487,2,2842.60745663239,False,311.0185714285714
2302,528490,1981-05-24,42.0,M,False,False,usa,san diego,NZY,32.699,-117.215,2023-01-13,196,9,20.0,0.4444444444444444,146.88888888888889,1.5,30.0,30.0,7.25,0.0,4,4,1.0,0,0.0,4,4,1.0,688.61,352.905268403104,0.05,19.4695,19.4695,2734.9705,1,0.25,1.25,0.5,0.25,0.5,Delta Air Lines,3,0.5,NZY-CLT,4,0.25,3128.02249830676,912.7192101992562,0.0,4,116.0,57.18391382198319,1,0.25,0.05,9.15,9.15,454.85,2.75,2.8722813232690143,1.25,0.5,Extended Stay,4,0.25,False,True,False,False,False,False,False,False,3189.8205,28.6195,3,4,5,3.95,2082.317800558519,5,5740.357193210243,False,550.888
2303,528500,1983-08-17,39.0,F,False,False,usa,cincinnati,LUK,39.103,-84.419,2023-01-13,196,8,39.75,0.25,1009.0,1.1428571428571428,7.0,37.0,225.0,195.0,1,0,0.0,1,1.0,1,1,1.0,0.0,0.0,0.0,0.0,0.0,0.0,1,1.0,1.0,0.0,1.0,0.0,Alitalia,1,1.0,LUK-AMS,1,1.0,0.0,0.0,0.0,0,0.0,0.0,0,0.0,0.0,0.0,0.0,0.0,0.0,0.0,0.0,0.0,MISSING,0,0.0,False,False,True,True,True,True,False,True,0.0,0.0,5,1,0,2.25,0.0,1,0.0,False,0.0
2312,528683,1973-08-03,49.0,F,True,False,usa,houston,HOU,29.645,-95.279,2023-01-13,196,9,21.22222222222222,0.2222222222222222,157.22222222222223,1.5,35.0,143.0,4.5,0.0,2,1,0.5,0,0.0,1,1,1.0,274.63,0.0,0.0,0.0,0.0,274.63,0,0.0,1.0,0.0,0.0,0.0,Ryanair,1,1.0,HOU-LUF,1,1.0,1674.5569558243624,0.0,0.0,2,211.0,206.475180106472,1,0.5,0.1,6.5,6.5,415.5,8.0,0.0,1.5,0.7071067811865476,Best Western,2,0.5,False,True,False,True,True,False,False,False,690.13,6.5,3,2,2,2.4000000000000004,901.0350166722241,2,2483.8969526656347,True,274.63
2318,528743,1972-06-24,51.0,F,False,False,usa,riverside,RIV,33.881,-117.259,2023-01-13,196,8,18.25,0.5,440.159554,1.3333333333333333,52.0,143.0,70.0,106.0,3,2,0.6666666666666666,1,0.3333333333333333,3,3,1.0,700.44,58.59086788911733,0.0,0.0,0.0,1400.88,1,0.3333333333333333,2.0,1.1547005383792515,1.0,1.0,Malaysia Airlines,3,0.3333333333333333,RIV-DEL,3,0.3333333333333333,3807.8504052047006,5254.8273755652235,0.0,2,349.5,282.135605693432,0,0.0,0.0,0.0,0.0,699.0,2.5,0.7071067811865476,1.0,0.0,Accor,2,0.5,False,False,False,False,True,False,False,True,2099.88,0.0,2,3,4,2.95,1827.738166055352,5,5038.553637685183,True,350.22
2323,528827,1972-10-25,50.0,F,True,True,usa,st. petersburg,SPG,27.765,-82.627,2023-01-13,196,7,19.142857142857142,0.42857142857142855,143.57142857142858,1.0,18.0,18.0,7.666666666666667,0.0,3,2,0.6666666666666666,0,0.0,2,2,1.0,340.37,255.406969364581,0.35,55.9195,55.9195,624.8205,1,0.5,1.0,0.0,0.5,0.7071067811865476,JetBlue Airways,2,0.5,SPG-CLT,2,0.5,1803.364599298368,1357.4589892815593,0.0,3,148.33333333333334,80.02707875046629,1,0.3333333333333333,0.05,10.8,10.8,434.2,5.0,2.0,1.0,0.0,Aman Resorts,3,0.3333333333333333,False,True,False,False,False,False,False,False,1059.0205,66.7195,4,3,3,3.4,921.7727615316217,2,2541.0650097425478,False,340.37
2326,528839,1991-05-26,32.0,F,False,False,usa,baltimore,BWI,39.175,-76.668,2023-01-13,196,8,45.75,0.375,1055.125,1.3333333333333333,29.0,122.0,10.0,2.0,2,1,0.5,1,0.5,2,2,1.0,53.62,0.0,0.0,0.0,0.0,53.62,1,0.5,1.0,0.0,0.5,0.7071067811865476,United Airlines,2,0.5,BWI-PDX,2,0.5,295.369724726902,2468.163488845543,0.0,1,0.0,0.0,1,1.0,0.0,0.0,0.0,0.0,5.0,0.0,1.0,0.0,Crowne Plaza,1,1.0,False,False,False,False,True,True,True,True,53.62,0.0,3,2,1,2.0500000000000003,70.00637212404135,1,192.98763218803896,True,53.62
2335,528953,1971-10-16,51.0,F,True,False,canada,saskatoon,YXE,52.171,-106.7,2023-01-13,196,8,48.5,0.625,1074.0,2.6666666666666665,123.0,123.0,7.5,6.0,4,3,0.75,1,0.25,3,3,1.0,325.355,98.60604063646406,0.1,0.0,0.0,650.71,1,0.3333333333333333,1.0,0.0,0.0,0.0,Delta Air Lines,3,0.3333333333333333,YXE-DEN,3,0.3333333333333333,1829.8216325255978,529.3495368298552,0.0,4,147.0,30.116440692751194,3,0.75,0.175,23.075,46.15,394.85,8.75,8.539125638299666,1.5,1.0,Rosewood,3,0.25,False,False,False,False,True,False,False,False,1045.56,46.15,1,4,2,2.0999999999999996,682.5425441813937,1,1881.5754262451137,True,325.355
2345,529205,1985-05-04,38.0,F,False,False,usa,fort worth,FTW,32.82,-97.362,2023-01-14,195,7,62.0,0.7142857142857143,1318.7142857142858,1.0,9.0,9.0,8.75,2.0,4,4,1.0,1,0.25,4,4,1.0,317.06333333333333,175.197979820925,0.1,11.845,11.845,939.345,2,0.5,1.0,0.0,1.0,0.816496580927726,Allegiant Air,4,0.25,FTW-ORD,4,0.25,1668.5677522213934,707.8765778679985,0.0,4,203.0,57.584720195551874,1,0.25,0.0,0.0,0.0,609.0,2.75,1.5,1.0,0.0,Accor,3,0.25,False,False,False,False,False,False,False,True,1548.345,11.845,5,4,4,4.4,1010.7610616038679,2,2786.380411788411,False,317.06333333333333
2357,529362,1986-06-12,37.0,F,False,False,usa,san antonio,SAT,29.534,-98.47,2023-01-14,195,9,37.666666666666664,0.6666666666666666,914.3333333333334,1.8,84.0,125.0,44.2,155.0,5,4,0.8,1,0.2,5,5,1.0,318.93,180.672684340126,0.05,23.567,23.567,1252.153,2,0.4,1.0,0.0,0.0,0.0,Malaysia Airlines,5,0.2,SAT-JHB,5,0.2,1805.0037335229913,6332.471123474381,0.0,4,171.75,101.55581388248204,0,0.0,0.0,0.0,0.0,687.0,2.5,1.2909944487358056,1.0,0.0,Marriott,3,0.5,False,False,False,False,False,False,False,True,1939.153,23.567,1,5,4,3.05,1012.7047111037012,2,2791.7384999651795,True,318.93
2372,529602,1979-02-14,44.0,M,True,True,usa,charlotte,CLT,35.214,-80.943,2023-01-14,195,8,46.375,0.5,1060.125,1.1428571428571428,25.0,50.0,110.0,284.0,3,2,0.6666666666666666,1,0.3333333333333333,3,3,1.0,404.78,194.609928318162,0.0,0.0,0.0,809.56,1,0.3333333333333333,4.0,3.4641016151377544,2.0,3.4641016151377544,Pegasus Airlines,3,0.3333333333333333,CLT-AMS,3,0.3333333333333333,2329.7263532796,2669.8054184046796,0.0,2,215.5,190.211724139181,0,0.0,0.0,0.0,0.0,431.0,7.5,0.7071067811865476,1.0,0.0,NH Hotel,2,0.5,False,False,False,False,True,False,False,True,1240.56,0.0,4,3,3,3.4,1079.7849683227741,3,2976.659666631774,False,101.195
2377,529704,1956-10-19,66.0,F,True,False,usa,dallas,DAL,32.847,-96.852,2023-01-14,195,9,35.888888888888886,0.3333333333333333,901.7777777777778,1.8,73.0,135.0,99.5,135.0,2,0,0.0,1,0.5,1,1,1.0,0.0,0.0,0.0,0.0,0.0,0.0,1,1.0,1.0,0.0,0.0,0.0,All Nippon Airways,1,1.0,DAL-ITM,1,1.0,0.0,0.0,0.0,1,255.0,0.0,0,0.0,0.0,0.0,0.0,255.0,6.0,0.0,1.0,0.0,Starwood,1,1.0,False,False,True,True,True,False,True,True,255.0,0.0,1,2,1,1.25,332.92847615871955,1,917.7890005212595,True,0.0
2394,530004,1980-11-09,42.0,M,False,False,usa,cincinnati,CVG,39.046,-84.662,2023-01-14,195,8,19.0,0.25,141.5,1.6,58.0,185.0,6.5,0.0,2,1,0.5,0,0.0,2,2,1.0,272.28,25.00329578275632,0.1,28.996,28.996,515.564,1,0.5,1.0,0.0,0.5,0.7071067811865476,United Airlines,1,1.0,CVG-DEN,2,0.5,1525.5860755988415,269.8728299233856,0.0,1,262.0,0.0,0,0.0,0.0,0.0,0.0,262.0,7.0,0.0,1.0,0.0,Crowne Plaza,1,1.0,False,True,False,False,False,False,True,True,777.564,28.996,2,2,2,2.0,1015.1890103367789,2,2798.5870054953434,True,272.28
2399,530196,2006-09-03,16.0,F,False,False,usa,detroit,DTW,42.212,-83.353,2023-01-14,195,8,34.875,0.5,973.75,1.1428571428571428,19.0,132.0,76.0,83.0,3,1,0.3333333333333333,1,0.3333333333333333,1,1,1.0,0.0,0.0,0.0,0.0,0.0,0.0,1,1.0,2.0,0.0,1.0,0.0,WestJet,1,1.0,DTW-YEG,1,1.0,0.0,0.0,0.0,3,406.5,467.397582364308,1,0.3333333333333333,0.1,0.0,0.0,813.0,7.0,6.082762530298219,1.0,0.0,Starwood,3,0.3333333333333333,False,False,True,True,True,False,False,True,813.0,0.0,4,3,2,3.05,707.6362120706902,1,1950.7515226765595,True,0.0
2400,530199,1978-07-19,45.0,F,True,False,usa,burlington,BTV,44.472,-73.153,2023-01-14,195,8,41.75,0.5,1069.25,1.1428571428571428,17.0,81.0,12.333333333333334,13.0,3,1,0.3333333333333333,1,0.3333333333333333,1,0,0.0,82.54,0.0,0.0,0.0,0.0,82.54,0,0.0,2.0,0.0,1.0,0.0,Delta Air Lines,1,1.0,BTV-LGA,1,1.0,429.16886978453766,0.0,0.0,3,76.0,26.870057685088806,1,0.3333333333333333,0.0,0.0,0.0,152.0,7.333333333333333,6.658328118479393,1.6666666666666667,0.5773502691896257,Radisson,3,0.3333333333333333,False,False,False,True,True,False,False,True,234.54,0.0,4,3,1,2.7,204.1439079693231,1,562.7666200843299,False,41.27
2410,530329,1972-06-08,51.0,F,True,True,usa,sacramento,MHR,38.554,-121.297,2023-01-14,195,10,18.5,0.1,138.3,1.4285714285714286,10.0,192.0,8.0,0.0,1,0,0.0,0,0.0,1,1,1.0,705.79,0.0,0.3,211.737,211.737,494.053,1,1.0,1.0,0.0,1.0,0.0,Delta Air Lines,1,1.0,MHR-LGA,1,1.0,4028.154179237679,0.0,0.0,0,0.0,0.0,0,0.0,0.0,0.0,0.0,0.0,0.0,0.0,0.0,0.0,MISSING,0,0.0,False,True,False,True,False,True,False,True,494.053,211.737,5,1,1,2.6,1290.0730386795599,3,3556.3639927414106,True,705.79
2411,530365,1973-04-09,50.0,F,True,False,usa,san antonio,RND,29.529,-98.279,2023-01-14,195,8,16.375,0.25,122.125,1.3333333333333333,36.0,36.0,5.5,0.0,2,2,1.0,0,0.0,2,2,1.0,191.435,191.378450328139,0.1,5.611,5.611,377.259,1,0.5,1.0,0.0,0.5,0.7071067811865476,Allegiant Air,2,0.5,RND-FTW,2,0.5,1098.2347285487353,1021.1224039389625,0.0,2,110.5,47.37615433949868,1,0.5,0.3,43.2,43.2,177.8,3.0,2.8284271247461903,1.0,0.0,Aman Resorts,2,0.5,False,True,False,False,False,False,False,False,555.059,48.811,3,2,1,2.0500000000000003,724.6860668556185,1,1997.753117020901,False,191.435
2418,530427,1979-02-24,44.0,M,False,False,usa,seattle,SEA,47.449,-122.309,2023-01-14,195,8,27.75,0.375,207.125,1.3333333333333333,52.0,52.0,6.333333333333333,0.0,3,2,0.6666666666666666,0,0.0,2,2,1.0,635.335,9.977276682542186,0.0,0.0,0.0,1270.67,0,0.0,1.0,0.0,1.0,0.0,Air Canada,2,0.5,SEA-CLT,2,0.5,3721.543672431617,86.45143075998547,0.0,3,140.0,65.5972560401729,1,0.3333333333333333,0.1,12.1,12.1,407.9,3.3333333333333335,2.0816659994661326,1.3333333333333333,0.5773502691896257,Aman Resorts,3,0.3333333333333333,False,True,False,False,True,False,False,False,1678.57,12.1,2,3,4,2.95,1461.0294175836389,4,4027.6420460260665,False,635.335
2422,530514,1971-05-18,52.0,F,True,True,usa,san francisco,SFO,37.619,-122.375,2023-01-14,195,9,30.444444444444443,0.5555555555555556,407.2592868888889,1.5,32.0,32.0,7.0,10.0,4,2,0.5,1,0.25,2,1,0.5,324.62,85.1215143192366,0.25,66.1075,66.1075,583.1325,1,0.5,1.0,0.0,1.0,0.0,AirTran Airways,2,0.5,SFO-DAL,2,0.5,2745.109468182577,530.2626613228798,0.0,4,166.33333333333334,70.74131277643448,1,0.25,0.1,0.0,0.0,499.0,2.25,1.2583057392117916,1.0,0.0,Shangri-La,4,0.25,False,False,False,False,False,False,False,True,1082.1325,66.1075,3,4,3,3.25,706.417106327109,1,1947.3907953070036,False,324.62
2428,530592,1999-10-28,23.0,F,False,False,canada,toronto,YYZ,43.677,-79.631,2023-01-14,195,8,19.375,0.5,142.875,1.1428571428571428,7.0,122.0,7.25,0.0,4,2,0.5,0,0.0,2,2,1.0,510.765,569.48258836421,0.0,0.0,0.0,1021.53,0,0.0,1.5,0.7071067811865476,1.0,0.0,Air France,2,0.5,YYZ-BIF,2,0.5,1627.7149850671633,1483.6933831460142,0.0,4,220.75,127.128216117954,1,0.25,0.15,58.05,58.05,824.95,4.5,3.6968455021364726,1.5,0.5773502691896257,Wyndham,3,0.5,False,True,False,False,True,False,False,False,1846.48,58.05,5,4,4,4.4,1205.3838679559854,3,3322.9000660441084,True,340.51
2439,530667,1985-01-12,38.0,F,True,True,usa,san francisco,SFO,37.619,-122.375,2023-01-14,195,9,49.0,0.6666666666666666,997.8888888888889,1.5,28.0,28.0,9.4,8.0,5,2,0.4,1,0.2,3,3,1.0,881.9,763.85917144458,0.0,0.0,0.0,1763.8,1,0.3333333333333333,1.25,0.5773502691896257,0.6666666666666666,0.5773502691896257,Air Canada,2,0.3333333333333333,SFO-LGA,3,0.3333333333333333,2758.899133584906,1168.9085681564109,0.0,4,129.33333333333334,17.009801096230763,2,0.5,0.15,19.5,19.5,368.5,6.5,5.802298395176403,1.25,0.5,Banyan Tree,4,0.25,False,False,False,False,True,False,False,False,2132.3,19.5,3,5,4,3.85,1113.5739446482162,3,3069.806252253305,False,705.52
2442,530687,1974-03-15,49.0,F,True,True,usa,lubbock,LBB,33.664,-101.823,2023-01-14,195,8,17.375,0.5,128.875,1.3333333333333333,44.0,115.0,7.75,0.0,4,4,1.0,0,0.0,4,4,1.0,462.715,238.021137786822,0.1,26.6125,53.225,1797.635,2,0.5,1.5,0.5773502691896257,0.5,0.5773502691896257,AeroMéxico,4,0.25,LBB-SFO,3,0.5,1678.1627087372233,467.07852928438746,0.0,4,132.75,91.16422909599284,1,0.25,0.15,28.05,28.05,502.95,2.75,1.2583057392117916,1.5,0.5773502691896257,Banyan Tree,4,0.25,False,True,False,False,False,False,False,False,2300.585,81.275,2,4,5,3.55,1501.8240359286428,4,4140.101191694514,True,308.47666666666663
2444,530720,1981-07-07,42.0,F,True,False,canada,london,YXU,43.036,-81.154,2023-01-14,195,8,20.5,0.625,388.760809375,1.1428571428571428,5.0,95.0,49.5,79.0,4,2,0.5,1,0.25,4,4,1.0,258.49333333333334,273.089088821456,0.0,0.0,0.0,775.48,1,0.25,1.4,0.5,0.75,0.5,Alitalia,4,0.25,YXU-LIN,4,0.25,1388.3716234458552,2934.88549619445,0.0,2,307.0,168.291413922398,1,0.5,0.1,42.6,42.6,571.4,2.5,0.7071067811865476,1.0,0.0,Hyatt,2,0.5,False,False,False,False,True,False,False,False,1346.88,42.6,5,4,3,4.05,879.2445215071691,2,2423.8267627883806,True,184.63809523809525
2469,531054,1983-08-08,39.0,F,False,False,usa,tampa,TPA,27.975,-82.533,2023-01-15,194,8,18.375,0.5,135.375,1.6,75.0,75.0,8.25,0.0,4,3,0.75,0,0.0,4,3,0.75,402.755,305.606361790239,0.2,91.98,91.98,1519.04,1,0.25,1.25,0.5,0.25,0.5,Air Canada,4,0.25,TPA-CLT,4,0.25,1848.2651247788363,866.8492425759614,0.0,3,293.6666666666667,81.561837481345,1,0.3333333333333333,0.15,56.55,56.55,824.45,3.3333333333333335,1.5275252316519468,1.0,0.0,Wyndham,2,0.6666666666666666,False,True,False,False,False,False,False,False,2343.49,148.53,1,4,5,3.15,1529.8324599866621,4,4217.312440846208,False,322.204
2472,531109,1975-01-11,48.0,F,True,True,usa,san francisco,SFO,37.619,-122.375,2023-01-15,194,8,17.125,0.5,126.25,1.3333333333333333,37.0,37.0,7.25,0.0,4,4,1.0,0,0.0,4,4,1.0,240.4775,215.874671568945,0.05,0.4535,0.4535,961.4565,1,0.25,1.0,0.0,1.0,0.816496580927726,Conviasa,4,0.25,SFO-DAL,4,0.25,1370.4352639537656,1197.275093682928,0.0,4,95.25,30.379543555930308,1,0.25,0.1,8.4,8.4,372.6,2.0,0.816496580927726,1.0,0.0,Accor,4,0.25,False,True,False,False,False,False,False,False,1334.0565,8.8535,3,4,3,3.25,870.8733287345781,2,2400.749768184097,False,240.4775
2474,531144,1968-05-03,55.0,F,True,True,usa,indianapolis,IND,39.717,-86.294,2023-01-15,194,8,16.0,0.375,119.75,1.6,65.0,113.0,6.666666666666667,0.0,3,3,1.0,0,0.0,3,3,1.0,345.85,213.266437115642,0.0,0.0,0.0,1037.55,0,0.0,2.0,1.0,1.0,1.7320508075688772,JetBlue Airways,3,0.3333333333333333,IND-JFK,2,0.6666666666666666,956.7536925544804,191.41480393088904,0.0,3,234.0,176.116438755728,2,0.6666666666666666,0.15,36.375,72.75,629.25,2.0,1.0,2.0,1.0,Hilton,3,0.3333333333333333,False,True,False,False,True,False,False,False,1666.8,72.75,1,3,4,2.55,1450.784794931644,4,3999.4005387420534,True,172.925
2477,531204,1982-02-17,41.0,M,True,False,canada,calgary,YYC,51.114,-114.02,2023-01-15,194,8,16.125,0.375,119.0,1.1428571428571428,7.0,79.0,7.0,0.0,3,2,0.6666666666666666,0,0.0,2,1,0.5,316.61,51.4490893991332,0.2,56.046,56.046,577.174,1,0.5,1.0,0.0,0.5,0.7071067811865476,Air Canada,2,0.5,YYC-LSQ,2,0.5,2483.935602810996,766.2567031056496,0.0,3,199.0,38.742741255621034,0,0.0,0.0,0.0,0.0,597.0,5.333333333333333,3.7859388972001824,1.0,0.0,Extended Stay,3,0.3333333333333333,False,True,False,False,False,False,False,True,1174.174,56.046,5,3,3,3.8,1022.0025112815382,2,2817.3698873151616,False,316.61
2482,531339,1981-03-13,42.0,F,True,False,usa,madison,MSN,43.14,-89.337,2023-01-15,194,9,31.22222222222222,0.3333333333333333,867.5555555555555,1.2857142857142858,12.0,28.0,103.5,181.0,2,0,0.0,1,0.5,2,2,1.0,392.93,0.0,0.0,0.0,0.0,392.93,1,0.5,1.6666666666666667,0.7071067811865476,1.0,0.0,Aeroflot Russian Airlines,2,0.5,MSN-SVO,2,0.5,2265.498939346926,3995.775554850539,0.0,0,0.0,0.0,0,0.0,0.0,0.0,0.0,0.0,0.0,0.0,0.0,0.0,MISSING,0,0.0,False,False,False,False,True,True,False,True,392.93,0.0,5,2,1,2.85,513.0101417139047,1,1414.2228704894844,False,235.75799999999998
2498,531557,1974-10-11,48.0,F,True,False,canada,winnipeg,YAV,50.056,-97.032,2023-01-15,194,8,20.625,0.75,152.5,1.3333333333333333,49.0,49.0,7.166666666666667,0.0,6,6,1.0,0,0.0,6,5,0.8333333333333334,375.8383333333333,222.250988156783,0.15,65.5505,196.6515,2058.3785,3,0.5,1.1666666666666667,0.408248290463863,0.8333333333333334,0.752772652709081,American Airlines,4,0.3333333333333333,YAV-JFK,5,0.3333333333333333,1880.3407728495515,552.2922867554023,0.0,6,201.66666666666666,112.015475121372,1,0.16666666666666666,0.1,19.6,19.6,1190.4,3.8333333333333335,2.9268868558020253,1.1666666666666667,0.408248290463863,Marriott,5,0.3333333333333333,False,True,False,False,False,False,False,False,3248.7785,216.2515,2,5,5,3.8,1413.8704253362232,4,3897.6381338953684,False,322.1471428571428
2500,531568,1983-03-08,40.0,F,False,False,usa,austin,AUS,30.194,-97.67,2023-01-15,194,7,16.285714285714285,0.5714285714285714,119.85714285714286,2.3333333333333335,122.0,122.0,8.25,0.0,4,3,0.75,0,0.0,3,3,1.0,460.56333333333333,486.566027824933,0.05,19.1595,19.1595,1362.5305,1,0.3333333333333333,1.6666666666666667,1.1547005383792515,0.3333333333333333,0.5773502691896257,AirTran Airways,3,0.3333333333333333,AUS-LAX,3,0.3333333333333333,1324.3282719026429,1066.547930513283,0.0,4,133.25,42.80478945164898,1,0.25,0.1,15.5,15.5,517.5,2.75,0.5,1.5,1.0,Aman Resorts,4,0.25,False,True,False,False,False,False,False,False,1880.0305,34.6595,1,4,4,2.8,1227.2856656802267,3,3383.2770853813404,True,276.33799999999997
2506,531663,1976-01-02,47.0,F,False,True,usa,birmingham,BHM,33.563,-86.753,2023-01-15,194,9,17.22222222222222,0.2222222222222222,127.11111111111111,1.2857142857142858,7.0,111.0,11.0,0.0,2,2,1.0,0,0.0,2,2,1.0,176.22,174.839222716186,0.05,2.6295,2.6295,349.8105,1,0.5,1.0,0.0,0.5,0.7071067811865476,AirTran Airways,2,0.5,BHM-BNA,2,0.5,986.30344050997,992.0015536608246,0.0,2,112.5,96.87362902255701,0,0.0,0.0,0.0,0.0,225.0,1.5,0.7071067811865476,1.0,0.0,Best Western,2,0.5,False,True,False,False,False,False,False,True,574.8105,2.6295,5,2,1,2.85,750.4736621373792,2,2068.842173663237,True,176.22
2507,531670,1968-01-20,55.0,F,True,False,usa,los angeles,LAX,33.942,-118.408,2023-01-15,194,8,18.5,0.375,138.25,1.1428571428571428,23.0,147.0,5.666666666666667,0.0,3,2,0.6666666666666666,0,0.0,2,2,1.0,494.025,229.36422661348,0.0,0.0,0.0,988.05,0,0.0,1.0,0.0,0.0,0.0,Delta Air Lines,2,0.5,LAX-JFK,2,0.5,2968.2021127494554,1422.7097759721662,0.0,3,150.33333333333334,91.10616517740901,1,0.3333333333333333,0.15,34.5,34.5,416.5,7.333333333333333,9.237604307034012,1.0,0.0,Banyan Tree,3,0.3333333333333333,False,True,False,False,True,False,False,False,1404.55,34.5,4,3,3,3.4,1222.5220684672668,3,3370.1452043977383,True,494.025
2512,531745,2000-12-05,22.0,F,False,False,canada,edmonton,YEG,53.31,-113.58,2023-01-15,194,8,25.0,0.25,726.474463875,1.1428571428571428,22.0,93.0,168.0,97.0,1,1,1.0,1,1.0,1,1,1.0,0.0,0.0,0.0,0.0,0.0,0.0,1,1.0,1.0,0.0,0.0,0.0,China Southern Airlines,1,1.0,YEG-GMP,1,1.0,0.0,0.0,0.0,1,0.0,0.0,1,1.0,0.0,0.0,0.0,0.0,5.0,0.0,1.0,0.0,Conrad,1,1.0,False,False,True,True,True,True,True,True,0.0,0.0,4,1,0,1.85,0.0,1,0.0,True,0.0
2527,531926,1995-07-28,28.0,F,False,False,usa,san diego,NZY,32.699,-117.215,2023-01-15,194,8,19.0,0.25,140.75,1.1428571428571428,9.0,116.0,7.0,0.0,2,0,0.0,0,0.0,2,2,1.0,1007.05,871.381828591806,0.3,117.267,117.267,1896.833,1,0.5,2.0,1.414213562373095,0.5,0.7071067811865476,American Airlines,2,0.5,NZY-EFD,2,0.5,2451.3976786935145,464.67594109923647,0.0,0,0.0,0.0,0,0.0,0.0,0.0,0.0,0.0,0.0,0.0,0.0,0.0,MISSING,0,0.0,False,True,False,False,False,True,False,True,1896.833,117.267,5,2,4,3.9,2476.5087067355785,5,6827.02926755193,True,503.525
2536,532064,1998-08-15,24.0,F,False,True,usa,san diego,SAN,32.733,-117.189,2023-01-15,194,8,33.5,0.25,964.5,1.6,68.0,149.0,169.0,88.0,1,1,1.0,1,1.0,1,1,1.0,0.0,0.0,0.0,0.0,0.0,0.0,1,1.0,1.0,0.0,0.0,0.0,South East Asian Airlines,1,1.0,SAN-SIN,1,1.0,0.0,0.0,0.0,1,0.0,0.0,1,1.0,0.0,0.0,0.0,0.0,11.0,0.0,1.0,0.0,Banyan Tree,1,1.0,False,False,True,True,True,True,True,True,0.0,0.0,1,1,0,0.65,0.0,1,0.0,True,0.0
2541,532159,2002-08-08,20.0,F,False,False,usa,san antonio,RND,29.529,-98.279,2023-01-15,194,8,18.0,0.25,135.0,1.3333333333333333,38.0,109.0,8.0,0.0,2,1,0.5,0,0.0,1,1,1.0,509.22,0.0,0.0,0.0,0.0,509.22,0,0.0,1.0,0.0,0.0,0.0,Delta Air Lines,1,1.0,RND-JFK,1,1.0,2536.159192866054,0.0,0.0,2,119.0,69.29646455628166,1,0.5,0.05,3.5,3.5,234.5,3.5,0.7071067811865476,1.5,0.7071067811865476,Crowne Plaza,2,0.5,False,True,False,True,True,False,False,False,743.72,3.5,3,2,2,2.4000000000000004,971.0022207402468,2,2676.776609677142,True,509.22
2553,532381,1972-06-15,51.0,F,False,False,usa,omaha,OMA,41.302,-95.894,2023-01-15,194,9,30.22222222222222,0.5555555555555556,676.0719873333334,1.8,62.0,63.0,8.25,7.0,4,3,0.75,1,0.25,3,3,1.0,328.79,12.469839614044762,0.25,85.5775,85.5775,900.7925,1,0.3333333333333333,1.3333333333333333,0.5773502691896257,1.0,0.0,AirTran Airways,3,0.3333333333333333,OMA-FTW,3,0.3333333333333333,1552.7811767976843,520.2366176389364,0.0,4,129.0,56.32051136131489,1,0.25,0.0,0.0,0.0,387.0,3.25,2.629955639676583,1.25,0.5,Conrad,3,0.25,False,False,False,False,False,False,False,True,1287.7925,85.5775,2,4,3,2.8499999999999996,840.6721463404468,2,2317.4937087328904,False,246.59250000000003
2557,532410,1996-04-19,27.0,F,False,False,usa,denver,DEN,39.858,-104.667,2023-01-15,194,8,22.375,0.625,791.604809875,1.1428571428571428,17.0,23.0,95.75,359.0,4,1,0.25,1,0.25,2,2,1.0,330.74,0.0,0.0,0.0,0.0,330.74,1,0.5,1.6666666666666667,0.7071067811865476,0.5,0.7071067811865476,Southwest Airlines,2,0.5,DEN-TUS,2,0.5,1790.0677856694538,543.6795825177234,0.0,3,171.66666666666666,67.03978918025722,1,0.3333333333333333,0.05,5.3,5.3,509.7,7.666666666666667,8.32666399786453,1.3333333333333333,0.5773502691896257,Accor,3,0.3333333333333333,False,False,False,False,True,False,False,False,840.44,5.3,4,4,2,3.3,548.6400166722241,1,1512.4442894080144,False,198.444
2564,532544,1998-08-12,24.0,F,False,False,usa,newark,EWR,40.692,-74.169,2023-01-15,194,8,35.75,0.25,979.875,1.1428571428571428,19.0,60.0,225.0,184.0,1,1,1.0,1,1.0,1,1,1.0,0.0,0.0,0.0,0.0,0.0,0.0,1,1.0,1.0,0.0,0.0,0.0,TAP Portugal,1,1.0,EWR-LIS,1,1.0,0.0,0.0,0.0,1,0.0,0.0,1,1.0,0.0,0.0,0.0,0.0,12.0,0.0,1.0,0.0,Rosewood,1,1.0,False,False,True,True,True,True,True,True,0.0,0.0,4,1,0,1.85,0.0,1,0.0,False,0.0
2565,532568,1971-09-13,51.0,F,False,False,canada,calgary,YYC,51.114,-114.02,2023-01-15,194,8,22.875,0.375,169.875,2.0,102.0,102.0,17.333333333333332,0.0,3,1,0.3333333333333333,0,0.0,1,1,1.0,380.84,0.0,0.0,0.0,0.0,380.84,0,0.0,1.0,0.0,0.0,0.0,American Airlines,1,1.0,YYC-LSQ,1,1.0,1942.110291915344,0.0,0.0,3,122.66666666666667,81.13158036999731,1,0.3333333333333333,0.2,11.2,11.2,356.8,3.3333333333333335,1.5275252316519468,1.3333333333333333,0.5773502691896257,Hilton,2,0.6666666666666666,False,True,False,True,True,False,False,False,737.64,11.2,1,3,2,1.8499999999999999,642.042774258086,1,1769.929093711116,True,380.84
2567,532622,1974-03-19,49.0,F,True,False,usa,kansas city,MCI,39.297,-94.714,2023-01-15,194,8,20.5,0.375,152.75,1.3333333333333333,27.0,93.0,7.0,0.0,3,3,1.0,0,0.0,3,3,1.0,244.13666666666666,84.01820774887628,0.05,7.3645,7.3645,725.0455,1,0.3333333333333333,1.0,0.0,0.3333333333333333,0.5773502691896257,Allegiant Air,3,0.3333333333333333,MCI-DEN,3,0.3333333333333333,1418.3882587959379,488.03919063714915,0.0,3,306.0,380.185481048396,0,0.0,0.0,0.0,0.0,918.0,2.0,1.0,1.0,0.0,Crowne Plaza,3,0.3333333333333333,False,True,False,False,False,False,False,True,1643.0455,7.3645,3,3,4,3.35,1430.1088485606313,4,3942.402842499224,True,244.13666666666666
2573,532653,1976-02-21,47.0,F,False,False,usa,los angeles,LAX,33.942,-118.408,2023-01-15,194,8,19.0,0.5,140.875,1.3333333333333333,54.0,54.0,8.0,0.0,4,4,1.0,0,0.0,4,4,1.0,782.8125,483.336114132805,0.0,0.0,0.0,3131.25,0,0.0,1.25,0.5,0.0,0.0,Delta Air Lines,3,0.5,LAX-DTW,4,0.25,3356.3041549970008,826.8992607138824,0.0,4,121.0,51.85235449491823,2,0.5,0.075,6.4,12.8,471.2,6.5,4.203173404306164,1.25,0.5,Accor,4,0.25,False,True,False,False,True,False,False,False,3602.45,12.8,2,4,5,3.55,2351.6827234078023,5,6482.919578289825,False,626.25
2579,532725,1984-11-19,38.0,F,False,False,usa,corpus christi,CRP,27.77,-97.501,2023-01-15,194,8,30.5,0.25,351.7052745,1.3333333333333333,39.0,156.0,9.0,2.0,1,1,1.0,1,1.0,1,1,1.0,0.0,0.0,0.0,0.0,0.0,0.0,1,1.0,1.0,0.0,0.0,0.0,American Airlines,1,1.0,CRP-LAX,1,1.0,0.0,0.0,0.0,1,0.0,0.0,1,1.0,0.0,0.0,0.0,0.0,5.0,0.0,1.0,0.0,Accor,1,1.0,False,False,True,True,True,True,True,True,0.0,0.0,3,1,0,1.4500000000000002,0.0,1,0.0,True,0.0
2581,532742,1982-02-03,41.0,F,False,False,usa,new york,JFK,40.64,-73.779,2023-01-15,194,8,25.875,0.375,191.125,2.0,112.0,129.0,6.333333333333333,0.0,3,3,1.0,0,0.0,3,3,1.0,423.07666666666665,240.335382399957,0.05,9.664,9.664,1259.566,1,0.3333333333333333,1.0,0.0,0.3333333333333333,0.5773502691896257,Delta Air Lines,3,0.3333333333333333,JFK-DAL,3,0.3333333333333333,2421.320370995653,1463.6361999114797,0.0,3,124.33333333333333,33.85754470326124,0,0.0,0.0,0.0,0.0,373.0,3.0,2.0,1.0,0.0,Crowne Plaza,3,0.3333333333333333,False,True,False,False,False,False,False,True,1632.566,9.664,1,3,4,2.55,1420.9874787151273,4,3917.257823333309,True,423.07666666666665
2594,532941,1993-09-21,29.0,F,False,False,canada,toronto,YZD,43.742,-79.466,2023-01-15,194,8,39.625,0.625,1009.75,1.1428571428571428,1.0,124.0,60.25,102.0,4,2,0.5,1,0.25,3,3,1.0,371.225,364.011499887023,0.0,0.0,0.0,742.45,1,0.3333333333333333,1.5,0.5773502691896257,0.6666666666666666,0.5773502691896257,Alaska Airlines,3,0.3333333333333333,YZD-LAX,3,0.3333333333333333,2044.661003404231,1689.4317444971205,0.0,3,126.66666666666667,74.86877408728778,0,0.0,0.0,0.0,0.0,380.0,5.0,3.0,1.0,0.0,Hyatt,2,0.6666666666666666,False,False,False,False,True,False,False,True,1122.45,0.0,5,4,3,4.05,732.7364079693231,1,2019.9456149707603,True,247.48333333333335
2600,533129,1985-07-06,38.0,F,False,False,usa,new york,LGA,40.777,-73.872,2023-01-16,193,8,17.125,0.625,126.5,1.1428571428571428,15.0,15.0,6.0,0.0,5,3,0.6,0,0.0,4,4,1.0,258.9375,145.37025770425,0.1,33.117,33.117,1002.633,1,0.25,1.0,0.0,0.25,0.5,Delta Air Lines,3,0.5,LGA-EFD,4,0.25,1541.6737289578327,890.0368610587562,0.0,4,207.25,157.271262473473,1,0.25,0.05,21.35,21.35,807.65,3.25,1.2583057392117916,1.0,0.0,Wyndham,3,0.5,False,True,False,False,False,False,False,False,1810.283,54.467,5,5,4,4.65,945.4035460486829,2,2606.2083533029445,False,258.9375
2603,533199,1997-01-15,26.0,F,False,False,usa,new york,LGA,40.777,-73.872,2023-01-16,193,10,21.5,0.3,160.6,1.6666666666666667,37.0,91.0,8.666666666666666,0.0,3,3,1.0,0,0.0,3,3,1.0,313.81333333333333,137.519687802632,0.05,7.79,7.79,933.65,1,0.3333333333333333,1.0,0.0,0.3333333333333333,0.5773502691896257,American Airlines,3,0.3333333333333333,LGA-CLT,3,0.3333333333333333,1772.6430977936395,780.3736758748283,0.0,3,216.66666666666666,94.58505872141399,0,0.0,0.0,0.0,0.0,650.0,1.6666666666666667,1.1547005383792515,1.0,0.0,Accor,3,0.3333333333333333,False,True,False,False,False,False,False,True,1583.65,7.79,3,3,4,3.35,1378.410931421585,4,3799.886406994752,True,313.81333333333333
2613,533357,1983-05-06,40.0,M,False,False,usa,san francisco,SFO,37.619,-122.375,2023-01-16,193,8,18.75,0.625,139.5,1.1428571428571428,24.0,24.0,9.0,0.0,5,3,0.6,0,0.0,4,4,1.0,541.0,294.441815984075,0.0,0.0,0.0,2164.0,0,0.0,1.0,0.0,0.5,0.5773502691896257,United Airlines,3,0.5,SFO-IAD,4,0.25,3087.277280613694,1591.042908205741,0.0,4,103.75,37.9418414594407,1,0.25,0.1,9.8,9.8,405.2,3.0,0.0,1.0,0.0,Conrad,4,0.25,False,True,False,False,True,False,False,False,2569.2,9.8,4,5,5,4.6,1341.7409269756583,4,3698.797647277207,False,541.0
2630,533550,1990-04-03,33.0,F,True,True,usa,new york,LGA,40.777,-73.872,2023-01-16,193,8,16.875,0.25,124.5,1.1428571428571428,10.0,37.0,6.5,0.0,2,2,1.0,0,0.0,2,2,1.0,330.41,386.391429511577,0.05,30.1815,30.1815,630.6385,1,0.5,1.0,0.0,0.5,0.7071067811865476,Kenmore Air,2,0.5,LGA-BFI,2,0.5,2107.8609026463578,2493.3896555150104,0.0,2,132.0,70.71067811865476,0,0.0,0.0,0.0,0.0,264.0,3.0,1.414213562373095,1.0,0.0,Banyan Tree,2,0.5,False,True,False,False,False,False,False,True,894.6385,30.1815,5,2,2,3.2,1168.0416961487163,3,3219.9583323248585,False,330.41
2632,533575,1987-12-20,35.0,F,False,True,usa,indianapolis,IND,39.717,-86.294,2023-01-16,193,7,16.142857142857142,0.42857142857142855,119.28571428571429,1.0,12.0,12.0,7.333333333333333,0.0,3,3,1.0,0,0.0,3,3,1.0,132.35333333333332,73.26806284687301,0.2,32.308,32.308,364.752,1,0.3333333333333333,1.0,0.0,0.6666666666666666,0.5773502691896257,American Airlines,3,0.3333333333333333,IND-LGA,3,0.3333333333333333,757.3093757844845,434.40941445753435,0.0,3,122.33333333333333,59.752266344744896,0,0.0,0.0,0.0,0.0,367.0,3.3333333333333335,3.2145502536643185,1.0,0.0,Hilton,2,0.6666666666666666,False,True,False,False,False,False,False,True,731.752,32.308,5,3,2,3.45,636.9178517283539,1,1755.801141724007,False,132.35333333333332
2633,533598,1981-01-22,42.0,F,False,False,usa,milwaukee,MKE,42.947,-87.896,2023-01-16,193,8,16.625,0.375,123.25,1.6,60.0,60.0,7.666666666666667,0.0,3,3,1.0,0,0.0,3,3,1.0,155.65666666666667,62.32067500704187,0.15,34.0815,34.0815,432.8885,1,0.3333333333333333,1.0,0.0,0.0,0.0,Air New Zealand,3,0.3333333333333333,MKE-HLZ,3,0.3333333333333333,846.501354962466,304.1399602116682,0.0,3,140.0,23.643180835073778,1,0.3333333333333333,0.1,13.7,13.7,406.3,6.333333333333333,4.932882862316247,1.0,0.0,Extended Stay,3,0.3333333333333333,False,True,False,False,False,False,False,False,839.1885,47.7815,2,3,2,2.25,730.4307150716904,1,2013.5894762455814,False,155.65666666666667
2636,533656,1985-10-15,37.0,M,False,False,usa,boston,BOS,42.364,-71.005,2023-01-16,193,8,20.625,0.25,153.875,1.6,63.0,88.0,6.0,0.0,2,1,0.5,0,0.0,2,1,0.5,538.53,54.56035923635401,0.05,24.9975,24.9975,1052.0625,1,0.5,2.0,0.0,1.0,0.0,American Airlines,2,0.5,BOS-MKE,2,0.5,2373.132775318943,1403.8000829257276,0.0,1,107.0,0.0,1,1.0,0.05,5.35,5.35,101.65,7.0,0.0,2.0,0.0,Accor,1,1.0,False,True,False,False,False,False,True,False,1153.7125,30.3475,2,2,3,2.3499999999999996,1506.2891943147717,4,4152.410361819152,False,269.265
2638,533742,1991-06-05,32.0,M,True,True,usa,el paso,BIF,31.849,-106.38,2023-01-16,193,8,17.375,0.375,129.625,1.1428571428571428,20.0,20.0,6.0,0.0,3,2,0.6666666666666666,0,0.0,3,2,0.6666666666666666,341.49666666666667,233.053026226508,0.05,24.2,24.2,1000.29,1,0.3333333333333333,1.0,0.0,0.6666666666666666,0.5773502691896257,American Airlines,3,0.3333333333333333,BIF-SKF,3,0.3333333333333333,2003.6654612881302,1033.852814824899,0.0,2,85.0,62.22539674441618,0,0.0,0.0,0.0,0.0,170.0,2.0,0.0,1.0,0.0,Hyatt,2,0.5,False,True,False,False,False,False,False,True,1170.29,24.2,4,3,3,3.4,1018.6218728465043,2,2808.0504298562737,False,341.49666666666667
2639,533755,2003-04-02,20.0,F,False,False,canada,toronto,YTZ,43.627,-79.396,2023-01-16,193,8,39.625,0.25,1008.125,1.3333333333333333,36.0,74.0,225.0,187.0,1,1,1.0,1,1.0,1,1,1.0,0.0,0.0,0.0,0.0,0.0,0.0,1,1.0,2.0,0.0,1.0,0.0,South African Airways,1,1.0,YTZ-CPT,1,1.0,0.0,0.0,0.0,1,0.0,0.0,1,1.0,0.1,0.0,0.0,0.0,13.0,0.0,1.0,0.0,Four Seasons,1,1.0,False,False,True,True,True,True,True,True,0.0,0.0,3,1,0,1.4500000000000002,0.0,1,0.0,False,0.0
2649,533932,1990-01-10,33.0,F,True,True,usa,corpus christi,CRP,27.77,-97.501,2023-01-16,193,8,39.125,0.5,1004.5,2.0,88.0,131.0,80.66666666666667,181.0,3,1,0.3333333333333333,1,0.3333333333333333,2,2,1.0,339.61,0.0,0.1,0.0,0.0,339.61,1,0.5,2.3333333333333335,1.414213562373095,2.0,1.414213562373095,Royal Air Maroc,2,0.5,CRP-LIS,2,0.5,1968.1884011777577,4257.590905389964,0.0,2,82.0,50.91168824543142,1,0.5,0.05,2.3,2.3,161.7,5.5,3.5355339059327378,1.5,0.7071067811865476,Conrad,2,0.5,False,False,False,False,True,False,False,False,501.31,2.3,1,3,1,1.5,436.34084806046457,1,1202.8674610491832,True,145.54714285714286
2655,534066,1981-05-21,42.0,F,True,True,usa,new york,JFK,40.64,-73.779,2023-01-16,193,8,20.5,0.625,153.0,1.3333333333333333,30.0,30.0,9.2,0.0,5,4,0.8,0,0.0,5,5,1.0,319.392,176.891900803853,0.2,109.186,109.186,1487.774,1,0.2,1.0,0.0,0.4,0.5477225575051661,Air Canada,5,0.2,JFK-BIF,5,0.2,1921.0952485947644,1033.518157825086,0.0,4,93.5,46.14108798023731,1,0.25,0.1,8.1,8.1,365.9,2.75,0.5,1.0,0.0,Starwood,3,0.5,False,True,False,False,False,False,False,False,1853.674,117.286,3,5,4,3.85,968.0640942980993,2,2668.6770317682276,False,319.392
2657,534088,1996-11-11,26.0,M,False,True,usa,kansas city,MCI,39.297,-94.714,2023-01-16,193,8,17.625,0.375,132.0,1.1428571428571428,24.0,24.0,6.333333333333333,0.0,3,1,0.3333333333333333,0,0.0,2,2,1.0,235.195,167.435814717163,0.05,17.6795,17.6795,452.7105,1,0.5,1.0,0.0,0.5,0.7071067811865476,JetBlue Airways,2,0.5,MCI-JFK,2,0.5,1217.9735984595338,803.4141076171347,0.0,2,249.5,123.743686707646,0,0.0,0.0,0.0,0.0,499.0,4.0,0.0,1.0,0.0,Starwood,2,0.5,False,True,False,False,False,False,False,True,951.7105,17.6795,4,3,2,3.05,828.3700039457597,2,2283.580205439446,False,235.195
2659,534179,1983-08-08,39.0,F,True,False,usa,san francisco,SFO,37.619,-122.375,2023-01-16,193,8,18.25,0.5,135.375,1.6,71.0,71.0,7.75,0.0,4,3,0.75,0,0.0,3,3,1.0,352.1,126.335456226667,0.1,41.3,41.3,1015.0,1,0.3333333333333333,1.0,0.0,0.6666666666666666,0.5773502691896257,Delta Air Lines,2,0.6666666666666666,SFO-RND,2,0.6666666666666666,2028.3120781481223,640.4176104768022,0.0,4,141.5,21.047565179849187,1,0.25,0.3,49.2,49.2,516.8,4.0,1.8257418583505538,1.0,0.0,Best Western,4,0.25,False,True,False,False,False,False,False,False,1531.8,90.5,1,4,4,2.8,999.9604701567189,2,2756.606256859736,False,352.1
2666,534360,1981-10-14,41.0,F,False,True,canada,montreal,YUL,45.468,-73.741,2023-01-16,193,8,24.375,0.625,181.625,1.3333333333333333,41.0,41.0,8.0,0.0,5,4,0.8,0,0.0,5,5,1.0,423.052,338.843801286079,0.1,21.454,21.454,2093.806,1,0.2,1.2,0.4472135954999579,0.2,0.4472135954999579,American Airlines,3,0.6,YUL-IND,4,0.4,1829.8125201261223,1187.2323719080719,0.0,4,166.25,51.44171459039833,1,0.25,0.25,39.25,39.25,625.75,3.0,1.8257418583505538,1.0,0.0,Accor,4,0.25,False,True,False,False,False,False,False,False,2719.556,60.704,2,5,5,3.8,1420.2629567189063,4,3915.2605225123048,False,352.54333333333335
2668,534380,1986-09-04,36.0,M,False,True,canada,saskatoon,YXE,52.171,-106.7,2023-01-16,193,7,16.142857142857142,0.2857142857142857,120.0,1.4,68.0,68.0,119.0,0.0,2,2,1.0,0,0.0,2,2,1.0,1516.635,1451.598297894428,0.05,127.1535,127.1535,2906.1165,1,0.5,1.5,0.7071067811865476,0.5,0.7071067811865476,Delta Air Lines,2,0.5,YXE-LGA,2,0.5,5113.05906484353,3273.6363798290377,0.5,2,152.0,89.09545442950498,0,0.0,0.0,0.0,0.0,304.0,8.5,10.606601717798213,1.0,0.0,Hilton,2,0.5,False,True,False,False,False,False,False,True,3210.1165,127.1535,1,2,5,2.65,4191.1340966155385,5,11553.763192516877,False,1011.09
2670,534445,1980-02-28,43.0,F,True,False,usa,jacksonville,NZC,30.219,-81.876,2023-01-16,193,8,41.25,0.5,1000.208514375,1.3333333333333333,30.0,30.0,8.0,5.0,3,2,0.6666666666666666,1,0.3333333333333333,3,3,1.0,899.505,313.156380184086,0.0,0.0,0.0,1799.01,1,0.3333333333333333,1.25,0.5773502691896257,0.0,0.0,United Airlines,2,0.6666666666666666,NZC-YQB,3,0.3333333333333333,3354.7959216342933,780.0171580185224,0.0,2,105.0,0.0,1,0.5,0.0,0.0,0.0,105.0,1.5,0.7071067811865476,1.5,0.7071067811865476,Conrad,2,0.5,False,False,False,False,True,False,False,True,1904.01,0.0,3,3,4,3.35,1657.2526742247414,4,4568.573685967276,False,719.604
2678,534608,1987-03-20,36.0,F,True,False,usa,baton rouge,BTR,30.533,-91.149,2023-01-16,193,9,16.666666666666668,0.4444444444444444,124.11111111111111,1.5,38.0,103.0,10.25,0.0,4,4,1.0,0,0.0,4,4,1.0,378.01,71.72830543098031,0.15,65.96325,131.9265,1380.1135,2,0.5,1.0,0.0,0.75,0.9574271077563381,American Airlines,3,0.5,BTR-JFK,4,0.25,2174.062138747372,248.15516291004292,0.0,4,117.5,67.53024013975764,0,0.0,0.0,0.0,0.0,470.0,2.25,0.5,1.0,0.0,Accor,4,0.25,False,True,False,False,False,False,False,True,1850.1135,131.9265,3,4,4,3.6,1207.7558201483828,3,3329.4388627762537,True,378.01
2681,534697,1974-10-07,48.0,F,True,False,usa,omaha,OMA,41.302,-95.894,2023-01-16,193,9,20.555555555555557,0.2222222222222222,153.0,1.5,47.0,153.0,5.5,0.0,2,1,0.5,0,0.0,1,1,1.0,355.15,0.0,0.2,71.03,71.03,284.12,1,1.0,1.0,0.0,0.0,0.0,American Airlines,1,1.0,OMA-NZY,1,1.0,2113.446799305864,0.0,0.0,2,86.0,29.698484809834994,0,0.0,0.0,0.0,0.0,172.0,4.5,4.949747468305833,1.5,0.7071067811865476,Crowne Plaza,2,0.5,False,True,False,True,False,False,False,True,456.12,71.03,2,2,1,1.65,595.5111237079026,1,1641.6545839912035,True,355.15
2684,534747,1987-03-08,36.0,F,False,False,usa,san jose,SJC,37.362,-121.929,2023-01-16,193,9,18.333333333333332,0.4444444444444444,136.88888888888889,1.2857142857142858,13.0,13.0,7.0,0.0,4,3,0.75,0,0.0,3,3,1.0,388.25666666666666,286.256968881691,0.1,66.827,66.827,1097.943,1,0.3333333333333333,1.0,0.0,0.3333333333333333,0.5773502691896257,Delta Air Lines,3,0.3333333333333333,SJC-DAL,3,0.3333333333333333,2316.316284377273,1814.5656568937309,0.0,4,85.0,29.33712096758417,0,0.0,0.0,0.0,0.0,340.0,2.75,1.5,1.25,0.5,Accor,4,0.25,False,True,False,False,False,False,False,True,1437.943,66.827,5,4,3,4.05,938.6905329276425,2,2587.70248779714,False,388.25666666666666
2689,534840,1978-05-27,45.0,F,False,False,usa,indianapolis,IND,39.717,-86.294,2023-01-16,193,9,17.77777777777778,0.4444444444444444,132.66666666666666,1.2857142857142858,14.0,14.0,10.75,0.0,4,3,0.75,0,0.0,4,4,1.0,250.39,224.591342813268,0.2,8.972,8.972,992.588,1,0.25,1.25,0.5,0.0,0.0,AirTran Airways,3,0.5,IND-JFK,4,0.25,964.4569636715685,495.66678099777687,0.0,3,191.66666666666666,87.75724091682312,1,0.3333333333333333,0.1,26.1,26.1,548.9,2.3333333333333335,1.5275252316519468,1.3333333333333333,0.5773502691896257,Radisson,3,0.3333333333333333,False,True,False,False,False,False,False,False,1541.488,35.072,5,4,4,4.4,1006.2848056018673,2,2774.040648697089,False,200.31199999999998
2691,534858,1970-03-10,53.0,F,True,True,usa,new york,LGA,40.777,-73.872,2023-01-16,193,8,51.625,0.625,1096.125,2.6666666666666665,132.0,132.0,8.0,5.0,4,4,1.0,1,0.25,4,4,1.0,304.08,300.929427441053,0.0,0.0,0.0,912.24,1,0.25,1.0,0.0,0.75,0.5,American Airlines,3,0.5,LGA-LOU,4,0.25,1649.3782659009803,1414.223445012991,0.0,4,413.6666666666667,268.935556097243,1,0.25,0.0,0.0,0.0,1241.0,3.25,0.5,1.0,0.0,NH Hotel,4,0.25,False,False,False,False,True,False,False,True,2153.24,0.0,1,4,4,2.8,1405.6370823607867,4,3874.941151926268,True,304.08
2692,534895,1991-03-22,32.0,M,False,True,canada,winnipeg,YWG,49.91,-97.234,2023-01-16,193,8,16.75,0.25,125.625,1.1428571428571428,12.0,28.0,8.0,0.0,2,2,1.0,0,0.0,2,2,1.0,362.515,34.061333649755994,0.05,16.9215,16.9215,708.1085,1,0.5,1.0,0.0,0.5,0.7071067811865476,Ryanair,2,0.5,YWG-DMA,2,0.5,2190.39993278124,116.71510607986852,0.0,2,149.5,6.363961030678928,0,0.0,0.0,0.0,0.0,299.0,3.0,1.414213562373095,1.0,0.0,Fairmont,2,0.5,False,True,False,False,False,False,False,True,1007.1085,16.9215,5,2,2,3.2,1314.882738162721,3,3624.7572691429996,False,362.515
2697,534971,1990-09-25,32.0,F,False,False,canada,toronto,YTZ,43.627,-79.396,2023-01-16,193,8,18.625,0.25,140.25,1.1428571428571428,20.0,92.0,5.5,0.0,2,2,1.0,0,0.0,2,2,1.0,172.255,111.02283571409983,0.25,62.69,62.69,281.82,1,0.5,1.0,0.0,0.5,0.7071067811865476,American Airlines,1,1.0,YTZ-LRF,2,0.5,1007.7639909222164,659.7098421394572,0.0,2,106.5,81.31727983645297,1,0.5,0.05,2.45,2.45,210.55,2.0,0.0,1.0,0.0,Aman Resorts,2,0.5,False,True,False,False,False,False,False,False,492.37,65.14,4,2,1,2.45,642.8391913971324,1,1772.1245889672648,True,172.255
2698,534986,1963-09-11,59.0,M,False,False,usa,oakland,OAK,37.721,-122.221,2023-01-16,193,8,27.25,0.5,203.0,1.1428571428571428,19.0,19.0,9.25,0.0,4,4,1.0,0,0.0,4,4,1.0,688.9625,492.178135121489,0.0,0.0,0.0,2755.85,0,0.0,1.25,0.5,0.75,0.9574271077563381,American Airlines,4,0.25,OAK-BNA,4,0.25,2869.932270082812,1358.6488642824002,0.0,4,114.25,53.58093566434489,1,0.25,0.15,10.95,10.95,446.05,5.75,4.5,1.25,0.5,Crowne Plaza,4,0.25,False,True,False,False,True,False,False,False,3201.9,10.95,4,4,5,4.35,2090.203309436479,5,5762.095295625531,False,551.17
2700,535007,1981-02-01,42.0,F,False,False,canada,toronto,YZD,43.742,-79.466,2023-01-16,193,8,39.125,0.875,357.5,1.3333333333333333,40.0,40.0,8.666666666666666,9.0,6,6,1.0,1,0.16666666666666666,6,6,1.0,404.24,254.51442945342,0.0,0.0,0.0,2021.2,1,0.16666666666666666,1.2857142857142858,0.408248290463863,0.16666666666666666,0.408248290463863,Delta Air Lines,6,0.16666666666666666,YZD-LGA,6,0.16666666666666666,2376.448974455204,1548.7674170155447,0.0,6,371.0,270.097204724521,3,0.5,0.1,66.55,133.1,1721.9,3.8333333333333335,1.4719601443879744,1.1666666666666667,0.408248290463863,Best Western,5,0.3333333333333333,False,False,False,False,True,False,False,False,3743.1,133.1,3,5,5,4.2,1628.9994498166056,4,4490.687591962257,False,314.4088888888889
2701,535024,1987-04-07,36.0,F,False,False,usa,san antonio,RND,29.529,-98.279,2023-01-16,193,8,52.375,0.5,1102.375,1.1428571428571428,13.0,13.0,11.0,12.0,3,3,1.0,1,0.3333333333333333,3,3,1.0,448.37,62.08397538817887,0.0,0.0,0.0,896.74,1,0.3333333333333333,2.0,1.1547005383792515,1.0,0.0,Ryanair,3,0.3333333333333333,RND-YMX,3,0.3333333333333333,2549.1780965133285,428.5559558003938,0.0,3,140.0,24.041630560342615,1,0.3333333333333333,0.0,0.0,0.0,280.0,3.3333333333333335,0.5773502691896257,1.6666666666666667,1.1547005383792515,Conrad,3,0.3333333333333333,False,False,False,False,True,False,False,True,1176.74,0.0,5,3,3,3.8,1024.2359608758475,2,2823.526871825848,False,224.185
2702,535035,1972-04-20,51.0,F,False,True,usa,new york,LGA,40.777,-73.872,2023-01-16,193,8,25.25,0.5,187.125,1.1428571428571428,8.0,102.0,7.0,0.0,4,3,0.75,0,0.0,3,3,1.0,464.93666666666667,149.754193374788,0.0,0.0,0.0,1394.81,0,0.0,1.6666666666666667,1.1547005383792515,0.3333333333333333,0.5773502691896257,AirTran Airways,3,0.3333333333333333,LGA-DTW,3,0.3333333333333333,2182.390560771017,1351.2965964878883,0.0,4,149.75,87.45427376635175,1,0.25,0.1,19.0,19.0,580.0,7.5,6.95221787153807,1.75,0.9574271077563381,Wyndham,3,0.5,False,True,False,False,True,False,False,False,1974.81,19.0,5,4,4,4.4,1289.1578117705901,3,3553.8409727831145,True,278.962
2703,535047,1977-10-01,45.0,F,False,True,usa,rochester,ROC,43.119,-77.672,2023-01-16,193,8,18.25,0.5,135.625,1.3333333333333333,54.0,54.0,11.0,0.0,4,4,1.0,0,0.0,4,4,1.0,380.09,369.55289319212,0.0,0.0,0.0,1520.36,0,0.0,1.25,0.5,0.5,0.5773502691896257,American Airlines,4,0.25,ROC-JFK,4,0.25,1518.7372508015878,1279.0845307589316,0.0,4,138.25,59.757147410721224,1,0.25,0.1,21.4,21.4,531.6,4.25,1.8929694486000912,1.25,0.5,Best Western,4,0.25,False,True,False,False,True,False,False,False,2051.96,21.4,2,4,4,3.2,1339.521403801267,4,3692.679053940399,False,304.072
2704,535051,1975-03-04,48.0,F,True,False,usa,new york,LGA,40.777,-73.872,2023-01-16,193,8,19.625,0.5,146.75,1.1428571428571428,18.0,18.0,5.0,0.0,4,3,0.75,0,0.0,3,3,1.0,434.16333333333336,140.818196385742,0.0,0.0,0.0,1302.49,0,0.0,1.0,0.0,0.3333333333333333,0.5773502691896257,Abu Dhabi Amiri Flight,3,0.3333333333333333,LGA-FTW,3,0.3333333333333333,2643.627255021671,833.8746832842219,0.0,4,141.25,113.370704622785,1,0.25,0.05,14.9,14.9,550.1,5.5,5.802298395176403,1.0,0.0,Accor,4,0.25,False,True,False,False,True,False,False,False,1852.59,14.9,4,4,4,4.0,1209.3724816605534,3,3333.8955381876076,False,434.16333333333336
2706,535063,1986-06-11,37.0,F,False,False,usa,los angeles,LAX,33.942,-118.408,2023-01-16,193,9,19.666666666666668,0.4444444444444444,145.66666666666666,1.2857142857142858,13.0,70.0,6.0,0.0,4,3,0.75,0,0.0,3,3,1.0,657.65,12.582682543877517,0.15,100.0845,100.0845,1872.8655,1,0.3333333333333333,1.3333333333333333,0.5773502691896257,0.6666666666666666,0.5773502691896257,American Airlines,3,0.3333333333333333,LAX-JFK,3,0.3333333333333333,3245.581585128602,1161.4425065737053,0.0,4,122.75,53.48753748927564,1,0.25,0.1,16.8,16.8,474.2,3.5,2.3804761428476167,1.25,0.5,Best Western,4,0.25,False,True,False,False,False,False,False,False,2347.0655,116.8845,5,4,5,4.75,1532.1665497249085,4,4223.746861574374,False,493.2375
2710,535136,1997-09-10,25.0,M,False,False,usa,new york,JFK,40.64,-73.779,2023-01-17,192,8,23.125,0.375,171.0,1.1428571428571428,13.0,115.0,7.666666666666667,0.0,3,3,1.0,0,0.0,3,3,1.0,335.25,322.645335159212,0.1,70.559,70.559,935.191,1,0.3333333333333333,1.0,0.0,0.3333333333333333,0.5773502691896257,United Airlines,2,0.6666666666666666,JFK-IND,3,0.3333333333333333,1934.0031485627471,1935.8500273242432,0.0,3,152.66666666666666,2.516611478423583,0,0.0,0.0,0.0,0.0,458.0,3.6666666666666665,2.0816659994661326,1.0,0.0,Aman Resorts,3,0.3333333333333333,False,True,False,False,False,False,False,True,1393.191,70.559,5,3,3,3.8,1212.6351807269089,3,3342.889870392716,True,335.25
2713,535177,1985-03-17,38.0,F,False,False,canada,toronto,YYZ,43.677,-79.631,2023-01-17,192,8,19.0,0.25,142.5,1.3333333333333333,40.0,40.0,8.0,0.0,2,2,1.0,0,0.0,2,2,1.0,512.765,354.67769037536,0.3,78.591,78.591,946.939,1,0.5,1.5,0.7071067811865476,1.0,0.0,AirTran Airways,2,0.5,YYZ-HOU,2,0.5,1789.2864029683005,414.7738660653711,0.0,2,222.5,118.08683245815344,1,0.5,0.2,61.2,61.2,383.8,5.0,2.8284271247461903,1.5,0.7071067811865476,Crowne Plaza,2,0.5,False,True,False,False,False,False,False,False,1330.739,139.791,3,2,3,2.75,1737.4153232744247,5,4789.559281430041,False,341.8433333333333
2715,535229,1983-03-10,40.0,M,False,False,usa,new york,LGA,40.777,-73.872,2023-01-17,192,8,23.5,0.375,175.875,1.1428571428571428,15.0,15.0,9.333333333333334,0.0,3,3,1.0,0,0.0,3,3,1.0,297.71666666666664,283.205743644675,0.075,12.88575,25.7715,867.3785,2,0.6666666666666666,1.0,0.0,0.0,0.0,American Airlines,3,0.3333333333333333,LGA-BOS,3,0.3333333333333333,1705.4676657785874,1620.9730100323293,0.0,3,182.66666666666666,92.6840511271132,1,0.3333333333333333,0.05,5.95,5.95,542.05,5.333333333333333,2.309401076758503,1.0,0.0,Best Western,3,0.3333333333333333,False,True,False,False,False,False,False,False,1409.4285,31.7215,5,3,3,3.8,1226.7683209403135,3,3381.850913257982,False,297.71666666666664
2722,535447,1971-10-15,51.0,F,True,False,canada,ottawa,YOW,45.323,-75.669,2023-01-17,192,9,18.333333333333332,0.5555555555555556,136.33333333333334,1.2857142857142858,17.0,17.0,7.4,0.0,5,5,1.0,0,0.0,5,3,0.6,355.556,304.986782959524,0.25,102.2325,204.465,1573.315,2,0.4,1.4,0.5477225575051661,1.2,1.0954451150103321,American Airlines,5,0.2,YOW-BFI,5,0.2,1883.949846353368,1661.6731874920265,0.0,5,369.8,243.536855527043,0,0.0,0.0,0.0,0.0,1849.0,3.0,0.7071067811865476,1.4,0.5477225575051661,Hilton,4,0.4,False,True,False,False,False,False,False,True,3422.315,204.465,4,5,5,4.6,1787.2723417805935,5,4927.000883637513,False,253.96857142857144
2723,535459,1995-11-12,27.0,M,False,False,usa,lincoln,LNK,40.851,-96.759,2023-01-17,192,8,21.25,0.5,157.125,1.6,75.0,75.0,8.0,0.0,4,2,0.5,0,0.0,3,3,1.0,217.13,157.177099795104,0.1,14.212,14.212,637.178,1,0.3333333333333333,1.0,0.0,0.0,0.0,Air New Zealand,3,0.3333333333333333,LNK-DAL,3,0.3333333333333333,1265.3430989621359,839.5722199934818,0.0,3,164.0,30.116440692751194,0,0.0,0.0,0.0,0.0,492.0,3.0,1.7320508075688772,1.0,0.0,Accor,3,0.3333333333333333,False,True,False,False,False,False,False,True,1129.178,14.212,1,4,3,2.4499999999999997,737.1284526508837,1,2032.053231432539,False,217.13
2734,535644,1976-03-18,47.0,F,True,False,usa,nashville,BNA,36.124,-86.678,2023-01-17,192,10,19.6,0.4,144.4,1.4285714285714286,25.0,25.0,8.5,0.0,4,4,1.0,0,0.0,4,3,0.75,270.9125,181.866243775474,0.0,0.0,0.0,1083.65,0,0.0,1.0,0.0,0.25,0.5,United Airlines,3,0.5,BNA-EFD,4,0.25,1546.6713846090715,799.3000270162463,0.0,4,186.75,111.437202046713,1,0.25,0.1,34.4,34.4,712.6,2.75,1.5,1.0,0.0,Accor,4,0.25,False,True,False,False,True,False,False,False,1796.25,34.4,4,4,4,4.0,1172.5936770590197,3,3232.506847424142,False,270.9125
2736,535686,1966-07-02,57.0,F,True,False,canada,windsor,YQG,42.276,-82.956,2023-01-17,192,9,23.666666666666668,0.5555555555555556,603.9766254444445,1.2857142857142858,14.0,31.0,68.0,236.0,4,4,1.0,1,0.25,4,4,1.0,258.0566666666667,132.226052778313,0.15,32.928,32.928,741.242,2,0.5,1.8,0.9574271077563381,0.75,0.5,American Airlines,4,0.25,YQG-JFK,3,0.5,984.7732509875505,298.66720677412354,0.0,4,253.33333333333334,70.50059101407118,1,0.25,0.0,0.0,0.0,760.0,5.75,7.632168761236874,1.5,1.0,Best Western,3,0.5,False,False,False,False,False,False,False,True,1501.242,32.928,5,4,3,4.05,980.0121792264088,2,2701.6144994520328,False,143.36481481481482
2751,535906,1989-02-28,34.0,F,False,False,usa,new york,JFK,40.64,-73.779,2023-01-17,192,8,17.75,0.625,131.875,1.3333333333333333,44.0,44.0,9.0,0.0,5,3,0.6,0,0.0,3,3,1.0,309.58,273.154942294662,0.1,61.933,61.933,866.807,1,0.3333333333333333,1.0,0.0,0.3333333333333333,0.5773502691896257,Porter Airlines,3,0.3333333333333333,JFK-LUF,3,0.3333333333333333,1747.3848541751504,1533.4000566845868,0.0,5,159.8,135.024812534586,0,0.0,0.0,0.0,0.0,799.0,5.2,5.674504383644443,1.0,0.0,Choice Hotels,5,0.2,False,True,False,False,False,False,False,True,1665.807,61.933,2,5,4,3.4499999999999997,869.9522918972991,2,2398.2107319079496,False,309.58
2761,536050,1994-04-06,29.0,F,False,False,canada,toronto,YYZ,43.677,-79.631,2023-01-17,192,8,17.5,0.375,130.75,1.6,76.0,116.0,5.0,0.0,3,3,1.0,0,0.0,3,3,1.0,317.66,195.725559649219,0.0,0.0,0.0,952.98,0,0.0,1.0,0.0,1.3333333333333333,0.5773502691896257,Southwest Airlines,2,0.6666666666666666,YYZ-AUS,2,0.6666666666666666,1643.309758929602,939.9198343890008,0.0,3,233.33333333333334,139.162974002905,1,0.3333333333333333,0.05,4.35,4.35,695.65,2.3333333333333335,1.1547005383792515,1.0,0.0,Crowne Plaza,3,0.3333333333333333,False,True,False,False,True,False,False,False,1648.63,4.35,1,3,4,2.55,1434.9696043125489,4,3955.802561906835,True,317.66
2768,536212,1997-04-16,26.0,M,False,False,usa,st. louis,STL,38.748,-90.36,2023-01-17,192,8,46.5,0.25,1062.125,1.1428571428571428,12.0,129.0,169.0,52.0,1,1,1.0,1,1.0,1,1,1.0,0.0,0.0,0.0,0.0,0.0,0.0,1,1.0,2.0,0.0,1.0,0.0,Delta Air Lines,1,1.0,STL-EFD,1,1.0,0.0,0.0,0.0,1,0.0,0.0,1,1.0,0.0,0.0,0.0,0.0,13.0,0.0,1.0,0.0,Hilton,1,1.0,False,False,True,True,True,True,True,True,0.0,0.0,5,1,0,2.25,0.0,1,0.0,True,0.0
2783,536490,1992-05-27,31.0,F,False,False,usa,boston,BOS,42.364,-71.005,2023-01-17,192,8,25.25,0.375,188.0,1.3333333333333333,34.0,34.0,9.333333333333334,0.0,3,3,1.0,0,0.0,3,3,1.0,329.66,258.652301748892,0.25,59.77,59.77,929.21,1,0.3333333333333333,1.0,0.0,0.6666666666666666,0.5773502691896257,Allegiant Air,3,0.3333333333333333,BOS-IND,3,0.3333333333333333,2028.2362865859411,1796.676241203876,0.0,3,281.6666666666667,235.903228747157,0,0.0,0.0,0.0,0.0,845.0,2.6666666666666665,1.5275252316519468,1.0,0.0,Marriott,2,0.6666666666666666,False,True,False,False,False,False,False,True,1774.21,59.77,3,3,4,3.35,1544.2745926419916,4,4257.125287881892,False,329.66
2793,536656,1983-03-20,40.0,F,False,True,usa,houston,IAH,29.98,-95.34,2023-01-17,192,9,16.77777777777778,0.3333333333333333,125.0,1.5,30.0,66.0,9.666666666666666,0.0,3,3,1.0,0,0.0,3,2,0.6666666666666666,440.49333333333334,392.240602479312,0.2,64.966,64.966,1256.514,1,0.3333333333333333,1.3333333333333333,0.5773502691896257,0.3333333333333333,0.5773502691896257,American Airlines,3,0.3333333333333333,IAH-LAX,3,0.3333333333333333,1728.0975439040712,455.8741007071553,0.0,3,231.0,98.0,0,0.0,0.0,0.0,0.0,693.0,2.3333333333333335,1.5275252316519468,1.3333333333333333,0.5773502691896257,Starwood,2,0.6666666666666666,False,True,False,False,False,False,False,True,1949.514,64.966,3,3,4,3.35,1696.8594124708234,4,4677.758184476346,False,330.37
2812,537066,1985-08-07,37.0,F,False,False,usa,chicago,UGN,42.422,-87.868,2023-01-17,192,8,17.75,0.75,131.0,1.1428571428571428,12.0,12.0,9.0,0.0,6,3,0.5,0,0.0,5,5,1.0,333.04,190.105020843743,0.0,0.0,0.0,1665.2,0,0.0,1.0,0.0,0.2,0.4472135954999579,Air China,5,0.2,UGN-IND,5,0.2,2010.435500278924,1184.2730667478736,0.0,4,145.0,57.0029239016152,1,0.25,0.2,14.4,14.4,565.6,3.75,2.217355782608345,1.0,0.0,Accor,4,0.25,False,True,False,False,True,False,False,False,2230.8,14.4,5,5,5,5.0,970.845548516172,2,2676.344708971014,False,333.04
2816,537177,1967-05-01,56.0,M,True,True,canada,edmonton,YED,53.667,-113.467,2023-01-17,192,9,21.555555555555557,0.3333333333333333,299.0841108888889,1.8,82.0,82.0,6.5,2.0,2,1,0.5,1,0.5,2,2,1.0,562.18,0.0,0.05,28.109,28.109,534.071,2,1.0,1.0,0.0,0.5,0.7071067811865476,Delta Air Lines,2,0.5,YED-LSQ,2,0.5,3057.396264815952,586.7951252113456,0.0,1,0.0,0.0,1,1.0,0.0,0.0,0.0,0.0,2.0,0.0,1.0,0.0,Banyan Tree,1,1.0,False,False,False,False,False,True,True,True,534.071,28.109,1,2,1,1.25,697.284094864955,1,1922.213683519175,False,562.18
2823,537393,1978-06-18,45.0,F,False,False,usa,kansas city,MCI,39.297,-94.714,2023-01-18,191,8,17.75,0.5,131.0,1.3333333333333333,45.0,45.0,7.0,0.0,4,3,0.75,0,0.0,4,4,1.0,468.75,180.951011234164,0.0,0.0,0.0,1875.0,0,0.0,1.5,1.0,0.5,0.5773502691896257,Air Canada,4,0.25,MCI-HLZ,4,0.25,1876.1545027302896,403.98412619713076,0.0,3,173.33333333333334,213.064153093225,2,0.6666666666666666,0.125,25.6,51.2,468.8,3.3333333333333335,0.5773502691896257,1.6666666666666667,1.1547005383792515,Best Western,3,0.3333333333333333,False,True,False,False,True,False,False,False,2343.8,51.2,2,4,5,3.55,1530.0348282760922,4,4217.8703125916245,False,312.5
2828,537470,1999-08-17,23.0,F,True,True,usa,omaha,OFF,41.118,-95.913,2023-01-18,191,8,18.125,0.25,136.5,1.3333333333333333,38.0,38.0,10.5,0.0,2,0,0.0,0,0.0,0,0,0.0,0.0,0.0,0.0,0.0,0.0,0.0,0,0.0,0.0,0.0,0.0,0.0,MISSING,0,0.0,MISSING,0,0.0,0.0,0.0,0.0,2,64.0,32.526911934581186,1,0.5,0.05,2.05,2.05,125.95,4.0,2.8284271247461903,1.0,0.0,Conrad,2,0.5,False,True,True,False,True,False,False,False,125.95,2.05,3,2,1,2.0500000000000003,164.4405551850617,1,453.31578280648097,False,
2832,537580,2006-09-17,16.0,F,False,False,usa,portland,PDX,45.589,-122.597,2023-01-18,191,8,16.75,0.5,124.875,1.1428571428571428,16.0,57.0,8.75,0.0,4,2,0.5,0,0.0,2,2,1.0,212.16,80.70916800463253,0.0,0.0,0.0,424.32,0,0.0,1.0,0.0,0.5,0.7071067811865476,British Airways,2,0.5,PDX-SAN,2,0.5,1193.6278259841333,441.27086763393004,0.0,4,242.0,69.32532004974806,2,0.5,0.1,28.85,57.7,910.3,6.0,4.546060565661952,1.0,0.0,Best Western,4,0.25,False,True,False,False,True,False,False,False,1334.62,57.7,4,4,3,3.65,871.2411820606868,2,2401.7638350503594,False,212.16
2836,537671,1978-10-18,44.0,F,True,False,usa,new york,JFK,40.64,-73.779,2023-01-18,191,8,16.25,0.375,121.125,1.6,69.0,84.0,7.666666666666667,0.0,3,3,1.0,0,0.0,3,3,1.0,426.05333333333334,309.112554635578,0.0,0.0,0.0,1278.16,0,0.0,1.0,0.0,1.3333333333333333,0.5773502691896257,Delta Air Lines,3,0.3333333333333333,JFK-DEN,3,0.3333333333333333,2375.552449922519,1727.4662418263242,0.0,3,137.33333333333334,104.64384039843594,1,0.3333333333333333,0.1,25.7,25.7,386.3,3.6666666666666665,1.5275252316519468,1.0,0.0,Banyan Tree,3,0.3333333333333333,False,True,False,False,True,False,False,False,1664.46,25.7,1,3,4,2.55,1448.748056018673,4,3993.785829562394,False,426.05333333333334
2837,537676,1975-07-11,48.0,F,True,False,usa,birmingham,BHM,33.563,-86.753,2023-01-18,191,8,47.875,0.75,1137.25,1.6,64.0,64.0,10.4,2.0,5,2,0.4,1,0.2,3,3,1.0,348.81666666666666,207.768521276283,0.45,146.007,146.007,900.443,1,0.3333333333333333,1.0,0.0,0.6666666666666666,0.5773502691896257,Delta Air Lines,3,0.3333333333333333,BHM-LSQ,3,0.3333333333333333,1860.7810669676362,1003.0131795785289,0.0,4,112.33333333333333,66.98009654616313,1,0.25,0.0,0.0,0.0,337.0,5.25,2.217355782608345,1.25,0.5,Crowne Plaza,3,0.5,False,False,False,False,False,False,False,True,1237.443,146.007,1,5,3,2.6999999999999997,646.2431565855285,1,1781.5083516423983,False,348.81666666666666
2842,537770,1983-06-03,40.0,F,True,False,usa,philadelphia,PHL,39.872,-75.241,2023-01-18,191,7,16.285714285714285,0.42857142857142855,122.28571428571429,1.0,13.0,105.0,8.666666666666666,0.0,3,2,0.6666666666666666,0,0.0,2,2,1.0,329.14,316.953543599058,0.0,0.0,0.0,658.28,0,0.0,1.0,0.0,1.0,1.414213562373095,American Airlines,2,0.5,PHL-YKZ,2,0.5,1898.643902560084,1893.1810106013827,0.0,3,149.0,93.95211546314431,1,0.3333333333333333,0.2,15.2,15.2,431.8,4.0,2.0,1.3333333333333333,0.5773502691896257,Banyan Tree,2,0.6666666666666666,False,True,False,False,True,False,False,False,1090.08,15.2,5,3,3,3.8,948.8069889963319,2,2615.5906763090575,True,329.14
2847,537819,1985-09-01,37.0,F,False,False,usa,chicago,ORD,41.979,-87.904,2023-01-18,191,8,21.5,0.5,160.5,1.3333333333333333,29.0,29.0,7.75,0.0,4,3,0.75,0,0.0,3,3,1.0,344.0566666666667,243.426644460571,0.0,0.0,0.0,1032.17,0,0.0,1.0,0.0,1.0,0.0,American Airlines,3,0.3333333333333333,ORD-LOU,3,0.3333333333333333,1838.0267563749665,1232.6540707448082,0.0,4,220.25,145.866091558891,1,0.25,0.1,16.1,16.1,864.9,3.0,1.1547005383792515,1.25,0.5,Accor,4,0.25,False,True,False,False,True,False,False,False,1897.07,16.1,3,4,4,3.6,1238.4090671890629,3,3413.9411357232657,False,344.0566666666667
2848,537834,1985-10-04,37.0,F,False,False,usa,little rock,LIT,34.729,-92.224,2023-01-18,191,8,23.875,0.25,177.75,1.1428571428571428,25.0,25.0,6.5,0.0,2,2,1.0,0,0.0,2,2,1.0,232.605,143.040630766227,0.15,50.0625,50.0625,415.1475,1,0.5,1.0,0.0,0.5,0.7071067811865476,Delta Air Lines,2,0.5,LIT-AUS,2,0.5,1232.242085865707,727.7667018768432,0.0,2,201.0,57.982756057296896,0,0.0,0.0,0.0,0.0,402.0,1.0,0.0,1.0,0.0,Marriott,2,0.5,False,True,False,False,False,False,False,True,817.1475,50.0625,4,2,2,2.8,1066.869301850617,3,2941.0548521703763,False,232.605
2858,538108,1994-03-04,29.0,F,False,True,canada,toronto,YTZ,43.627,-79.396,2023-01-18,191,8,18.625,0.25,139.125,1.3333333333333333,27.0,113.0,10.0,0.0,2,0,0.0,0,0.0,2,2,1.0,124.58,93.91792267719724,0.15,28.6485,28.6485,220.5115,1,0.5,1.5,0.7071067811865476,1.0,0.0,Delta Air Lines,2,0.5,YTZ-DTW,2,0.5,444.9150934734316,171.7234125184885,0.0,0,0.0,0.0,0,0.0,0.0,0.0,0.0,0.0,0.0,0.0,0.0,0.0,MISSING,0,0.0,False,True,False,False,False,True,False,True,220.5115,28.6485,3,2,1,2.0500000000000003,287.9002261587196,1,793.658937993897,True,83.05333333333333
2866,538197,1979-03-02,44.0,F,False,False,canada,calgary,YYC,51.114,-114.02,2023-01-18,191,8,16.125,0.5,119.625,2.0,92.0,92.0,8.0,0.0,4,4,1.0,0,0.0,4,4,1.0,500.4225,124.086713329832,0.125,56.2145,112.429,1889.261,2,0.5,1.0,0.0,0.25,0.5,Southwest Airlines,3,0.5,YYC-BWI,4,0.25,2663.9666411575354,659.5232212551313,0.0,4,93.25,29.067450295247202,2,0.5,0.075,8.05,16.1,356.9,2.5,1.2909944487358056,1.0,0.0,Choice Hotels,4,0.25,False,True,False,False,False,False,False,False,2246.161,128.529,1,4,5,3.15,1466.295997915972,4,4042.1605082349665,True,500.4225
2877,538349,1968-05-20,55.0,F,True,False,usa,birmingham,BHM,33.563,-86.753,2023-01-18,191,8,21.875,0.625,163.5,1.3333333333333333,35.0,35.0,7.8,0.0,5,3,0.6,0,0.0,4,4,1.0,304.0225,115.939878205617,0.0,0.0,0.0,1216.09,0,0.0,1.0,0.0,0.5,0.5773502691896257,Allegiant Air,4,0.25,BHM-LGA,3,0.5,1730.491898722781,732.6190253336056,0.0,4,92.25,61.22295321201028,1,0.25,0.1,6.3,6.3,362.7,6.0,3.7416573867739413,1.0,0.0,Banyan Tree,4,0.25,False,True,False,False,True,False,False,False,1578.79,6.3,3,5,4,3.85,824.5084688229409,2,2272.935052757583,False,304.0225
2878,538350,1988-01-01,35.0,F,False,True,usa,lincoln,LNK,40.851,-96.759,2023-01-18,191,8,38.75,0.375,1071.0,1.3333333333333333,37.0,148.0,6.0,0.0,2,2,1.0,1,0.5,2,2,1.0,154.16,0.0,0.0,0.0,0.0,154.16,1,0.5,1.0,0.0,0.0,0.0,Southwest Airlines,2,0.5,LNK-PHX,2,0.5,758.9908425596172,595.9275312913534,0.0,2,176.0,0.0,1,0.5,0.0,0.0,0.0,176.0,3.5,0.7071067811865476,1.0,0.0,Rosewood,2,0.5,False,False,False,False,True,False,False,True,330.16,0.0,3,2,1,2.0500000000000003,431.0575125041681,1,1188.302809459212,True,154.16
2880,538413,1965-03-02,58.0,F,True,True,usa,new york,JFK,40.64,-73.779,2023-01-18,191,9,34.0,0.2222222222222222,789.8956136666667,1.2857142857142858,10.0,141.0,7.0,1.0,1,1,1.0,1,1.0,1,1,1.0,0.0,0.0,0.0,0.0,0.0,0.0,1,1.0,1.0,0.0,0.0,0.0,Delta Air Lines,1,1.0,JFK-LUF,1,1.0,0.0,0.0,0.0,1,0.0,0.0,1,1.0,0.0,0.0,0.0,0.0,2.0,0.0,1.0,0.0,Accor,1,1.0,False,False,True,True,True,True,True,True,0.0,0.0,5,1,0,2.25,0.0,1,0.0,True,0.0
2883,538438,1975-01-21,48.0,F,False,False,usa,milwaukee,MKE,42.947,-87.896,2023-01-18,191,8,27.375,0.375,205.25,1.1428571428571428,19.0,65.0,7.333333333333333,0.0,3,3,1.0,0,0.0,3,3,1.0,215.43666666666667,13.257074840753269,0.1,20.09,20.09,626.22,1,0.3333333333333333,1.0,0.0,0.3333333333333333,0.5773502691896257,Delta Air Lines,2,0.6666666666666666,MKE-LGA,2,0.6666666666666666,1252.8636238032652,97.52925974022763,0.0,3,73.0,26.457513110645905,0,0.0,0.0,0.0,0.0,219.0,2.3333333333333335,1.1547005383792515,1.0,0.0,Extended Stay,3,0.3333333333333333,False,True,False,False,False,False,False,True,845.22,20.09,4,3,2,3.05,735.68054018006,1,2028.0617490734091,False,215.43666666666667
2884,538441,1983-06-13,40.0,F,True,False,canada,montreal,YHU,45.517,-73.417,2023-01-18,191,8,28.75,0.5,479.25414075,2.6666666666666665,122.0,158.0,11.666666666666666,2.0,3,2,0.6666666666666666,1,0.3333333333333333,2,2,1.0,210.32,0.0,0.0,0.0,0.0,210.32,1,0.5,2.3333333333333335,1.414213562373095,1.0,1.414213562373095,United Airlines,1,1.0,YHU-LGA,2,0.5,1295.6509826716333,532.1393208420213,0.0,3,281.5,47.37615433949868,1,0.3333333333333333,0.0,0.0,0.0,563.0,2.6666666666666665,1.1547005383792515,1.6666666666666667,1.1547005383792515,Radisson,3,0.3333333333333333,False,False,False,False,True,False,False,True,773.32,0.0,1,3,2,1.8499999999999999,673.0986906746695,1,1855.5414114590865,True,90.13714285714285
2886,538457,1995-01-16,28.0,F,False,False,usa,philadelphia,PHL,39.872,-75.241,2023-01-18,191,8,19.0,0.375,140.375,1.3333333333333333,54.0,99.0,7.0,0.0,3,3,1.0,0,0.0,3,1,0.3333333333333333,288.33,403.060992530907,0.0,0.0,0.0,864.99,0,0.0,1.0,0.0,1.0,1.0,American Airlines,3,0.3333333333333333,PHL-BNA,3,0.3333333333333333,1576.4522423690325,1725.3743947374762,0.0,3,122.33333333333333,48.562674281111555,2,0.6666666666666666,0.1,11.775,23.55,343.45,4.0,2.6457513110645907,1.0,0.0,Aman Resorts,3,0.3333333333333333,False,True,False,False,True,False,False,False,1208.44,23.55,2,3,3,2.5999999999999996,1051.8276803378903,2,2899.589385071662,True,288.33
2892,538529,1983-06-02,40.0,F,False,False,usa,philadelphia,PHL,39.872,-75.241,2023-01-18,191,8,23.5,0.375,174.875,1.3333333333333333,35.0,35.0,8.666666666666666,0.0,3,3,1.0,0,0.0,3,3,1.0,249.94666666666666,385.566692199071,0.15,104.274,104.274,645.566,1,0.3333333333333333,1.0,0.0,1.6666666666666667,0.5773502691896257,Delta Air Lines,3,0.3333333333333333,PHL-JFK,3,0.3333333333333333,1440.2861375161808,2233.7814668097826,0.0,3,179.33333333333334,86.3268980870582,0,0.0,0.0,0.0,0.0,538.0,2.6666666666666665,1.1547005383792515,1.0,0.0,Best Western,3,0.3333333333333333,False,True,False,False,False,False,False,True,1183.566,104.274,3,3,3,3.0,1030.1773197732578,2,2839.905506381556,False,249.94666666666666
2897,538666,1991-01-13,32.0,M,True,False,usa,new york,LGA,40.777,-73.872,2023-01-18,191,8,54.875,0.5,1122.125,2.6666666666666665,127.0,127.0,6.666666666666667,3.0,3,2,0.6666666666666666,1,0.3333333333333333,3,2,0.6666666666666666,74.94,35.185633431842604,0.0,0.0,0.0,149.88,1,0.3333333333333333,1.0,0.0,0.3333333333333333,0.5773502691896257,American Airlines,2,0.3333333333333333,LGA-LUF,2,0.3333333333333333,567.2430413127435,1680.0127344950042,0.0,2,109.0,0.0,1,0.5,0.0,0.0,0.0,109.0,2.0,0.0,1.0,0.0,Wyndham,2,0.5,False,False,False,False,True,False,False,True,258.88,0.0,1,3,1,1.5,225.32947426920086,1,621.169193346258,True,74.94
2904,538714,1985-01-10,38.0,F,True,False,usa,norfolk,ORF,36.894,-76.201,2023-01-18,191,8,17.875,0.375,132.25,1.1428571428571428,10.0,10.0,12.0,0.0,3,3,1.0,0,0.0,3,3,1.0,768.8866666666667,678.810626119931,0.1,78.646,78.646,2228.014,1,0.3333333333333333,2.0,1.7320508075688772,0.3333333333333333,0.5773502691896257,JetBlue Airways,2,0.6666666666666666,ORF-EFD,3,0.3333333333333333,2049.0537561615124,1642.3519386934463,0.0,3,126.0,17.776388834631177,0,0.0,0.0,0.0,0.0,378.0,3.0,1.0,2.0,1.7320508075688772,Aman Resorts,3,0.3333333333333333,False,True,False,False,False,False,False,True,2606.014,78.646,5,3,5,4.5,2268.277829721018,5,6252.996037658587,False,384.4433333333333
2916,539093,1970-11-18,52.0,F,True,False,usa,miami,TNT,25.862,-80.897,2023-01-18,191,8,20.375,0.375,151.875,1.1428571428571428,22.0,22.0,8.333333333333334,0.0,3,3,1.0,0,0.0,3,3,1.0,433.9766666666667,231.025135501169,0.0,0.0,0.0,1301.93,0,0.0,1.0,0.0,0.3333333333333333,0.5773502691896257,AeroMéxico,3,0.3333333333333333,TNT-JFK,3,0.3333333333333333,2503.6005572076806,1381.2709679066465,0.0,3,128.66666666666666,34.961884007206095,1,0.3333333333333333,0.05,5.35,5.35,380.65,4.333333333333333,4.041451884327381,1.0,0.0,Fairmont,3,0.3333333333333333,False,True,False,False,True,False,False,False,1682.58,5.35,4,3,4,3.75,1464.5197265755253,4,4037.2638339792443,False,433.9766666666667
2930,539317,1985-02-13,38.0,F,False,True,usa,wichita,ICT,37.65,-97.433,2023-01-19,190,9,25.11111111111111,0.5555555555555556,187.55555555555554,1.2857142857142858,14.0,14.0,7.4,0.0,5,4,0.8,0,0.0,4,4,1.0,326.6925,41.69949510086023,0.0,0.0,0.0,1306.77,0,0.0,1.25,0.5,0.25,0.5,American Airlines,4,0.25,ICT-LAX,4,0.25,1595.1552150903187,473.19697543544487,0.0,5,214.6,157.160109442568,2,0.4,0.075,8.425,16.85,1056.15,4.2,0.4472135954999579,1.2,0.4472135954999579,Aman Resorts,5,0.2,False,True,False,False,True,False,False,False,2362.92,16.85,5,5,5,5.0,1234.0131057019007,3,3401.822721743835,False,261.354
2952,539669,2005-12-05,17.0,F,False,False,canada,montreal,YMX,45.68,-74.039,2023-01-19,190,8,17.75,0.25,132.5,1.3333333333333333,51.0,154.0,7.0,0.0,2,1,0.5,0,0.0,1,1,1.0,596.67,0.0,0.05,29.8335,29.8335,566.8365,1,1.0,1.0,0.0,0.0,0.0,American Airlines,1,1.0,YMX-TUS,1,1.0,3483.722142326174,0.0,0.0,2,100.0,62.22539674441618,1,0.5,0.1,5.6,5.6,194.4,2.0,0.0,2.0,1.414213562373095,Conrad,2,0.5,False,True,False,True,False,False,False,False,761.2365,35.4335,2,2,2,2.0,993.8717958486161,2,2739.82151566785,True,596.67
2971,539962,2006-12-24,16.0,M,False,False,canada,windsor,YQG,42.276,-82.956,2023-01-19,190,8,22.75,0.25,445.21916675,2.0,89.0,119.0,197.0,167.0,1,1,1.0,1,1.0,1,1,1.0,0.0,0.0,0.0,0.0,0.0,0.0,1,1.0,1.0,0.0,0.0,0.0,Air France,1,1.0,YQG-BKK,1,1.0,0.0,0.0,0.0,1,0.0,0.0,1,1.0,0.0,0.0,0.0,0.0,12.0,0.0,1.0,0.0,Banyan Tree,1,1.0,False,False,True,True,True,True,True,True,0.0,0.0,1,1,0,0.65,0.0,1,0.0,True,0.0
2986,540302,1968-03-28,55.0,F,True,False,usa,louisville,LOU,38.228,-85.664,2023-01-19,190,10,18.1,0.5,134.5,1.4285714285714286,26.0,26.0,4.8,0.0,5,3,0.6,0,0.0,4,4,1.0,459.6025,243.415760154651,0.075,20.76925,41.5385,1796.8715,2,0.5,1.75,1.5,0.75,0.5,American Airlines,4,0.25,LOU-LUF,3,0.5,1754.2116656997443,808.0486193070288,0.0,4,114.5,41.557189510360296,1,0.25,0.05,5.15,5.15,452.85,3.25,1.8929694486000912,1.75,1.5,Crowne Plaza,4,0.25,False,True,False,False,False,False,False,False,2249.7215,46.6885,4,5,5,4.6,1174.8962365121706,3,3238.8543481351976,False,262.63
2990,540347,1996-11-26,26.0,F,False,True,usa,san antonio,SKF,29.384,-98.581,2023-01-19,190,7,21.285714285714285,0.7142857142857143,157.85714285714286,1.1666666666666667,40.0,40.0,8.0,0.0,5,5,1.0,0,0.0,5,5,1.0,347.286,181.362173095715,0.0,0.0,0.0,1736.43,0,0.0,1.0,0.0,0.2,0.4472135954999579,Delta Air Lines,3,0.4,SKF-LSQ,4,0.4,1796.859505486332,889.3246649366761,0.0,5,223.8,138.105756578066,2,0.4,0.075,25.475,50.95,1068.05,2.4,1.140175425099138,1.0,0.0,Banyan Tree,5,0.2,False,True,False,False,True,False,False,False,2804.48,50.95,3,5,5,4.2,1464.6137299099698,4,4037.52297440292,False,347.286
2994,540444,1976-05-28,47.0,F,True,False,usa,burlington,BTV,44.472,-73.153,2023-01-19,190,8,20.875,0.5,154.25,1.6,67.0,67.0,9.0,0.0,4,2,0.5,0,0.0,3,3,1.0,308.66,206.960868765088,0.0,0.0,0.0,925.98,0,0.0,1.6666666666666667,1.1547005383792515,0.6666666666666666,0.5773502691896257,JetBlue Airways,3,0.3333333333333333,BTV-CMH,3,0.3333333333333333,1275.6945647646396,1053.3293902219075,0.0,3,171.0,99.62429422585637,1,0.3333333333333333,0.1,22.6,22.6,490.4,3.0,2.6457513110645907,1.3333333333333333,0.5773502691896257,Best Western,3,0.3333333333333333,False,True,False,False,True,False,False,False,1416.38,22.6,1,4,3,2.4499999999999997,924.6141863954653,2,2548.8980089378465,False,185.196
2998,540527,1981-04-15,42.0,F,False,False,usa,san diego,SAN,32.733,-117.189,2023-01-19,190,8,16.125,0.5,120.25,1.6,85.0,85.0,8.25,0.0,4,4,1.0,0,0.0,4,4,1.0,236.3625,304.352254399952,0.15,10.0775,20.155,925.295,2,0.5,1.0,0.0,0.25,0.5,American Airlines,3,0.5,SAN-JFK,4,0.25,1319.7502121373698,1752.9057728735856,0.0,4,127.5,50.441385125047205,0,0.0,0.0,0.0,0.0,510.0,2.5,1.2909944487358056,1.0,0.0,Aman Resorts,4,0.25,False,True,False,False,False,False,False,True,1435.295,20.155,1,4,3,2.4499999999999997,936.9619160553518,2,2582.9371833395317,False,236.3625
3004,540614,1992-07-05,31.0,F,False,False,usa,new york,JFK,40.64,-73.779,2023-01-19,190,8,32.125,0.625,699.411813,2.0,104.0,104.0,7.25,9.0,4,4,1.0,1,0.25,4,4,1.0,899.0666666666667,597.883189622633,0.2,311.99,311.99,2385.21,2,0.5,1.6,0.5773502691896257,0.5,0.5773502691896257,Allegiant Air,4,0.25,JFK-ELP,4,0.25,3419.7535921513786,872.0942674561544,0.0,4,136.0,74.08103670980853,2,0.5,0.05,5.4,5.4,402.6,3.25,0.5,1.5,0.5773502691896257,Hilton,3,0.5,False,False,False,False,False,False,False,False,2787.81,317.39,1,4,5,3.15,1819.8849708236078,5,5016.904614790534,True,561.9166666666666
3018,540819,1981-05-10,42.0,M,False,False,usa,cincinnati,LUK,39.103,-84.419,2023-01-19,190,8,46.125,0.5,1057.125,1.3333333333333333,54.0,57.0,7.333333333333333,7.0,3,3,1.0,1,0.3333333333333333,3,3,1.0,338.665,249.884465403514,0.0,0.0,0.0,677.33,1,0.3333333333333333,1.0,0.0,0.6666666666666666,0.5773502691896257,Air Canada,3,0.3333333333333333,LUK-YOW,3,0.3333333333333333,1972.160519025802,1190.17324892824,0.0,3,133.5,4.949747468305833,2,0.6666666666666666,0.15,19.5,19.5,247.5,2.6666666666666665,1.5275252316519468,1.0,0.0,Four Seasons,3,0.3333333333333333,False,False,False,False,True,False,False,False,924.83,19.5,2,3,2,2.25,804.9731832833168,2,2219.0818336002003,False,338.665
3031,541047,1951-07-09,72.0,F,True,False,usa,madison,MSN,43.14,-89.337,2023-01-19,190,8,38.625,0.375,1001.375,2.6666666666666665,121.0,121.0,74.0,141.0,2,1,0.5,1,0.5,1,1,1.0,0.0,0.0,0.0,0.0,0.0,0.0,1,1.0,2.0,0.0,1.0,0.0,Abu Dhabi Amiri Flight,1,1.0,MSN-YWG,1,1.0,0.0,0.0,0.0,2,312.0,0.0,1,0.5,0.0,0.0,0.0,312.0,7.5,2.1213203435596424,1.5,0.7071067811865476,Hilton,2,0.5,False,False,True,True,True,False,False,True,312.0,0.0,1,2,1,1.25,407.34778259419807,1,1122.941835931894,True,0.0
3035,541112,1979-12-01,43.0,F,False,False,usa,detroit,DTW,42.212,-83.353,2023-01-19,190,8,16.25,0.5,119.25,1.3333333333333333,35.0,67.0,7.5,0.0,4,3,0.75,0,0.0,3,3,1.0,196.81666666666666,151.558549852304,0.1,7.248,7.248,583.202,1,0.3333333333333333,1.3333333333333333,0.5773502691896257,1.3333333333333333,2.309401076758503,Air Canada,3,0.3333333333333333,DTW-BOS,3,0.3333333333333333,754.4823520077895,338.37970071725255,0.0,4,163.5,123.484142031814,0,0.0,0.0,0.0,0.0,654.0,3.75,1.2583057392117916,1.25,0.5,Crowne Plaza,3,0.5,False,True,False,False,False,False,False,True,1237.202,7.248,3,4,3,3.25,807.6466207069022,2,2226.4517392605944,False,147.6125
3038,541162,1980-07-28,43.0,M,False,True,usa,houston,IAH,29.98,-95.34,2023-01-19,190,9,47.0,0.6666666666666666,796.6048845555556,1.2857142857142858,16.0,16.0,10.2,4.0,5,4,0.8,1,0.2,5,5,1.0,275.05,221.333487901552,0.05,0.0,0.0,1100.2,1,0.2,1.0,0.0,0.4,0.5477225575051661,WestJet,5,0.2,IAH-YEG,5,0.2,1538.6537576913684,1239.5842410516861,0.0,4,206.33333333333334,20.404247923737188,1,0.25,0.0,0.0,0.0,619.0,2.75,2.3629078131263044,1.0,0.0,Wyndham,4,0.25,False,False,False,False,True,False,False,True,1719.2,0.0,4,5,4,4.25,897.8362920973658,2,2475.0789799155286,False,275.05
3044,541235,1975-07-18,48.0,F,True,False,usa,san diego,SAN,32.733,-117.189,2023-01-19,190,8,21.0,0.625,157.375,1.3333333333333333,50.0,50.0,7.2,0.0,5,5,1.0,0,0.0,5,5,1.0,1004.726,1032.032077810569,0.0,0.0,0.0,5023.63,0,0.0,1.6,1.3416407864998738,0.4,0.5477225575051661,Air Canada,5,0.2,SAN-JFK,5,0.2,3207.459947255103,806.2278187124259,0.0,5,121.6,73.0602491098956,2,0.4,0.15,22.85,45.7,562.3,3.4,1.3416407864998738,1.6,1.3416407864998738,Hyatt,4,0.4,False,True,False,False,True,False,False,False,5585.93,45.7,2,5,5,3.8,2917.2002554184733,5,8041.890371265443,False,627.95375
3050,541282,1977-08-27,45.0,F,True,False,usa,honolulu,HNL,21.316,-157.927,2023-01-19,190,10,32.9,0.3,451.5886537,1.4285714285714286,10.0,153.0,8.5,10.0,2,1,0.5,1,0.5,1,1,1.0,0.0,0.0,0.1,0.0,0.0,0.0,1,1.0,1.0,0.0,1.0,0.0,Delta Air Lines,1,1.0,HNL-LUF,1,1.0,0.0,0.0,0.0,2,77.0,0.0,1,0.5,0.0,0.0,0.0,77.0,10.5,7.7781745930520225,1.0,0.0,Shangri-La,2,0.5,False,False,True,True,True,False,False,True,77.0,0.0,5,2,1,2.85,100.53134378126042,1,277.13628643190975,True,0.0
3051,541289,1979-03-11,44.0,F,True,False,usa,orlando,ORL,28.545,-81.333,2023-01-19,190,8,18.375,0.5,135.375,1.1428571428571428,7.0,40.0,7.25,0.0,4,4,1.0,0,0.0,4,4,1.0,421.29,187.51929731808,0.1,28.596,28.596,1656.564,1,0.25,1.25,0.5,0.5,0.5773502691896257,Conviasa,4,0.25,ORL-EFD,4,0.25,2016.0596913940858,1033.904609744492,0.0,4,109.25,50.12235030403104,1,0.25,0.1,6.1,6.1,430.9,6.25,4.9916597106239795,1.25,0.5,Radisson,3,0.5,False,True,False,False,False,False,False,False,2087.464,34.696,5,4,4,4.4,1362.698448149383,4,3756.571565066883,False,337.03200000000004
3055,541382,1984-05-20,39.0,F,True,True,usa,new york,JFK,40.64,-73.779,2023-01-20,189,9,24.0,0.4444444444444444,178.66666666666666,1.5,26.0,26.0,8.0,0.0,4,4,1.0,0,0.0,4,4,1.0,341.145,272.137283553724,0.0,0.0,0.0,1364.58,0,0.0,1.0,0.0,0.25,0.5,Delta Air Lines,3,0.5,JFK-DMA,4,0.25,2018.3754061948412,1658.2694793419398,0.0,4,112.25,26.725456029785533,1,0.25,0.15,11.7,11.7,437.3,3.75,1.5,1.0,0.0,Aman Resorts,4,0.25,False,True,False,False,True,False,False,False,1801.88,11.7,4,4,4,4.0,1176.2689463154386,3,3242.638518155387,False,341.145
3060,541505,1981-05-05,42.0,F,False,False,usa,los angeles,LAX,33.942,-118.408,2023-01-20,189,8,16.75,0.375,126.25,1.3333333333333333,55.0,146.0,9.0,0.0,3,3,1.0,0,0.0,3,3,1.0,292.00333333333333,204.635965884136,0.1,26.919,26.919,849.091,1,0.3333333333333333,1.0,0.0,0.6666666666666666,0.5773502691896257,Allegiant Air,3,0.3333333333333333,LAX-BFI,3,0.3333333333333333,1873.6661988592662,1505.8771758213736,0.0,3,132.0,53.113086899558006,0,0.0,0.0,0.0,0.0,396.0,3.0,2.0,1.0,0.0,Four Seasons,3,0.3333333333333333,False,True,False,False,False,False,False,True,1245.091,26.919,2,3,3,2.5999999999999996,1083.7287563632322,3,2987.531567184354,True,292.00333333333333
3065,541649,1986-07-24,37.0,F,False,False,usa,houston,HOU,29.645,-95.279,2023-01-20,189,8,22.75,0.75,168.5,1.3333333333333333,38.0,38.0,4.666666666666667,0.0,6,6,1.0,0,0.0,6,6,1.0,470.065,337.582491059593,0.05,9.6555,9.6555,2810.7345,1,0.16666666666666666,1.3333333333333333,0.816496580927726,0.3333333333333333,0.5163977794943223,Delta Air Lines,5,0.3333333333333333,HOU-ELP,5,0.3333333333333333,1964.0815673322807,709.9329161287658,0.0,6,214.5,91.32305294940593,2,0.3333333333333333,0.075,18.75,37.5,1249.5,2.1666666666666665,0.752772652709081,1.3333333333333333,0.816496580927726,Conrad,6,0.16666666666666666,False,True,False,False,False,False,False,False,4060.2345,47.1555,3,5,5,4.2,1767.0165816105366,5,4871.161521094034,False,352.54875000000004
3069,541734,1985-06-22,38.0,F,False,False,usa,los angeles,LAX,33.942,-118.408,2023-01-20,189,8,20.625,0.375,153.625,1.3333333333333333,28.0,56.0,5.666666666666667,0.0,3,3,1.0,0,0.0,3,3,1.0,583.9266666666666,209.554252959307,0.0,0.0,0.0,1751.78,0,0.0,1.0,0.0,1.0,0.0,Delta Air Lines,2,0.6666666666666666,LAX-LGA,3,0.3333333333333333,3264.2494215186775,1129.1517083243875,0.0,3,130.33333333333334,93.62869930386374,2,0.6666666666666666,0.2,19.55,39.1,351.9,2.6666666666666665,1.5275252316519468,1.0,0.0,Hyatt,3,0.3333333333333333,False,True,False,False,True,False,False,False,2103.68,39.1,3,3,4,3.35,1831.0456907858172,5,5047.671541481211,False,583.9266666666666
3087,542012,1978-06-24,45.0,F,False,False,usa,nashville,BNA,36.124,-86.678,2023-01-20,189,8,17.375,0.375,130.375,1.3333333333333333,44.0,137.0,7.0,0.0,3,3,1.0,0,0.0,3,3,1.0,336.65,168.627232972613,0.05,14.7305,14.7305,995.2195,1,0.3333333333333333,1.0,0.0,1.0,1.0,AirTran Airways,3,0.3333333333333333,BNA-DEN,3,0.3333333333333333,1843.4526836699026,910.0920164884841,0.0,3,277.0,128.421182053429,0,0.0,0.0,0.0,0.0,831.0,3.3333333333333335,1.1547005383792515,1.0,0.0,Rosewood,2,0.6666666666666666,False,True,False,False,False,False,False,True,1826.2195,14.7305,2,3,4,2.95,1589.5437261865065,4,4381.919397744926,True,336.65
3092,542059,1973-05-02,50.0,F,True,False,canada,calgary,YYC,51.114,-114.02,2023-01-20,189,8,24.0,0.375,178.375,2.0,101.0,132.0,7.666666666666667,0.0,3,2,0.6666666666666666,0,0.0,3,3,1.0,538.5666666666667,112.857543094528,0.3,140.118,140.118,1475.582,1,0.3333333333333333,1.0,0.0,0.3333333333333333,0.5773502691896257,American Airlines,3,0.3333333333333333,YYC-EFD,3,0.3333333333333333,2944.0264448133953,299.45213251003685,0.0,2,70.5,23.33452377915607,0,0.0,0.0,0.0,0.0,141.0,2.5,0.7071067811865476,1.0,0.0,Rosewood,2,0.5,False,True,False,False,False,False,False,True,1616.582,140.118,1,3,4,2.55,1407.0749852172946,4,3878.905040629173,True,538.5666666666667
3094,542080,1967-06-15,56.0,F,False,False,usa,lubbock,LBB,33.664,-101.823,2023-01-20,189,8,23.875,0.375,176.375,1.6,64.0,64.0,6.666666666666667,0.0,3,3,1.0,0,0.0,3,3,1.0,298.8,200.891822630987,0.15,14.202,14.202,882.198,1,0.3333333333333333,1.0,0.0,0.3333333333333333,0.5773502691896257,Air Canada,3,0.3333333333333333,LBB-LAX,3,0.3333333333333333,1615.8256150311856,1091.5032557565985,0.0,3,123.66666666666667,79.97708005005768,1,0.3333333333333333,0.1,10.6,10.6,360.4,5.0,4.58257569495584,1.0,0.0,Best Western,3,0.3333333333333333,False,True,False,False,False,False,False,False,1242.598,24.802,1,3,3,2.1999999999999997,1081.5588460597976,3,2981.549742404486,False,298.8
3095,542095,1973-05-10,50.0,F,True,True,usa,minneapolis,MSP,44.88,-93.217,2023-01-20,189,8,22.125,0.25,254.34169075,1.3333333333333333,56.0,56.0,8.0,8.0,1,1,1.0,1,1.0,1,1,1.0,0.0,0.0,0.0,0.0,0.0,0.0,1,1.0,1.0,0.0,1.0,0.0,Southwest Airlines,1,1.0,MSP-LGA,1,1.0,0.0,0.0,0.0,1,0.0,0.0,1,1.0,0.0,0.0,0.0,0.0,8.0,0.0,1.0,0.0,Best Western,1,1.0,False,False,True,True,True,True,True,True,0.0,0.0,2,1,0,1.05,0.0,1,0.0,False,0.0
3105,542270,1981-06-25,42.0,F,False,False,usa,tulsa,TUL,36.198,-95.888,2023-01-20,189,9,25.333333333333332,0.3333333333333333,188.0,1.2857142857142858,7.0,78.0,7.333333333333333,0.0,3,2,0.6666666666666666,0,0.0,2,2,1.0,471.44,55.11190252567951,0.1,43.247,43.247,899.633,1,0.5,2.0,1.414213562373095,0.5,0.7071067811865476,Air Canada,2,0.5,TUL-LOU,2,0.5,1564.5918225060893,893.8475808941702,0.0,3,139.0,73.18469785412795,0,0.0,0.0,0.0,0.0,417.0,2.6666666666666665,0.5773502691896257,1.6666666666666667,1.1547005383792515,Conrad,3,0.3333333333333333,False,True,False,False,False,False,False,True,1316.633,43.247,5,3,3,3.8,1145.9990022229633,3,3159.1929022831573,False,235.72
3107,542282,1975-11-01,47.0,F,False,False,usa,san jose,SJC,37.362,-121.929,2023-01-20,189,8,18.875,0.5,142.75,1.1428571428571428,22.0,94.0,8.5,0.0,4,4,1.0,0,0.0,4,4,1.0,361.235,212.347747888536,0.0,0.0,0.0,1444.94,0,0.0,1.25,0.5,0.5,0.5773502691896257,Air Canada,4,0.25,SJC-DEN,4,0.25,1784.5941501432947,1278.0844277481956,0.0,4,248.0,79.20437698343024,2,0.5,0.225,43.875,87.75,904.25,1.25,0.5,1.25,0.5,Conrad,4,0.25,False,True,False,False,True,False,False,False,2349.19,87.75,4,4,5,4.35,1533.553425308436,4,4227.57008261674,True,288.988
3113,542366,1976-06-12,47.0,F,True,False,usa,atlanta,ATL,33.64,-84.427,2023-01-20,189,8,26.25,0.375,196.25,1.6,85.0,108.0,6.333333333333333,0.0,3,3,1.0,0,0.0,3,2,0.6666666666666666,151.04333333333332,88.27104640443169,0.0,0.0,0.0,453.13,0,0.0,1.0,0.0,0.6666666666666666,0.5773502691896257,American Airlines,3,0.3333333333333333,ATL-DET,3,0.3333333333333333,907.5720092035817,353.8155535604072,0.0,3,169.66666666666666,79.66387721755284,1,0.3333333333333333,0.15,21.6,21.6,487.4,2.0,1.0,1.0,0.0,Fairmont,3,0.3333333333333333,False,True,False,False,True,False,False,False,940.53,21.6,1,3,2,1.8499999999999999,818.6384828276092,2,2256.7531729680004,True,151.04333333333332
3115,542418,1975-02-25,48.0,M,False,False,usa,new york,LGA,40.777,-73.872,2023-01-20,189,8,55.375,0.625,1125.875,1.6,87.0,87.0,7.25,9.0,4,4,1.0,1,0.25,4,4,1.0,200.40333333333334,94.29386477037269,0.0,0.0,0.0,601.21,1,0.25,1.6,0.9574271077563381,0.5,0.5773502691896257,Porter Airlines,2,0.75,LGA-YTZ,2,0.75,567.2430413127435,298.3540813046036,0.0,4,119.66666666666667,59.96943666012991,2,0.5,0.1,18.7,18.7,340.3,2.5,0.5773502691896257,1.75,0.9574271077563381,Shangri-La,4,0.25,False,False,False,False,True,False,False,False,941.51,18.7,1,4,2,2.0999999999999996,614.6186070356786,1,1694.3284742760218,False,125.25208333333333
3124,542658,1998-01-21,25.0,F,False,False,usa,phoenix,PHX,33.434,-112.008,2023-01-20,189,8,21.75,0.375,162.625,1.1428571428571428,23.0,117.0,9.666666666666666,0.0,3,1,0.3333333333333333,0,0.0,3,3,1.0,727.7233333333334,275.132193923818,0.05,29.1515,29.1515,2154.0185,1,0.3333333333333333,1.3333333333333333,0.5773502691896257,0.6666666666666666,0.5773502691896257,American Airlines,3,0.3333333333333333,PHX-LGA,3,0.3333333333333333,3121.384034468932,303.32917295088987,0.0,1,137.0,0.0,0,0.0,0.0,0.0,0.0,137.0,1.0,0.0,2.0,0.0,Starwood,1,1.0,False,True,False,False,False,False,True,True,2291.0185,29.1515,4,3,5,4.1,1994.10535439591,5,5497.18059945285,True,545.7925
3132,542796,1975-12-13,47.0,M,False,False,usa,long beach,LGB,33.818,-118.151,2023-01-20,189,7,18.285714285714285,0.42857142857142855,134.85714285714286,1.4,78.0,110.0,5.666666666666667,0.0,3,1,0.3333333333333333,0,0.0,3,3,1.0,1299.25,1086.834723451547,0.1,59.605,59.605,3838.145,1,0.3333333333333333,2.0,1.7320508075688772,0.6666666666666666,0.5773502691896257,Delta Air Lines,3,0.3333333333333333,LGB-JFK,3,0.3333333333333333,3783.6674627344128,302.33615716298095,0.0,1,95.0,0.0,0,0.0,0.0,0.0,0.0,95.0,2.0,0.0,1.0,0.0,Starwood,1,1.0,False,True,False,False,False,False,True,True,3933.145,59.605,1,3,5,2.9,3423.414304212515,5,9437.378348902455,True,649.625
3134,542812,1998-11-14,24.0,F,False,False,usa,new york,JFK,40.64,-73.779,2023-01-20,189,9,23.0,0.1111111111111111,170.44444444444446,1.2857142857142858,11.0,152.0,9.0,0.0,1,0,0.0,0,0.0,0,0,0.0,0.0,0.0,0.0,0.0,0.0,0.0,0,0.0,0.0,0.0,0.0,0.0,MISSING,0,0.0,MISSING,0,0.0,0.0,0.0,0.0,1,142.0,0.0,1,1.0,0.2,28.4,28.4,113.6,8.0,0.0,1.0,0.0,Choice Hotels,1,1.0,False,True,True,False,True,False,True,False,113.6,28.4,5,1,1,2.6,296.63274424808264,1,817.7320036016868,True,
3146,543008,1975-03-22,48.0,F,True,True,usa,buffalo,BUF,42.94,-78.732,2023-01-20,189,8,16.875,0.375,408.34705925,2.0,90.0,127.0,103.0,160.0,2,1,0.5,1,0.5,2,2,1.0,90.82,0.0,0.0,0.0,0.0,90.82,1,0.5,2.3333333333333335,1.414213562373095,1.0,1.414213562373095,Spicejet,2,0.5,BUF-BLR,2,0.5,483.63600812314723,9099.010191791363,0.0,1,73.0,0.0,0,0.0,0.0,0.0,0.0,73.0,5.0,0.0,1.0,0.0,Crowne Plaza,1,1.0,False,False,False,False,True,False,True,True,163.82,0.0,1,2,1,1.25,213.88369789929976,1,589.6164473152656,True,38.92285714285714
3148,543052,1983-08-11,39.0,F,True,False,usa,seattle,SEA,47.449,-122.309,2023-01-20,189,8,19.75,0.625,147.25,1.1428571428571428,8.0,125.0,6.2,0.0,5,3,0.6,0,0.0,5,5,1.0,679.578,645.924840457464,0.0,0.0,0.0,3397.89,0,0.0,1.4,0.8944271909999159,0.4,0.8944271909999159,Allegiant Air,5,0.2,SEA-JFK,5,0.2,2564.787434145858,1632.0536174660137,0.0,3,120.33333333333333,46.918368826434424,1,0.3333333333333333,0.05,5.25,5.25,355.75,2.6666666666666665,2.0816659994661326,1.0,0.0,Fairmont,3,0.3333333333333333,False,True,False,False,True,False,False,False,3753.64,5.25,5,5,5,5.0,1960.3037572524172,5,5403.999221829992,True,485.41285714285715
3155,543222,1985-05-05,38.0,F,True,False,usa,bakersfield,BFL,35.433,-119.057,2023-01-21,188,8,41.625,0.5,1051.5,1.3333333333333333,37.0,79.0,8.333333333333334,1.0,3,2,0.6666666666666666,1,0.3333333333333333,3,3,1.0,548.875,419.15168668395,0.1,0.0,0.0,1097.75,1,0.3333333333333333,1.25,0.5773502691896257,1.0,1.0,Finnair,3,0.3333333333333333,BFL-JFK,3,0.3333333333333333,1711.7534374165639,1343.7288020920068,0.0,2,52.0,0.0,1,0.5,0.0,0.0,0.0,52.0,3.5,3.5355339059327378,1.0,0.0,Aman Resorts,2,0.5,False,False,False,False,True,False,False,True,1149.75,0.0,3,3,3,3.0,1000.7438312770923,2,2758.765760390374,False,439.1
3161,543306,1986-07-18,37.0,F,False,True,usa,houston,IAH,29.98,-95.34,2023-01-21,188,8,20.375,0.375,152.875,1.3333333333333333,47.0,47.0,5.666666666666667,0.0,3,1,0.3333333333333333,0,0.0,2,2,1.0,350.34,109.78539884702337,0.0,0.0,0.0,700.68,0,0.0,1.0,0.0,1.0,0.0,AirTran Airways,2,0.5,IAH-MDW,2,0.5,2145.8142403463244,943.6136513346303,0.0,2,209.5,102.5304832720494,1,0.5,0.2,56.4,56.4,362.6,4.0,2.8284271247461903,1.0,0.0,Choice Hotels,2,0.5,False,True,False,False,True,False,False,False,1063.28,56.4,2,3,3,2.5999999999999996,925.4802356341003,2,2551.285460063385,False,350.34
3164,543352,1979-07-25,44.0,F,False,False,usa,wichita,ICT,37.65,-97.433,2023-01-21,188,8,16.25,0.5,120.125,1.1428571428571428,8.0,8.0,5.75,0.0,4,2,0.5,0,0.0,3,2,0.6666666666666666,220.32666666666665,30.20640715698134,0.2,50.14,50.14,610.84,1,0.3333333333333333,1.0,0.0,0.6666666666666666,0.5773502691896257,Air Europa,3,0.3333333333333333,ICT-CLT,3,0.3333333333333333,1614.3574872272711,400.639179385488,0.0,3,319.6666666666667,340.884633466123,0,0.0,0.0,0.0,0.0,959.0,2.3333333333333335,1.1547005383792515,1.0,0.0,Best Western,2,0.6666666666666666,False,True,False,False,False,False,False,True,1569.84,50.14,5,4,4,4.4,1024.7930176725574,2,2825.0625187809683,False,220.32666666666665
3166,543385,1983-07-13,40.0,F,False,False,usa,new york,JFK,40.64,-73.779,2023-01-21,188,8,20.0,0.75,149.5,1.1428571428571428,14.0,14.0,11.333333333333334,0.0,6,5,0.8333333333333334,0,0.0,5,5,1.0,566.742,235.3458307895,0.075,56.349,112.698,2721.012,2,0.4,1.6,1.3416407864998738,0.4,0.5477225575051661,AirTran Airways,5,0.2,JFK-BWI,5,0.2,2879.297375247358,1628.6632955318003,0.0,6,209.5,116.829362747556,2,0.3333333333333333,0.075,7.1,14.2,1242.8,3.3333333333333335,2.065591117977289,1.5,1.224744871391589,Best Western,6,0.16666666666666666,False,True,False,False,False,False,False,False,3963.812,126.898,5,5,5,5.0,1725.053449594309,5,4755.481115992385,False,354.21374999999995
3172,543559,1977-02-09,46.0,M,True,True,usa,new orleans,NBG,29.825,-90.035,2023-01-21,188,8,18.0,0.25,135.125,1.1428571428571428,26.0,77.0,8.0,0.0,2,2,1.0,0,0.0,2,2,1.0,402.7,133.671465915505,0.0,0.0,0.0,805.4,0,0.0,1.0,0.0,0.0,0.0,American Airlines,2,0.5,NBG-LSQ,2,0.5,2221.5371060104712,689.1942145947598,0.0,2,124.5,51.61879502661797,1,0.5,0.1,8.8,8.8,240.2,3.0,1.414213562373095,1.0,0.0,Accor,2,0.5,False,True,False,False,True,False,False,False,1045.6,8.8,4,2,2,2.8,1365.137312437479,4,3763.2948193922703,False,402.7
3178,543668,1990-06-17,33.0,F,False,False,canada,hamilton,YHM,43.173,-79.935,2023-01-21,188,9,16.0,0.5555555555555556,118.77777777777777,1.2857142857142858,11.0,11.0,8.4,0.0,5,5,1.0,0,0.0,5,5,1.0,456.548,458.577936527696,0.0,0.0,0.0,2282.74,0,0.0,1.2,0.4472135954999579,0.4,0.5477225575051661,American Airlines,3,0.6,YHM-JFK,5,0.2,1919.1307002264925,1393.2799095215278,0.0,5,118.0,69.29646455628166,2,0.4,0.1,11.15,22.3,567.7,2.8,2.4899799195977463,1.2,0.4472135954999579,Accor,5,0.2,False,True,False,False,True,False,False,False,2850.44,22.3,5,5,5,5.0,1488.6159146382126,4,4103.690162581676,False,380.4566666666667
3193,543927,1986-10-20,36.0,F,False,False,usa,new orleans,MSY,29.993,-90.258,2023-01-21,188,8,25.125,0.375,187.0,1.1428571428571428,15.0,15.0,5.0,0.0,3,3,1.0,0,0.0,3,3,1.0,469.47,208.026912441636,0.0,0.0,0.0,1408.41,0,0.0,1.3333333333333333,0.5773502691896257,0.3333333333333333,0.5773502691896257,Delta Air Lines,3,0.3333333333333333,MSY-DEN,3,0.3333333333333333,1911.0565566435698,208.52497725731695,0.0,3,157.0,52.373657500693994,1,0.3333333333333333,0.2,35.0,35.0,436.0,3.3333333333333335,2.516611478423583,1.3333333333333333,0.5773502691896257,Rosewood,2,0.6666666666666666,False,True,False,False,True,False,False,False,1844.41,35.0,5,3,4,4.15,1605.3767600311216,4,4425.566563271677,False,352.1025
3196,543952,1984-08-01,38.0,F,False,False,usa,san jose,SJC,37.362,-121.929,2023-01-21,188,8,18.75,0.625,138.375,1.1428571428571428,14.0,14.0,78.2,0.0,5,4,0.8,0,0.0,5,4,0.8,616.536,822.373613894561,0.05,25.91,25.91,3056.77,1,0.2,1.0,0.0,0.0,0.0,Air Canada,5,0.2,SJC-BNA,5,0.2,3684.410491110545,4366.390429637476,0.2,4,144.25,86.60783259420978,1,0.25,0.15,12.75,12.75,564.25,3.75,2.0615528128088303,1.0,0.0,Wyndham,3,0.5,False,True,False,False,False,False,False,False,3621.02,38.66,5,5,5,5.0,1891.0441893964653,5,5213.070316341162,False,616.536
3198,543976,1990-08-25,32.0,F,False,False,usa,chicago,MDW,41.786,-87.752,2023-01-21,188,9,34.333333333333336,0.5555555555555556,956.0,1.2857142857142858,16.0,16.0,7.75,6.0,4,3,0.75,1,0.25,3,3,1.0,205.31,109.7571145757759,0.0,0.0,0.0,410.62,1,0.3333333333333333,1.0,0.0,1.0,0.0,Allegiant Air,3,0.3333333333333333,MDW-DCA,3,0.3333333333333333,1051.3110816747337,333.9735273851324,0.0,4,127.66666666666667,98.8803991361955,1,0.25,0.0,0.0,0.0,383.0,2.25,0.9574271077563381,1.25,0.5,Hyatt,3,0.5,False,False,False,False,True,False,False,True,793.62,0.0,4,4,2,3.3,518.0758769589863,1,1428.1876599876118,False,205.31
3201,544012,1975-09-03,47.0,F,False,True,usa,tulsa,TUL,36.198,-95.888,2023-01-21,188,8,20.25,0.5,151.875,1.1428571428571428,24.0,24.0,8.75,0.0,4,3,0.75,0,0.0,3,1,0.3333333333333333,97.02333333333333,39.02519485323979,0.1,14.004,14.004,277.066,1,0.3333333333333333,1.3333333333333333,0.5773502691896257,0.3333333333333333,0.5773502691896257,American Airlines,3,0.3333333333333333,TUL-LUF,3,0.3333333333333333,882.6210760653186,678.2735499132548,0.0,4,174.5,55.87187724308775,0,0.0,0.0,0.0,0.0,698.0,3.0,1.414213562373095,1.5,0.5773502691896257,Banyan Tree,4,0.25,False,True,False,False,False,False,False,True,975.066,14.004,4,4,2,3.3,636.523995165055,1,1754.7153913377695,False,72.7675
3212,544391,1980-03-17,43.0,M,True,True,usa,phoenix,LUF,33.535,-112.383,2023-01-21,188,8,22.25,0.375,165.625,1.3333333333333333,34.0,57.0,7.666666666666667,0.0,3,2,0.6666666666666666,0,0.0,2,2,1.0,274.055,247.833855738073,0.15,14.8215,14.8215,533.2885,1,0.5,1.0,0.0,0.5,0.7071067811865476,Air India Limited,2,0.5,LUF-LAX,2,0.5,1451.2745120336126,1262.0495540838256,0.0,3,166.0,70.87312607751969,1,0.3333333333333333,0.1,18.7,18.7,479.3,4.0,3.605551275463989,1.3333333333333333,0.5773502691896257,Choice Hotels,3,0.3333333333333333,False,True,False,False,False,False,False,False,1012.5885,33.5215,3,3,2,2.6500000000000004,881.3582909303101,2,2429.653823148553,False,274.055
3219,544469,1983-08-25,39.0,F,False,True,usa,new york,JFK,40.64,-73.779,2023-01-21,188,9,17.333333333333332,0.3333333333333333,128.11111111111111,1.2857142857142858,19.0,104.0,8.333333333333334,0.0,3,2,0.6666666666666666,0,0.0,3,3,1.0,458.6,125.144335469089,0.05,19.0715,19.0715,1356.7285,1,0.3333333333333333,1.3333333333333333,0.5773502691896257,0.6666666666666666,0.5773502691896257,AirTran Airways,3,0.3333333333333333,JFK-BNA,3,0.3333333333333333,2150.445200545835,916.2492674517396,0.0,2,382.5,287.792459942925,0,0.0,0.0,0.0,0.0,765.0,3.0,1.414213562373095,1.0,0.0,Fairmont,2,0.5,False,True,False,False,False,False,False,True,2121.7285,19.0715,4,3,4,3.75,1846.7551276536624,5,5090.977985339794,True,343.95000000000005
3230,544604,1971-11-13,51.0,M,False,False,usa,lubbock,LBB,33.664,-101.823,2023-01-21,188,8,18.25,0.25,136.875,1.1428571428571428,21.0,160.0,9.5,0.0,2,1,0.5,0,0.0,2,2,1.0,117.68,37.759502115361634,0.15,13.647,13.647,221.713,1,0.5,1.5,0.7071067811865476,0.5,0.7071067811865476,Delta Air Lines,2,0.5,LBB-DAL,2,0.5,448.16623159251964,32.31916486826904,0.0,1,154.0,0.0,0,0.0,0.0,0.0,0.0,154.0,4.0,0.0,1.0,0.0,Crowne Plaza,1,1.0,False,True,False,False,False,False,True,True,375.713,13.647,4,2,1,2.45,490.5315943647883,1,1352.2559166778196,True,78.45333333333333
3236,544685,1987-05-25,36.0,M,False,True,usa,kansas city,MCI,39.297,-94.714,2023-01-21,188,8,41.25,0.375,1021.0,1.1428571428571428,17.0,18.0,158.0,308.0,2,2,1.0,1,0.5,2,2,1.0,541.54,0.0,0.0,0.0,0.0,541.54,1,0.5,2.0,0.0,0.5,0.7071067811865476,Jet2.com,2,0.5,MCI-HER,2,0.5,1536.4367582991026,5756.952328324286,0.0,2,87.0,0.0,1,0.5,0.0,0.0,0.0,87.0,9.5,9.192388155425117,1.5,0.7071067811865476,Extended Stay,2,0.5,False,False,False,False,True,False,False,True,628.54,0.0,4,2,2,2.8,820.6229976658885,2,2262.2239152456173,False,270.77
3241,544818,1994-07-26,29.0,F,False,False,usa,anchorage,ANC,61.174,-149.996,2023-01-21,188,8,17.875,0.25,133.0,1.6,63.0,80.0,7.0,0.0,2,2,1.0,0,0.0,2,2,1.0,926.23,28.977235893024716,0.35,331.352,331.352,1521.108,1,0.5,1.0,0.0,1.0,1.414213562373095,AirTran Airways,2,0.5,ANC-CMH,2,0.5,5073.717243752542,95.24142030466841,1.0,2,134.5,61.518289963229634,0,0.0,0.0,0.0,0.0,269.0,1.5,0.7071067811865476,1.0,0.0,Choice Hotels,2,0.5,False,True,False,False,False,False,False,True,1790.108,331.352,2,2,4,2.7,2337.1683474491497,5,6442.90757703965,False,926.23
3244,544926,1985-07-21,38.0,F,False,True,usa,colorado springs,COS,38.806,-104.7,2023-01-21,188,8,23.875,0.25,177.625,1.3333333333333333,35.0,47.0,8.0,0.0,2,2,1.0,0,0.0,2,2,1.0,228.705,12.324871196081524,0.0,0.0,0.0,457.41,0,0.0,1.0,0.0,0.0,0.0,Delta Air Lines,2,0.5,COS-NZY,2,0.5,1251.9402918090404,90.53711725769783,0.0,2,106.5,74.24621202458749,1,0.5,0.1,5.4,5.4,207.6,2.5,0.7071067811865476,1.0,0.0,Starwood,1,1.0,False,True,False,False,True,False,False,False,665.01,5.4,3,2,2,2.4000000000000004,868.238297765922,2,2393.485738182913,False,228.705
3246,545011,1969-09-12,53.0,F,True,True,usa,memphis,MEM,35.042,-89.977,2023-01-21,188,8,16.0,0.5,118.875,1.3333333333333333,37.0,37.0,7.5,0.0,4,3,0.75,0,0.0,4,4,1.0,367.9325,244.276260188473,0.0,0.0,0.0,1471.73,0,0.0,1.25,0.5,1.0,0.0,United Airlines,3,0.5,MEM-IAH,4,0.25,1618.0896540853887,1023.1390412132859,0.0,3,176.33333333333334,108.914339429358,2,0.6666666666666666,0.1,14.95,29.9,499.1,3.6666666666666665,2.8867513459481287,1.3333333333333333,0.5773502691896257,Choice Hotels,3,0.3333333333333333,False,True,False,False,True,False,False,False,1970.83,29.9,3,4,4,3.6,1286.5596640546848,3,3546.6786194064975,False,294.346
3250,545089,2006-09-21,16.0,F,False,False,usa,louisville,LOU,38.228,-85.664,2023-01-22,187,8,21.0,0.25,556.52926725,2.0,103.0,124.0,224.0,203.0,1,1,1.0,1,1.0,1,0,0.0,0.0,0.0,0.0,0.0,0.0,0.0,1,1.0,1.0,0.0,0.0,0.0,Swiss International Air Lines,1,1.0,LOU-HKG,1,1.0,0.0,0.0,0.0,1,0.0,0.0,1,1.0,0.0,0.0,0.0,0.0,9.0,0.0,1.0,0.0,Radisson,1,1.0,False,False,True,True,True,True,True,True,0.0,0.0,1,1,0,0.65,0.0,1,0.0,True,0.0
3267,545344,2001-03-25,22.0,F,False,True,usa,houston,EFD,29.607,-95.159,2023-01-22,187,9,29.333333333333332,0.3333333333333333,901.2222222222222,1.5,48.0,93.0,143.5,236.0,2,1,0.5,1,0.5,1,1,1.0,0.0,0.0,0.0,0.0,0.0,0.0,1,1.0,2.0,0.0,1.0,0.0,United Airlines,1,1.0,EFD-PEK,1,1.0,0.0,0.0,0.0,2,310.0,0.0,1,0.5,0.1,0.0,0.0,310.0,10.0,9.899494936611665,1.0,0.0,Radisson,2,0.5,False,False,True,True,True,False,False,True,310.0,0.0,2,2,1,1.65,404.73657885961984,1,1115.7434908297664,True,0.0
3272,545404,1973-04-02,50.0,F,False,False,usa,houston,IAH,29.98,-95.34,2023-01-22,187,10,38.2,0.7,744.4404608,1.6666666666666667,33.0,33.0,7.333333333333333,6.0,6,5,0.8333333333333334,1,0.16666666666666666,6,6,1.0,414.96,181.082386222404,0.1,39.596,39.596,2035.204,2,0.3333333333333333,1.1428571428571428,0.408248290463863,0.5,0.5477225575051661,Delta Air Lines,5,0.16666666666666666,IAH-LGA,6,0.16666666666666666,1953.4772169997486,366.3821612786312,0.0,5,140.0,58.09761899883104,2,0.4,0.1,9.6,9.6,550.4,3.4,1.949358868961793,1.0,0.0,Four Seasons,5,0.2,False,False,False,False,False,False,False,False,2585.604,49.196,3,5,5,4.2,1125.2564701567187,3,3102.0116482402227,False,363.09
3276,545518,1978-09-27,44.0,F,False,True,canada,edmonton,YXD,53.573,-113.521,2023-01-22,187,8,29.25,0.625,947.31888,1.1428571428571428,19.0,22.0,85.25,306.0,4,4,1.0,1,0.25,4,4,1.0,613.99,480.920808033922,0.05,15.8925,15.8925,1826.0775,2,0.5,1.2,0.5,0.0,0.0,Air North Charter - Canada,3,0.25,YXD-YOW,4,0.25,2588.6488366938506,566.4758916914263,0.0,4,148.0,54.945427471264615,1,0.25,0.0,0.0,0.0,444.0,5.0,2.449489742783178,1.25,0.5,Four Seasons,3,0.25,False,False,False,False,False,False,False,True,2270.0775,15.8925,4,4,5,4.35,1481.9087114454817,4,4085.200313393724,False,511.65833333333336
3280,545633,1987-12-20,35.0,M,False,False,usa,columbus,LCK,39.814,-82.928,2023-01-22,187,8,23.125,0.375,172.0,1.1428571428571428,9.0,9.0,8.0,0.0,3,3,1.0,0,0.0,3,3,1.0,396.69,181.955223338051,0.1,45.0255,90.051,1100.019,2,0.6666666666666666,1.0,0.0,0.3333333333333333,0.5773502691896257,AirTran Airways,3,0.3333333333333333,LCK-AUS,3,0.3333333333333333,2224.12561090616,806.2895886366088,0.0,3,88.0,11.789826122551595,1,0.3333333333333333,0.35,27.3,27.3,236.7,4.0,1.7320508075688772,1.0,0.0,InterContinental,3,0.3333333333333333,False,True,False,False,False,False,False,False,1336.719,117.351,5,3,3,3.8,1163.481881627209,3,3207.388222190268,False,396.69
3283,545684,1977-03-28,46.0,F,True,True,usa,chicago,ORD,41.979,-87.904,2023-01-22,187,8,47.0,0.375,1063.625,1.6,62.0,64.0,5.5,4.0,2,2,1.0,1,0.5,2,2,1.0,477.82,0.0,0.0,0.0,0.0,477.82,1,0.5,1.3333333333333333,0.7071067811865476,1.0,0.0,American Airlines,1,1.0,ORD-LSV,2,0.5,1187.7586618438768,879.647565890168,0.0,2,89.0,0.0,1,0.5,0.0,0.0,0.0,89.0,6.0,5.656854249492381,1.5,0.7071067811865476,InterContinental,2,0.5,False,False,False,False,True,False,False,True,566.82,0.0,2,2,1,1.65,740.0412504168056,1,2040.0829853939622,False,358.365
3284,545736,2000-12-19,22.0,F,False,False,usa,columbus,LCK,39.814,-82.928,2023-01-22,187,7,42.857142857142854,0.42857142857142855,1136.2857142857142,1.4,74.0,76.0,157.0,307.0,2,0,0.0,1,0.5,1,1,1.0,0.0,0.0,0.25,0.0,0.0,0.0,1,1.0,2.0,0.0,1.0,0.0,Air France,1,1.0,LCK-CDG,1,1.0,0.0,0.0,0.0,1,122.0,0.0,0,0.0,0.0,0.0,0.0,122.0,16.0,0.0,1.0,0.0,Fairmont,1,1.0,False,False,True,True,True,False,True,True,122.0,0.0,1,2,1,1.25,159.28342780926974,1,439.09905122977904,False,0.0
3288,545755,1985-08-26,37.0,F,False,False,canada,montreal,YHU,45.517,-73.417,2023-01-22,187,8,17.625,0.625,130.75,1.1428571428571428,25.0,25.0,7.0,0.0,5,3,0.6,0,0.0,4,4,1.0,315.8775,259.923772463518,0.1,49.43,49.43,1214.08,1,0.25,1.0,0.0,0.25,0.5,United Airlines,3,0.5,YHU-LGA,4,0.25,1939.6362398062604,1656.554016205917,0.0,4,160.75,45.85756934974494,1,0.25,0.2,33.2,33.2,609.8,12.75,14.545904349105742,1.0,0.0,Conrad,4,0.25,False,True,False,False,False,False,False,False,1823.88,82.63,4,5,4,4.25,952.5044534844949,2,2625.7835329736704,False,315.8775
3290,545763,1949-04-27,74.0,F,True,False,usa,philadelphia,PNE,40.082,-75.011,2023-01-22,187,8,21.375,0.375,292.884620875,1.1428571428571428,5.0,135.0,88.5,38.0,2,0,0.0,1,0.5,1,1,1.0,0.0,0.0,0.0,0.0,0.0,0.0,1,1.0,2.0,0.0,1.0,0.0,Southwest Airlines,1,1.0,PNE-BOS,1,1.0,0.0,0.0,0.0,1,138.0,0.0,1,1.0,0.1,13.8,13.8,124.2,12.0,0.0,1.0,0.0,Fairmont,1,1.0,False,False,True,True,True,False,True,False,124.2,13.8,5,2,1,2.85,162.15575191730576,1,447.0172308421193,True,0.0
3298,545879,1997-10-25,25.0,F,False,False,usa,new york,LGA,40.777,-73.872,2023-01-22,187,8,22.0,0.5,555.4107375,1.1428571428571428,26.0,46.0,106.66666666666667,289.0,3,3,1.0,1,0.3333333333333333,3,3,1.0,420.6,3.2668333290818494,0.0,0.0,0.0,841.2,1,0.3333333333333333,1.5,0.5773502691896257,0.3333333333333333,0.5773502691896257,JetBlue Airways,3,0.3333333333333333,LGA-SAN,3,0.3333333333333333,2376.7946353459292,906.9121260689527,0.0,3,209.5,23.33452377915607,1,0.3333333333333333,0.0,0.0,0.0,419.0,7.666666666666667,8.962886439832502,1.0,0.0,Wyndham,3,0.3333333333333333,False,False,False,False,True,False,False,True,1260.2,0.0,4,3,3,3.4,1096.8796487718128,3,3023.7848325670357,False,280.40000000000003
3302,545981,1987-08-14,35.0,F,False,False,canada,windsor,YQG,42.276,-82.956,2023-01-22,187,7,28.714285714285715,0.5714285714285714,211.85714285714286,1.1666666666666667,39.0,60.0,7.75,0.0,4,2,0.5,0,0.0,2,2,1.0,134.0,4.709331162702407,0.1,13.733,13.733,254.267,1,0.5,1.0,0.0,0.5,0.7071067811865476,Air Canada,2,0.5,YQG-JFK,2,0.5,785.6617798048015,0.0,0.0,4,321.0,409.589225118695,0,0.0,0.0,0.0,0.0,1284.0,6.5,5.916079783099616,1.0,0.0,Accor,4,0.25,False,True,False,False,False,False,False,True,1538.267,13.733,3,4,4,3.6,1004.1821337945983,2,2768.2441813036007,False,134.0
3303,546008,1992-11-03,30.0,F,False,False,usa,colorado springs,COS,38.806,-104.7,2023-01-22,187,8,23.0,0.5,170.375,1.1428571428571428,18.0,34.0,7.0,0.0,4,4,1.0,0,0.0,4,4,1.0,236.1325,186.662764966664,0.05,8.5325,8.5325,935.9975,1,0.25,1.25,0.5,0.25,0.5,Air Canada,3,0.5,COS-DEN,4,0.25,1420.8389793595045,1046.676456206926,0.0,4,239.0,99.615929114441,1,0.25,0.1,23.7,23.7,932.3,4.0,3.3665016461206925,1.25,0.5,Fairmont,2,0.5,False,True,False,False,False,False,False,False,1868.2975,32.2325,4,4,4,4.0,1219.626352325775,3,3362.1625396105246,False,188.906
3305,546061,1977-02-15,46.0,F,False,True,usa,new york,JFK,40.64,-73.779,2023-01-22,187,8,16.125,0.5,120.375,2.6666666666666665,118.0,118.0,6.75,0.0,4,3,0.75,0,0.0,4,4,1.0,547.6325,135.558010060884,0.125,82.5805,165.161,2025.369,2,0.5,1.0,0.0,0.0,0.0,Bearskin Lake Air Service,4,0.25,JFK-IAH,4,0.25,3070.0179965629554,1023.1659952433272,0.0,3,145.33333333333334,50.212880153734794,1,0.3333333333333333,0.2,39.6,39.6,396.4,2.3333333333333335,1.5275252316519468,1.0,0.0,Hyatt,2,0.6666666666666666,False,True,False,False,False,False,False,False,2421.769,204.761,1,4,5,3.15,1580.9330642714235,4,4358.182254908568,True,547.6325
3314,546164,2002-03-19,21.0,F,False,False,canada,winnipeg,YAV,50.056,-97.032,2023-01-22,187,8,36.625,0.375,988.0,1.3333333333333333,47.0,100.0,116.5,172.0,2,1,0.5,1,0.5,1,1,1.0,0.0,0.0,0.0,0.0,0.0,0.0,1,1.0,1.0,0.0,0.0,0.0,Delta Air Lines,1,1.0,YAV-YKZ,1,1.0,0.0,0.0,0.0,2,140.0,0.0,1,0.5,0.0,0.0,0.0,140.0,14.0,9.899494936611665,1.5,0.7071067811865476,InterContinental,2,0.5,False,False,True,True,True,False,False,True,140.0,0.0,2,2,1,1.65,182.78426142047348,1,503.88415714892676,True,0.0
3317,546256,1971-07-26,52.0,F,True,True,usa,charlotte,CLT,35.214,-80.943,2023-01-22,187,8,17.25,0.625,127.0,1.3333333333333333,31.0,31.0,7.8,0.0,5,3,0.6,0,0.0,3,2,0.6666666666666666,373.75333333333333,207.838873248806,0.15,91.8825,91.8825,1029.3775,1,0.3333333333333333,1.3333333333333333,0.5773502691896257,0.0,0.0,Allegiant Air,3,0.3333333333333333,CLT-DAL,3,0.3333333333333333,2070.0134481547175,1166.0801164486625,0.0,5,323.0,256.862803846723,0,0.0,0.0,0.0,0.0,1615.0,6.0,2.449489742783178,1.2,0.4472135954999579,Marriott,4,0.4,False,True,False,False,False,False,False,True,2644.3775,91.8825,3,5,5,4.2,1381.001680726909,4,3807.028365060246,False,280.315
3322,546395,1980-05-22,43.0,F,True,True,usa,houston,HOU,29.645,-95.279,2023-01-22,187,8,37.875,0.625,749.070812375,2.0,101.0,121.0,6.5,0.0,4,4,1.0,1,0.25,4,3,0.75,368.4766666666667,225.342735479388,0.1,57.15,57.15,1048.28,2,0.5,1.0,0.0,0.5,0.5773502691896257,United Airlines,3,0.5,HOU-FTW,4,0.25,2295.2196199011764,1201.0166156890912,0.0,4,131.0,42.567593307585526,1,0.25,0.0,0.0,0.0,393.0,2.5,0.5773502691896257,1.0,0.0,Best Western,4,0.25,False,False,False,False,False,False,False,True,1441.28,57.15,1,4,3,2.4499999999999997,940.8689296432144,2,2593.70770719859,True,368.4766666666667
3330,546529,1976-08-06,46.0,F,True,False,usa,las vegas,LAS,36.08,-115.152,2023-01-22,187,10,38.8,0.5,896.0,2.0,79.0,79.0,82.25,3.0,4,3,0.75,1,0.25,4,4,1.0,844.41,466.142999840178,0.05,67.96,67.96,2465.27,2,0.5,1.2,0.5,1.0,0.0,United Airlines,4,0.25,LAS-YKZ,4,0.25,3218.866206259707,474.7785804498626,0.0,3,104.5,30.405591591021544,1,0.3333333333333333,0.0,0.0,0.0,209.0,2.0,1.0,1.0,0.0,Marriott,3,0.3333333333333333,False,False,False,False,False,False,False,True,2674.27,67.96,1,4,5,3.15,1745.765952817606,5,4812.579589066645,False,703.675
3352,546888,1994-10-04,28.0,F,False,False,usa,orlando,MCO,28.429,-81.316,2023-01-23,186,8,36.875,0.375,988.0,1.1428571428571428,23.0,51.0,88.0,141.0,2,1,0.5,1,0.5,2,1,0.5,667.22,0.0,0.0,0.0,0.0,667.22,1,0.5,2.0,0.0,1.0,1.414213562373095,Air Baltic,2,0.5,MCO-LIN,2,0.5,3561.6841444934776,3029.259386699269,0.0,1,401.0,0.0,1,1.0,0.1,40.1,40.1,360.9,7.0,0.0,2.0,0.0,Choice Hotels,1,1.0,False,False,False,False,True,False,True,False,1028.12,40.1,4,2,2,2.8,1342.3153917972656,4,3700.3812831996756,False,333.61
3357,547006,1951-04-12,72.0,F,True,False,usa,new york,JFK,40.64,-73.779,2023-01-23,186,8,35.75,0.25,980.875,1.3333333333333333,53.0,107.0,168.0,114.0,1,1,1.0,1,1.0,1,1,1.0,0.0,0.0,0.0,0.0,0.0,0.0,1,1.0,2.0,0.0,1.0,0.0,Turkish Airlines,1,1.0,JFK-IST,1,1.0,0.0,0.0,0.0,1,0.0,0.0,1,1.0,0.0,0.0,0.0,0.0,10.0,0.0,1.0,0.0,Wyndham,1,1.0,False,False,True,True,True,True,True,True,0.0,0.0,2,1,0,1.05,0.0,1,0.0,True,0.0
3361,547100,1974-01-14,49.0,F,False,False,canada,toronto,YZD,43.742,-79.466,2023-01-23,186,8,17.125,0.5,401.692491125,1.1428571428571428,25.0,90.0,98.0,215.0,3,3,1.0,1,0.3333333333333333,3,3,1.0,384.17,355.052456969389,0.0,0.0,0.0,768.34,1,0.3333333333333333,1.5,0.5773502691896257,1.0,0.0,Turkish Airlines,3,0.3333333333333333,YZD-HKG,3,0.3333333333333333,2108.9559286507483,6185.279377108343,0.0,3,242.0,22.627416997969522,1,0.3333333333333333,0.0,0.0,0.0,484.0,4.333333333333333,3.0550504633038935,1.0,0.0,Choice Hotels,3,0.3333333333333333,False,False,False,False,True,False,False,True,1252.34,0.0,4,3,3,3.4,1090.038294987218,3,3004.925168399462,False,256.11333333333334
3363,547150,1980-04-28,43.0,F,True,True,usa,los angeles,LAX,33.942,-118.408,2023-01-23,186,8,26.5,0.5,263.25,1.1428571428571428,26.0,88.0,6.666666666666667,7.0,3,2,0.6666666666666666,1,0.3333333333333333,3,3,1.0,481.12,162.521422587916,0.0,0.0,0.0,962.24,1,0.3333333333333333,1.0,0.0,0.3333333333333333,0.5773502691896257,Lufthansa,3,0.3333333333333333,LAX-JFK,3,0.3333333333333333,2729.245276668915,1023.0697067308498,0.0,2,101.0,62.22539674441618,1,0.5,0.1,5.7,5.7,196.3,7.0,7.0710678118654755,1.0,0.0,Crowne Plaza,2,0.5,False,False,False,False,True,False,False,False,1158.54,5.7,4,3,3,3.4,1008.3946582194064,2,2779.8569115396076,False,481.12
3364,547164,1993-09-11,29.0,F,False,False,canada,montreal,YMX,45.68,-74.039,2023-01-23,186,8,55.5,0.375,1124.875,2.6666666666666665,123.0,123.0,12.0,7.0,2,1,0.5,1,0.5,1,0,0.0,161.15,0.0,0.1,16.115,16.115,145.035,1,1.0,1.0,0.0,0.0,0.0,Southwest Airlines,1,1.0,YMX-MEM,1,1.0,1789.1990397451486,0.0,0.0,2,137.0,0.0,1,0.5,0.0,0.0,0.0,137.0,21.5,6.363961030678928,1.0,0.0,Hilton,2,0.5,False,False,False,True,False,False,False,True,282.035,16.115,1,2,1,1.25,368.2254226408803,1,1015.0926304392684,True,161.15
3378,547459,1964-09-28,58.0,F,True,False,usa,los angeles,LAX,33.942,-118.408,2023-01-23,186,8,21.375,0.5,160.125,1.1428571428571428,8.0,8.0,55.5,0.0,4,2,0.5,0,0.0,2,2,1.0,347.54,194.440222690677,0.05,24.2515,24.2515,670.8285,1,0.5,1.5,0.7071067811865476,0.5,0.7071067811865476,Delta Air Lines,2,0.5,LAX-LUF,2,0.5,1689.7662365748024,1599.3277854437245,0.0,4,187.5,65.37328710311779,1,0.25,0.05,11.9,11.9,738.1,8.75,7.632168761236874,1.25,0.5,Four Seasons,4,0.25,False,True,False,False,False,False,False,False,1408.9285,36.1515,5,4,3,4.05,919.7498402384127,2,2535.4883918057203,False,231.69333333333336
3380,547512,1978-04-17,45.0,F,True,False,canada,calgary,YYC,51.114,-114.02,2023-01-23,186,8,17.625,0.5,131.25,1.1428571428571428,12.0,12.0,6.5,0.0,4,4,1.0,0,0.0,4,3,0.75,350.5,144.138501217868,0.1,34.536,34.536,1367.464,1,0.25,1.0,0.0,1.0,0.0,American Airlines,3,0.5,YYC-LSQ,4,0.25,2313.245680571804,545.7716146425539,0.0,4,318.25,170.400264084302,1,0.25,0.05,11.05,11.05,1261.95,5.75,3.593976442141304,1.0,0.0,Extended Stay,4,0.25,False,True,False,False,False,False,False,False,2629.414,45.586,5,4,5,4.75,1716.4839141380462,4,4731.857347091387,False,350.5
3382,547559,1987-04-14,36.0,F,True,False,usa,washington,IAD,38.944,-77.456,2023-01-23,186,8,24.375,0.75,179.875,1.1428571428571428,24.0,24.0,52.0,0.0,6,5,0.8333333333333334,0,0.0,6,6,1.0,239.07666666666665,177.959859818631,0.11666666666666667,42.49516666666667,127.4855,1306.9745,3,0.5,1.3333333333333333,0.5163977794943223,0.8333333333333334,0.983192080250175,JetBlue Airways,5,0.3333333333333333,IAD-AUS,6,0.16666666666666666,1213.330482005055,1118.270442167857,0.0,5,193.6,56.029456538503034,0,0.0,0.0,0.0,0.0,968.0,5.0,3.5355339059327378,1.0,0.0,Fairmont,4,0.4,False,True,False,False,False,False,False,True,2274.9745,127.4855,4,5,5,4.6,990.0703184116926,2,2729.3419249233357,False,179.3075
3384,547594,2006-11-26,16.0,F,False,False,canada,calgary,YYC,51.114,-114.02,2023-01-23,186,8,41.375,0.25,1053.625,1.3333333333333333,31.0,176.0,15.0,6.0,1,1,1.0,1,1.0,1,1,1.0,0.0,0.0,0.0,0.0,0.0,0.0,1,1.0,1.0,0.0,1.0,0.0,WestJet,1,1.0,YYC-YWG,1,1.0,0.0,0.0,0.0,1,0.0,0.0,1,1.0,0.0,0.0,0.0,0.0,2.0,0.0,1.0,0.0,Extended Stay,1,1.0,False,False,True,True,True,True,True,True,0.0,0.0,3,1,0,1.4500000000000002,0.0,1,0.0,True,0.0
3388,547663,1979-11-24,43.0,F,False,False,canada,london,YXU,43.036,-81.154,2023-01-23,186,8,20.25,0.25,153.375,1.1428571428571428,26.0,95.0,7.0,0.0,2,2,1.0,0,0.0,2,2,1.0,659.32,19.586857838867367,0.0,0.0,0.0,1318.64,0,0.0,1.0,0.0,0.0,0.0,Alaska Airlines,2,0.5,YXU-LAX,2,0.5,3319.0236512797956,65.44183310501099,0.0,2,149.5,3.5355339059327378,1,0.5,0.1,14.7,14.7,284.3,4.5,3.5355339059327378,1.0,0.0,Four Seasons,2,0.5,False,True,False,False,True,False,False,False,1602.94,14.7,4,2,4,3.5,2092.801457152384,5,5769.257649002147,True,659.32
3390,547693,1981-01-17,42.0,M,False,True,usa,bakersfield,BFL,35.433,-119.057,2023-01-23,186,8,16.125,0.25,371.009577125,1.6,80.0,80.0,253.0,253.0,1,1,1.0,1,1.0,1,1,1.0,0.0,0.0,0.05,0.0,0.0,0.0,1,1.0,2.0,0.0,2.0,0.0,Ryanair,1,1.0,BFL-JRS,1,1.0,0.0,0.0,0.0,1,0.0,0.0,1,1.0,0.2,0.0,0.0,0.0,16.0,0.0,1.0,0.0,Banyan Tree,1,1.0,False,False,True,True,True,True,True,True,0.0,0.0,1,1,0,0.65,0.0,1,0.0,False,0.0
3397,547825,2002-02-08,21.0,F,False,False,usa,colorado springs,COS,38.806,-104.7,2023-01-23,186,8,16.125,0.25,120.625,1.3333333333333333,53.0,53.0,8.0,0.0,2,1,0.5,0,0.0,1,1,1.0,501.62,0.0,0.0,0.0,0.0,501.62,0,0.0,1.0,0.0,1.0,0.0,Delta Air Lines,1,1.0,COS-LGA,1,1.0,2638.74046345294,0.0,0.0,2,121.0,5.656854249492381,1,0.5,0.1,11.7,11.7,230.3,6.5,6.363961030678928,1.0,0.0,Conrad,2,0.5,False,True,False,True,True,False,False,False,731.92,11.7,2,2,2,2.0,955.5961187062353,2,2634.306373574589,False,501.62
3402,547878,1998-02-11,25.0,F,False,False,usa,santa ana,SNA,33.676,-117.868,2023-01-23,186,8,18.5,0.5,350.426255,1.1428571428571428,1.0,118.0,78.66666666666667,108.0,3,1,0.3333333333333333,1,0.3333333333333333,1,1,1.0,0.0,0.0,0.2,0.0,0.0,0.0,1,1.0,1.0,0.0,0.0,0.0,Air Macau,1,1.0,SNA-MFM,1,1.0,0.0,0.0,0.0,3,181.0,8.48528137423857,2,0.6666666666666666,0.2,35.0,35.0,327.0,5.333333333333333,2.516611478423583,1.3333333333333333,0.5773502691896257,Wyndham,3,0.3333333333333333,False,False,True,True,True,False,False,False,327.0,35.0,5,3,1,3.1,284.621207069023,1,784.6196161319003,True,0.0
3405,547951,1973-03-25,50.0,M,False,False,usa,minneapolis,MSP,44.88,-93.217,2023-01-23,186,8,17.5,0.5,130.375,1.3333333333333333,38.0,90.0,10.5,0.0,4,4,1.0,0,0.0,4,3,0.75,403.4525,426.776927318789,0.1,103.208,103.208,1510.602,1,0.25,1.5,1.0,0.5,0.5773502691896257,Southwest Airlines,3,0.5,MSP-AUS,4,0.25,1593.734336858063,844.6278891502753,0.0,4,191.75,147.811535409115,1,0.25,0.2,27.0,27.0,740.0,2.25,0.5,1.5,1.0,Aman Resorts,3,0.5,False,True,False,False,False,False,False,False,2250.602,130.208,3,4,5,3.95,1469.1950868622873,4,4050.152470884603,False,268.9683333333333
3419,548189,1994-05-03,29.0,F,False,False,canada,montreal,YUL,45.468,-73.741,2023-01-23,186,8,29.0,0.625,545.7886695,2.0,105.0,108.0,74.25,278.0,4,1,0.25,1,0.25,2,2,1.0,274.81,0.0,0.05,13.7405,13.7405,261.0695,2,1.0,1.6666666666666667,1.414213562373095,0.0,0.0,Delta Air Lines,2,0.5,YUL-UGN,2,0.5,536.8579653726346,467.35513193572996,0.0,3,174.33333333333334,53.29477773040557,2,0.6666666666666666,0.075,10.55,21.1,501.9,4.666666666666667,3.0550504633038935,2.3333333333333335,0.5773502691896257,Fairmont,3,0.3333333333333333,False,False,False,False,False,False,False,False,762.9695,34.8405,1,4,2,2.0999999999999996,498.0672019423141,1,1373.029440849422,True,164.886
3421,548193,2006-09-09,16.0,F,False,True,usa,denver,DEN,39.858,-104.667,2023-01-23,186,8,31.875,0.375,798.607736,1.1428571428571428,4.0,79.0,145.0,206.0,2,0,0.0,1,0.5,2,2,1.0,283.93,0.0,0.0,0.0,0.0,283.93,1,0.5,1.6666666666666667,0.7071067811865476,1.0,0.0,Southwest Airlines,1,1.0,DEN-IND,2,0.5,1431.3319857354131,96.06176293887636,0.0,0,0.0,0.0,0,0.0,0.0,0.0,0.0,0.0,0.0,0.0,0.0,0.0,MISSING,0,0.0,False,False,False,False,True,True,False,True,283.93,0.0,5,2,1,2.85,370.69953817939313,1,1021.9130624235341,False,170.358
3427,548272,1981-08-28,41.0,F,True,True,usa,chicago,MDW,41.786,-87.752,2023-01-23,186,8,19.5,0.375,143.375,1.1428571428571428,12.0,12.0,9.666666666666666,0.0,3,3,1.0,0,0.0,3,2,0.6666666666666666,227.59333333333333,55.93215294741776,0.15,42.486,42.486,640.294,1,0.3333333333333333,1.0,0.0,1.0,0.0,JetBlue Airways,3,0.3333333333333333,MDW-DAL,3,0.3333333333333333,1543.5738333574857,385.60886695550266,0.0,3,300.6666666666667,153.461178587072,0,0.0,0.0,0.0,0.0,902.0,6.333333333333333,4.618802153517006,1.0,0.0,Aman Resorts,3,0.3333333333333333,False,True,False,False,False,False,False,True,1542.294,42.486,5,3,4,4.15,1342.41461753918,4,3700.6548203135576,False,227.59333333333333
3431,548408,1988-09-20,34.0,F,False,False,usa,new york,JFK,40.64,-73.779,2023-01-23,186,8,21.875,0.625,162.125,1.1428571428571428,9.0,9.0,8.8,0.0,5,5,1.0,0,0.0,5,5,1.0,381.866,234.552533944957,0.1,5.714,5.714,1903.616,1,0.2,1.4,0.5477225575051661,1.4,1.140175425099138,United Airlines,4,0.4,JFK-AUS,5,0.2,1974.3549792623082,1521.453625254599,0.0,5,140.8,39.69508785731554,2,0.4,0.1,14.375,28.75,675.25,4.6,1.6733200530681511,1.4,0.5477225575051661,Accor,5,0.2,False,True,False,False,False,False,False,False,2578.866,34.464,5,5,5,5.0,1346.788906035345,4,3712.7134880286403,False,272.76142857142855
3443,548651,1980-05-16,43.0,F,True,True,usa,milwaukee,MKE,42.947,-87.896,2023-01-23,186,8,21.0,0.625,155.5,1.3333333333333333,45.0,45.0,6.8,0.0,5,4,0.8,0,0.0,5,5,1.0,369.974,166.893635978128,0.125,63.24025,126.4805,1723.3895,2,0.4,1.4,0.8944271909999159,0.4,0.5477225575051661,American Airlines,3,0.4,MKE-CLT,5,0.2,1636.6245518916107,783.29629816928,0.0,4,112.0,45.92022067310508,1,0.25,0.1,11.6,11.6,436.4,2.75,0.9574271077563381,1.5,1.0,Crowne Plaza,4,0.25,False,True,False,False,False,False,False,False,2159.7895,138.0805,2,5,4,3.4499999999999997,1127.9300816605535,3,3109.382033790291,False,264.26714285714286
3445,548672,1982-10-08,40.0,M,False,False,usa,chicago,ORD,41.979,-87.904,2023-01-23,186,7,21.285714285714285,0.42857142857142855,158.14285714285714,1.1666666666666667,35.0,35.0,8.0,0.0,3,3,1.0,0,0.0,3,3,1.0,380.50333333333333,165.288288857176,0.0,0.0,0.0,1141.51,0,0.0,1.3333333333333333,0.5773502691896257,0.6666666666666666,0.5773502691896257,American Airlines,3,0.3333333333333333,ORD-LGA,2,0.6666666666666666,1770.9067446552483,1010.0421077656789,0.0,3,232.66666666666666,74.57434768962672,1,0.3333333333333333,0.25,50.0,50.0,648.0,2.3333333333333335,0.5773502691896257,1.3333333333333333,0.5773502691896257,Accor,2,0.6666666666666666,False,True,False,False,True,False,False,False,1789.51,50.0,3,3,4,3.35,1557.5917316883406,4,4293.836847902743,False,285.3775
3446,548708,1985-07-15,38.0,M,True,False,usa,cleveland,CLE,41.412,-81.85,2023-01-23,186,8,19.375,0.375,144.0,1.1428571428571428,24.0,48.0,4.666666666666667,0.0,3,2,0.6666666666666666,0,0.0,2,2,1.0,227.01,159.551574106933,0.0,0.0,0.0,454.02,0,0.0,1.0,0.0,0.0,0.0,Air Canada,2,0.5,CLE-RND,2,0.5,1322.7612315638607,934.4056713392847,0.0,3,282.6666666666667,135.592526834385,1,0.3333333333333333,0.25,109.5,109.5,738.5,6.333333333333333,4.163331998932265,1.3333333333333333,0.5773502691896257,Choice Hotels,2,0.6666666666666666,False,True,False,False,True,False,False,False,1192.52,109.5,4,3,3,3.4,1037.9708925197287,2,2861.390167063039,False,227.01
3449,548859,1976-01-14,47.0,F,True,False,usa,new york,JFK,40.64,-73.779,2023-01-23,186,8,30.625,0.375,226.75,1.6,73.0,73.0,8.333333333333334,0.0,3,3,1.0,0,0.0,3,3,1.0,216.07,270.671765612891,0.0,0.0,0.0,648.21,0,0.0,1.0,0.0,0.6666666666666666,0.5773502691896257,Air Canada,2,0.6666666666666666,JFK-PHL,3,0.3333333333333333,1336.897467319754,1694.1241994579243,0.0,3,211.0,74.48489779814429,1,0.3333333333333333,0.1,26.9,26.9,606.1,3.6666666666666665,3.7859388972001824,1.0,0.0,Accor,3,0.3333333333333333,False,True,False,False,True,False,False,False,1254.31,26.9,1,3,3,2.1999999999999997,1091.752985439591,3,3009.652081683192,False,216.07
3451,548961,1984-06-19,39.0,F,False,True,usa,san antonio,RND,29.529,-98.279,2023-01-23,186,8,51.25,0.625,1144.75,1.6,80.0,82.0,11.0,3.0,4,1,0.25,1,0.25,3,3,1.0,286.645,42.09406668403518,0.1,25.688,25.688,547.602,2,0.6666666666666666,1.0,0.0,0.6666666666666666,0.5773502691896257,United Airlines,2,0.6666666666666666,RND-OKC,3,0.3333333333333333,1581.5715302514755,562.4689897018498,0.0,2,213.5,54.44722215136416,0,0.0,0.0,0.0,0.0,427.0,5.5,6.363961030678928,1.0,0.0,Best Western,1,1.0,False,False,False,False,False,False,False,True,974.602,25.688,1,4,2,2.0999999999999996,636.221095531844,1,1753.8803833059228,False,286.645
3453,548978,1987-03-17,36.0,F,True,False,canada,gatineau,YND,45.521,-75.564,2023-01-23,186,8,17.625,0.5,130.75,1.1428571428571428,12.0,12.0,8.75,0.0,4,1,0.25,0,0.0,1,1,1.0,780.46,0.0,0.0,0.0,0.0,780.46,0,0.0,1.0,0.0,1.0,0.0,United Airlines,1,1.0,YND-SFO,1,1.0,3933.759399967298,0.0,0.0,4,151.25,107.716835576741,1,0.25,0.2,58.6,58.6,546.4,8.0,4.242640687119285,1.5,0.5773502691896257,Accor,4,0.25,False,True,False,True,True,False,False,False,1326.86,58.6,5,4,3,4.05,866.1754468156051,2,2387.799045552232,False,780.46
3459,549121,1950-10-11,72.0,F,False,False,usa,san antonio,SKF,29.384,-98.581,2023-01-24,185,8,34.25,0.375,605.091967625,1.1428571428571428,24.0,62.0,12.0,5.0,2,1,0.5,1,0.5,1,1,1.0,227.99,0.0,0.0,0.0,0.0,227.99,0,0.0,1.0,0.0,1.0,0.0,Air Canada,1,1.0,SKF-PHX,1,1.0,1386.7204036331357,0.0,0.0,2,154.0,0.0,1,0.5,0.0,0.0,0.0,154.0,4.5,0.7071067811865476,1.5,0.7071067811865476,Hilton,2,0.5,False,False,False,True,True,False,False,True,381.99,0.0,4,2,1,2.45,498.7268572857619,1,1374.8479227808468,False,227.99
3461,549152,1991-03-25,32.0,F,False,False,canada,quebec,YQB,46.788,-71.398,2023-01-24,185,8,33.375,0.625,609.675534375,1.6,60.0,110.0,7.25,2.0,4,2,0.5,1,0.25,3,3,1.0,404.95,393.858477120907,0.0,0.0,0.0,809.9,1,0.3333333333333333,1.0,0.0,0.0,0.0,Southwest Airlines,3,0.3333333333333333,YQB-MEM,3,0.3333333333333333,2435.037919865227,1741.2888670610994,0.0,3,90.0,30.4138126514911,0,0.0,0.0,0.0,0.0,270.0,5.0,2.0,1.3333333333333333,0.5773502691896257,Extended Stay,3,0.3333333333333333,False,False,False,False,True,False,False,True,1079.9,0.0,2,4,3,2.8499999999999996,704.9597282427476,1,1943.3732189468788,True,404.95
3462,549154,1975-05-17,48.0,M,True,True,canada,toronto,YKZ,43.862,-79.37,2023-01-24,185,8,21.5,0.625,158.25,1.1428571428571428,8.0,39.0,7.6,0.0,5,3,0.6,0,0.0,3,3,1.0,366.05,291.017470781395,0.05,31.888,31.888,1066.262,1,0.3333333333333333,1.0,0.0,0.3333333333333333,0.5773502691896257,American Airlines,3,0.3333333333333333,YKZ-DET,3,0.3333333333333333,1988.3629432836995,1593.5557385418276,0.0,5,125.4,40.49444406335269,2,0.4,0.15,11.45,22.9,604.1,5.4,5.319774431308154,1.2,0.4472135954999579,Banyan Tree,5,0.2,False,True,False,False,False,False,False,False,1670.362,54.788,5,5,4,4.65,872.3310984994998,2,2404.7684242959876,False,366.05
3463,549190,2006-11-16,16.0,F,False,False,canada,montreal,YMX,45.68,-74.039,2023-01-24,185,8,17.625,0.375,379.691451125,1.3333333333333333,37.0,125.0,114.5,136.0,2,0,0.0,1,0.5,1,1,1.0,0.0,0.0,0.0,0.0,0.0,0.0,1,1.0,2.0,0.0,1.0,0.0,easyJet,1,1.0,YMX-STN,1,1.0,0.0,0.0,0.0,1,123.0,0.0,0,0.0,0.0,0.0,0.0,123.0,6.0,0.0,1.0,0.0,InterContinental,1,1.0,False,False,True,True,True,False,True,True,123.0,0.0,3,2,1,2.0500000000000003,160.58902967655885,1,442.69822378084285,True,0.0
3472,549303,1987-03-17,36.0,F,False,False,usa,nashville,BNA,36.124,-86.678,2023-01-24,185,8,20.125,0.375,149.125,1.6,85.0,107.0,6.0,0.0,3,3,1.0,0,0.0,3,2,0.6666666666666666,275.5933333333333,109.421669395661,0.0,0.0,0.0,826.78,0,0.0,1.6666666666666667,0.5773502691896257,0.6666666666666666,0.5773502691896257,American Airlines,3,0.3333333333333333,BNA-YKZ,2,0.6666666666666666,1117.301866657216,97.40124561310239,0.0,3,195.33333333333334,107.8718375357226,1,0.3333333333333333,0.25,77.0,77.0,509.0,2.6666666666666665,1.1547005383792515,1.6666666666666667,0.5773502691896257,Choice Hotels,3,0.3333333333333333,False,True,False,False,True,False,False,False,1335.78,77.0,1,3,3,2.1999999999999997,1162.664574858286,3,3205.135140173302,True,165.35599999999997
3477,549361,1972-05-03,51.0,F,True,True,usa,new york,JFK,40.64,-73.779,2023-01-24,185,8,21.0,0.5,157.375,1.3333333333333333,32.0,32.0,7.75,0.0,4,4,1.0,0,0.0,4,4,1.0,320.035,253.071536724303,0.15,54.20025,108.4005,1171.7395,2,0.5,1.25,0.5,1.0,0.0,American Airlines,2,0.5,JFK-DCA,4,0.25,1696.0368033564068,1546.5016230382691,0.0,4,131.0,17.33974240485327,0,0.0,0.0,0.0,0.0,524.0,4.5,2.516611478423583,1.25,0.5,Rosewood,3,0.5,False,True,False,False,False,False,False,True,1695.7395,108.4005,3,4,4,3.6,1106.9803288179392,3,3051.6295310772944,False,256.028
3480,549377,1980-02-04,43.0,F,True,False,usa,nashville,BNA,36.124,-86.678,2023-01-24,185,8,21.875,0.625,228.0,1.3333333333333333,39.0,107.0,4.75,2.0,4,1,0.25,1,0.25,2,2,1.0,127.365,12.225876246715407,0.2,23.744,23.744,230.986,1,0.5,1.0,0.0,1.5,0.7071067811865476,United Airlines,1,1.0,BNA-NCA,2,0.5,707.5812304574192,100.69123643650684,0.0,3,108.0,24.041630560342615,2,0.6666666666666666,0.05,4.55,4.55,211.45,4.333333333333333,3.0550504633038935,1.3333333333333333,0.5773502691896257,Conrad,2,0.6666666666666666,False,False,False,False,False,False,False,False,442.436,28.294,3,4,1,2.5500000000000003,288.8226338779593,1,796.2017534012234,True,127.365
3483,549450,1979-09-07,43.0,F,True,True,usa,richmond,RIC,37.505,-77.319,2023-01-24,185,8,34.75,0.25,792.213149375,1.3333333333333333,28.0,58.0,225.0,195.0,1,0,0.0,1,1.0,1,1,1.0,0.0,0.0,0.0,0.0,0.0,0.0,1,1.0,6.0,0.0,5.0,0.0,All Nippon Airways,1,1.0,RIC-SZX,1,1.0,0.0,0.0,0.0,0,0.0,0.0,0,0.0,0.0,0.0,0.0,0.0,0.0,0.0,0.0,0.0,MISSING,0,0.0,False,False,True,True,True,True,False,True,0.0,0.0,3,1,0,1.4500000000000002,0.0,1,0.0,False,0.0
3489,549572,1969-07-05,54.0,F,False,True,usa,new york,LGA,40.777,-73.872,2023-01-24,185,8,18.625,0.5,139.625,1.6,79.0,79.0,7.0,0.0,4,4,1.0,0,0.0,4,4,1.0,255.2275,257.110457893749,0.0,0.0,0.0,1020.91,0,0.0,1.5,1.0,0.5,0.5773502691896257,Air Canada,4,0.25,LGA-CMH,4,0.25,910.809052540447,320.0622506659762,0.0,4,169.0,194.817863657315,1,0.25,0.1,4.8,4.8,671.2,3.25,0.5,1.5,1.0,Crowne Plaza,4,0.25,False,True,False,False,True,False,False,False,1692.11,4.8,1,4,4,2.8,1104.6109878292764,3,3045.0979326902516,False,170.15166666666667
3495,549623,1985-06-16,38.0,M,False,True,usa,louisville,LOU,38.228,-85.664,2023-01-24,185,8,16.0,0.5,120.25,1.3333333333333333,45.0,88.0,6.75,0.0,4,4,1.0,0,0.0,4,4,1.0,292.97,276.360102643875,0.0,0.0,0.0,1171.88,0,0.0,1.5,1.0,0.25,0.5,Ryanair,3,0.5,LOU-IAH,4,0.25,986.0980593429086,409.20552142947946,0.0,4,203.25,95.17133672137496,1,0.25,0.2,63.8,63.8,749.2,2.25,0.5,1.5,1.0,Shangri-La,3,0.5,False,True,False,False,True,False,False,False,1921.08,63.8,2,4,4,3.2,1254.0828176058685,3,3457.1492021987865,False,195.31333333333336
3500,549746,1980-06-24,43.0,F,False,False,canada,montreal,YHU,45.517,-73.417,2023-01-24,185,8,19.0,0.75,140.75,1.1428571428571428,7.0,7.0,6.5,0.0,6,5,0.8333333333333334,0,0.0,5,5,1.0,450.212,193.039771472098,0.05,16.3055,16.3055,2234.7545,1,0.2,1.2,0.4472135954999579,1.0,0.0,Southwest Airlines,4,0.4,YHU-IND,5,0.2,2268.7137819305026,1254.7793490478045,0.0,6,130.5,59.912436104702,2,0.3333333333333333,0.125,14.9,29.8,753.2,4.0,4.0,1.1666666666666667,0.408248290463863,Accor,6,0.16666666666666666,False,True,False,False,False,False,False,False,2987.9545,46.1055,5,5,5,5.0,1300.3596581916195,3,3584.72127340915,False,375.1766666666667
3504,549797,1987-12-13,35.0,F,False,True,usa,philadelphia,PNE,40.082,-75.011,2023-01-24,185,8,19.5,0.625,145.875,1.3333333333333333,53.0,91.0,6.8,0.0,5,3,0.6,0,0.0,4,4,1.0,91.3325,49.784748250175305,0.1,12.425,24.85,340.48,2,0.5,1.0,0.0,0.25,0.5,AirTran Airways,4,0.25,PNE-BOS,4,0.25,487.06232885801376,261.4449446519357,0.0,4,204.75,44.55240360145193,0,0.0,0.0,0.0,0.0,819.0,8.0,9.201449161228174,1.0,0.0,Best Western,4,0.25,False,True,False,False,False,False,False,True,1159.48,24.85,2,5,3,3.0999999999999996,605.5277012337446,1,1669.2674358029647,True,91.3325
3508,549938,1985-10-13,37.0,F,False,False,usa,los angeles,LAX,33.942,-118.408,2023-01-24,185,8,33.5,0.5,405.969275125,1.3333333333333333,29.0,149.0,7.666666666666667,3.0,3,2,0.6666666666666666,1,0.3333333333333333,2,2,1.0,315.72,0.0,0.15,0.0,0.0,315.72,1,0.5,1.0,0.0,1.0,0.0,American Airlines,2,0.5,LAX-MEM,2,0.5,1942.110291915344,464.98673198384154,0.0,3,177.5,62.932503525602726,1,0.3333333333333333,0.0,0.0,0.0,355.0,3.6666666666666665,3.0550504633038935,1.0,0.0,Starwood,3,0.3333333333333333,False,False,False,False,True,False,False,True,670.72,0.0,3,3,2,2.6500000000000004,583.7955229520952,1,1609.3580089663249,True,315.72
3511,550017,1984-11-07,38.0,F,False,False,usa,los angeles,LAX,33.942,-118.408,2023-01-24,185,8,16.25,0.625,122.375,1.3333333333333333,27.0,27.0,8.2,0.0,5,3,0.6,0,0.0,3,3,1.0,1141.1333333333334,746.199602407649,0.0,0.0,0.0,3423.4,0,0.0,1.6666666666666667,1.1547005383792515,0.6666666666666666,0.5773502691896257,Alitalia,3,0.3333333333333333,LAX-BWI,3,0.3333333333333333,3845.1886703606756,118.92262386004838,0.0,5,135.2,122.485509347024,2,0.4,0.1,9.4,18.8,657.2,5.4,4.33589667773576,1.4,0.8944271909999159,Crowne Plaza,5,0.2,False,True,False,False,True,False,False,False,4080.6,18.8,3,5,5,4.2,2131.0555918639548,5,5874.713404748317,False,684.6800000000001
3512,550019,1991-08-22,31.0,F,False,False,usa,richmond,RIC,37.505,-77.319,2023-01-24,185,9,29.0,0.4444444444444444,213.88888888888889,1.2857142857142858,8.0,8.0,8.25,0.0,4,4,1.0,0,0.0,4,4,1.0,290.065,271.565667749073,0.0,0.0,0.0,1160.26,0,0.0,1.25,0.5,0.75,0.9574271077563381,AirTran Airways,4,0.25,RIC-BWI,4,0.25,1551.015625672646,1605.4791312092266,0.0,4,271.0,105.726061120237,2,0.5,0.15,37.1,74.2,1009.8,2.5,1.2909944487358056,1.25,0.5,Aman Resorts,4,0.25,False,True,False,False,True,False,False,False,2170.06,74.2,5,4,4,4.4,1416.6171940646882,4,3905.2101930807144,False,232.052
3515,550068,1984-11-18,38.0,F,False,True,usa,memphis,MEM,35.042,-89.977,2023-01-24,185,8,18.875,0.5,141.875,1.1428571428571428,23.0,23.0,10.75,0.0,4,2,0.5,0,0.0,2,2,1.0,248.855,0.8697413408594534,0.0,0.0,0.0,497.71,0,0.0,1.0,0.0,0.5,0.7071067811865476,AirTran Airways,2,0.5,MEM-DEN,2,0.5,1402.9082615954087,2.979821088118184,0.0,4,167.5,89.61212715549907,1,0.25,0.05,12.7,12.7,657.3,6.5,3.415650255319866,1.25,0.5,Accor,4,0.25,False,True,False,False,True,False,False,False,1155.01,12.7,4,4,3,3.65,753.9916063687896,2,2078.540144102078,False,248.855
3517,550077,1972-11-16,50.0,M,True,False,canada,montreal,YUL,45.468,-73.741,2023-01-24,185,8,20.75,0.25,153.25,1.1428571428571428,10.0,10.0,11.0,0.0,2,2,1.0,0,0.0,2,1,0.5,338.275,416.648528678549,0.0,0.0,0.0,676.55,0,0.0,1.0,0.0,0.0,0.0,Air Canada,2,0.5,YUL-YTZ,2,0.5,2080.7996407668547,2264.5552180817235,0.0,2,113.5,36.062445840513924,1,0.5,0.2,17.6,17.6,209.4,2.0,0.0,1.0,0.0,Banyan Tree,2,0.5,False,True,False,False,True,False,False,False,885.95,17.6,5,2,2,3.2,1156.697974324775,3,3188.686921614941,False,338.275
3519,550110,1969-11-07,53.0,F,True,False,canada,halifax,YHZ,44.881,-63.509,2023-01-24,185,9,30.22222222222222,0.4444444444444444,693.5781265555555,1.5,33.0,38.0,8.0,3.0,3,3,1.0,1,0.3333333333333333,3,3,1.0,456.645,482.565022820759,0.0,0.0,0.0,913.29,1,0.3333333333333333,1.0,0.0,0.6666666666666666,0.5773502691896257,AirTran Airways,3,0.3333333333333333,YHZ-SAT,3,0.3333333333333333,2777.1355611211434,2039.2545334631807,0.0,3,122.0,101.82337649086284,1,0.3333333333333333,0.0,0.0,0.0,244.0,5.666666666666667,3.2145502536643185,1.0,0.0,Shangri-La,3,0.3333333333333333,False,False,False,False,True,False,False,True,1157.29,0.0,3,3,3,3.0,1007.3066566633322,2,2776.857601080388,False,456.645
3521,550193,1963-12-23,59.0,F,True,True,usa,riverside,RIV,33.881,-117.259,2023-01-24,185,8,25.375,0.125,187.875,1.1428571428571428,9.0,184.0,10.0,0.0,1,0,0.0,0,0.0,0,0,0.0,0.0,0.0,0.0,0.0,0.0,0.0,0,0.0,0.0,0.0,0.0,0.0,MISSING,0,0.0,MISSING,0,0.0,0.0,0.0,0.0,1,64.0,0.0,1,1.0,0.1,6.4,6.4,57.6,2.0,0.0,1.0,0.0,Marriott,1,1.0,False,True,True,False,True,False,True,False,57.6,6.4,5,1,1,2.6,150.4053351117039,1,414.6246778825454,True,
3522,550200,1980-07-15,43.0,F,True,True,usa,corpus christi,CRP,27.77,-97.501,2023-01-24,185,8,21.375,0.25,158.625,1.1428571428571428,16.0,16.0,7.5,0.0,2,2,1.0,0,0.0,2,2,1.0,302.08,366.408591875245,0.05,28.0585,28.0585,576.1015,1,0.5,1.0,0.0,0.5,0.7071067811865476,JetBlue Airways,2,0.5,CRP-AUS,2,0.5,1715.9303039026317,2044.8016664351792,0.0,2,479.0,346.482322781408,0,0.0,0.0,0.0,0.0,958.0,7.0,7.0710678118654755,1.0,0.0,Accor,2,0.5,False,True,False,False,False,False,False,True,1534.1015,28.0585,4,2,4,3.5,2002.9257830110037,5,5521.496009345745,False,302.08
3531,550400,1951-06-09,72.0,F,True,False,usa,new york,JFK,40.64,-73.779,2023-01-24,185,8,29.5,0.375,982.75,2.0,102.0,103.0,143.5,280.0,2,1,0.5,1,0.5,2,2,1.0,399.62,0.0,0.15,0.0,0.0,399.62,1,0.5,1.6666666666666667,0.7071067811865476,0.5,0.7071067811865476,Transavia Holland,2,0.5,JFK-AMS,2,0.5,2222.484188856332,2563.2776247246265,0.0,1,207.0,0.0,0,0.0,0.0,0.0,0.0,207.0,8.0,0.0,1.0,0.0,Marriott,1,1.0,False,False,False,False,True,False,True,True,606.62,0.0,1,2,2,1.6,792.0042047349116,2,2183.3300529262997,True,239.772
3539,550506,1983-11-12,39.0,F,True,True,usa,montgomery,MXF,32.379,-86.362,2023-01-24,185,8,20.0,0.25,148.125,2.6666666666666665,128.0,128.0,6.0,0.0,2,1,0.5,0,0.0,1,1,1.0,847.81,0.0,0.0,0.0,0.0,847.81,0,0.0,3.0,0.0,1.0,0.0,Allegiant Air,1,1.0,MXF-YUL,1,1.0,1835.4666483587728,0.0,0.0,2,384.0,55.154328932550705,1,0.5,0.15,51.75,51.75,716.25,5.0,1.414213562373095,2.5,0.7071067811865476,Banyan Tree,2,0.5,False,True,False,True,True,False,False,False,1564.06,51.75,1,2,4,2.3,2042.039656552184,5,5629.321820216788,True,282.6033333333333
3552,550830,1946-05-11,77.0,F,True,False,usa,atlanta,ATL,33.64,-84.427,2023-01-25,184,8,40.5,0.25,1016.5,1.1428571428571428,21.0,29.0,15.0,7.0,1,0,0.0,1,1.0,0,0,0.0,0.0,0.0,0.0,0.0,0.0,0.0,0,0.0,0.0,0.0,0.0,0.0,MISSING,0,0.0,MISSING,0,0.0,0.0,0.0,0.0,1,0.0,0.0,1,1.0,0.0,0.0,0.0,0.0,6.0,0.0,1.0,0.0,Rosewood,1,1.0,False,False,True,False,True,True,True,True,0.0,0.0,4,1,0,1.85,0.0,1,0.0,False,
3579,551448,1976-12-15,46.0,F,True,False,usa,grand rapids,GRR,42.881,-85.523,2023-01-25,184,8,19.75,0.375,146.25,1.3333333333333333,53.0,53.0,10.333333333333334,0.0,3,2,0.6666666666666666,0,0.0,3,3,1.0,515.4833333333333,307.70559831328,0.2,108.024,108.024,1438.426,1,0.3333333333333333,1.3333333333333333,0.5773502691896257,0.3333333333333333,0.5773502691896257,Alaska Airlines,3,0.3333333333333333,GRR-LAX,3,0.3333333333333333,2171.6337063192386,1080.2919930183382,0.0,2,115.0,50.91168824543142,1,0.5,0.1,7.9,7.9,222.1,2.0,0.0,1.0,0.0,Four Seasons,2,0.5,False,True,False,False,False,False,False,False,1660.526,115.924,2,3,4,2.95,1445.3238975213962,4,3984.346399685138,False,386.6125
3592,551622,1966-05-26,57.0,M,True,False,usa,san antonio,SKF,29.384,-98.581,2023-01-25,184,8,43.75,0.25,1039.375,1.6,69.0,139.0,196.0,126.0,1,1,1.0,1,1.0,1,1,1.0,0.0,0.0,0.0,0.0,0.0,0.0,1,1.0,1.0,0.0,0.0,0.0,Georgian Airways,1,1.0,SKF-AMS,1,1.0,0.0,0.0,0.0,1,0.0,0.0,1,1.0,0.0,0.0,0.0,0.0,11.0,0.0,1.0,0.0,NH Hotel,1,1.0,False,False,True,True,True,True,True,True,0.0,0.0,1,1,0,0.65,0.0,1,0.0,True,0.0
3615,552172,1969-12-06,53.0,F,True,True,usa,las vegas,LSV,36.236,-115.034,2023-01-25,184,7,26.428571428571427,0.5714285714285714,952.678327,1.4,65.0,69.0,60.333333333333336,165.0,3,2,0.6666666666666666,1,0.3333333333333333,2,1,0.5,252.38,0.0,0.0,0.0,0.0,252.38,1,0.5,3.6666666666666665,2.8284271247461903,2.0,2.8284271247461903,Emirates,2,0.5,LSV-CMB,2,0.5,3478.746073595439,8105.909844102655,0.0,3,125.5,68.58935777509511,1,0.3333333333333333,0.1,0.0,0.0,251.0,8.0,7.0,1.6666666666666667,1.1547005383792515,Extended Stay,3,0.3333333333333333,False,False,False,False,True,False,False,True,503.38,0.0,1,3,1,1.5,438.14257863732354,1,1207.8343191696513,False,68.83090909090909
3629,552414,1992-03-13,31.0,F,False,False,usa,las vegas,LSV,36.236,-115.034,2023-01-25,184,8,16.0,0.5,121.125,1.3333333333333333,27.0,54.0,8.25,0.0,4,4,1.0,0,0.0,4,4,1.0,352.3625,249.546718588591,0.0,0.0,0.0,1409.45,0,0.0,1.0,0.0,0.25,0.5,AirTran Airways,4,0.25,LSV-CMH,4,0.25,2009.2654454815765,1460.317047633464,0.0,4,156.75,141.474084788228,2,0.5,0.1,10.25,20.5,606.5,4.0,1.414213562373095,1.0,0.0,Accor,4,0.25,False,True,False,False,True,False,False,False,2015.95,20.5,3,4,4,3.6,1316.0140421807268,3,3627.875952158496,False,352.3625
3637,552558,1971-10-18,51.0,F,True,True,canada,vancouver,YVR,49.195,-123.182,2023-01-25,184,8,18.75,0.5,139.75,1.3333333333333333,36.0,36.0,7.25,0.0,4,2,0.5,0,0.0,2,2,1.0,444.14,425.706566545549,0.0,0.0,0.0,888.28,0,0.0,1.0,0.0,1.0,1.414213562373095,Canadian North,2,0.5,YVR-LGA,2,0.5,2383.1033273902044,2187.943872731239,0.0,4,131.25,69.75851202541521,1,0.25,0.05,2.8,2.8,522.2,4.75,3.4034296427770228,1.0,0.0,Accor,4,0.25,False,True,False,False,True,False,False,False,1410.48,2.8,3,4,3,3.25,920.7626608869623,2,2538.280449912208,False,444.14
3639,552597,1996-03-20,27.0,F,False,False,usa,los angeles,LAX,33.942,-118.408,2023-01-25,184,8,16.625,0.375,124.125,1.1428571428571428,15.0,66.0,6.333333333333333,0.0,3,2,0.6666666666666666,0,0.0,3,3,1.0,878.9633333333334,1001.515038845315,0.0,0.0,0.0,2636.89,0,0.0,1.6666666666666667,1.1547005383792515,1.3333333333333333,1.5275252316519468,Delta Air Lines,3,0.3333333333333333,LAX-JFK,3,0.3333333333333333,2443.011230437545,1744.9330792726332,0.0,2,110.5,34.64823227814083,1,0.5,0.05,4.3,4.3,216.7,7.5,0.7071067811865476,2.0,1.414213562373095,Best Western,2,0.5,False,True,False,False,True,False,False,False,2853.59,4.3,5,3,5,4.5,2483.7682883183284,5,6847.041866660029,False,527.378
3643,552642,1980-10-23,42.0,F,True,False,usa,phoenix,LUF,33.535,-112.383,2023-01-25,184,8,19.25,0.375,143.75,1.3333333333333333,49.0,84.0,6.666666666666667,0.0,3,3,1.0,0,0.0,3,3,1.0,317.87333333333333,94.10187369725075,0.15,63.9375,63.9375,889.6825,1,0.3333333333333333,1.0,0.0,0.6666666666666666,0.5773502691896257,United Airlines,2,0.6666666666666666,LUF-PWM,3,0.3333333333333333,1783.092559899822,494.7337368456668,0.0,3,412.6666666666667,337.159210660681,1,0.3333333333333333,0.15,48.75,48.75,1189.25,2.0,1.0,1.0,0.0,Accor,3,0.3333333333333333,False,True,False,False,False,False,False,False,2078.9325,112.6875,2,3,4,2.95,1809.5054359786593,5,4988.291193009577,False,317.87333333333333
3646,552653,1965-01-25,58.0,F,True,False,usa,philadelphia,PHL,39.872,-75.241,2023-01-25,184,9,32.55555555555556,0.3333333333333333,896.2037698888889,1.8,77.0,172.0,9.5,3.0,2,2,1.0,1,0.5,2,2,1.0,127.03,0.0,0.0,0.0,0.0,127.03,1,0.5,1.0,0.0,0.0,0.0,United Airlines,2,0.5,PHL-JFK,2,0.5,708.7520700355163,394.66476531039893,0.0,2,100.0,0.0,2,1.0,0.1,10.0,10.0,90.0,3.5,0.7071067811865476,1.0,0.0,InterContinental,2,0.5,False,False,False,False,True,False,False,False,217.03,10.0,1,2,1,1.25,283.3547732577526,1,781.1284187573684,True,127.03
3647,552661,1993-10-19,29.0,F,False,False,usa,dallas,DAL,32.847,-96.852,2023-01-25,184,8,16.75,0.375,125.75,1.1428571428571428,7.0,123.0,7.0,0.0,3,3,1.0,0,0.0,3,2,0.6666666666666666,175.35333333333332,165.569304622968,0.1,10.613,10.613,515.447,1,0.3333333333333333,1.0,0.0,0.6666666666666666,0.5773502691896257,Delta Air Lines,2,0.6666666666666666,DAL-IND,3,0.3333333333333333,1195.4120034243344,894.552409841354,0.0,3,123.0,50.714889332423866,1,0.3333333333333333,0.1,8.7,8.7,360.3,4.0,1.0,1.0,0.0,Accor,3,0.3333333333333333,False,True,False,False,False,False,False,False,875.747,19.313,5,3,2,3.45,762.2512789818828,2,2101.309709384291,True,175.35333333333332
3655,552861,1978-11-28,44.0,F,True,False,usa,new york,LGA,40.777,-73.872,2023-01-25,184,8,32.375,0.375,1021.0,1.3333333333333333,30.0,63.0,115.0,192.0,2,1,0.5,1,0.5,2,2,1.0,710.29,0.0,0.0,0.0,0.0,710.29,1,0.5,2.0,0.0,0.5,0.7071067811865476,AirAsia,2,0.5,LGA-SIN,2,0.5,2068.932306886793,9368.321961516322,0.0,1,78.0,0.0,0,0.0,0.0,0.0,0.0,78.0,3.0,0.0,2.0,0.0,Fairmont,1,1.0,False,False,False,False,True,False,True,True,788.29,0.0,3,2,2,2.4000000000000004,1029.1928959653217,2,2837.1917302780535,False,355.145
3657,552929,1993-12-11,29.0,F,False,False,usa,memphis,MEM,35.042,-89.977,2023-01-26,183,8,18.125,0.5,134.625,1.1428571428571428,16.0,88.0,9.0,0.0,4,3,0.75,0,0.0,3,3,1.0,177.17,63.55745353615105,0.15,21.228,21.228,510.282,1,0.3333333333333333,1.0,0.0,1.0,1.0,American Airlines,3,0.3333333333333333,MEM-EFD,3,0.3333333333333333,934.0294044844704,274.04096401870527,0.0,4,154.75,77.57308381992644,0,0.0,0.0,0.0,0.0,619.0,4.25,5.188127472091127,1.25,0.5,Best Western,4,0.25,False,True,False,False,False,False,False,True,1129.282,21.228,4,4,3,3.65,737.1963439479825,1,2032.2403884051937,False,177.17
3661,553054,1998-11-22,24.0,M,False,False,usa,new york,LGA,40.777,-73.872,2023-01-26,183,8,33.625,0.25,964.5,1.6,70.0,95.0,225.0,200.0,1,1,1.0,1,1.0,1,1,1.0,0.0,0.0,0.0,0.0,0.0,0.0,1,1.0,1.0,0.0,0.0,0.0,Iberia Airlines,1,1.0,LGA-BCN,1,1.0,0.0,0.0,0.0,1,0.0,0.0,1,1.0,0.0,0.0,0.0,0.0,10.0,0.0,1.0,0.0,Hyatt,1,1.0,False,False,True,True,True,True,True,True,0.0,0.0,1,1,0,0.65,0.0,1,0.0,True,0.0
3666,553220,1966-04-19,57.0,F,False,True,usa,bakersfield,BFL,35.433,-119.057,2023-01-26,183,9,43.55555555555556,0.5555555555555556,959.0,1.2857142857142858,21.0,22.0,5.0,5.0,4,3,0.75,1,0.25,3,3,1.0,195.695,231.626968313277,0.1,3.191,3.191,388.199,2,0.6666666666666666,1.0,0.0,0.0,0.0,Delta Air Lines,3,0.3333333333333333,BFL-LSV,3,0.3333333333333333,1117.6829626386434,1038.3426873774513,0.0,4,143.66666666666666,49.115510109672414,1,0.25,0.0,0.0,0.0,431.0,3.0,2.160246899469287,1.25,0.5,Extended Stay,4,0.25,False,False,False,False,False,False,False,True,819.199,3.191,4,4,2,3.3,534.7738720406802,1,1474.2192773294416,False,195.695
3679,553664,1971-09-11,51.0,F,False,False,canada,ottawa,YOW,45.323,-75.669,2023-01-26,183,8,28.125,0.25,209.25,2.0,94.0,94.0,10.0,0.0,2,2,1.0,0,0.0,2,2,1.0,324.49,306.262089067517,0.15,16.1895,16.1895,632.7905,1,0.5,1.0,0.0,0.5,0.7071067811865476,Delta Air Lines,1,1.0,YOW-LGA,2,0.5,1693.4595063476734,1627.1310134264043,0.0,2,256.0,94.75230867899737,2,1.0,0.1,25.6,51.2,460.8,3.0,1.414213562373095,1.0,0.0,Banyan Tree,2,0.5,False,True,False,False,False,False,False,False,1093.5905,67.3895,1,2,3,1.9499999999999997,1427.7937988496165,4,3936.0209097040956,True,324.49
3681,553704,1999-08-02,23.0,F,False,False,usa,los angeles,LAX,33.942,-118.408,2023-01-26,183,8,23.25,0.25,172.25,1.1428571428571428,11.0,78.0,5.5,0.0,2,1,0.5,0,0.0,1,1,1.0,1029.99,0.0,0.1,102.999,102.999,926.991,1,1.0,2.0,0.0,1.0,0.0,United Airlines,1,1.0,LAX-ORD,1,1.0,2811.592049976628,0.0,0.0,2,121.5,34.64823227814083,0,0.0,0.0,0.0,0.0,243.0,4.5,4.949747468305833,1.5,0.7071067811865476,Aman Resorts,2,0.5,False,True,False,True,False,False,False,True,1169.991,102.999,5,2,3,3.55,1527.542434311437,4,4210.999492191643,False,514.995
3687,553791,1990-04-13,33.0,F,False,True,usa,new york,JFK,40.64,-73.779,2023-01-26,183,8,18.875,0.375,140.75,1.6,77.0,132.0,6.0,0.0,3,3,1.0,0,0.0,3,3,1.0,377.7733333333333,279.044224870061,0.1,19.92,19.92,1113.4,1,0.3333333333333333,1.0,0.0,1.0,1.0,Delta Air Lines,2,0.6666666666666666,JFK-LSQ,3,0.3333333333333333,2161.043070398506,1572.286922106479,0.0,3,111.66666666666667,67.17390366305455,0,0.0,0.0,0.0,0.0,335.0,5.0,5.196152422706632,1.0,0.0,Aman Resorts,3,0.3333333333333333,False,True,False,False,False,False,False,True,1448.4,19.92,1,3,3,2.1999999999999997,1260.6891630543514,3,3475.3610153071695,True,377.7733333333333
3689,553876,1993-01-06,30.0,M,False,False,usa,winston-salem,INT,36.134,-80.222,2023-01-26,183,8,19.375,0.375,144.125,1.1428571428571428,8.0,113.0,7.333333333333333,0.0,3,2,0.6666666666666666,0,0.0,3,3,1.0,329.53,212.155018559543,0.2,93.3955,186.791,801.799,2,0.6666666666666666,1.3333333333333333,0.5773502691896257,0.3333333333333333,0.5773502691896257,AirTran Airways,3,0.3333333333333333,INT-LCK,3,0.3333333333333333,1817.1855129535659,1468.5747299823215,0.0,2,149.0,55.154328932550705,0,0.0,0.0,0.0,0.0,298.0,5.0,1.414213562373095,1.5,0.7071067811865476,InterContinental,2,0.5,False,True,False,False,False,False,False,True,1099.799,186.791,5,3,3,3.8,957.2664186951206,2,2638.9109149915835,True,247.14749999999998
3692,553938,1980-01-19,43.0,F,False,False,usa,oakland,OAK,37.721,-122.221,2023-01-26,183,8,50.5,0.5,1090.125,1.1428571428571428,15.0,31.0,11.0,2.0,3,2,0.6666666666666666,1,0.3333333333333333,2,2,1.0,525.705,342.345748111467,0.0,0.0,0.0,1051.41,0,0.0,1.0,0.0,1.0,1.414213562373095,Air Transat,2,0.5,OAK-DEN,2,0.5,2881.177156986601,1900.536297966224,0.0,3,93.0,43.840620433565945,1,0.3333333333333333,0.0,0.0,0.0,186.0,5.333333333333333,2.516611478423583,1.0,0.0,Hyatt,2,0.6666666666666666,False,False,False,False,True,False,False,True,1237.41,0.0,5,3,3,3.8,1077.0432044014672,3,2969.1014042745405,False,525.705
3695,553967,1983-06-24,40.0,F,False,True,usa,phoenix,LUF,33.535,-112.383,2023-01-26,183,8,46.625,0.5,1062.0,1.6,72.0,75.0,8.0,5.0,3,2,0.6666666666666666,1,0.3333333333333333,3,3,1.0,421.095,192.651242534275,0.0,0.0,0.0,842.19,1,0.3333333333333333,1.0,0.0,0.3333333333333333,0.5773502691896257,AirTran Airways,3,0.3333333333333333,LUF-MDW,3,0.3333333333333333,2523.5047583958067,843.0214920172064,0.0,2,124.0,0.0,1,0.5,0.15,0.0,0.0,124.0,4.0,1.414213562373095,1.0,0.0,Banyan Tree,2,0.5,False,False,False,False,True,False,False,True,966.19,0.0,1,3,2,1.8499999999999999,840.9729787707013,2,2318.3230180748646,False,421.095
3697,553985,1987-08-12,35.0,F,False,False,usa,san jose,SJC,37.362,-121.929,2023-01-26,183,8,52.5,0.5,1105.5,1.3333333333333333,32.0,118.0,8.666666666666666,6.0,3,3,1.0,1,0.3333333333333333,3,3,1.0,461.7,285.204449123782,0.0,0.0,0.0,923.4,1,0.3333333333333333,1.0,0.0,0.3333333333333333,0.5773502691896257,American Airlines,2,0.6666666666666666,SJC-TUS,3,0.3333333333333333,2605.504213624415,1532.4774098545372,0.0,3,34.5,10.606601717798213,1,0.3333333333333333,0.0,0.0,0.0,69.0,3.6666666666666665,0.5773502691896257,1.0,0.0,Marriott,3,0.3333333333333333,False,False,False,False,True,False,False,True,992.4,0.0,3,3,2,2.6500000000000004,863.7861953984661,2,2381.2125597837853,True,461.7
3704,554202,2006-05-21,17.0,F,False,False,usa,new york,LGA,40.777,-73.872,2023-01-26,183,8,17.75,0.25,131.25,1.3333333333333333,51.0,51.0,13.0,0.0,2,1,0.5,0,0.0,1,1,1.0,810.97,0.0,0.05,40.5485,40.5485,770.4215,1,1.0,1.0,0.0,1.0,0.0,Kenmore Air,1,1.0,LGA-BFI,1,1.0,3870.953636201411,0.0,0.0,2,126.0,62.22539674441618,1,0.5,0.15,12.3,12.3,239.7,4.5,3.5355339059327378,1.0,0.0,Aman Resorts,2,0.5,False,True,False,True,False,False,False,False,1010.1215,52.8485,2,2,2,2.0,1318.816516588863,3,3635.6015760393548,False,810.97
3733,555030,2000-04-24,23.0,F,False,False,usa,long beach,LGB,33.818,-118.151,2023-01-26,183,8,16.375,0.25,587.505917875,1.6,79.0,80.0,196.0,195.0,1,0,0.0,1,1.0,1,1,1.0,0.0,0.0,0.0,0.0,0.0,0.0,1,1.0,1.0,0.0,0.0,0.0,Alitalia,1,1.0,LGB-LIN,1,1.0,0.0,0.0,0.0,0,0.0,0.0,0,0.0,0.0,0.0,0.0,0.0,0.0,0.0,0.0,0.0,MISSING,0,0.0,False,False,True,True,True,True,False,True,0.0,0.0,1,1,0,0.65,0.0,1,0.0,False,0.0
3738,555135,1973-12-12,49.0,F,False,False,usa,houston,EFD,29.607,-95.159,2023-01-26,183,9,22.0,0.6666666666666666,164.22222222222223,1.2857142857142858,15.0,15.0,8.166666666666666,0.0,6,3,0.5,0,0.0,3,3,1.0,283.74666666666667,154.645357619727,0.0,0.0,0.0,851.24,0,0.0,1.0,0.0,0.3333333333333333,0.5773502691896257,Air France,3,0.3333333333333333,EFD-JFK,3,0.3333333333333333,1530.2537807525744,806.9887355306145,0.0,6,159.83333333333334,102.208447139494,3,0.5,0.21666666666666667,25.25,75.75,883.25,4.833333333333333,3.430257521916783,1.0,0.0,Choice Hotels,6,0.16666666666666666,False,True,False,False,True,False,False,False,1734.49,75.75,5,5,4,4.65,754.8511275980882,2,2080.9095993648616,False,283.74666666666667
3749,555257,1996-03-15,27.0,F,False,True,usa,new york,JFK,40.64,-73.779,2023-01-27,182,8,32.375,0.625,630.558447,1.6,59.0,110.0,9.0,6.0,4,4,1.0,1,0.25,4,3,0.75,349.71,264.253801486374,0.15,63.1575,63.1575,985.9725,2,0.5,1.0,0.0,0.5,0.5773502691896257,United Airlines,3,0.5,JFK-SFO,4,0.25,2006.1231481435116,1540.5813856957645,0.0,4,138.33333333333334,144.780293318301,1,0.25,0.0,0.0,0.0,415.0,5.75,4.112987559751022,1.0,0.0,Fairmont,4,0.25,False,False,False,False,False,False,False,True,1400.9725,63.1575,2,4,3,2.8499999999999996,914.5561560103368,2,2521.170883397589,True,349.71
3754,555310,1985-04-10,38.0,M,True,False,canada,toronto,YYZ,43.677,-79.631,2023-01-27,182,8,31.25,0.875,371.651537625,1.3333333333333333,55.0,55.0,9.0,2.0,6,5,0.8333333333333334,1,0.16666666666666666,5,5,1.0,232.5725,167.456574146852,0.0,0.0,0.0,930.29,1,0.2,1.0,0.0,0.8,0.4472135954999579,Conviasa,4,0.2,YYZ-SVZ,5,0.2,1278.7977415912858,799.3736819797933,0.0,6,164.2,86.77960589908207,2,0.3333333333333333,0.125,36.75,36.75,784.25,3.3333333333333335,2.250925735484551,1.0,0.0,Radisson,4,0.3333333333333333,False,False,False,False,True,False,False,False,1714.54,36.75,2,5,4,3.4499999999999997,746.1688751806157,2,2056.975101900288,False,232.5725
3759,555478,1994-05-14,29.0,F,False,False,usa,new york,LGA,40.777,-73.872,2023-01-27,182,8,17.5,0.375,130.875,1.3333333333333333,36.0,36.0,107.33333333333333,0.0,3,3,1.0,0,0.0,3,2,0.6666666666666666,616.4466666666667,262.720487273706,0.15,95.2035,95.2035,1754.1365,1,0.3333333333333333,1.3333333333333333,0.5773502691896257,0.3333333333333333,0.5773502691896257,AirTran Airways,2,0.6666666666666666,LGA-DAL,3,0.3333333333333333,3187.1849397173787,876.0426860535019,0.0,3,142.33333333333334,153.929637605412,0,0.0,0.0,0.0,0.0,427.0,5.333333333333333,5.773502691896257,1.0,0.0,Crowne Plaza,3,0.3333333333333333,False,True,False,False,False,False,False,True,2181.1365,95.2035,3,3,4,3.35,1898.4639248082694,5,5233.524413948858,False,462.33500000000004
3767,555648,1983-05-21,40.0,M,False,False,usa,austin,AUS,30.194,-97.67,2023-01-27,182,9,27.0,0.5555555555555556,202.11111111111111,1.5,44.0,44.0,9.0,0.0,5,5,1.0,0,0.0,5,4,0.8,401.224,229.238644495207,0.175,68.848,137.696,1868.424,2,0.4,1.2,0.4472135954999579,0.4,0.5477225575051661,Allegiant Air,4,0.4,AUS-IND,5,0.2,2016.5929060831156,475.18497385516895,0.0,5,160.6,77.90250316902532,1,0.2,0.1,9.2,9.2,793.8,3.8,2.16794833886788,1.2,0.4472135954999579,Accor,5,0.2,False,True,False,False,False,False,False,False,2662.224,146.896,2,5,5,3.8,1390.3218502167388,4,3832.7214182332696,False,334.35333333333335
3769,555698,1972-08-19,50.0,M,False,False,usa,new york,LGA,40.777,-73.872,2023-01-27,182,8,33.0,0.5,444.0877375,1.3333333333333333,29.0,29.0,7.333333333333333,6.0,3,3,1.0,1,0.3333333333333333,3,2,0.6666666666666666,346.535,469.356268148195,0.3,4.395,4.395,688.675,2,0.6666666666666666,1.0,0.0,0.3333333333333333,0.5773502691896257,Air New Zealand,3,0.3333333333333333,LGA-LAX,3,0.3333333333333333,2059.5017741766555,2200.7401726865355,0.0,3,105.5,28.991378028648448,1,0.3333333333333333,0.0,0.0,0.0,211.0,3.3333333333333335,1.5275252316519468,1.0,0.0,Wyndham,3,0.3333333333333333,False,False,False,False,False,False,False,True,899.675,4.395,3,3,2,2.6500000000000004,783.0782399688785,2,2158.7237099188605,False,346.535
3774,555773,2001-10-19,21.0,F,False,False,usa,minneapolis,MSP,44.88,-93.217,2023-01-27,182,8,31.375,0.25,948.75,1.1428571428571428,23.0,36.0,309.0,296.0,1,0,0.0,1,1.0,1,1,1.0,0.0,0.0,0.0,0.0,0.0,0.0,1,1.0,1.0,0.0,0.0,0.0,Onur Air,1,1.0,MSP-AYT,1,1.0,0.0,0.0,0.0,0,0.0,0.0,0,0.0,0.0,0.0,0.0,0.0,0.0,0.0,0.0,0.0,MISSING,0,0.0,False,False,True,True,True,True,False,True,0.0,0.0,4,1,0,1.85,0.0,1,0.0,False,0.0
3796,556214,1976-11-01,46.0,F,False,False,usa,houston,HOU,29.645,-95.279,2023-01-27,182,8,19.75,0.25,147.875,1.1428571428571428,24.0,24.0,7.5,0.0,2,2,1.0,0,0.0,2,2,1.0,911.915,704.624836384583,0.0,0.0,0.0,1823.83,0,0.0,2.0,1.414213562373095,0.5,0.7071067811865476,Air Canada,2,0.5,HOU-JFK,2,0.5,2450.629167270234,218.4967620637703,0.0,2,91.0,11.313708498984761,2,1.0,0.1,9.1,18.2,163.8,3.0,1.414213562373095,2.0,1.414213562373095,Aman Resorts,2,0.5,False,True,False,False,True,False,False,False,1987.63,18.2,4,2,4,3.5,2595.0534394798265,5,7153.823337670867,False,455.9575
3806,556579,1976-06-15,47.0,F,True,False,usa,long beach,LGB,33.818,-118.151,2023-01-27,182,8,52.25,0.5,1103.0,1.1428571428571428,22.0,54.0,11.666666666666666,11.0,3,0,0.0,1,0.3333333333333333,0,0,0.0,0.0,0.0,0.0,0.0,0.0,0.0,0,0.0,0.0,0.0,0.0,0.0,MISSING,0,0.0,MISSING,0,0.0,0.0,0.0,0.0,3,107.0,14.142135623730951,1,0.3333333333333333,0.1,0.0,0.0,214.0,5.0,0.0,1.0,0.0,Starwood,3,0.3333333333333333,False,False,True,False,True,False,False,True,214.0,0.0,4,3,1,2.7,186.26586639991106,1,513.4819506184301,False,
3809,556623,1984-10-15,38.0,F,True,False,usa,newark,EWR,40.692,-74.169,2023-01-27,182,8,50.125,0.375,1087.375,1.1428571428571428,19.0,119.0,8.0,7.0,2,2,1.0,1,0.5,2,2,1.0,424.46,0.0,0.3,127.338,127.338,297.122,2,1.0,1.0,0.0,1.0,0.0,Porter Airlines,2,0.5,EWR-YTZ,2,0.5,2262.5815738944984,1208.0134409114344,0.0,2,59.0,0.0,1,0.5,0.0,0.0,0.0,59.0,3.0,1.414213562373095,1.0,0.0,Wyndham,2,0.5,False,False,False,False,False,False,False,True,356.122,127.338,4,2,1,2.45,464.95354818272756,1,1281.7445272299294,True,424.46
3813,556744,1977-11-25,45.0,F,False,False,usa,dallas,DAL,32.847,-96.852,2023-01-27,182,8,16.0,0.375,120.375,1.1428571428571428,12.0,101.0,6.666666666666667,0.0,3,3,1.0,0,0.0,3,3,1.0,426.26666666666665,277.656328999238,0.225,60.90725,121.8145,1156.9855,2,0.6666666666666666,1.6666666666666667,0.5773502691896257,0.3333333333333333,0.5773502691896257,Alitalia,3,0.3333333333333333,DAL-JFK,3,0.3333333333333333,1449.2349908213662,771.5806591851775,0.0,3,283.6666666666667,242.842198419742,0,0.0,0.0,0.0,0.0,851.0,2.3333333333333335,0.5773502691896257,1.6666666666666667,0.5773502691896257,Best Western,3,0.3333333333333333,False,True,False,False,False,False,False,True,2007.9855,121.8145,5,3,4,4.15,1747.7530788596198,5,4818.057529689363,True,255.76
3833,557262,1997-08-23,25.0,F,True,True,usa,los angeles,LAX,33.942,-118.408,2023-01-28,181,8,48.125,0.625,1071.75,1.1428571428571428,10.0,11.0,54.5,196.0,4,3,0.75,1,0.25,3,2,0.6666666666666666,434.715,132.872435252764,0.0,0.0,0.0,869.43,1,0.3333333333333333,2.5,1.7320508075688772,1.0,1.7320508075688772,Delta Air Lines,2,0.6666666666666666,LAX-LGA,3,0.3333333333333333,3469.6113426288716,582.6601600436371,0.0,4,194.0,64.09368143584827,2,0.5,0.05,9.5,9.5,572.5,8.75,6.994045086119096,1.25,0.5,Hyatt,4,0.25,False,False,False,False,True,False,False,False,1441.93,9.5,5,4,3,4.05,941.2932502500834,2,2594.877438277686,False,173.886
3838,557343,1981-09-15,41.0,F,False,False,usa,new york,LGA,40.777,-73.872,2023-01-28,181,8,19.625,0.125,145.375,1.1428571428571428,26.0,168.0,13.0,0.0,1,1,1.0,0,0.0,1,1,1.0,95.52,0.0,0.0,0.0,0.0,95.52,0,0.0,1.0,0.0,0.0,0.0,Air Canada,1,1.0,LGA-YUL,1,1.0,528.3523130481931,0.0,0.0,1,87.0,0.0,1,1.0,0.15,13.05,13.05,73.95,2.0,0.0,1.0,0.0,NH Hotel,1,1.0,False,True,False,True,True,False,True,False,169.47,13.05,4,1,1,2.2,442.5206968989663,1,1219.9035444575518,True,95.52
3847,557569,1984-06-20,39.0,F,True,True,usa,los angeles,LAX,33.942,-118.408,2023-01-28,181,8,34.75,0.375,973.5,1.3333333333333333,38.0,102.0,100.0,132.0,2,0,0.0,1,0.5,1,1,1.0,0.0,0.0,0.0,0.0,0.0,0.0,1,1.0,5.0,0.0,4.0,0.0,China Southern Airlines,1,1.0,LAX-MFM,1,1.0,0.0,0.0,0.0,1,155.0,0.0,0,0.0,0.0,0.0,0.0,155.0,15.0,0.0,2.0,0.0,NH Hotel,1,1.0,False,False,True,True,True,False,True,True,155.0,0.0,3,2,1,2.0500000000000003,202.36828942980992,1,557.8717454148832,True,0.0
3851,557726,1974-05-09,49.0,F,True,False,usa,des moines,DSM,41.534,-93.663,2023-01-28,181,8,36.5,0.375,986.625,1.3333333333333333,35.0,132.0,118.0,128.0,2,0,0.0,1,0.5,2,2,1.0,298.28,0.0,0.25,74.57,74.57,223.71,2,1.0,1.6666666666666667,0.7071067811865476,0.5,0.7071067811865476,Thai Airways International,2,0.5,DSM-MFM,2,0.5,1665.7372157052284,7588.376383928019,0.0,0,0.0,0.0,0,0.0,0.0,0.0,0.0,0.0,0.0,0.0,0.0,0.0,MISSING,0,0.0,False,False,False,False,False,True,False,True,223.71,74.57,3,2,1,2.0500000000000003,292.07619373124373,1,805.1708913984744,True,178.968
3852,557762,1954-11-16,68.0,F,False,False,usa,san diego,NZY,32.699,-117.215,2023-01-28,181,9,64.77777777777777,0.5555555555555556,1811.888888888889,1.5,49.0,69.0,111.33333333333333,145.5,3,0,0.0,2,0.6666666666666666,1,1,1.0,0.0,0.0,0.15,0.0,0.0,0.0,1,1.0,1.0,0.0,0.0,0.0,United Airlines,1,1.0,NZY-LSQ,1,1.0,0.0,0.0,0.0,2,92.0,0.0,1,0.5,0.05,0.0,0.0,92.0,8.0,2.8284271247461903,1.5,0.7071067811865476,Banyan Tree,2,0.5,False,False,True,True,True,False,False,True,92.0,0.0,2,3,1,1.9,80.07691452706457,1,220.74924979857744,False,0.0
3855,557815,1975-05-14,48.0,F,True,False,usa,louisville,LOU,38.228,-85.664,2023-01-28,181,8,56.125,0.625,1132.375,1.1428571428571428,20.0,28.0,9.25,2.0,4,3,0.75,1,0.25,3,3,1.0,286.69,292.148237715034,0.0,0.0,0.0,573.38,1,0.3333333333333333,1.0,0.0,0.3333333333333333,0.5773502691896257,Alaska Airlines,3,0.3333333333333333,LOU-LAX,3,0.3333333333333333,1577.285801107554,1396.302049690479,0.0,4,165.66666666666666,32.129944496269104,2,0.5,0.05,8.45,8.45,488.55,4.25,2.217355782608345,1.0,0.0,Marriott,4,0.25,False,False,False,False,True,False,False,False,1061.93,8.45,4,4,3,3.65,693.2288954651551,1,1911.034653575571,False,286.69
3856,557834,2006-09-03,16.0,F,False,False,usa,los angeles,LAX,33.942,-118.408,2023-01-28,181,8,23.0,0.375,958.125,1.3333333333333333,54.0,79.0,115.0,200.0,2,1,0.5,1,0.5,2,2,1.0,98.17,0.0,0.0,0.0,0.0,98.17,1,0.5,1.0,0.0,0.5,0.7071067811865476,United Airlines,2,0.5,LAX-SKF,2,0.5,495.7229227512777,1036.9519136042506,0.0,1,73.0,0.0,0,0.0,0.0,0.0,0.0,73.0,3.0,0.0,1.0,0.0,Choice Hotels,1,1.0,False,False,False,False,True,False,True,True,171.17,0.0,2,2,1,1.65,223.4798716238746,1,616.0703655655842,False,98.17
3859,557876,1985-03-23,38.0,F,False,False,usa,grand rapids,GRR,42.881,-85.523,2023-01-28,181,8,22.25,0.375,165.25,1.3333333333333333,53.0,53.0,8.0,0.0,3,2,0.6666666666666666,0,0.0,3,3,1.0,362.7,277.843169431966,0.0,0.0,0.0,1088.1,0,0.0,1.3333333333333333,0.5773502691896257,0.0,0.0,Air Canada,3,0.3333333333333333,GRR-AUS,2,0.6666666666666666,1353.5583220620347,731.3800580908338,0.0,2,240.5,20.506096654409877,1,0.5,0.1,25.5,25.5,455.5,1.5,0.7071067811865476,1.5,0.7071067811865476,Best Western,2,0.5,False,True,False,False,True,False,False,False,1543.6,25.5,2,3,4,2.95,1343.5513615649659,4,3703.788499881349,False,272.02500000000003
3860,557879,2006-01-15,17.0,F,False,False,usa,burlington,BTV,44.472,-73.153,2023-01-28,181,8,56.25,0.25,1130.5,1.3333333333333333,32.0,179.0,7.0,7.0,1,1,1.0,1,1.0,1,1,1.0,0.0,0.0,0.0,0.0,0.0,0.0,1,1.0,1.0,0.0,0.0,0.0,American Airlines,1,1.0,BTV-SAN,1,1.0,0.0,0.0,0.0,1,0.0,0.0,1,1.0,0.0,0.0,0.0,0.0,4.0,0.0,1.0,0.0,Crowne Plaza,1,1.0,False,False,True,True,True,True,True,True,0.0,0.0,3,1,0,1.4500000000000002,0.0,1,0.0,True,0.0
3863,557932,1993-11-08,29.0,F,False,True,usa,new york,LGA,40.777,-73.872,2023-01-28,181,8,16.375,0.5,121.375,1.1428571428571428,26.0,50.0,9.75,0.0,4,3,0.75,0,0.0,4,4,1.0,351.4275,258.828639627972,0.25,161.5125,161.5125,1244.1975,1,0.25,1.0,0.0,0.75,0.5,United Airlines,3,0.5,LGA-BWI,4,0.25,1920.401571896665,1467.1447329023674,0.0,3,186.0,165.420675854018,1,0.3333333333333333,0.05,3.7,3.7,554.3,3.3333333333333335,1.5275252316519468,1.0,0.0,InterContinental,3,0.3333333333333333,False,True,False,False,False,False,False,False,1798.4975,165.2125,4,4,4,4.0,1174.0608471573858,3,3236.5514175783997,False,351.4275
3866,557963,1978-04-22,45.0,F,True,False,usa,newport news,PHF,37.132,-76.493,2023-01-28,181,8,30.75,0.5,984.25,1.1428571428571428,2.0,85.0,107.66666666666667,226.0,3,3,1.0,1,0.3333333333333333,3,3,1.0,108.415,35.58868429711894,0.0,0.0,0.0,216.83,1,0.3333333333333333,1.5,0.5773502691896257,0.3333333333333333,0.5773502691896257,Aegean Airlines,3,0.3333333333333333,PHF-MUC,3,0.3333333333333333,621.0157724428897,3635.826791767717,0.0,3,116.5,89.80256121069154,1,0.3333333333333333,0.0,0.0,0.0,233.0,8.0,7.0,1.0,0.0,Conrad,3,0.3333333333333333,False,False,False,False,True,False,False,True,449.83,0.0,5,3,1,3.1,391.5325919751028,1,1079.3438590966748,False,72.27666666666667
3872,558114,1976-01-21,47.0,F,True,False,usa,omaha,OFF,41.118,-95.913,2023-01-28,181,9,38.888888888888886,0.5555555555555556,923.0,1.5,37.0,120.0,55.0,114.0,4,3,0.75,1,0.25,3,3,1.0,287.16,75.34929860323851,0.0,0.0,0.0,574.32,1,0.3333333333333333,1.5,0.5773502691896257,0.6666666666666666,0.5773502691896257,EVA Air,3,0.3333333333333333,OFF-MFM,3,0.3333333333333333,1579.689552550447,6224.986966212713,0.0,4,183.66666666666666,130.745299469363,1,0.25,0.0,0.0,0.0,551.0,7.25,4.7871355387816905,1.0,0.0,Banyan Tree,3,0.5,False,False,False,False,True,False,False,True,1125.32,0.0,3,4,3,3.25,734.6099466488829,1,2025.1104275815367,True,191.44000000000003
3883,558388,1984-06-14,39.0,F,True,True,usa,houston,HOU,29.645,-95.279,2023-01-28,181,8,19.0,0.5,140.75,1.1428571428571428,14.0,80.0,5.5,0.0,4,3,0.75,0,0.0,3,3,1.0,646.1066666666667,209.727575281205,0.15,60.6885,60.6885,1877.6315,1,0.3333333333333333,1.6666666666666667,0.5773502691896257,1.3333333333333333,1.5275252316519468,American Airlines,3,0.3333333333333333,HOU-DCA,3,0.3333333333333333,2162.4788356159584,179.1455672338776,0.0,4,112.5,24.186773244895647,1,0.25,0.2,15.8,15.8,434.2,3.5,1.7320508075688772,1.5,0.5773502691896257,Aman Resorts,4,0.25,False,True,False,False,False,False,False,False,2311.8315,76.4885,5,4,5,4.75,1509.165761628876,4,4160.340238742282,False,387.664
3897,558851,1990-09-17,32.0,F,True,False,usa,memphis,MEM,35.042,-89.977,2023-01-28,181,8,19.875,0.25,565.8909845,1.3333333333333333,51.0,119.0,168.0,100.0,1,1,1.0,1,1.0,1,1,1.0,0.0,0.0,0.0,0.0,0.0,0.0,1,1.0,2.0,0.0,1.0,0.0,Czech Airlines,1,1.0,MEM-PRG,1,1.0,0.0,0.0,0.0,1,0.0,0.0,1,1.0,0.0,0.0,0.0,0.0,13.0,0.0,1.0,0.0,Aman Resorts,1,1.0,False,False,True,True,True,True,True,True,0.0,0.0,2,1,0,1.05,0.0,1,0.0,True,0.0
3923,559407,1970-07-17,53.0,F,True,False,usa,chicago,UGN,42.422,-87.868,2023-01-29,180,8,17.75,0.5,131.75,1.1428571428571428,8.0,66.0,7.5,0.0,4,4,1.0,0,0.0,4,4,1.0,248.725,167.97118056381,0.24999999999999994,76.18299999999999,152.36599999999999,842.534,2,0.5,1.25,0.5,0.75,0.5,Delta Air Lines,4,0.25,UGN-DAL,4,0.25,1119.622894285187,505.5014252955948,0.0,4,94.75,35.08442199419376,1,0.25,0.05,2.6,2.6,376.4,4.75,5.560275772537426,1.25,0.5,Conrad,4,0.25,False,True,False,False,False,False,False,False,1218.934,154.96599999999998,5,4,3,4.05,795.7212532510837,2,2193.576897179178,False,198.98
3936,559695,1968-02-01,55.0,F,True,True,usa,san antonio,RND,29.529,-98.279,2023-01-29,180,8,47.125,0.625,706.775376875,1.3333333333333333,45.0,45.0,6.25,2.0,4,2,0.5,1,0.25,3,3,1.0,435.005,9.199459223236984,0.0,0.0,0.0,870.01,1,0.3333333333333333,1.0,0.0,1.0,1.7320508075688772,AirTran Airways,3,0.3333333333333333,RND-BWI,3,0.3333333333333333,2318.8034241447403,53.5568629281395,0.0,3,141.5,31.81980515339464,1,0.3333333333333333,0.1,0.0,0.0,283.0,4.0,1.0,1.0,0.0,InterContinental,3,0.3333333333333333,False,False,False,False,True,False,False,True,1153.01,0.0,2,4,3,2.8499999999999996,752.6860045015005,2,2074.9409715510146,False,435.005
3937,559712,1983-09-17,39.0,F,False,False,canada,toronto,YZD,43.742,-79.466,2023-01-29,180,9,16.11111111111111,0.3333333333333333,119.66666666666667,1.2857142857142858,23.0,62.0,8.0,0.0,3,3,1.0,0,0.0,3,3,1.0,312.0833333333333,161.367600630775,0.0,0.0,0.0,936.25,0,0.0,1.0,0.0,1.0,0.0,American Airlines,3,0.3333333333333333,YZD-IAH,3,0.3333333333333333,1837.9669569748185,1011.9462112830288,0.0,3,188.0,68.72408602520662,1,0.3333333333333333,0.05,11.05,11.05,552.95,4.333333333333333,0.5773502691896257,1.0,0.0,Hilton,3,0.3333333333333333,False,True,False,False,True,False,False,False,1489.2,11.05,4,3,3,3.4,1296.201533844615,3,3573.258508696104,False,312.0833333333333
3940,559775,1977-05-04,46.0,F,True,False,usa,san antonio,RND,29.529,-98.279,2023-01-29,180,9,21.0,0.3333333333333333,156.66666666666666,1.5,39.0,62.0,9.0,0.0,3,3,1.0,0,0.0,3,3,1.0,194.55666666666667,158.464302078838,0.0,0.0,0.0,583.67,0,0.0,1.0,0.0,1.0,1.0,Ryanair,3,0.3333333333333333,RND-AUS,3,0.3333333333333333,1114.731356651397,945.8031529489688,0.0,3,162.0,114.947814246292,1,0.3333333333333333,0.1,5.9,5.9,480.1,4.0,3.0,1.0,0.0,Aman Resorts,3,0.3333333333333333,False,True,False,False,True,False,False,False,1063.77,5.9,3,3,3,3.0,925.9067322440812,2,2552.461189763399,False,194.55666666666667
3941,559782,1984-07-13,39.0,F,False,False,usa,lubbock,LBB,33.664,-101.823,2023-01-29,180,8,16.875,0.5,126.125,1.1428571428571428,21.0,32.0,7.0,0.0,4,4,1.0,0,0.0,4,4,1.0,354.235,127.264819569275,0.1,36.727,36.727,1380.213,1,0.25,1.25,0.5,0.25,0.5,AirTran Airways,4,0.25,LBB-IND,4,0.25,1601.2090290652047,207.27136981616138,0.0,4,224.25,146.372527021524,1,0.25,0.1,43.5,43.5,853.5,3.5,3.109126351029605,1.25,0.5,Best Western,4,0.25,False,True,False,False,False,False,False,False,2233.713,80.227,4,4,5,4.35,1458.1699318939648,4,4019.759258277146,False,283.38800000000003
3950,559936,1968-12-02,54.0,F,True,False,usa,kansas city,MCI,39.297,-94.714,2023-01-29,180,8,38.125,0.5,1048.878664875,1.6,62.0,134.0,8.333333333333334,3.0,3,3,1.0,1,0.3333333333333333,3,3,1.0,245.82,39.230284220229656,0.15,0.0,0.0,491.64,1,0.3333333333333333,1.0,0.0,0.0,0.0,American Airlines,2,0.6666666666666666,MCI-JFK,3,0.3333333333333333,1429.18488340802,239.720896259864,0.0,3,98.0,31.11269837220809,1,0.3333333333333333,0.0,0.0,0.0,196.0,2.6666666666666665,0.5773502691896257,1.0,0.0,Radisson,3,0.3333333333333333,False,False,False,False,True,False,False,True,687.64,0.0,2,3,2,2.25,598.5227120151161,1,1649.9566753423237,True,245.82
3951,559981,1979-02-08,44.0,F,False,False,usa,columbus,LCK,39.814,-82.928,2023-01-29,180,8,19.625,0.75,145.5,1.1428571428571428,24.0,24.0,8.0,0.0,6,6,1.0,0,0.0,6,5,0.8333333333333334,256.67833333333334,200.917120765421,0.2,91.25525,182.5105,1357.5595,2,0.3333333333333333,1.1666666666666667,0.408248290463863,0.6666666666666666,0.816496580927726,Delta Air Lines,5,0.3333333333333333,LCK-JFK,5,0.3333333333333333,1380.806732369893,1042.876761248397,0.0,6,195.66666666666666,155.659457363395,0,0.0,0.0,0.0,0.0,1174.0,2.8333333333333335,1.834847859269718,1.1666666666666667,0.408248290463863,Fairmont,5,0.3333333333333333,False,True,False,False,False,False,False,True,2531.5595,182.5105,4,5,5,4.6,1101.736270117817,3,3037.173154594901,False,220.01
3955,560065,1974-02-18,49.0,F,True,False,usa,san jose,SJC,37.362,-121.929,2023-01-29,180,10,16.5,0.4,122.7,1.6666666666666667,35.0,57.0,7.5,0.0,4,2,0.5,0,0.0,2,2,1.0,607.18,122.965869248341,0.2,104.046,104.046,1110.314,1,0.5,1.0,0.0,0.5,0.7071067811865476,Aer Lingus,2,0.5,SJC-IAD,2,0.5,3420.882646586254,665.3918339775316,0.0,4,103.25,46.87838876639569,2,0.5,0.075,7.625,15.25,397.75,6.0,4.08248290463863,1.25,0.5,Accor,4,0.25,False,True,False,False,False,False,False,False,1508.064,119.296,3,4,3,3.25,984.4655871957319,2,2713.891277023711,False,607.18
3969,560362,1979-06-04,44.0,F,False,False,usa,new york,LGA,40.777,-73.872,2023-01-29,180,7,19.142857142857142,0.42857142857142855,142.0,1.1666666666666667,50.0,81.0,5.333333333333333,0.0,3,3,1.0,0,0.0,3,2,0.6666666666666666,421.4,352.007395945028,0.05,17.702,17.702,1246.498,1,0.3333333333333333,1.0,0.0,0.6666666666666666,0.5773502691896257,Delta Air Lines,3,0.3333333333333333,LGA-LSQ,3,0.3333333333333333,2891.2325933600027,2014.5494431272596,0.0,3,133.33333333333334,50.63924696649165,0,0.0,0.0,0.0,0.0,400.0,2.3333333333333335,0.5773502691896257,1.0,0.0,Hilton,3,0.3333333333333333,False,True,False,False,False,False,False,True,1646.498,17.702,2,3,4,2.95,1433.1139088585085,4,3950.6869379875893,False,421.4
3971,560374,1979-02-10,44.0,F,True,False,usa,new york,LGA,40.777,-73.872,2023-01-29,180,8,19.625,0.625,146.25,1.1428571428571428,16.0,16.0,9.0,0.0,5,4,0.8,0,0.0,4,4,1.0,1135.355,872.436787719699,0.075,39.68975,79.3795,4462.0405,2,0.5,2.25,1.5,0.5,0.5773502691896257,American Airlines,4,0.25,LGA-FAT,4,0.25,2949.0933248323818,1264.2543251368343,0.0,5,134.6,67.51518347749638,0,0.0,0.0,0.0,0.0,673.0,4.6,3.361547262794322,2.0,1.414213562373095,Banyan Tree,5,0.2,False,True,False,False,False,False,False,True,5135.0405,79.3795,4,5,5,4.6,2681.727386162054,5,7392.758726480295,False,504.6022222222222
3981,560627,1982-12-26,40.0,F,False,False,usa,bakersfield,BFL,35.433,-119.057,2023-01-29,180,9,33.888888888888886,0.4444444444444444,799.5182927777778,1.5,48.0,52.0,89.33333333333333,248.0,3,3,1.0,1,0.3333333333333333,3,3,1.0,421.46,77.93730942238126,0.05,23.8285,23.8285,819.0915,2,0.6666666666666666,1.5,0.5773502691896257,1.0,0.0,China Airlines,3,0.3333333333333333,BFL-SIN,3,0.3333333333333333,2433.576946927369,6667.997895206354,0.0,3,102.5,81.31727983645297,1,0.3333333333333333,0.0,0.0,0.0,205.0,8.333333333333334,4.163331998932265,1.0,0.0,Fairmont,3,0.3333333333333333,False,False,False,False,False,False,False,True,1024.0915,23.8285,2,3,2,2.25,891.3705164499278,2,2457.254677718477,False,280.9733333333333
3982,560672,1991-11-07,31.0,F,False,False,usa,los angeles,LAX,33.942,-118.408,2023-01-29,180,8,19.5,0.375,145.75,1.1428571428571428,15.0,47.0,6.666666666666667,0.0,3,3,1.0,0,0.0,3,3,1.0,299.6933333333333,236.644563920943,0.0,0.0,0.0,899.08,0,0.0,1.0,0.0,0.3333333333333333,0.5773502691896257,Allegiant Air,3,0.3333333333333333,LAX-BFI,3,0.3333333333333333,1633.4726687598352,1136.730633131674,0.0,3,291.0,197.962117588189,1,0.3333333333333333,0.15,33.45,33.45,839.55,3.6666666666666665,2.8867513459481287,1.0,0.0,Crowne Plaza,3,0.3333333333333333,False,True,False,False,True,False,False,False,1738.63,33.45,5,3,4,4.15,1513.3057163498945,4,4171.752914970661,False,299.6933333333333
3983,560680,1975-10-23,47.0,F,True,True,usa,washington,IAD,38.944,-77.456,2023-01-29,180,8,32.875,0.25,823.09438425,1.6,76.0,161.0,8.0,7.0,1,1,1.0,1,1.0,1,1,1.0,0.0,0.0,0.0,0.0,0.0,0.0,1,1.0,1.0,0.0,1.0,0.0,American Airlines,1,1.0,IAD-YKZ,1,1.0,0.0,0.0,0.0,1,0.0,0.0,1,1.0,0.15,0.0,0.0,0.0,1.0,0.0,1.0,0.0,Accor,1,1.0,False,False,True,True,True,True,True,True,0.0,0.0,1,1,0,0.65,0.0,1,0.0,True,0.0
3986,560739,1987-03-08,36.0,F,True,True,usa,columbus,LCK,39.814,-82.928,2023-01-29,180,8,26.5,0.625,854.440419375,1.6,83.0,107.0,76.5,257.0,4,3,0.75,1,0.25,4,4,1.0,216.1,97.4824245697654,0.0,0.0,0.0,648.3,1,0.25,1.4,0.5,0.5,0.5773502691896257,All Nippon Airways,4,0.25,LCK-HND,4,0.25,1168.2046560226524,4696.811922192904,0.0,3,161.33333333333334,86.49470118645034,1,0.3333333333333333,0.05,11.0,11.0,473.0,3.3333333333333335,2.309401076758503,1.0,0.0,Banyan Tree,3,0.3333333333333333,False,False,False,False,True,False,False,False,1121.3,11.0,1,4,3,2.4499999999999997,731.9856868956318,1,2017.8760907538986,True,154.35714285714286
3987,560747,1981-07-11,42.0,F,True,False,usa,chicago,MDW,41.786,-87.752,2023-01-29,180,8,19.375,0.5,143.375,1.1428571428571428,25.0,118.0,8.0,0.0,4,3,0.75,0,0.0,4,4,1.0,305.665,99.78236768086835,0.0,0.0,0.0,1222.66,0,0.0,1.25,0.5,0.25,0.5,Air Canada,4,0.25,MDW-DAL,4,0.25,1411.5384337703986,566.4212017989478,0.0,3,205.33333333333334,79.13490590967638,1,0.3333333333333333,0.05,10.0,10.0,606.0,2.6666666666666665,0.5773502691896257,1.3333333333333333,0.5773502691896257,Accor,3,0.3333333333333333,False,True,False,False,True,False,False,False,1828.66,10.0,4,4,4,4.0,1193.7509553184395,3,3290.8314386141305,True,244.532
4002,561033,1970-04-22,53.0,F,True,True,canada,toronto,YTZ,43.627,-79.396,2023-01-29,180,8,16.75,0.5,125.625,1.1428571428571428,12.0,42.0,9.0,0.0,4,4,1.0,0,0.0,4,3,0.75,301.4825,234.503408130884,0.0,0.0,0.0,1205.93,0,0.0,1.25,0.5,1.0,1.414213562373095,American Airlines,4,0.25,YTZ-AUS,4,0.25,1727.0049481757296,1485.0171259004792,0.0,4,177.25,49.45957945636012,1,0.25,0.05,9.2,9.2,699.8,2.5,1.2909944487358056,1.25,0.5,Aman Resorts,4,0.25,False,True,False,False,True,False,False,False,1905.73,9.2,5,4,4,4.4,1244.062323274425,3,3429.525552869373,False,241.186
4005,561054,1998-07-27,25.0,M,False,False,canada,winnipeg,YAV,50.056,-97.032,2023-01-29,180,9,19.444444444444443,0.4444444444444444,146.11111111111111,1.2857142857142858,10.0,10.0,54.25,0.0,4,3,0.75,0,0.0,3,3,1.0,596.3833333333333,143.654457756567,0.0,0.0,0.0,1789.15,0,0.0,1.6666666666666667,0.5773502691896257,1.0,0.0,JetBlue Airways,3,0.3333333333333333,YAV-HOU,3,0.3333333333333333,2057.2830614821783,236.73803842522148,0.0,4,75.0,55.88679032949856,2,0.5,0.075,4.025,8.05,291.95,4.25,4.5,1.25,0.5,Wyndham,3,0.5,False,True,False,False,True,False,False,False,2081.1,8.05,5,4,4,4.4,1358.5440230076692,4,3745.1189980093986,False,357.83
4010,561326,1986-07-11,37.0,F,False,False,usa,new orleans,MSY,29.993,-90.258,2023-01-30,179,8,16.5,0.25,122.5,1.3333333333333333,46.0,46.0,4.5,0.0,2,1,0.5,0,0.0,1,1,1.0,137.14,0.0,0.0,0.0,0.0,137.14,0,0.0,1.0,0.0,1.0,0.0,American Airlines,1,1.0,MSY-FTW,1,1.0,743.6420157054863,0.0,0.0,2,144.0,52.32590180780452,1,0.5,0.05,5.35,5.35,282.65,6.0,2.8284271247461903,1.0,0.0,Accor,2,0.5,False,True,False,True,True,False,False,False,419.79,5.35,2,2,1,1.65,548.0786078692897,1,1510.896645211057,False,137.14
4029,561846,1983-12-04,39.0,F,True,False,usa,new york,JFK,40.64,-73.779,2023-01-30,179,8,43.5,0.625,1037.375,1.6,81.0,95.0,47.25,154.0,4,2,0.5,1,0.25,3,3,1.0,473.645,88.72068783547611,0.0,0.0,0.0,947.29,1,0.3333333333333333,1.5,0.5773502691896257,0.6666666666666666,0.5773502691896257,Allegiant Air,3,0.3333333333333333,JFK-DCA,3,0.3333333333333333,2680.4501314473946,1475.7027683389126,0.0,3,101.0,23.643180835073778,1,0.3333333333333333,0.05,5.9,5.9,297.1,2.6666666666666665,1.5275252316519468,1.3333333333333333,0.5773502691896257,Best Western,3,0.3333333333333333,False,False,False,False,True,False,False,False,1244.39,5.9,1,4,3,2.4499999999999997,812.3389538179393,2,2239.387165409118,True,315.7633333333333
4032,561908,1989-08-05,33.0,F,False,False,canada,ottawa,YOW,45.323,-75.669,2023-01-30,179,8,69.5,0.5,1668.195910375,1.1428571428571428,24.0,25.0,9.5,8.5,2,2,1.0,2,1.0,2,2,1.0,0.0,0.0,0.0,0.0,0.0,0.0,2,1.0,1.0,0.0,1.0,0.0,Ryanair,2,0.5,YOW-IND,2,0.5,0.0,429.3135385180532,0.0,2,0.0,0.0,2,1.0,0.0,0.0,0.0,0.0,5.0,2.8284271247461903,1.0,0.0,Accor,2,0.5,False,False,True,False,True,True,False,True,0.0,0.0,4,2,0,2.1,0.0,1,0.0,False,0.0
4033,561945,1997-02-23,26.0,F,False,False,canada,toronto,YKZ,43.862,-79.37,2023-01-30,179,8,20.625,0.125,153.5,1.3333333333333333,35.0,35.0,7.0,0.0,1,1,1.0,0,0.0,1,1,1.0,515.23,0.0,0.1,51.523,51.523,463.707,1,1.0,1.0,0.0,1.0,0.0,American Airlines,1,1.0,YKZ-BIF,1,1.0,2703.664866923959,0.0,0.0,1,103.0,0.0,0,0.0,0.0,0.0,0.0,103.0,2.0,0.0,1.0,0.0,Rosewood,1,1.0,False,True,False,True,False,False,True,True,566.707,51.523,3,1,1,1.8000000000000003,1479.7874348116038,4,4079.352557791384,False,515.23
4036,561994,1974-10-17,48.0,F,True,False,usa,laredo,LRD,27.544,-99.461,2023-01-30,179,8,20.75,0.375,154.875,1.3333333333333333,35.0,49.0,8.666666666666666,0.0,3,3,1.0,0,0.0,3,3,1.0,394.9766666666667,242.195288214559,0.1,54.332,54.332,1130.598,1,0.3333333333333333,1.0,0.0,0.0,0.0,Air Canada,3,0.3333333333333333,LRD-DAL,3,0.3333333333333333,2148.23572521368,1313.1172755956447,0.0,3,134.66666666666666,59.045180441195484,0,0.0,0.0,0.0,0.0,404.0,3.0,2.6457513110645907,1.0,0.0,Crowne Plaza,3,0.3333333333333333,False,True,False,False,False,False,False,True,1534.598,54.332,3,3,4,3.35,1335.7160095587417,4,3682.1886656782317,False,394.9766666666667
4041,562148,1985-08-02,37.0,F,True,False,usa,oklahoma city,TIK,35.415,-97.386,2023-01-30,179,8,18.75,0.5,139.875,1.3333333333333333,27.0,27.0,8.25,0.0,4,4,1.0,0,0.0,4,3,0.75,266.24,191.322723689582,0.225,37.352,74.704,990.256,2,0.5,1.75,0.9574271077563381,0.5,0.5773502691896257,Air France,4,0.25,TIK-AUS,3,0.5,911.7214867986515,400.0917396081005,0.0,4,123.0,29.698484809834994,0,0.0,0.0,0.0,0.0,492.0,2.5,1.2909944487358056,1.75,0.9574271077563381,NH Hotel,3,0.5,False,True,False,False,False,False,False,True,1482.256,74.704,3,4,3,3.25,967.6181007002334,2,2667.4475544247844,False,152.13714285714286
4046,562275,1968-06-28,55.0,M,False,False,usa,chicago,UGN,42.422,-87.868,2023-01-30,179,8,42.375,0.75,1086.25,1.1428571428571428,6.0,7.0,7.6,5.0,5,5,1.0,1,0.2,5,5,1.0,303.0125,128.905078093663,0.3,70.236,70.236,1141.814,2,0.4,1.0,0.0,0.6,0.8944271909999159,Delta Air Lines,3,0.6,UGN-CLT,4,0.2,1717.8127396237326,726.9658246365742,0.0,5,155.25,86.68092831374923,2,0.4,0.1,21.4,21.4,599.6,3.8,2.16794833886788,1.0,0.0,Marriott,5,0.2,False,False,False,False,False,False,False,False,1741.414,91.636,5,5,4,4.65,909.4373480493498,2,2507.0597875352605,False,303.0125
4047,562283,1997-08-27,25.0,F,False,True,usa,anchorage,ANC,61.174,-149.996,2023-01-30,179,8,19.0,0.125,139.75,1.1428571428571428,15.0,132.0,25.0,0.0,1,0,0.0,0,0.0,0,0,0.0,0.0,0.0,0.0,0.0,0.0,0.0,0,0.0,0.0,0.0,0.0,0.0,MISSING,0,0.0,MISSING,0,0.0,0.0,0.0,0.0,1,102.0,0.0,1,1.0,0.1,10.2,10.2,91.8,4.0,0.0,1.0,0.0,Shangri-La,1,1.0,False,True,True,False,True,False,True,False,91.8,10.2,5,1,1,2.6,239.70850283427808,1,660.8080803753069,True,
4056,562490,1971-08-15,51.0,F,True,False,usa,new york,JFK,40.64,-73.779,2023-01-30,179,8,18.125,0.375,134.5,1.1428571428571428,18.0,18.0,125.0,0.0,3,1,0.3333333333333333,0,0.0,3,3,1.0,1337.4,1412.823199236196,0.0,0.0,0.0,4012.2,0,0.0,1.3333333333333333,0.5773502691896257,1.0,0.0,Aeroflot Russian Airlines,3,0.3333333333333333,JFK-AYT,3,0.3333333333333333,4854.48920672861,3257.1538915330448,0.3333333333333333,1,86.0,0.0,1,1.0,0.15,12.9,12.9,73.1,2.0,0.0,1.0,0.0,Banyan Tree,1,1.0,False,True,False,False,True,False,True,False,4085.3,12.9,4,3,5,4.1,3555.850205624097,5,9802.466415240526,False,1003.0500000000001
4062,562612,1981-10-23,41.0,F,False,False,usa,chicago,MDW,41.786,-87.752,2023-01-30,179,8,25.75,0.625,449.476361,1.1428571428571428,24.0,98.0,8.0,6.0,4,2,0.5,1,0.25,2,1,0.5,510.175,561.718555906781,0.0,0.0,0.0,1020.35,0,0.0,1.5,0.7071067811865476,1.0,1.414213562373095,KLM Royal Dutch Airlines,2,0.5,MDW-DAL,2,0.5,2064.970544363072,1113.943288437064,0.0,4,100.66666666666667,39.80368492154129,1,0.25,0.0,0.0,0.0,302.0,4.25,3.947573094109004,1.25,0.5,Hilton,4,0.25,False,False,False,False,True,False,False,True,1322.35,0.0,4,4,3,3.65,863.2313146048682,2,2379.682911449583,True,340.1166666666667
4064,562648,1980-12-28,42.0,F,False,True,usa,oklahoma city,OKC,35.393,-97.601,2023-01-30,179,8,23.625,0.375,174.625,1.3333333333333333,33.0,33.0,6.333333333333333,0.0,3,3,1.0,0,0.0,3,3,1.0,325.57,124.6730415928,0.05,18.343,18.343,958.367,1,0.3333333333333333,1.3333333333333333,0.5773502691896257,0.6666666666666666,0.5773502691896257,AirTran Airways,3,0.3333333333333333,OKC-BWI,3,0.3333333333333333,1370.465074440706,453.840412018294,0.0,3,114.66666666666667,62.94706771036545,0,0.0,0.0,0.0,0.0,344.0,4.333333333333333,4.041451884327381,1.3333333333333333,0.5773502691896257,Banyan Tree,3,0.3333333333333333,False,True,False,False,False,False,False,True,1302.367,18.343,3,3,3,3.0,1133.581858063799,3,3124.962371874173,False,244.1775
4065,562708,1976-11-15,46.0,F,True,False,usa,louisville,LOU,38.228,-85.664,2023-01-30,179,7,17.857142857142858,0.5714285714285714,132.71428571428572,1.1666666666666667,51.0,51.0,7.5,0.0,4,4,1.0,0,0.0,4,4,1.0,197.5275,198.533618374823,0.1,3.163,3.163,786.947,1,0.25,1.0,0.0,0.75,0.5,Allegiant Air,4,0.25,LOU-CLT,4,0.25,1121.8407272200366,1125.5087621085336,0.0,4,226.75,81.39359106629138,1,0.25,0.1,19.0,19.0,888.0,2.5,1.0,1.0,0.0,Aman Resorts,4,0.25,False,True,False,False,False,False,False,False,1674.947,22.163,2,4,4,3.2,1093.406965405135,3,3014.211633443298,False,197.5275
4079,563162,1989-08-17,33.0,F,False,True,canada,toronto,YKZ,43.862,-79.37,2023-01-31,178,8,16.625,0.375,124.75,1.1428571428571428,10.0,25.0,6.333333333333333,0.0,3,3,1.0,0,0.0,3,3,1.0,529.9233333333333,176.865365838915,0.0,0.0,0.0,1589.77,0,0.0,1.0,0.0,0.0,0.0,United Airlines,2,0.6666666666666666,YKZ-LAX,2,0.6666666666666666,2993.8251286105638,905.3578455705804,0.0,3,68.66666666666667,3.0550504633038935,1,0.3333333333333333,0.05,3.4,3.4,202.6,3.0,1.0,1.0,0.0,Crowne Plaza,3,0.3333333333333333,False,True,False,False,True,False,False,False,1792.37,3.4,5,3,4,4.15,1560.0810792486382,4,4300.699270233437,False,529.9233333333333
4083,563253,1992-01-11,31.0,F,False,False,usa,new york,JFK,40.64,-73.779,2023-01-31,178,8,35.25,0.375,262.375,1.3333333333333333,29.0,29.0,5.333333333333333,0.0,3,2,0.6666666666666666,0,0.0,2,2,1.0,274.265,243.478077965964,0.1,44.643,44.643,503.887,1,0.5,1.0,0.0,1.0,0.0,United Airlines,1,1.0,JFK-AUS,2,0.5,1494.2036068447949,1345.340617966583,0.0,3,163.0,38.97435053981015,1,0.3333333333333333,0.15,27.75,27.75,461.25,3.0,1.7320508075688772,1.3333333333333333,0.5773502691896257,Four Seasons,3,0.3333333333333333,False,True,False,False,False,False,False,False,965.137,72.393,3,3,2,2.6500000000000004,840.0564462598644,2,2315.7963989440177,False,274.265
4086,563315,1975-10-09,47.0,F,True,False,canada,calgary,YYC,51.114,-114.02,2023-01-31,178,7,16.428571428571427,0.2857142857142857,123.14285714285714,1.4,28.0,28.0,4.5,0.0,2,1,0.5,0,0.0,1,1,1.0,315.3,0.0,0.0,0.0,0.0,315.3,0,0.0,1.0,0.0,1.0,0.0,AeroMéxico,1,1.0,YYC-LAS,1,1.0,1674.1348550086043,0.0,0.0,2,204.0,18.384776310850235,1,0.5,0.2,43.4,43.4,364.6,6.0,2.8284271247461903,1.0,0.0,Four Seasons,2,0.5,False,True,False,True,True,False,False,False,679.9,43.4,3,2,2,2.4000000000000004,887.6787095698566,2,2447.0774174682524,False,315.3
4095,563483,1987-08-11,35.0,F,True,False,usa,akron,AKR,41.038,-81.467,2023-01-31,178,8,18.875,0.5,141.5,1.3333333333333333,28.0,28.0,6.75,0.0,4,3,0.75,0,0.0,3,3,1.0,141.54333333333332,60.35669170301942,0.0,0.0,0.0,424.63,0,0.0,1.0,0.0,0.6666666666666666,0.5773502691896257,Ryanair,3,0.3333333333333333,AKR-LGA,3,0.3333333333333333,797.5380091069322,327.04052180153207,0.0,4,259.25,57.14528268661669,1,0.25,0.15,36.15,36.15,1000.85,4.0,0.816496580927726,1.0,0.0,Aman Resorts,4,0.25,False,True,False,False,True,False,False,False,1425.48,36.15,3,4,3,3.25,930.5546748916305,2,2565.274244045186,False,141.54333333333332
4096,563489,1979-08-04,43.0,F,False,False,usa,denver,DEN,39.858,-104.667,2023-01-31,178,8,16.125,0.625,120.625,1.3333333333333333,38.0,38.0,7.8,0.0,5,3,0.6,0,0.0,4,4,1.0,490.73,380.935220039663,0.2,151.7015,303.403,1659.517,2,0.5,1.25,0.5,0.25,0.5,American Airlines,4,0.25,DEN-CLT,4,0.25,1947.6125100100164,542.7436407901263,0.0,4,131.5,72.82170006255004,1,0.25,0.15,11.55,11.55,514.45,4.0,4.242640687119285,1.25,0.5,Best Western,4,0.25,False,True,False,False,False,False,False,False,2173.967,314.953,3,5,4,3.85,1135.33414984995,3,3129.7929413273746,False,392.584
4098,563544,1974-05-08,49.0,F,True,True,usa,new york,LGA,40.777,-73.872,2023-01-31,178,8,16.875,0.375,126.625,1.6,78.0,78.0,8.333333333333334,0.0,3,3,1.0,0,0.0,3,2,0.6666666666666666,351.54,314.335461092127,0.0,0.0,0.0,1054.62,0,0.0,1.0,0.0,1.0,0.0,Air India Limited,3,0.3333333333333333,LGA-DAL,3,0.3333333333333333,2380.3361962893546,1685.8924378162512,0.0,3,199.66666666666666,92.25146791966691,1,0.3333333333333333,0.1,15.2,15.2,583.8,4.666666666666667,1.1547005383792515,1.0,0.0,Banyan Tree,3,0.3333333333333333,False,True,False,False,True,False,False,False,1638.42,15.2,1,3,4,2.55,1426.082807602534,4,3931.3041940759267,False,351.54
4099,563588,1981-08-25,41.0,F,True,True,usa,houston,EFD,29.607,-95.159,2023-01-31,178,9,16.666666666666668,0.2222222222222222,123.33333333333333,1.2857142857142858,7.0,72.0,9.5,0.0,2,1,0.5,0,0.0,2,2,1.0,436.175,130.072292399265,0.1,52.815,52.815,819.535,1,0.5,1.0,0.0,0.5,0.7071067811865476,Delta Air Lines,2,0.5,EFD-LSV,2,0.5,2527.166021976498,749.8588006039357,0.0,1,95.0,0.0,1,1.0,0.05,4.75,4.75,90.25,15.0,0.0,1.0,0.0,InterContinental,1,1.0,False,True,False,False,False,False,True,False,909.785,57.565,5,2,2,3.2,1187.8169948316104,3,3274.473199369545,False,436.175
4100,563592,1986-10-14,36.0,M,False,False,usa,newark,EWR,40.692,-74.169,2023-01-31,178,8,16.75,0.375,124.875,1.3333333333333333,33.0,75.0,7.666666666666667,0.0,3,2,0.6666666666666666,0,0.0,2,2,1.0,1211.96,1132.360799392137,0.05,20.563,20.563,2403.357,1,0.5,2.0,1.414213562373095,0.0,0.0,AirTran Airways,2,0.5,EWR-DAL,2,0.5,3045.6197233454586,1206.5918151916726,0.0,3,143.33333333333334,114.605119141046,0,0.0,0.0,0.0,0.0,430.0,4.666666666666667,3.511884584284246,2.0,1.0,Conrad,3,0.3333333333333333,False,True,False,False,False,False,False,True,2833.357,20.563,3,3,5,3.7,2466.157459931088,5,6798.493827842913,False,605.98
4104,563711,1978-11-25,44.0,F,True,False,usa,riverside,RIV,33.881,-117.259,2023-01-31,178,9,46.77777777777778,0.5555555555555556,981.8888888888889,1.5,55.0,55.0,5.75,3.0,4,3,0.75,1,0.25,3,3,1.0,380.99666666666667,298.952101403107,0.05,32.7285,32.7285,1110.2615,1,0.3333333333333333,1.0,0.0,0.6666666666666666,0.5773502691896257,Delta Air Lines,2,0.6666666666666666,RIV-JFK,3,0.3333333333333333,2184.3729120444746,1714.0740464346666,0.0,4,87.0,62.864934582006846,1,0.25,0.0,0.0,0.0,261.0,3.0,1.1547005383792515,1.25,0.5,Accor,4,0.25,False,False,False,False,False,False,False,True,1371.2615,32.7285,2,4,3,2.8499999999999996,895.1607874708236,2,2467.703375565261,False,380.99666666666667
4109,563773,1994-02-12,29.0,M,False,False,usa,mobile,MOB,30.691,-88.243,2023-01-31,178,8,17.0,0.375,126.0,1.1428571428571428,13.0,71.0,10.666666666666666,0.0,3,2,0.6666666666666666,0,0.0,2,2,1.0,208.33,120.6748432772962,0.0,0.0,0.0,416.66,0,0.0,1.0,0.0,0.5,0.7071067811865476,American Airlines,2,0.5,MOB-HOU,2,0.5,1116.572829771841,623.4770228447533,0.0,3,259.6666666666667,119.374760034663,1,0.3333333333333333,0.05,6.5,6.5,772.5,6.0,3.605551275463989,1.0,0.0,Conrad,3,0.3333333333333333,False,True,False,False,True,False,False,False,1189.16,6.5,5,3,3,3.8,1035.0463443370013,2,2853.3280205486562,False,208.33
4110,563787,1983-01-15,40.0,F,False,False,usa,dallas,DAL,32.847,-96.852,2023-01-31,178,8,24.125,0.5,180.125,1.6,66.0,77.0,9.0,0.0,4,2,0.5,0,0.0,3,3,1.0,280.67,97.56214686034743,0.15,38.2905,38.2905,803.7195,1,0.3333333333333333,1.0,0.0,0.0,0.0,Delta Air Lines,3,0.3333333333333333,DAL-DEN,3,0.3333333333333333,1575.5346975435198,596.704748174771,0.0,3,104.33333333333333,29.36551265231604,0,0.0,0.0,0.0,0.0,313.0,3.3333333333333335,1.5275252316519468,1.0,0.0,Conrad,3,0.3333333333333333,False,True,False,False,False,False,False,True,1116.7195,38.2905,1,4,3,2.4499999999999997,728.995532219073,1,2009.6330858188246,False,280.67
4111,563831,1945-03-09,78.0,F,True,False,usa,providence,PVD,41.724,-71.428,2023-01-31,178,9,35.55555555555556,0.2222222222222222,908.6666666666666,1.2857142857142858,2.0,36.0,337.0,303.0,1,0,0.0,1,1.0,1,1,1.0,0.0,0.0,0.0,0.0,0.0,0.0,1,1.0,2.0,0.0,1.0,0.0,Niki,1,1.0,PVD-VIE,1,1.0,0.0,0.0,0.0,0,0.0,0.0,0,0.0,0.0,0.0,0.0,0.0,0.0,0.0,0.0,0.0,MISSING,0,0.0,False,False,True,True,True,True,False,True,0.0,0.0,5,1,0,2.25,0.0,1,0.0,False,0.0
4112,563853,1995-09-01,27.0,F,False,False,usa,chicago,UGN,42.422,-87.868,2023-01-31,178,8,49.875,0.5,1086.0,1.3333333333333333,29.0,127.0,7.333333333333333,0.0,3,2,0.6666666666666666,1,0.3333333333333333,3,3,1.0,422.99,93.3946636591192,0.0,0.0,0.0,845.98,1,0.3333333333333333,1.0,0.0,0.6666666666666666,0.5773502691896257,Pinnacle Airlines,3,0.3333333333333333,UGN-LGA,3,0.3333333333333333,2377.5460589536265,778.3222574198156,0.0,2,125.0,0.0,1,0.5,0.0,0.0,0.0,125.0,2.5,0.7071067811865476,1.0,0.0,Radisson,2,0.5,False,False,False,False,True,False,False,True,970.98,0.0,3,3,2,2.6500000000000004,845.1422007335779,2,2329.816375754595,True,422.99
4114,563896,1980-04-07,43.0,M,False,True,usa,jacksonville,NCA,34.708,-77.439,2023-01-31,178,8,24.625,0.375,346.812948625,1.6,67.0,127.0,6.5,4.0,2,2,1.0,1,0.5,2,2,1.0,97.35,0.0,0.0,0.0,0.0,97.35,1,0.5,1.0,0.0,1.5,0.7071067811865476,Porter Airlines,2,0.5,NCA-YTZ,2,0.5,606.1804159949435,300.58389143341753,0.0,2,77.0,0.0,1,0.5,0.0,0.0,0.0,77.0,3.5,2.1213203435596424,1.0,0.0,InterContinental,2,0.5,False,False,False,False,True,False,False,True,174.35,0.0,1,2,1,1.25,227.63168556185394,1,627.515734277967,True,97.35
4120,564101,2006-10-22,16.0,F,False,False,usa,oklahoma city,OKC,35.393,-97.601,2023-01-31,178,8,30.125,0.25,861.009098375,1.3333333333333333,27.0,148.0,225.0,104.0,1,0,0.0,1,1.0,1,1,1.0,0.0,0.0,0.0,0.0,0.0,0.0,1,1.0,1.0,0.0,0.0,0.0,American Airlines,1,1.0,OKC-THF,1,1.0,0.0,0.0,0.0,0,0.0,0.0,0,0.0,0.0,0.0,0.0,0.0,0.0,0.0,0.0,0.0,MISSING,0,0.0,False,False,True,True,True,True,False,True,0.0,0.0,3,1,0,1.4500000000000002,0.0,1,0.0,True,0.0
4122,564182,1984-05-23,39.0,M,False,False,usa,dallas,DAL,32.847,-96.852,2023-01-31,178,8,17.125,0.375,126.375,1.3333333333333333,38.0,38.0,6.666666666666667,0.0,3,3,1.0,0,0.0,3,3,1.0,488.45,304.885218401942,0.2,164.07,164.07,1301.28,1,0.3333333333333333,1.3333333333333333,0.5773502691896257,0.3333333333333333,0.5773502691896257,American Airlines,3,0.3333333333333333,DAL-MDW,3,0.3333333333333333,1976.8512373923825,607.3962311979288,0.0,3,151.66666666666666,51.79124765183142,1,0.3333333333333333,0.1,9.2,9.2,445.8,2.0,1.0,1.3333333333333333,0.5773502691896257,Fairmont,2,0.6666666666666666,False,True,False,False,False,False,False,False,1747.08,173.27,3,3,4,3.35,1520.6606068689564,4,4192.028253674986,False,366.33750000000003
4128,564306,1982-03-21,41.0,F,False,False,usa,shreveport,SHV,32.446,-93.826,2023-01-31,178,8,17.0,0.5,126.25,1.3333333333333333,42.0,42.0,8.75,0.0,4,2,0.5,0,0.0,3,3,1.0,282.80333333333334,215.187782258504,0.2,98.22,98.22,750.19,1,0.3333333333333333,1.0,0.0,0.6666666666666666,0.5773502691896257,Allegiant Air,3,0.3333333333333333,SHV-HOU,3,0.3333333333333333,1615.1582376803951,1172.9516409231765,0.0,3,176.33333333333334,45.79665198825492,1,0.3333333333333333,0.15,31.95,31.95,497.05,5.666666666666667,4.041451884327381,1.0,0.0,Choice Hotels,3,0.3333333333333333,False,True,False,False,False,False,False,False,1247.24,130.17,2,4,3,2.8499999999999996,814.1994364788262,2,2244.5159862943838,False,282.80333333333334
4129,564312,1980-05-17,43.0,F,True,False,usa,new york,LGA,40.777,-73.872,2023-01-31,178,8,16.5,0.5,122.0,1.1428571428571428,22.0,22.0,6.0,0.0,4,3,0.75,0,0.0,3,3,1.0,286.24333333333334,381.967013802676,0.05,1.415,1.415,857.315,1,0.3333333333333333,1.0,0.0,0.3333333333333333,0.5773502691896257,Alaska Airlines,3,0.3333333333333333,LGA-PDX,3,0.3333333333333333,1548.716735195875,2068.5485963875185,0.0,4,205.0,206.169832904817,0,0.0,0.0,0.0,0.0,820.0,4.75,4.349329450233296,1.0,0.0,Banyan Tree,4,0.25,False,True,False,False,False,False,False,True,1677.315,1.415,4,4,4,4.0,1094.9527980160053,3,3018.4730537437576,False,286.24333333333334
4132,564377,1986-10-06,36.0,F,False,False,usa,new york,LGA,40.777,-73.872,2023-01-31,178,8,16.375,0.375,122.25,1.1428571428571428,10.0,43.0,17.333333333333332,0.0,3,1,0.3333333333333333,0,0.0,2,2,1.0,542.74,203.052783285529,0.1,68.632,68.632,1016.848,1,0.5,1.0,0.0,0.5,0.7071067811865476,Delta Air Lines,2,0.5,LGA-DAL,2,0.5,3071.388942389046,1205.3249635591267,0.0,2,92.0,49.49747468305833,0,0.0,0.0,0.0,0.0,184.0,3.5,0.7071067811865476,1.0,0.0,Fairmont,2,0.5,False,True,False,False,False,False,False,True,1200.848,68.632,5,3,3,3.8,1045.2195940869178,2,2881.372773066545,False,542.74
4135,564495,1974-06-20,49.0,F,False,True,usa,fresno,FAT,36.776,-119.718,2023-01-31,178,8,46.0,0.625,1055.625,2.0,88.0,88.0,6.75,4.0,4,3,0.75,1,0.25,3,3,1.0,297.97,107.11253521413822,0.1,22.223,22.223,573.717,2,0.6666666666666666,1.0,0.0,0.3333333333333333,0.5773502691896257,AirTran Airways,3,0.3333333333333333,FAT-DEN,3,0.3333333333333333,1648.733323857086,466.19897023263985,0.0,4,150.0,59.65735495309862,2,0.5,0.05,4.65,4.65,445.35,3.25,0.9574271077563381,1.25,0.5,Aman Resorts,3,0.25,False,False,False,False,False,False,False,False,1019.067,26.873,1,4,2,2.0999999999999996,665.2478890463487,1,1833.8989870474477,False,297.97
4145,564620,1981-09-06,41.0,F,False,False,usa,fresno,FAT,36.776,-119.718,2023-01-31,178,8,34.75,0.625,707.548047125,1.1428571428571428,18.0,18.0,9.25,5.0,4,3,0.75,1,0.25,4,4,1.0,422.28333333333336,342.443013117998,0.125,150.426,150.426,1116.424,2,0.5,1.2,0.5,0.25,0.5,Alitalia,4,0.25,FAT-TUS,4,0.25,1864.702926308065,1585.9842539261385,0.0,3,162.0,57.982756057296896,1,0.3333333333333333,0.05,0.0,0.0,324.0,5.0,3.605551275463989,1.3333333333333333,0.5773502691896257,Marriott,3,0.3333333333333333,False,False,False,False,False,False,False,True,1440.424,150.426,4,4,3,3.65,940.3101320440146,2,2592.1672613467344,False,351.9027777777778
4156,565070,1957-04-16,66.0,F,False,False,canada,quebec,YQB,46.788,-71.398,2023-01-31,178,9,16.88888888888889,0.2222222222222222,126.11111111111111,1.8,63.0,144.0,5.0,0.0,2,2,1.0,0,0.0,2,2,1.0,590.795,164.777093219901,0.0,0.0,0.0,1181.59,0,0.0,1.0,0.0,1.0,1.414213562373095,American Airlines,2,0.5,YQB-FTW,2,0.5,3455.254494194794,1086.0919014601752,0.0,2,141.0,12.727922061357855,1,0.5,0.1,15.0,15.0,267.0,2.5,2.1213203435596424,1.0,0.0,Aman Resorts,2,0.5,False,True,False,False,True,False,False,False,1448.59,15.0,2,2,3,2.3499999999999996,1891.281808936312,5,5213.725365745456,True,590.795
4159,565114,1990-03-12,33.0,F,False,False,usa,philadelphia,PNE,40.082,-75.011,2023-01-31,178,10,17.4,0.4,129.5,1.6666666666666667,44.0,44.0,7.5,0.0,4,1,0.25,0,0.0,3,3,1.0,470.6333333333333,328.614403265185,0.05,34.6715,34.6715,1377.2285,1,0.3333333333333333,1.0,0.0,1.0,1.0,Alaska Airlines,3,0.3333333333333333,PNE-LSQ,3,0.3333333333333333,2759.586907357849,1927.1810032184294,0.0,2,86.0,7.0710678118654755,1,0.5,0.05,4.05,4.05,167.95,7.5,2.1213203435596424,1.0,0.0,Best Western,2,0.5,False,True,False,False,False,False,False,False,1545.1785,38.7215,2,4,4,3.2,1008.6939674474825,2,2780.6820218469393,False,470.6333333333333
4160,565131,1985-11-18,37.0,F,True,False,canada,winnipeg,YAV,50.056,-97.032,2023-01-31,178,8,19.125,0.375,143.375,1.3333333333333333,38.0,123.0,6.666666666666667,0.0,3,3,1.0,0,0.0,3,3,1.0,238.75,5.778122532449446,0.1,23.378,23.378,692.872,1,0.3333333333333333,1.0,0.0,0.6666666666666666,0.5773502691896257,AirTran Airways,3,0.3333333333333333,YAV-DEN,3,0.3333333333333333,1425.8446826574316,144.94981939670996,0.0,3,231.33333333333334,74.64806315862009,0,0.0,0.0,0.0,0.0,694.0,3.0,2.0,1.0,0.0,Accor,3,0.3333333333333333,False,True,False,False,False,False,False,True,1386.872,23.378,3,3,3,3.0,1207.1351152606426,3,3327.727756159269,True,238.75
4174,565459,1995-01-10,28.0,F,False,False,usa,new york,LGA,40.777,-73.872,2023-02-01,177,8,19.0,0.375,142.375,1.6,52.0,52.0,8.666666666666666,0.0,3,3,1.0,0,0.0,3,3,1.0,609.8666666666667,142.286549024612,0.15,103.899,103.899,1725.701,1,0.3333333333333333,1.0,0.0,0.3333333333333333,0.5773502691896257,Delta Air Lines,2,0.6666666666666666,LGA-LSQ,2,0.6666666666666666,3488.4303750910644,826.1333218577339,0.0,3,98.0,10.583005244258363,2,0.6666666666666666,0.15,15.7,31.4,262.6,2.6666666666666665,0.5773502691896257,1.0,0.0,Four Seasons,2,0.6666666666666666,False,True,False,False,False,False,False,False,1988.301,135.299,2,3,4,2.95,1730.6196655551848,5,4770.825588301754,False,609.8666666666667
4181,565511,2006-01-15,17.0,F,False,False,usa,st. louis,STL,38.748,-90.36,2023-02-01,177,8,38.625,0.25,1000.625,1.3333333333333333,16.0,20.0,309.0,305.0,1,0,0.0,1,1.0,1,1,1.0,0.0,0.0,0.1,0.0,0.0,0.0,1,1.0,1.0,0.0,0.0,0.0,Volaris,1,1.0,STL-DEN,1,1.0,0.0,0.0,0.0,0,0.0,0.0,0,0.0,0.0,0.0,0.0,0.0,0.0,0.0,0.0,0.0,MISSING,0,0.0,False,False,True,True,True,True,False,True,0.0,0.0,4,1,0,1.85,0.0,1,0.0,False,0.0
4183,565565,1964-08-12,58.0,F,True,True,usa,chicago,MDW,41.786,-87.752,2023-02-01,177,8,57.625,0.625,1143.25,2.0,86.0,122.0,6.25,1.0,4,1,0.25,1,0.25,2,2,1.0,247.275,4.433559518039653,0.15,36.621,36.621,457.929,1,0.5,1.0,0.0,0.0,0.0,AirTran Airways,2,0.5,MDW-DAL,1,1.0,1277.2936912519817,0.0,0.0,3,98.0,76.36753236814714,1,0.3333333333333333,0.0,0.0,0.0,196.0,4.666666666666667,1.1547005383792515,1.0,0.0,Four Seasons,3,0.3333333333333333,False,False,False,False,False,False,False,True,653.929,36.621,1,4,2,2.0999999999999996,426.8854617372457,1,1176.8016535722875,True,247.275
4193,565827,1998-10-28,24.0,F,True,False,usa,nashville,BNA,36.124,-86.678,2023-02-01,177,8,28.5,0.25,979.625,1.3333333333333333,10.0,48.0,197.0,159.0,1,0,0.0,1,1.0,1,1,1.0,0.0,0.0,0.0,0.0,0.0,0.0,1,1.0,2.0,0.0,1.0,0.0,Emirates,1,1.0,BNA-DXB,1,1.0,0.0,0.0,0.0,0,0.0,0.0,0,0.0,0.0,0.0,0.0,0.0,0.0,0.0,0.0,0.0,MISSING,0,0.0,False,False,True,True,True,True,False,True,0.0,0.0,5,1,0,2.25,0.0,1,0.0,False,0.0
4204,566044,1965-04-05,58.0,M,True,True,usa,dallas,DAL,32.847,-96.852,2023-02-01,177,8,41.875,0.25,1042.375,2.0,64.0,104.0,169.0,129.0,1,0,0.0,1,1.0,1,1,1.0,0.0,0.0,0.0,0.0,0.0,0.0,1,1.0,4.0,0.0,3.0,0.0,Southwest Airlines,1,1.0,DAL-BOS,1,1.0,0.0,0.0,0.0,0,0.0,0.0,0,0.0,0.0,0.0,0.0,0.0,0.0,0.0,0.0,0.0,MISSING,0,0.0,False,False,True,True,True,True,False,True,0.0,0.0,1,1,0,0.65,0.0,1,0.0,True,0.0
4205,566059,1995-07-03,28.0,F,True,True,usa,baltimore,BWI,39.175,-76.668,2023-02-01,177,11,38.90909090909091,0.45454545454545453,809.8181818181819,2.2,35.0,51.0,55.75,181.0,4,4,1.0,1,0.25,4,4,1.0,257.35,297.434266351407,0.0,0.0,0.0,772.05,1,0.25,2.2,1.5,1.0,1.414213562373095,United Airlines,4,0.25,BWI-MEM,4,0.25,1385.4412213889461,1275.159526743837,0.0,4,227.0,140.630722105804,2,0.5,0.1,37.1,37.1,643.9,7.25,5.439056290693573,1.25,0.5,Crowne Plaza,3,0.5,False,False,False,False,True,False,False,False,1415.95,37.1,3,4,3,3.25,924.333481993998,2,2548.1241868393677,False,116.97727272727273
4224,566533,2003-03-16,20.0,F,False,False,usa,los angeles,LAX,33.942,-118.408,2023-02-01,177,8,18.0,0.25,732.1648845,1.3333333333333333,8.0,64.0,253.0,197.0,1,1,1.0,1,1.0,1,1,1.0,0.0,0.0,0.0,0.0,0.0,0.0,1,1.0,1.0,0.0,0.0,0.0,Brussels Airlines,1,1.0,LAX-BRU,1,1.0,0.0,0.0,0.0,1,0.0,0.0,1,1.0,0.0,0.0,0.0,0.0,12.0,0.0,1.0,0.0,Choice Hotels,1,1.0,False,False,True,True,True,True,True,True,0.0,0.0,5,1,0,2.25,0.0,1,0.0,False,0.0
4232,566702,1977-02-09,46.0,F,False,True,usa,minneapolis,MSP,44.88,-93.217,2023-02-01,177,7,16.142857142857142,0.2857142857142857,120.28571428571429,1.4,31.0,31.0,7.5,0.0,2,1,0.5,0,0.0,1,1,1.0,280.21,0.0,0.0,0.0,0.0,280.21,0,0.0,1.0,0.0,1.0,0.0,Iberia Airlines,1,1.0,MSP-JFK,1,1.0,1650.8470001691876,0.0,0.0,2,246.5,68.58935777509511,1,0.5,0.1,19.8,19.8,473.2,3.5,3.5355339059327378,1.5,0.7071067811865476,Fairmont,2,0.5,False,True,False,True,True,False,False,False,753.41,19.8,3,2,2,2.4000000000000004,983.653502834278,2,2711.6525916969495,False,280.21
4244,566964,1985-12-09,37.0,M,False,False,usa,new york,JFK,40.64,-73.779,2023-02-01,177,8,16.0,0.375,120.125,1.6,52.0,52.0,6.666666666666667,0.0,3,2,0.6666666666666666,0,0.0,2,2,1.0,371.155,363.43167232645,0.0,0.0,0.0,742.31,0,0.0,1.0,0.0,0.5,0.7071067811865476,American Airlines,1,1.0,JFK-PHX,2,0.5,2033.865736522987,2051.8780889652826,0.0,3,75.0,28.583211855912904,2,0.6666666666666666,0.075,4.375,8.75,216.25,8.333333333333334,11.015141094572204,1.0,0.0,Accor,3,0.3333333333333333,False,True,False,False,True,False,False,False,958.56,8.75,2,3,2,2.25,834.331817272424,2,2300.0152270317867,False,371.155
4245,566992,1987-05-10,36.0,F,False,False,canada,ottawa,YOW,45.323,-75.669,2023-02-01,177,8,21.625,0.625,161.125,1.6,30.0,51.0,8.6,0.0,5,5,1.0,0,0.0,5,5,1.0,282.758,266.222956316693,0.1,28.17,56.34,1357.45,2,0.4,1.2,0.4472135954999579,1.0,0.0,United Airlines,4,0.4,YOW-JFK,5,0.2,1468.9373223237883,1530.7896034824882,0.0,5,176.6,73.4186624776017,1,0.2,0.05,10.9,10.9,872.1,3.8,1.7888543819998317,1.2,0.4472135954999579,Banyan Tree,5,0.2,False,True,False,False,False,False,False,False,2229.55,67.24,3,5,5,4.2,1164.361857285762,3,3209.8140644896853,False,235.63166666666666
4248,566999,1977-08-12,45.0,F,False,False,usa,las vegas,LSV,36.236,-115.034,2023-02-01,177,9,48.44444444444444,0.4444444444444444,995.8888888888889,1.8,33.0,52.0,9.0,7.0,3,1,0.3333333333333333,1,0.3333333333333333,3,3,1.0,345.13,0.9333809511662428,0.0,0.0,0.0,690.26,1,0.3333333333333333,1.0,0.0,0.0,0.0,American Airlines,3,0.3333333333333333,LSV-YHU,3,0.3333333333333333,1991.433201495334,930.7427937291046,0.0,1,0.0,0.0,1,1.0,0.0,0.0,0.0,0.0,4.0,0.0,1.0,0.0,Banyan Tree,1,1.0,False,False,False,False,True,True,True,True,690.26,0.0,3,3,2,2.6500000000000004,600.8031632766478,1,1656.2432300648486,False,345.13
4279,567906,1983-12-13,39.0,F,False,False,usa,new york,JFK,40.64,-73.779,2023-02-02,176,9,19.22222222222222,0.3333333333333333,143.33333333333334,2.25,85.0,85.0,8.0,0.0,3,2,0.6666666666666666,0,0.0,3,3,1.0,280.7133333333333,144.680389249315,0.1,15.971,15.971,826.169,1,0.3333333333333333,1.0,0.0,0.3333333333333333,0.5773502691896257,AirTran Airways,3,0.3333333333333333,JFK-AUS,3,0.3333333333333333,1470.9052676646954,865.3275084503573,0.0,2,219.5,168.998520703585,0,0.0,0.0,0.0,0.0,439.0,4.0,0.0,1.0,0.0,Accor,2,0.5,False,True,False,False,False,False,False,True,1265.169,15.971,1,3,3,2.1999999999999997,1101.2046725575192,3,3035.707691504527,False,280.7133333333333
4281,567950,1970-12-08,52.0,F,True,False,usa,houston,IAH,29.98,-95.34,2023-02-02,176,8,38.375,0.5,1000.25,1.3333333333333333,2.0,95.0,80.33333333333333,132.0,3,2,0.6666666666666666,1,0.3333333333333333,3,2,0.6666666666666666,335.495,95.9331770035789,0.0,0.0,0.0,670.99,1,0.3333333333333333,1.75,0.5773502691896257,0.3333333333333333,0.5773502691896257,Korean Air,3,0.3333333333333333,IAH-GMP,3,0.3333333333333333,1888.4166512959348,5459.602531448227,0.0,2,108.0,42.42640687119285,0,0.0,0.0,0.0,0.0,216.0,2.0,1.414213562373095,1.5,0.7071067811865476,Conrad,2,0.5,False,False,False,False,True,False,False,True,886.99,0.0,5,3,2,3.45,772.0372001778371,2,2128.2867073786983,True,191.71142857142857
4286,568064,1977-10-16,45.0,F,True,False,usa,santa ana,SNA,33.676,-117.868,2023-02-02,176,8,17.875,0.25,131.875,2.6666666666666665,94.0,94.0,6.0,0.0,2,2,1.0,0,0.0,2,2,1.0,415.0,301.326483734835,0.0,0.0,0.0,830.0,0,0.0,1.0,0.0,1.0,0.0,Allegiant Air,2,0.5,SNA-BIF,2,0.5,2532.3413194626346,2036.0726894811944,0.0,2,149.0,87.68124086713189,1,0.5,0.1,8.7,8.7,289.3,11.5,12.020815280171307,1.0,0.0,Conrad,2,0.5,False,True,False,False,True,False,False,False,1119.3,8.7,1,2,3,1.9499999999999997,1461.3601700566855,4,4028.5538364056697,True,415.0
4291,568105,1984-01-01,39.0,F,False,True,usa,new york,LGA,40.777,-73.872,2023-02-02,176,8,17.75,0.5,132.625,1.6,38.0,38.0,8.0,0.0,4,3,0.75,0,0.0,3,3,1.0,194.14,174.637289259768,0.3999999999999999,10.399999999999997,10.399999999999997,572.02,1,0.3333333333333333,1.0,0.0,0.3333333333333333,0.5773502691896257,AirTran Airways,3,0.3333333333333333,LGA-DAL,3,0.3333333333333333,1144.2115266942524,1035.3211402752206,0.0,4,318.25,201.952758502246,0,0.0,0.0,0.0,0.0,1273.0,6.25,7.182153808805081,1.0,0.0,Choice Hotels,4,0.25,False,True,False,False,False,False,False,True,1845.02,10.399999999999997,3,4,4,3.6,1204.4307785928643,3,3320.2726700818316,False,194.14
4302,568486,1964-07-20,59.0,F,True,False,canada,calgary,YYC,51.114,-114.02,2023-02-02,176,8,16.75,0.5,125.625,2.0,61.0,61.0,6.75,0.0,4,4,1.0,0,0.0,4,4,1.0,423.135,111.859110640722,0.35,205.646,205.646,1486.894,1,0.25,1.0,0.0,0.5,1.0,AirTran Airways,4,0.25,YYC-LAX,4,0.25,2460.5250227244096,631.3795931528224,0.0,4,111.75,45.85029988996801,1,0.25,0.05,5.65,5.65,441.35,7.25,5.909032633745279,1.0,0.0,Aman Resorts,4,0.25,False,True,False,False,False,False,False,False,1928.244,211.296,2,4,4,3.2,1258.759483494498,3,3470.0414382766967,False,423.135
4305,568602,1988-07-08,35.0,F,False,True,usa,baton rouge,BTR,30.533,-91.149,2023-02-02,176,9,18.22222222222222,0.3333333333333333,326.14086344444445,1.5,15.0,121.0,10.0,10.0,2,2,1.0,1,0.5,2,2,1.0,451.96,0.0,0.1,0.0,0.0,451.96,1,0.5,1.0,0.0,0.5,0.7071067811865476,WestJet,2,0.5,BTR-YYZ,2,0.5,2583.9401420795502,548.3904844124455,0.0,2,61.0,0.0,1,0.5,0.0,0.0,0.0,61.0,3.0,2.8284271247461903,1.0,0.0,Marriott,2,0.5,False,False,False,False,True,False,False,True,512.96,0.0,5,2,1,2.85,669.7215338446149,1,1846.231551793668,True,451.96
4306,568605,2000-04-13,23.0,F,False,False,usa,new york,LGA,40.777,-73.872,2023-02-02,176,8,16.0,0.375,350.421778,1.3333333333333333,4.0,131.0,114.5,98.0,2,1,0.5,1,0.5,1,1,1.0,0.0,0.0,0.0,0.0,0.0,0.0,1,1.0,1.0,0.0,0.0,0.0,Air France,1,1.0,LGA-LCY,1,1.0,0.0,0.0,0.0,2,138.0,0.0,1,0.5,0.1,0.0,0.0,138.0,8.0,4.242640687119285,1.5,0.7071067811865476,Radisson,2,0.5,False,False,True,True,True,False,False,True,138.0,0.0,5,2,1,2.85,180.1730576858953,1,496.68581204679924,True,0.0
4310,568716,1981-12-21,41.0,F,False,False,usa,kansas city,MCI,39.297,-94.714,2023-02-02,176,9,17.22222222222222,0.5555555555555556,128.0,1.5,15.0,15.0,46.6,0.0,5,4,0.8,0,0.0,5,4,0.8,303.608,105.918512640614,0.05,10.629,10.629,1507.411,1,0.2,1.4,0.8944271909999159,1.0,0.7071067811865476,Air Canada,4,0.4,MCI-AUS,5,0.2,1517.0387761598342,559.9448903246345,0.0,4,149.25,81.46318186763884,1,0.25,0.05,12.55,12.55,584.45,5.25,6.551081335677849,1.5,1.0,Hilton,4,0.25,False,True,False,False,False,False,False,False,2091.861,23.179,5,5,4,4.65,1092.4550510836943,3,3011.587476736317,False,216.86285714285717
4320,569150,1983-10-18,39.0,F,False,False,usa,washington,IAD,38.944,-77.456,2023-02-02,176,8,17.125,0.625,126.875,1.6,33.0,33.0,7.0,0.0,5,4,0.8,0,0.0,5,5,1.0,292.058,321.88688249135,0.0,0.0,0.0,1460.29,0,0.0,1.4,0.8944271909999159,1.0,1.0,Allegiant Air,4,0.4,IAD-AUS,5,0.2,1145.6399804722366,790.8540846994432,0.0,4,89.25,31.763448595306315,1,0.25,0.05,4.3,4.3,352.7,2.5,2.3804761428476167,1.0,0.0,Choice Hotels,3,0.5,False,True,False,False,True,False,False,False,1812.99,4.3,3,5,4,3.85,946.8172517505835,2,2610.1055373412364,False,208.61285714285714
4326,569243,1986-05-02,37.0,F,False,True,usa,louisville,LOU,38.228,-85.664,2023-02-02,176,8,21.875,0.25,161.75,2.0,66.0,66.0,8.0,0.0,2,2,1.0,0,0.0,2,2,1.0,529.91,100.97484835343899,0.1,60.131,60.131,999.689,1,0.5,1.0,0.0,0.5,0.7071067811865476,American Airlines,2,0.5,LOU-LUF,2,0.5,2810.718510777384,504.4729067174696,0.0,2,79.5,61.518289963229634,0,0.0,0.0,0.0,0.0,159.0,8.0,4.242640687119285,1.0,0.0,Best Western,2,0.5,False,True,False,False,False,False,False,True,1158.689,60.131,1,2,3,1.9499999999999997,1512.7865220073359,4,4170.32164401952,False,529.91
4327,569300,1957-02-25,66.0,F,False,False,usa,washington,DCA,38.852,-77.037,2023-02-02,176,10,31.7,0.4,235.8,2.0,42.0,106.0,8.25,0.0,4,3,0.75,0,0.0,3,3,1.0,429.06666666666666,318.39497708559,0.0,0.0,0.0,1287.2,0,0.0,1.3333333333333333,0.5773502691896257,0.0,0.0,Allegiant Air,3,0.3333333333333333,DCA-AUS,3,0.3333333333333333,2016.618762157758,1168.643991254466,0.0,4,190.0,53.72150407425317,2,0.5,0.125,20.15,40.3,719.7,2.5,1.2909944487358056,1.25,0.5,Aman Resorts,4,0.25,False,True,False,False,True,False,False,False,2006.9,40.3,2,4,4,3.2,1310.1061937312438,3,3611.589696364933,True,321.8
4336,569572,1982-03-12,41.0,F,True,True,usa,new york,LGA,40.777,-73.872,2023-02-03,175,8,19.375,0.5,144.75,1.3333333333333333,7.0,64.0,6.5,0.0,4,3,0.75,0,0.0,3,3,1.0,284.9866666666667,261.374124643839,0.1,58.068,58.068,796.892,1,0.3333333333333333,1.0,0.0,0.6666666666666666,0.5773502691896257,American Airlines,2,0.6666666666666666,LGA-ELP,3,0.3333333333333333,1544.915253740557,1334.909023415859,0.0,4,154.0,11.430952132988164,1,0.25,0.15,23.1,23.1,592.9,4.75,6.849574196011506,1.0,0.0,Accor,4,0.25,False,True,False,False,False,False,False,False,1389.792,81.168,5,4,3,4.05,907.2575151717239,2,2501.0506090440044,False,284.9866666666667
4343,569817,1987-12-08,35.0,M,True,False,usa,houston,IAH,29.98,-95.34,2023-02-03,175,8,16.125,0.375,118.75,1.6,27.0,102.0,6.666666666666667,0.0,3,2,0.6666666666666666,0,0.0,2,2,1.0,69.715,0.6151828996322963,0.0,0.0,0.0,139.43,0,0.0,1.0,0.0,1.0,0.0,United Airlines,1,1.0,IAH-FTW,1,1.0,369.51004561600706,0.0,0.0,3,89.0,32.51153641401772,1,0.3333333333333333,0.1,12.2,12.2,254.8,7.0,9.539392014169456,1.3333333333333333,0.5773502691896257,Fairmont,3,0.3333333333333333,False,True,False,False,True,False,False,False,394.23,12.2,3,3,1,2.3000000000000003,343.1382827609203,1,945.9345298705781,True,69.715
4344,569829,1984-10-05,38.0,F,True,False,usa,chicago,ORD,41.979,-87.904,2023-02-03,175,8,22.875,0.625,168.25,1.6,31.0,31.0,7.2,0.0,5,5,1.0,0,0.0,5,5,1.0,328.306,159.592628369859,0.15,43.2835,86.567,1554.963,2,0.4,1.0,0.0,1.0,0.7071067811865476,American Airlines,4,0.4,ORD-DCA,3,0.4,1847.6048033051752,915.2952872068346,0.0,5,289.8,154.417291777832,1,0.2,0.15,71.25,71.25,1377.75,2.2,0.8366600265340756,1.0,0.0,Crowne Plaza,4,0.4,False,True,False,False,False,False,False,False,2932.713,157.817,3,5,5,4.2,1531.582227609203,4,4222.136051899144,False,328.306
4347,569883,1973-01-05,50.0,F,True,False,usa,nashville,BNA,36.124,-86.678,2023-02-03,175,9,20.333333333333332,0.4444444444444444,151.44444444444446,2.25,69.0,69.0,8.0,0.0,4,3,0.75,0,0.0,3,3,1.0,288.2366666666667,191.007112258506,0.0,0.0,0.0,864.71,0,0.0,1.3333333333333333,0.5773502691896257,0.3333333333333333,0.5773502691896257,United Airlines,2,0.6666666666666666,BNA-HOU,3,0.3333333333333333,1276.8410316809288,993.8191424946322,0.0,4,247.75,282.28162651272,1,0.25,0.15,100.5,100.5,890.5,3.5,1.7320508075688772,1.25,0.5,Radisson,3,0.5,False,True,False,False,True,False,False,False,1755.21,100.5,1,4,4,2.8,1145.8027267422474,3,3158.6518266763137,False,216.1775
4351,570076,1994-03-08,29.0,F,False,False,usa,miami,TNT,25.862,-80.897,2023-02-03,175,8,30.25,0.375,989.375,1.6,39.0,68.0,116.0,196.0,2,2,1.0,1,0.5,2,1,0.5,157.02,0.0,0.2,0.0,0.0,157.02,1,0.5,1.0,0.0,0.0,0.0,Ryanair,2,0.5,TNT-UGN,2,0.5,1039.9042433724323,593.2127629253854,0.0,2,220.0,0.0,1,0.5,0.15,0.0,0.0,220.0,8.0,0.0,1.0,0.0,Shangri-La,2,0.5,False,False,False,False,True,False,False,True,377.02,0.0,3,2,1,2.0500000000000003,492.23801600533506,1,1356.9600352020598,False,157.02
4353,570162,1987-06-07,36.0,F,False,True,usa,nashville,BNA,36.124,-86.678,2023-02-03,175,8,20.625,0.5,153.875,1.3333333333333333,13.0,111.0,6.75,0.0,4,3,0.75,0,0.0,3,3,1.0,285.21,66.29087720041122,0.15,45.8085,91.617,764.013,2,0.6666666666666666,1.3333333333333333,0.5773502691896257,0.6666666666666666,0.5773502691896257,JetBlue Airways,2,0.6666666666666666,BNA-LGA,3,0.3333333333333333,1271.8406159991039,234.65376010241846,0.0,4,137.25,81.39768628980393,1,0.25,0.15,6.45,6.45,542.55,6.5,7.681145747868608,1.25,0.5,Extended Stay,3,0.5,False,True,False,False,False,False,False,False,1306.563,98.067,5,4,3,4.05,852.9255462654219,2,2351.272842917762,True,213.9075
4364,570369,1987-05-08,36.0,F,True,False,usa,nashville,BNA,36.124,-86.678,2023-02-03,175,8,17.625,0.5,130.875,1.3333333333333333,13.0,40.0,6.25,0.0,4,2,0.5,0,0.0,3,2,0.6666666666666666,259.06666666666666,211.533939672416,0.0,0.0,0.0,777.2,0,0.0,1.0,0.0,0.6666666666666666,0.5773502691896257,AirTran Airways,3,0.3333333333333333,BNA-DAL,3,0.3333333333333333,1649.3099445411178,1071.740497658537,0.0,3,339.3333333333333,183.620078785882,1,0.3333333333333333,0.15,77.85,77.85,940.15,2.6666666666666665,2.0816659994661326,1.0,0.0,Choice Hotels,3,0.3333333333333333,False,True,False,False,True,False,False,False,1717.35,77.85,5,4,4,4.4,1121.0876833944646,3,3090.519490284676,False,259.06666666666666
4382,570750,1955-09-11,67.0,F,False,False,canada,ottawa,YOW,45.323,-75.669,2023-02-03,175,8,48.875,0.375,1076.75,1.6,49.0,49.0,172.0,6.0,2,0,0.0,1,0.5,2,2,1.0,89.81,0.0,0.0,0.0,0.0,89.81,1,0.5,1.0,0.0,0.5,0.7071067811865476,JetBlue Airways,2,0.5,YOW-BOS,2,0.5,542.9041328749237,31.747099893524368,0.0,0,0.0,0.0,0,0.0,0.0,0.0,0.0,0.0,0.0,0.0,0.0,0.0,MISSING,0,0.0,False,False,False,False,True,True,False,True,89.81,0.0,2,2,1,1.65,117.25610370123374,1,323.2416868110365,False,89.81
4389,570930,2006-03-24,17.0,F,False,False,usa,new york,JFK,40.64,-73.779,2023-02-03,175,9,17.77777777777778,0.1111111111111111,133.44444444444446,1.8,35.0,159.0,3.0,0.0,1,0,0.0,0,0.0,0,0,0.0,0.0,0.0,0.0,0.0,0.0,0.0,0,0.0,0.0,0.0,0.0,0.0,MISSING,0,0.0,MISSING,0,0.0,0.0,0.0,0.0,1,75.0,0.0,1,1.0,0.05,3.75,3.75,71.25,10.0,0.0,1.0,0.0,Hilton,1,1.0,False,True,True,False,True,False,True,False,71.25,3.75,3,1,1,1.8000000000000003,186.04826608869624,1,512.8820885265862,True,
4396,571200,1976-11-09,46.0,F,False,False,canada,halifax,YAW,44.64,-63.499,2023-02-03,175,9,16.77777777777778,0.5555555555555556,125.66666666666667,1.8,29.0,29.0,8.2,0.0,5,4,0.8,0,0.0,4,4,1.0,421.2375,233.3352804264,0.225,60.597,121.194,1563.756,2,0.5,1.0,0.0,1.0,1.1547005383792515,Delta Air Lines,4,0.25,YAW-FTW,4,0.25,2452.134178947179,1230.3337847632383,0.0,5,114.0,58.40804739074916,0,0.0,0.0,0.0,0.0,570.0,3.6,2.3021728866442674,1.0,0.0,Accor,5,0.2,False,True,False,False,False,False,False,True,2133.756,121.194,3,5,4,3.85,1114.334327175725,3,3071.9024103470438,False,421.2375
4397,571208,1989-09-04,33.0,F,True,True,usa,new york,JFK,40.64,-73.779,2023-02-03,175,8,39.0,0.25,1004.0,1.3333333333333333,17.0,125.0,225.0,117.0,1,1,1.0,1,1.0,1,1,1.0,0.0,0.0,0.0,0.0,0.0,0.0,1,1.0,4.0,0.0,3.0,0.0,Egyptair,1,1.0,JFK-YYZ,1,1.0,0.0,0.0,0.0,1,0.0,0.0,1,1.0,0.0,0.0,0.0,0.0,15.0,0.0,2.0,0.0,Best Western,1,1.0,False,False,True,True,True,True,True,True,0.0,0.0,4,1,0,1.85,0.0,1,0.0,True,0.0
4399,571243,1977-06-09,46.0,F,False,True,usa,portland,PDX,45.589,-122.597,2023-02-03,175,9,30.0,0.3333333333333333,707.8117827777778,3.0,104.0,104.0,8.0,10.0,2,1,0.5,1,0.5,2,2,1.0,445.81,0.0,0.05,0.0,0.0,445.81,1,0.5,1.0,0.0,1.0,0.0,American Airlines,2,0.5,PDX-SFO,2,0.5,2613.8145178397554,1221.456104826126,0.0,1,0.0,0.0,1,1.0,0.15,0.0,0.0,0.0,3.0,0.0,1.0,0.0,Starwood,1,1.0,False,False,False,False,True,True,True,True,445.81,0.0,1,2,1,1.25,582.050368456152,1,1604.547114989736,True,445.81
4421,571888,1984-02-11,39.0,F,False,False,usa,el paso,BIF,31.849,-106.38,2023-02-04,174,8,38.5,0.625,1016.125,1.3333333333333333,13.0,25.0,88.75,325.0,4,4,1.0,1,0.25,4,4,1.0,253.06333333333333,131.139780895552,0.19999999999999996,60.57533333333332,181.72599999999997,577.464,4,1.0,1.0,0.0,0.25,0.5,United Airlines,4,0.25,BIF-SFO,4,0.25,1456.9523558238518,675.8681914362558,0.0,4,266.3333333333333,143.949065065854,1,0.25,0.0,0.0,0.0,799.0,5.25,5.965176722724427,1.0,0.0,Radisson,4,0.25,False,False,False,False,False,False,False,True,1376.464,181.72599999999997,5,4,3,4.05,898.5569843281093,2,2477.065723163715,False,253.06333333333333
4430,572396,1975-07-17,48.0,F,False,True,usa,madison,MSN,43.14,-89.337,2023-02-04,174,8,17.625,0.375,130.875,1.6,30.0,30.0,8.333333333333334,0.0,3,2,0.6666666666666666,0,0.0,3,3,1.0,253.17666666666668,52.91482432488398,0.125,28.356,56.712,702.818,2,0.6666666666666666,1.0,0.0,0.3333333333333333,0.5773502691896257,Air Canada,3,0.3333333333333333,MSN-JFK,3,0.3333333333333333,1553.5843042140411,433.55084315831016,0.0,2,309.0,140.007142674936,0,0.0,0.0,0.0,0.0,618.0,3.0,0.0,1.0,0.0,Radisson,2,0.5,False,True,False,False,False,False,False,True,1320.818,56.712,3,3,3,3.0,1149.6416314326998,3,3169.234593700625,False,253.17666666666668
4432,572428,1983-02-15,40.0,F,True,True,usa,omaha,OFF,41.118,-95.913,2023-02-04,174,9,21.555555555555557,0.2222222222222222,159.66666666666666,1.8,44.0,122.0,6.0,0.0,2,2,1.0,0,0.0,2,2,1.0,297.39,56.72410598678484,0.0,0.0,0.0,594.78,0,0.0,1.0,0.0,0.0,0.0,American Airlines,2,0.5,OFF-LGA,2,0.5,1622.2080213695358,331.5325944160158,0.0,2,123.5,30.405591591021544,1,0.5,0.15,15.3,15.3,231.7,3.5,0.7071067811865476,1.0,0.0,Banyan Tree,2,0.5,False,True,False,False,True,False,False,False,826.48,15.3,2,2,2,2.0,1079.0538312770923,3,2974.6441300031784,True,297.39
4434,572489,1978-10-04,44.0,F,True,True,usa,los angeles,LAX,33.942,-118.408,2023-02-04,174,8,34.5,0.5,970.875,1.3333333333333333,5.0,48.0,69.0,153.0,3,0,0.0,1,0.3333333333333333,2,2,1.0,363.73,0.0,0.35,127.3055,127.3055,236.4245,2,1.0,3.0,2.1213203435596424,1.5,2.1213203435596424,Singapore Airlines,2,0.5,LAX-IST,2,0.5,1942.110291915344,6429.304882528544,0.0,1,142.0,0.0,0,0.0,0.0,0.0,0.0,142.0,7.0,0.0,2.0,0.0,Accor,1,1.0,False,False,False,False,False,False,True,True,378.4245,127.3055,5,3,1,3.1,329.38115588529513,1,908.0100487000194,False,121.24333333333334
4442,572632,1979-05-09,44.0,F,True,True,usa,lubbock,LBB,33.664,-101.823,2023-02-04,174,8,20.625,0.375,151.75,1.6,48.0,114.0,6.666666666666667,0.0,3,3,1.0,0,0.0,3,3,1.0,274.3466666666667,204.242424665723,0.0,0.0,0.0,823.04,0,0.0,1.0,0.0,0.6666666666666666,0.5773502691896257,American Airlines,3,0.3333333333333333,LBB-FTW,3,0.3333333333333333,1517.6160488512512,1082.9166608388255,0.0,3,156.0,56.66568626602876,1,0.3333333333333333,0.15,27.3,27.3,440.7,3.3333333333333335,1.5275252316519468,1.0,0.0,Four Seasons,3,0.3333333333333333,False,True,False,False,True,False,False,False,1263.74,27.3,2,3,3,2.5999999999999996,1099.960869178615,3,3032.278879787546,True,274.3466666666667
4452,573010,1978-08-21,44.0,F,False,True,usa,new york,JFK,40.64,-73.779,2023-02-04,174,8,43.5,0.5,1039.5,1.6,49.0,81.0,110.33333333333333,277.0,3,2,0.6666666666666666,1,0.3333333333333333,3,3,1.0,399.44,382.261925909448,0.1,66.974,66.974,731.906,2,0.6666666666666666,1.75,0.5773502691896257,0.6666666666666666,0.5773502691896257,Aer Lingus,3,0.3333333333333333,JFK-DUB,3,0.3333333333333333,1809.3089872826065,2401.8022313982824,0.0,2,254.5,99.7020561473032,0,0.0,0.0,0.0,0.0,509.0,4.5,2.1213203435596424,1.5,0.7071067811865476,Crowne Plaza,2,0.5,False,False,False,False,False,False,False,True,1240.906,66.974,2,3,3,2.5999999999999996,1080.0861271534957,3,2977.4898757668866,False,228.25142857142856
4455,573086,1979-03-27,44.0,F,False,True,usa,new york,LGA,40.777,-73.872,2023-02-04,174,8,33.75,0.5,787.552429625,1.6,34.0,34.0,7.666666666666667,0.0,3,2,0.6666666666666666,1,0.3333333333333333,2,2,1.0,292.425,179.612193489195,0.1,16.542,16.542,568.308,1,0.5,1.0,0.0,1.0,1.414213562373095,JetBlue Airways,2,0.5,LGA-CLT,2,0.5,1582.0739139421917,1000.0332319447893,0.0,3,181.5,113.84419177103415,1,0.3333333333333333,0.05,0.0,0.0,363.0,6.0,1.7320508075688772,1.0,0.0,Wyndham,3,0.3333333333333333,False,False,False,False,False,False,False,True,931.308,16.542,3,3,2,2.6500000000000004,810.6116425475158,2,2234.6254601240603,False,292.425
4458,573153,1981-03-20,42.0,M,False,False,usa,los angeles,LAX,33.942,-118.408,2023-02-04,174,8,49.625,0.625,1082.25,1.6,27.0,43.0,8.0,3.0,4,3,0.75,1,0.25,4,4,1.0,507.37333333333333,154.61262443065,0.0,0.0,0.0,1522.12,1,0.25,1.0,0.0,0.75,0.5,Delta Air Lines,3,0.25,LAX-FTW,4,0.25,2888.9332575981807,826.004188213459,0.0,3,147.0,62.22539674441618,1,0.3333333333333333,0.0,0.0,0.0,294.0,2.3333333333333335,1.1547005383792515,1.0,0.0,Accor,3,0.3333333333333333,False,False,False,False,True,False,False,True,1816.12,0.0,3,4,4,3.6,1185.5648316105367,3,3268.26462671896,False,507.37333333333333
4460,573191,1986-02-21,37.0,M,False,False,usa,cleveland,CLE,41.412,-81.85,2023-02-04,174,8,37.875,0.5,995.75,1.6,42.0,89.0,61.0,122.0,3,3,1.0,1,0.3333333333333333,3,3,1.0,136.01,18.75247183706724,0.2,20.4015,40.803,231.217,3,1.0,2.0,1.1547005383792515,1.0,1.0,Brussels Airlines,3,0.3333333333333333,CLE-BRU,3,0.3333333333333333,750.5040411020702,3231.882091742609,0.0,3,336.0,147.078210486802,2,0.6666666666666666,0.15,34.8,34.8,637.2,7.0,5.196152422706632,1.3333333333333333,0.5773502691896257,Radisson,3,0.3333333333333333,False,False,False,False,False,False,False,False,868.417,75.603,2,3,2,2.25,755.8712378570634,2,2083.7217528514266,False,68.005
4464,573291,1967-03-18,56.0,F,True,False,canada,winnipeg,YWG,49.91,-97.234,2023-02-04,174,8,19.875,0.625,148.5,1.6,48.0,48.0,6.2,0.0,5,4,0.8,0,0.0,5,4,0.8,317.42,105.429671582529,0.225,65.3385,130.677,1456.423,2,0.4,1.0,0.0,0.2,0.4472135954999579,American Airlines,4,0.4,YWG-BOS,5,0.2,1925.9280701547377,376.4942109003689,0.0,4,99.25,20.1059692628831,0,0.0,0.0,0.0,0.0,397.0,3.25,1.5,1.0,0.0,Aman Resorts,4,0.25,False,True,False,False,False,False,False,True,1853.423,130.677,2,5,4,3.4499999999999997,967.9330118706234,2,2668.3156748441006,False,317.42
4469,573420,1987-02-09,36.0,F,False,False,usa,dallas,DAL,32.847,-96.852,2023-02-04,174,8,25.125,0.625,188.5,1.3333333333333333,15.0,15.0,8.2,0.0,5,4,0.8,0,0.0,5,5,1.0,403.334,253.133585148237,0.075,32.62625,65.2525,1951.4175,2,0.4,1.2,0.4472135954999579,0.4,0.5477225575051661,United Airlines,4,0.4,DAL-DMA,5,0.2,1837.620746016329,510.7691423196976,0.0,4,138.0,105.448249550826,1,0.25,0.1,15.4,15.4,536.6,3.0,1.414213562373095,1.25,0.5,Best Western,4,0.25,False,True,False,False,False,False,False,False,2488.0175,80.6525,5,5,5,5.0,1299.3441175391797,3,3581.921717026514,False,336.1116666666667
4475,573584,1986-01-02,37.0,M,True,False,usa,oklahoma city,OKC,35.393,-97.601,2023-02-04,174,8,22.625,0.125,167.75,1.3333333333333333,7.0,7.0,9.0,0.0,1,1,1.0,0,0.0,1,1,1.0,210.1,0.0,0.1,21.01,21.01,189.09,1,1.0,1.0,0.0,0.0,0.0,Korean Air,1,1.0,OKC-ORD,1,1.0,1111.385571817476,0.0,0.0,1,82.0,0.0,1,1.0,0.05,4.1,4.1,77.9,4.0,0.0,1.0,0.0,Hyatt,1,1.0,False,True,False,True,False,False,True,False,266.99,25.11,5,1,1,2.6,697.1652850950317,1,1921.886158817028,False,210.1
4479,573670,1992-02-24,31.0,F,False,False,usa,phoenix,LUF,33.535,-112.383,2023-02-05,173,8,38.625,0.875,816.542306375,1.6,34.0,34.0,9.5,4.0,6,4,0.6666666666666666,1,0.16666666666666666,4,4,1.0,406.2633333333333,284.082824953099,0.35,34.993,34.993,1183.797,2,0.5,1.0,0.0,0.75,0.5,Southwest Airlines,4,0.25,LUF-AUS,4,0.25,2261.334256072079,1308.2423984551717,0.0,6,125.0,43.104524124504614,1,0.16666666666666666,0.0,0.0,0.0,625.0,4.666666666666667,2.160246899469287,1.0,0.0,Conrad,5,0.3333333333333333,False,False,False,False,False,False,False,True,1808.797,34.993,3,5,4,3.85,787.1895802489718,2,2170.05750428216,False,406.2633333333333
4480,573698,1992-10-14,30.0,F,False,False,usa,laredo,LRD,27.544,-99.461,2023-02-05,173,9,35.111111111111114,0.3333333333333333,896.4444444444445,1.5,25.0,55.0,158.5,279.0,2,1,0.5,1,0.5,2,2,1.0,465.72,0.0,0.1,46.572,46.572,419.148,2,1.0,1.0,0.0,0.5,0.7071067811865476,Ryanair,2,0.5,LRD-ORL,2,0.5,2412.446615933072,445.2841320517919,0.0,1,142.0,0.0,1,1.0,0.1,14.2,14.2,127.8,9.0,0.0,1.0,0.0,Extended Stay,1,1.0,False,False,False,False,False,False,True,False,546.948,60.772,4,2,1,2.45,714.0963301100367,1,1968.560228459223,False,465.72
4491,573946,1974-05-04,49.0,F,False,False,usa,tucson,TUS,32.116,-110.941,2023-02-05,173,8,17.125,0.25,127.625,1.3333333333333333,12.0,12.0,6.0,0.0,2,2,1.0,0,0.0,2,2,1.0,415.395,50.25407893892793,0.175,71.80575,143.6115,687.1785,2,1.0,1.0,0.0,0.5,0.7071067811865476,Air Canada,2,0.5,TUS-LCK,2,0.5,2391.7988382861718,373.84298081612405,0.0,2,125.5,17.67766952966369,0,0.0,0.0,0.0,0.0,251.0,3.0,1.414213562373095,1.0,0.0,Shangri-La,2,0.5,False,True,False,False,False,False,False,True,938.1785,143.6115,5,2,2,3.2,1224.8876014504835,3,3376.6663051981745,False,415.395
4493,574003,1981-09-17,41.0,M,False,False,usa,new york,JFK,40.64,-73.779,2023-02-05,173,9,35.888888888888886,0.4444444444444444,902.2222222222222,1.5,8.0,29.0,89.66666666666667,232.0,3,2,0.6666666666666666,1,0.3333333333333333,3,3,1.0,153.065,4.490128060534577,0.1,0.0,0.0,306.13,1,0.3333333333333333,1.0,0.0,0.6666666666666666,1.1547005383792515,easyJet,3,0.3333333333333333,JFK-HAM,3,0.3333333333333333,831.6604858009886,3052.2973990912246,0.0,2,224.0,121.62236636408618,0,0.0,0.0,0.0,0.0,448.0,2.5,2.1213203435596424,1.0,0.0,Four Seasons,2,0.5,False,False,False,False,True,False,False,True,754.13,0.0,5,3,2,3.45,656.3956907858175,1,1809.4959972891436,False,153.065
4502,574409,1984-07-20,39.0,M,False,True,usa,long beach,LGB,33.818,-118.151,2023-02-05,173,8,34.875,0.375,439.70699275,1.3333333333333333,17.0,17.0,7.5,1.0,2,2,1.0,1,0.5,2,2,1.0,741.89,0.0,0.0,0.0,0.0,741.89,1,0.5,1.0,0.0,0.0,0.0,United Airlines,2,0.5,LGB-LAX,2,0.5,3958.2213244582167,2779.4817398245855,0.0,2,114.0,0.0,1,0.5,0.0,0.0,0.0,114.0,1.5,0.7071067811865476,1.0,0.0,NH Hotel,2,0.5,False,False,False,False,True,False,False,True,855.89,0.0,4,2,2,2.8,1117.4515821940647,3,3080.495794729964,False,741.89
4510,574603,1981-11-08,41.0,F,True,True,usa,indianapolis,IND,39.717,-86.294,2023-02-05,173,8,17.625,0.5,129.75,2.0,63.0,63.0,6.75,0.0,4,3,0.75,0,0.0,3,3,1.0,386.3066666666667,165.273147647564,0.0,0.0,0.0,1158.92,0,0.0,1.3333333333333333,0.5773502691896257,0.3333333333333333,0.5773502691896257,AirTran Airways,3,0.3333333333333333,IND-DAL,3,0.3333333333333333,1731.631210287448,1025.6887942942005,0.0,4,170.25,72.91719047430905,1,0.25,0.15,34.95,34.95,646.05,4.75,3.593976442141304,1.25,0.5,Accor,4,0.25,False,True,False,False,True,False,False,False,1804.97,34.95,2,4,4,3.2,1178.2861012004,3,3248.1992397467798,False,289.73
4515,574885,1987-04-22,36.0,F,False,False,usa,las vegas,LSV,36.236,-115.034,2023-02-05,173,8,16.875,0.125,126.625,2.0,69.0,124.0,7.0,0.0,1,1,1.0,0,0.0,1,1,1.0,176.13,0.0,0.1,17.613,17.613,158.517,1,1.0,1.0,0.0,0.0,0.0,Frontier Airlines,1,1.0,LSV-DEN,1,1.0,992.3094044648806,0.0,0.0,1,81.0,0.0,0,0.0,0.0,0.0,0.0,81.0,3.0,0.0,1.0,0.0,Wyndham,1,1.0,False,True,False,True,False,False,True,True,239.517,17.613,1,1,1,1.0,625.427684894965,1,1724.1260238262785,True,176.13
4518,575051,1974-07-28,49.0,F,False,False,usa,washington,DCA,38.852,-77.037,2023-02-05,173,8,24.125,0.5,179.25,1.3333333333333333,11.0,11.0,8.0,0.0,4,3,0.75,0,0.0,4,4,1.0,313.4325,472.015455140684,0.0,0.0,0.0,1253.73,0,0.0,1.5,1.0,0.5,0.5773502691896257,Delta Air Lines,3,0.5,DCA-BWI,4,0.25,806.1174721386641,805.8244120668612,0.0,3,163.0,101.32620588969075,1,0.3333333333333333,0.05,5.2,5.2,483.8,3.3333333333333335,3.2145502536643185,1.6666666666666667,1.1547005383792515,Conrad,2,0.6666666666666666,False,True,False,False,True,False,False,False,1737.53,5.2,5,4,4,4.4,1134.2612062354117,3,3126.8351413249097,False,208.955
4523,575233,1976-03-10,47.0,F,True,False,usa,los angeles,LAX,33.942,-118.408,2023-02-05,173,8,18.875,0.375,140.625,1.3333333333333333,10.0,100.0,10.666666666666666,0.0,3,1,0.3333333333333333,0,0.0,1,1,1.0,93.64,0.0,0.0,0.0,0.0,93.64,0,0.0,1.0,0.0,0.0,0.0,Alaska Airlines,1,1.0,LAX-SFO,1,1.0,543.2317983362374,0.0,0.0,3,144.66666666666666,45.081407845511364,1,0.3333333333333333,0.05,8.8,8.8,425.2,7.333333333333333,7.571877794400365,1.0,0.0,InterContinental,2,0.6666666666666666,False,True,False,True,True,False,False,False,518.84,8.8,5,3,1,3.1,451.5989818828499,1,1244.929790929282,True,93.64
4531,575554,1979-06-02,44.0,F,True,False,usa,oklahoma city,OKC,35.393,-97.601,2023-02-05,173,8,53.875,0.375,1111.875,1.6,41.0,145.0,6.5,2.0,2,0,0.0,1,0.5,2,2,1.0,262.04,0.0,0.1,0.0,0.0,262.04,1,0.5,1.0,0.0,1.0,1.414213562373095,Delta Air Lines,1,1.0,OKC-LGA,2,0.5,1369.5082228517547,558.5094376730636,0.0,0,0.0,0.0,0,0.0,0.0,0.0,0.0,0.0,0.0,0.0,0.0,0.0,MISSING,0,0.0,False,False,False,False,True,True,False,True,262.04,0.0,2,2,1,1.65,342.1199133044348,1,943.1271752807485,True,262.04
4533,575576,1971-10-17,51.0,M,False,False,canada,toronto,YZD,43.742,-79.466,2023-02-05,173,7,17.428571428571427,0.2857142857142857,129.28571428571428,1.75,77.0,98.0,7.0,0.0,2,2,1.0,0,0.0,2,1,0.5,207.795,187.899484964701,0.15,51.099,51.099,364.491,1,0.5,1.0,0.0,0.5,0.7071067811865476,AirTran Airways,2,0.5,YZD-DAL,2,0.5,1369.1477777061718,799.7859790902503,0.0,2,323.5,132.228968081884,0,0.0,0.0,0.0,0.0,647.0,4.0,0.0,1.0,0.0,Accor,2,0.5,False,True,False,False,False,False,False,True,1011.491,51.099,1,2,2,1.6,1320.6045383461153,3,3640.530642848036,True,207.795
4538,575756,1985-07-11,38.0,F,False,False,usa,colorado springs,COS,38.806,-104.7,2023-02-06,172,8,38.75,0.5,1018.625,2.6666666666666665,103.0,116.0,90.66666666666667,240.0,3,1,0.3333333333333333,1,0.3333333333333333,2,2,1.0,349.94,0.0,0.0,0.0,0.0,349.94,1,0.5,1.0,0.0,0.0,0.0,All Nippon Airways,2,0.5,COS-ITM,2,0.5,2178.789038455097,5360.696502564065,0.0,2,247.5,222.738636073762,0,0.0,0.0,0.0,0.0,495.0,3.0,2.8284271247461903,1.0,0.0,Four Seasons,2,0.5,False,False,False,False,True,False,False,True,844.94,0.0,1,3,2,1.8499999999999999,735.4368278314995,1,2027.3899035305442,True,349.94
4541,575823,1981-12-26,41.0,F,True,False,usa,new york,JFK,40.64,-73.779,2023-02-06,172,9,18.22222222222222,0.1111111111111111,134.66666666666666,1.8,28.0,111.0,9.0,0.0,1,1,1.0,0,0.0,1,1,1.0,1427.64,0.0,0.05,71.382,71.382,1356.258,1,1.0,2.0,0.0,0.0,0.0,AirTran Airways,1,1.0,JFK-LAX,1,1.0,3974.209842999768,0.0,0.0,1,121.0,0.0,0,0.0,0.0,0.0,0.0,121.0,1.0,0.0,2.0,0.0,Four Seasons,1,1.0,False,True,False,True,False,False,True,True,1477.258,71.382,3,1,3,2.5,3857.4216065355117,5,10633.812888878703,True,713.82
4546,575971,1972-04-08,51.0,F,False,False,usa,chicago,MDW,41.786,-87.752,2023-02-06,172,8,21.125,0.625,156.75,1.6,43.0,43.0,8.2,0.0,5,5,1.0,0,0.0,5,5,1.0,326.824,160.169954517069,0.0,0.0,0.0,1634.12,0,0.0,1.0,0.0,0.8,0.4472135954999579,Air Canada,5,0.2,MDW-HOU,5,0.2,1935.6435586715022,905.8468468625908,0.0,5,198.6,72.39336986216348,3,0.6,0.1,20.633333333333333,61.9,931.1,4.8,1.6431676725154982,1.0,0.0,Conrad,5,0.2,False,True,False,False,True,False,False,False,2565.22,61.9,2,5,5,3.8,1339.6624088029341,4,3693.0677645759138,False,326.824
4548,576103,1972-10-28,50.0,F,True,True,usa,sacramento,MCC,38.667,-121.401,2023-02-06,172,8,55.75,0.375,1193.25,1.6,39.0,146.0,6.5,4.0,2,1,0.5,1,0.5,1,1,1.0,99.94,0.0,0.0,0.0,0.0,99.94,0,0.0,1.0,0.0,1.0,0.0,Allegiant Air,1,1.0,MCC-LAX,1,1.0,589.7974872136821,0.0,0.0,2,103.0,0.0,1,0.5,0.1,0.0,0.0,103.0,7.0,8.48528137423857,2.0,1.414213562373095,InterContinental,2,0.5,False,False,False,True,True,False,False,True,202.94,0.0,3,2,1,2.0500000000000003,264.9588429476492,1,730.41607751288,True,99.94
4549,576136,1972-08-17,50.0,F,False,False,usa,tulsa,TUL,36.198,-95.888,2023-02-06,172,9,17.77777777777778,0.3333333333333333,131.22222222222223,1.8,42.0,42.0,5.333333333333333,0.0,3,2,0.6666666666666666,0,0.0,2,2,1.0,211.38,249.707688708217,0.2,6.962,6.962,415.798,1,0.5,1.0,0.0,0.5,0.7071067811865476,Delta Air Lines,2,0.5,TUL-FAT,2,0.5,1152.2046533268385,1376.9548227843552,0.0,3,202.66666666666666,127.032804162285,1,0.3333333333333333,0.15,50.7,50.7,557.3,5.333333333333333,3.511884584284246,1.3333333333333333,0.5773502691896257,Accor,3,0.3333333333333333,False,True,False,False,False,False,False,False,973.098,57.662,2,3,2,2.25,846.98571057019,2,2334.8984073966967,False,211.38
4551,576169,1985-03-19,38.0,F,False,False,usa,dallas,DAL,32.847,-96.852,2023-02-06,172,8,21.0,0.625,155.5,1.6,36.0,36.0,9.6,0.0,5,4,0.8,0,0.0,5,5,1.0,265.84,141.817725972461,0.0,0.0,0.0,1329.2,0,0.0,1.0,0.0,0.8,0.8366600265340756,American Airlines,4,0.4,DAL-DCA,5,0.2,1413.3686457749584,790.9824397838534,0.0,4,184.5,12.12435565298214,1,0.25,0.25,44.75,44.75,693.25,2.75,2.217355782608345,1.0,0.0,Banyan Tree,4,0.25,False,True,False,False,True,False,False,False,2022.45,44.75,3,5,4,3.85,1056.2057985995332,2,2911.6586103595628,False,265.84
4552,576231,1993-05-16,30.0,F,True,True,canada,toronto,YYZ,43.677,-79.631,2023-02-06,172,8,17.375,0.25,129.375,1.3333333333333333,7.0,7.0,12.0,0.0,2,1,0.5,0,0.0,1,1,1.0,101.29,0.0,0.0,0.0,0.0,101.29,0,0.0,1.0,0.0,0.0,0.0,LOT Polish Airlines,1,1.0,YYZ-JFK,1,1.0,588.590947438279,0.0,0.0,2,303.5,33.23401871576773,1,0.5,0.05,16.35,16.35,590.65,3.0,1.414213562373095,1.0,0.0,Choice Hotels,1,1.0,False,True,False,True,True,False,False,False,691.94,16.35,5,2,2,3.2,903.3981560520174,2,2490.41145498306,False,101.29
4563,576677,1971-07-26,52.0,F,True,False,canada,toronto,YZD,43.742,-79.466,2023-02-06,172,9,44.0,0.5555555555555556,962.1111111111111,1.8,32.0,32.0,9.5,9.0,4,4,1.0,1,0.25,4,4,1.0,109.22333333333333,28.295887215871733,0.3,42.453,42.453,285.217,2,0.5,1.0,0.0,0.5,0.5773502691896257,Air Canada,3,0.25,YZD-YOW,4,0.25,634.261800725289,188.2481011037108,0.0,4,200.0,102.56217626396194,1,0.25,0.0,0.0,0.0,600.0,2.25,0.9574271077563381,1.0,0.0,Hyatt,3,0.5,False,False,False,False,False,False,False,True,885.217,42.453,3,4,2,2.9000000000000004,577.870484078026,1,1593.0243640675055,False,109.22333333333333
4566,576765,2002-10-16,20.0,F,False,False,canada,calgary,YYC,51.114,-114.02,2023-02-06,172,8,38.375,0.25,998.75,2.0,59.0,65.0,252.0,246.0,1,0,0.0,1,1.0,1,1,1.0,0.0,0.0,0.0,0.0,0.0,0.0,1,1.0,1.0,0.0,0.0,0.0,Allegiant Air,1,1.0,YYC-FLO,1,1.0,0.0,0.0,0.0,0,0.0,0.0,0,0.0,0.0,0.0,0.0,0.0,0.0,0.0,0.0,0.0,MISSING,0,0.0,False,False,True,True,True,True,False,True,0.0,0.0,2,1,0,1.05,0.0,1,0.0,False,0.0
4577,577007,1984-08-25,38.0,F,True,False,usa,minneapolis,MSP,44.88,-93.217,2023-02-06,172,8,19.25,0.375,142.375,1.3333333333333333,23.0,44.0,9.0,0.0,3,1,0.3333333333333333,0,0.0,1,1,1.0,404.03,0.0,0.2,80.806,80.806,323.224,1,1.0,1.0,0.0,3.0,0.0,American Airlines,1,1.0,MSP-PDX,1,1.0,2289.025610723032,0.0,0.0,3,131.33333333333334,74.67485074195551,0,0.0,0.0,0.0,0.0,394.0,5.666666666666667,4.041451884327381,1.0,0.0,Crowne Plaza,2,0.6666666666666666,False,True,False,True,False,False,False,True,717.224,80.806,4,3,2,3.05,624.2726624430366,1,1720.9419558427708,False,404.03
4578,577044,1969-07-26,54.0,F,True,True,usa,chicago,UGN,42.422,-87.868,2023-02-06,172,9,20.333333333333332,0.3333333333333333,150.11111111111111,1.5,12.0,140.0,8.666666666666666,0.0,3,2,0.6666666666666666,0,0.0,3,3,1.0,301.64666666666665,123.635317095615,0.0,0.0,0.0,904.94,0,0.0,1.3333333333333333,0.5773502691896257,0.3333333333333333,0.5773502691896257,American Airlines,3,0.3333333333333333,UGN-JFK,3,0.3333333333333333,1193.5256285249718,9.65425513306745,0.0,2,270.5,248.194480196478,1,0.5,0.05,4.75,4.75,536.25,1.0,0.0,1.0,0.0,NH Hotel,2,0.5,False,True,False,False,True,False,False,False,1441.19,4.75,5,3,3,3.8,1254.4135700789152,3,3458.0609925783897,True,226.23499999999999
4587,577216,1977-01-27,46.0,F,True,True,usa,tucson,TUS,32.116,-110.941,2023-02-06,172,8,20.0,0.5,149.125,1.3333333333333333,20.0,20.0,9.25,0.0,4,2,0.5,0,0.0,2,2,1.0,313.86,268.700576850888,0.0,0.0,0.0,627.72,0,0.0,1.0,0.0,1.0,0.0,American Airlines,2,0.5,TUS-DTW,2,0.5,1716.1318763930506,1401.7919029895686,0.0,4,264.25,141.874063873564,2,0.5,0.175,52.75,105.5,951.5,3.25,1.707825127659933,1.0,0.0,Conrad,4,0.25,False,True,False,False,True,False,False,False,1579.22,105.5,4,4,4,4.0,1030.9162904301434,2,2841.942638045458,False,313.86
4590,577287,1980-03-22,43.0,F,False,True,canada,montreal,YUL,45.468,-73.741,2023-02-06,172,8,42.75,0.625,590.2091145,1.6,29.0,83.0,7.5,4.0,4,4,1.0,1,0.25,4,4,1.0,606.5366666666666,167.649565860856,0.0,0.0,0.0,1819.61,1,0.25,1.0,0.0,0.5,0.5773502691896257,Air Canada,4,0.25,YUL-YOW,4,0.25,3495.914244107658,1825.8584616192088,0.0,4,110.33333333333333,50.80682368868707,2,0.5,0.15,12.15,12.15,318.85,5.5,3.511884584284246,1.0,0.0,Aman Resorts,4,0.25,False,False,False,False,True,False,False,False,2138.46,12.15,3,4,4,3.6,1395.9886845615206,4,3848.3432667739075,False,606.5366666666666
4597,577541,1989-10-24,33.0,F,False,False,usa,baltimore,BWI,39.175,-76.668,2023-02-06,172,8,51.375,0.5,1095.75,2.0,72.0,111.0,9.0,9.0,3,2,0.6666666666666666,1,0.3333333333333333,3,3,1.0,199.485,202.918432997104,0.3,16.8,16.8,382.17,2,0.6666666666666666,1.0,0.0,0.6666666666666666,0.5773502691896257,American Airlines,3,0.3333333333333333,BWI-CLT,3,0.3333333333333333,1146.002804049405,911.1004884758435,0.0,2,126.0,21.213203435596427,1,0.5,0.1,14.1,14.1,237.9,3.0,1.414213562373095,1.0,0.0,Best Western,2,0.5,False,False,False,False,False,False,False,False,620.07,30.9,1,3,2,1.8499999999999999,539.7096998999667,1,1487.8259491587385,True,199.485
4601,577626,1979-02-05,44.0,F,True,True,usa,indianapolis,IND,39.717,-86.294,2023-02-06,172,9,20.333333333333332,0.4444444444444444,149.55555555555554,1.8,35.0,35.0,7.5,0.0,4,4,1.0,0,0.0,4,4,1.0,245.81,46.32733750173865,0.05,11.8895,11.8895,971.3505,1,0.25,1.0,0.0,0.5,0.5773502691896257,United Airlines,2,0.75,IND-DEN,4,0.25,1360.359562528709,251.93925176117946,0.0,4,223.0,120.208152801713,2,0.5,0.125,20.5,41.0,851.0,3.25,2.0615528128088303,1.0,0.0,Banyan Tree,4,0.25,False,True,False,False,False,False,False,False,1822.3505,52.8895,3,4,4,3.6,1189.6321078276092,3,3279.476949008662,False,245.81
4606,577851,1996-07-16,27.0,F,True,True,usa,santa ana,SNA,33.676,-117.868,2023-02-06,172,8,38.375,0.375,999.0,1.3333333333333333,3.0,112.0,87.5,59.0,2,2,1.0,1,0.5,2,2,1.0,687.02,0.0,0.0,0.0,0.0,687.02,1,0.5,1.0,0.0,0.0,0.0,American Airlines,1,1.0,SNA-ORD,2,0.5,3940.8918206933654,820.2114606547696,0.0,2,93.0,0.0,1,0.5,0.0,0.0,0.0,93.0,9.5,10.606601717798213,1.0,0.0,Hyatt,2,0.5,False,False,False,False,True,False,False,True,780.02,0.0,5,2,2,3.2,1018.3955685228409,2,2807.426573280756,True,687.02
4607,577901,1995-02-13,28.0,F,True,True,usa,jacksonville,NZC,30.219,-81.876,2023-02-06,172,8,20.375,0.25,521.383408625,1.6,55.0,128.0,197.0,124.0,1,1,1.0,1,1.0,1,1,1.0,0.0,0.0,0.0,0.0,0.0,0.0,1,1.0,4.0,0.0,3.0,0.0,Asiana Airlines,1,1.0,NZC-KWL,1,1.0,0.0,0.0,0.0,1,0.0,0.0,1,1.0,0.0,0.0,0.0,0.0,14.0,0.0,2.0,0.0,Fairmont,1,1.0,False,False,True,True,True,True,True,True,0.0,0.0,2,1,0,1.05,0.0,1,0.0,True,0.0
4622,578549,1985-01-12,38.0,F,True,False,usa,austin,AUS,30.194,-97.67,2023-02-07,171,9,19.77777777777778,0.4444444444444444,146.0,1.5,10.0,10.0,7.5,0.0,4,4,1.0,0,0.0,4,4,1.0,338.005,59.31953388218758,0.0,0.0,0.0,1352.02,0,0.0,1.0,0.0,0.5,0.5773502691896257,AirTran Airways,4,0.25,AUS-JFK,4,0.25,1993.6181998845323,330.9678041388498,0.0,4,149.0,64.96152707564686,2,0.5,0.05,6.95,13.9,582.1,6.5,6.855654600401044,1.0,0.0,Aman Resorts,4,0.25,False,True,False,False,True,False,False,False,1934.12,13.9,5,4,4,4.4,1262.5953417805933,3,3480.615807231722,False,338.005
4635,579065,1973-12-09,49.0,F,True,True,usa,louisville,LOU,38.228,-85.664,2023-02-07,171,8,18.125,0.5,134.5,1.3333333333333333,12.0,12.0,6.75,0.0,4,4,1.0,0,0.0,4,4,1.0,254.1075,166.015351574285,0.125,28.47475,56.9495,959.4805,2,0.5,1.0,0.0,0.5,0.5773502691896257,United Airlines,3,0.5,LOU-AUS,4,0.25,1475.8422849248027,1023.0664805470194,0.0,4,203.5,83.0762701778713,0,0.0,0.0,0.0,0.0,814.0,4.25,2.629955639676583,1.0,0.0,Radisson,3,0.5,False,True,False,False,False,False,False,True,1773.4805,56.9495,5,4,4,4.4,1157.7297262004001,3,3191.531167723419,False,254.1075
4639,579323,1995-09-10,27.0,F,False,True,usa,new york,JFK,40.64,-73.779,2023-02-07,171,8,17.75,0.375,132.375,1.3333333333333333,9.0,9.0,12.0,0.0,3,3,1.0,0,0.0,3,3,1.0,321.22333333333336,191.031510577008,0.0,0.0,0.0,963.67,0,0.0,1.0,0.0,1.0,0.0,United Airlines,2,0.6666666666666666,JFK-FTW,3,0.3333333333333333,1794.8638502897304,1058.2231325288476,0.0,3,165.66666666666666,99.16820727094613,1,0.3333333333333333,0.1,11.4,11.4,485.6,2.6666666666666665,0.5773502691896257,1.0,0.0,Choice Hotels,3,0.3333333333333333,False,True,False,False,True,False,False,False,1449.27,11.4,5,3,3,3.8,1261.446412137379,3,3477.448535386786,False,321.22333333333336
4647,579792,1977-08-20,45.0,F,True,False,canada,toronto,YZD,43.742,-79.466,2023-02-07,171,8,17.75,0.625,132.75,1.6,28.0,28.0,45.4,0.0,5,4,0.8,0,0.0,4,4,1.0,284.7675,210.332403966515,0.25,101.0125,101.0125,1038.0575,1,0.25,1.25,0.5,0.25,0.5,Delta Air Lines,3,0.5,YZD-DEN,4,0.25,1522.3584024441643,1291.148737105371,0.0,5,142.2,75.97499588680476,2,0.4,0.1,9.95,19.9,691.1,5.6,7.569676347110225,1.4,0.8944271909999159,Hilton,4,0.4,False,True,False,False,False,False,False,False,1729.1575,120.9125,3,5,4,3.85,903.0365043347782,2,2489.4144841864154,False,227.814
4657,580212,1978-08-24,44.0,F,False,False,usa,baltimore,BWI,39.175,-76.668,2023-02-08,170,8,19.25,0.5,144.125,1.3333333333333333,11.0,58.0,6.75,0.0,4,3,0.75,0,0.0,3,3,1.0,300.96666666666664,99.54450127120701,0.05,9.455,9.455,893.445,1,0.3333333333333333,1.0,0.0,0.3333333333333333,0.5773502691896257,Southwest Airlines,2,0.6666666666666666,BWI-AUS,3,0.3333333333333333,1709.449808101557,598.6255728237182,0.0,4,232.5,48.74764951598521,1,0.25,0.1,28.0,28.0,902.0,3.25,2.629955639676583,1.0,0.0,Fairmont,4,0.25,False,True,False,False,False,False,False,False,1795.445,37.455,5,4,4,4.4,1172.0681723074358,3,3231.058180472339,False,300.96666666666664
4660,580515,1976-09-08,46.0,F,False,False,usa,corpus christi,CRP,27.77,-97.501,2023-02-08,170,9,17.11111111111111,0.3333333333333333,128.88888888888889,1.8,36.0,119.0,9.666666666666666,0.0,3,3,1.0,0,0.0,3,3,1.0,895.7066666666667,794.291622411651,0.1,48.00325,96.0065,2591.1135,2,0.6666666666666666,2.0,1.7320508075688772,0.6666666666666666,0.5773502691896257,Delta Air Lines,1,1.0,CRP-JFK,3,0.3333333333333333,2347.4115170327914,333.6062629254832,0.0,3,151.33333333333334,57.51811308912466,0,0.0,0.0,0.0,0.0,454.0,4.333333333333333,2.0816659994661326,2.0,1.7320508075688772,Banyan Tree,3,0.3333333333333333,False,True,False,False,False,False,False,True,3045.1135,96.0065,3,3,5,3.7,2650.470581138157,5,7306.592616049134,True,447.85333333333335
4662,580611,1985-11-07,37.0,F,False,False,usa,new york,JFK,40.64,-73.779,2023-02-08,170,8,18.125,0.5,135.5,1.3333333333333333,23.0,23.0,5.75,0.0,4,3,0.75,0,0.0,4,3,0.75,401.2975,270.401494371487,0.0,0.0,0.0,1605.19,0,0.0,1.0,0.0,0.25,0.5,Alaska Airlines,4,0.25,JFK-AUS,4,0.25,2723.6515512973874,1618.2012697654884,0.0,3,122.66666666666667,32.331615074619044,1,0.3333333333333333,0.1,15.2,15.2,352.8,3.6666666666666665,1.5275252316519468,1.0,0.0,Four Seasons,2,0.6666666666666666,False,True,False,False,True,False,False,False,1957.99,15.2,4,4,4,4.0,1278.1777000666889,3,3523.5719316286686,False,401.2975
4673,581091,1992-03-12,31.0,M,False,False,usa,dallas,DAL,32.847,-96.852,2023-02-08,170,8,16.875,0.5,124.875,1.3333333333333333,26.0,26.0,9.25,0.0,4,4,1.0,0,0.0,4,4,1.0,407.7425,99.74983855458949,0.0,0.0,0.0,1630.97,0,0.0,1.0,0.0,0.75,0.9574271077563381,Air Canada,4,0.25,DAL-JFK,4,0.25,2245.4031201577454,570.9721898115181,0.0,4,139.0,46.56894530335282,1,0.25,0.1,20.5,20.5,535.5,3.75,3.593976442141304,1.0,0.0,Accor,4,0.25,False,True,False,False,True,False,False,False,2166.47,20.5,4,4,4,4.0,1414.2736387129041,4,3898.749678351555,False,407.7425
4676,581120,1982-12-21,40.0,F,False,False,canada,quebec,YQB,46.788,-71.398,2023-02-08,170,8,50.875,0.5,1103.0,1.6,49.0,75.0,6.333333333333333,5.0,3,3,1.0,1,0.3333333333333333,3,3,1.0,469.21,71.4177848998413,0.0,0.0,0.0,938.42,1,0.3333333333333333,1.0,0.0,1.0,0.0,American Airlines,3,0.3333333333333333,YQB-BNA,3,0.3333333333333333,2668.8485791798485,539.8939581130028,0.0,3,95.0,15.556349186104045,1,0.3333333333333333,0.0,0.0,0.0,190.0,2.3333333333333335,2.309401076758503,1.0,0.0,Choice Hotels,2,0.6666666666666666,False,False,False,False,True,False,False,True,1128.42,0.0,2,3,3,2.5999999999999996,982.1781727242414,2,2707.5855267142474,False,469.21
4688,581491,2006-01-21,17.0,F,False,False,usa,kansas city,MCI,39.297,-94.714,2023-02-08,170,9,27.555555555555557,0.4444444444444444,872.0,1.5,14.0,29.0,94.66666666666667,238.0,3,1,0.3333333333333333,1,0.3333333333333333,2,2,1.0,380.41,0.0,0.0,0.0,0.0,380.41,1,0.5,1.6666666666666667,0.7071067811865476,0.5,0.7071067811865476,Air Canada,2,0.5,MCI-YYZ,2,0.5,1992.6056745730482,439.61548262505966,0.0,2,181.0,14.142135623730951,0,0.0,0.0,0.0,0.0,362.0,5.5,0.7071067811865476,1.0,0.0,Hyatt,2,0.5,False,False,False,False,True,False,False,True,742.41,0.0,5,3,2,3.45,646.1945881960653,1,1781.3744624234987,False,228.246
4693,581679,2004-03-01,19.0,F,False,True,canada,toronto,YTZ,43.627,-79.396,2023-02-08,170,8,21.0,0.25,684.125759125,1.3333333333333333,10.0,116.0,225.0,119.0,1,0,0.0,1,1.0,1,1,1.0,0.0,0.0,0.0,0.0,0.0,0.0,1,1.0,2.0,0.0,1.0,0.0,Ryanair,1,1.0,YTZ-BUD,1,1.0,0.0,0.0,0.0,0,0.0,0.0,0,0.0,0.0,0.0,0.0,0.0,0.0,0.0,0.0,0.0,MISSING,0,0.0,False,False,True,True,True,True,False,True,0.0,0.0,5,1,0,2.25,0.0,1,0.0,True,0.0
4696,581729,1956-05-19,67.0,F,False,False,usa,st. petersburg,SPG,27.765,-82.627,2023-02-08,170,10,27.3,0.2,825.2,3.3333333333333335,88.0,90.0,225.0,223.0,1,0,0.0,1,1.0,1,1,1.0,0.0,0.0,0.0,0.0,0.0,0.0,1,1.0,1.0,0.0,0.0,0.0,American Airlines,1,1.0,SPG-RME,1,1.0,0.0,0.0,0.0,0,0.0,0.0,0,0.0,0.0,0.0,0.0,0.0,0.0,0.0,0.0,0.0,MISSING,0,0.0,False,False,True,True,True,True,False,True,0.0,0.0,1,1,0,0.65,0.0,1,0.0,False,0.0
4699,581858,1976-12-04,46.0,F,True,False,usa,los angeles,LAX,33.942,-118.408,2023-02-08,170,8,18.75,0.25,138.75,2.6666666666666665,101.0,101.0,10.0,0.0,2,1,0.5,0,0.0,2,2,1.0,507.965,117.86762935598561,0.0,0.0,0.0,1015.93,0,0.0,1.0,0.0,0.5,0.7071067811865476,United Airlines,1,1.0,LAX-IAH,2,0.5,2578.8302110442287,472.49138215453814,0.0,1,55.0,0.0,1,1.0,0.15,8.25,8.25,46.75,2.0,0.0,1.0,0.0,InterContinental,1,1.0,False,True,False,False,True,False,True,False,1062.68,8.25,1,2,3,1.9499999999999997,1387.436992330777,4,3824.7686865644396,True,507.965
4700,581901,1970-06-12,53.0,F,True,False,usa,new orleans,NBG,29.825,-90.035,2023-02-08,170,8,16.75,0.625,124.125,1.6,31.0,31.0,8.8,0.0,5,3,0.6,0,0.0,4,4,1.0,315.605,41.92012285287342,0.2,56.23275,112.4655,1149.9545,2,0.5,1.0,0.0,0.25,0.5,Allegiant Air,4,0.25,NBG-JFK,3,0.5,1823.302459937585,339.74904364253075,0.0,4,286.75,150.789864822982,0,0.0,0.0,0.0,0.0,1147.0,2.0,0.816496580927726,1.0,0.0,Best Western,4,0.25,False,True,False,False,False,False,False,True,2296.9545,112.4655,3,5,5,4.2,1199.563233711237,3,3306.854234976956,False,315.605
4708,582319,1968-01-07,55.0,F,False,False,usa,denver,DEN,39.858,-104.667,2023-02-09,169,8,19.375,0.5,144.875,1.3333333333333333,24.0,24.0,90.75,0.0,4,4,1.0,0,0.0,4,4,1.0,1344.235,1898.720656521122,0.0,0.0,0.0,5376.94,0,0.0,1.25,0.5,0.75,0.5,American Airlines,4,0.25,DEN-LGA,3,0.5,4573.67178768836,4746.579074151229,0.25,4,142.25,83.76703806788602,1,0.25,0.15,17.7,17.7,551.3,4.75,2.8722813232690143,1.0,0.0,Accor,4,0.25,False,True,False,False,True,False,False,False,5928.24,17.7,4,4,5,4.35,3869.960606868956,5,10668.37934205912,False,1075.388
4711,582333,1980-11-02,42.0,F,True,False,usa,san antonio,SKF,29.384,-98.581,2023-02-09,169,8,20.5,0.5,153.0,1.3333333333333333,12.0,38.0,6.0,0.0,4,2,0.5,0,0.0,3,3,1.0,326.73,183.18633054898,0.0,0.0,0.0,980.19,0,0.0,1.3333333333333333,0.5773502691896257,0.6666666666666666,0.5773502691896257,American Airlines,3,0.3333333333333333,SKF-HOU,3,0.3333333333333333,1613.8723211271456,1153.7481378696596,0.0,3,151.0,89.37001734362593,1,0.3333333333333333,0.15,34.5,34.5,418.5,4.333333333333333,2.309401076758503,1.3333333333333333,0.5773502691896257,Choice Hotels,2,0.6666666666666666,False,True,False,False,True,False,False,False,1398.69,34.5,5,4,3,4.05,913.0661378792931,2,2517.0633277236875,False,245.0475
4713,582446,1990-09-10,32.0,F,False,True,usa,rochester,ROC,43.119,-77.672,2023-02-09,169,7,22.142857142857142,0.42857142857142855,290.0555822857143,1.1666666666666667,3.0,27.0,103.0,173.0,2,0,0.0,1,0.5,1,1,1.0,0.0,0.0,0.15,0.0,0.0,0.0,1,1.0,1.0,0.0,0.0,0.0,All Nippon Airways,1,1.0,ROC-SEA,1,1.0,0.0,0.0,0.0,1,149.0,0.0,1,1.0,0.1,14.9,14.9,134.1,5.0,0.0,1.0,0.0,Crowne Plaza,1,1.0,False,False,True,True,True,False,True,False,134.1,14.9,5,2,1,2.85,175.08121040346782,1,482.6490390976506,False,0.0
4725,582801,1972-09-15,50.0,F,True,False,usa,milwaukee,MKE,42.947,-87.896,2023-02-09,169,8,21.375,0.5,252.47134425,1.6,45.0,85.0,99.33333333333333,241.0,3,3,1.0,1,0.3333333333333333,3,3,1.0,195.83,86.60643855972835,0.1,25.707,25.707,365.953,2,0.6666666666666666,1.5,0.5773502691896257,1.0,1.0,Delta Air Lines,2,0.6666666666666666,MKE-JFK,3,0.3333333333333333,1046.627167892092,361.2252036467808,0.0,3,167.5,140.714249456123,1,0.3333333333333333,0.05,0.0,0.0,335.0,8.666666666666666,6.658328118479393,1.0,0.0,Best Western,3,0.3333333333333333,False,False,False,False,False,False,False,True,700.953,25.707,2,3,2,2.25,610.1103637879293,1,1681.9005314571984,False,130.55333333333334
4728,582903,2000-06-17,23.0,F,False,False,canada,toronto,YZD,43.742,-79.466,2023-02-09,169,9,41.888888888888886,0.2222222222222222,946.6666666666666,1.8,45.0,49.0,7.0,3.0,1,1,1.0,1,1.0,1,1,1.0,0.0,0.0,0.0,0.0,0.0,0.0,1,1.0,3.0,0.0,2.0,0.0,United Airlines,1,1.0,YZD-RND,1,1.0,0.0,0.0,0.0,1,0.0,0.0,1,1.0,0.0,0.0,0.0,0.0,1.0,0.0,3.0,0.0,Extended Stay,1,1.0,False,False,True,True,True,True,True,True,0.0,0.0,2,1,0,1.05,0.0,1,0.0,False,0.0
4733,583038,1979-04-26,44.0,M,True,False,usa,chicago,MDW,41.786,-87.752,2023-02-09,169,8,18.0,0.375,133.875,1.6,53.0,69.0,5.666666666666667,0.0,3,2,0.6666666666666666,0,0.0,3,2,0.6666666666666666,161.35,54.79893794591278,0.1,19.268,38.536,445.514,2,0.6666666666666666,1.0,0.0,0.6666666666666666,0.5773502691896257,American Airlines,3,0.3333333333333333,MDW-DCA,3,0.3333333333333333,1062.5502866677919,105.67511693424764,0.0,2,160.5,9.192388155425117,0,0.0,0.0,0.0,0.0,321.0,3.5,2.1213203435596424,1.0,0.0,Aman Resorts,2,0.5,False,True,False,False,False,False,False,True,766.514,38.536,2,3,2,2.25,667.1747398021563,1,1839.2107658707262,False,161.35
4734,583052,1982-02-12,41.0,F,False,False,usa,miami,MIA,25.793,-80.291,2023-02-09,169,8,19.125,0.5,139.875,1.6,32.0,108.0,5.0,0.0,4,4,1.0,0,0.0,4,4,1.0,421.8875,209.057476048255,0.175,63.50575,127.0115,1560.5385,2,0.5,1.25,0.5,0.75,0.5,AirTran Airways,4,0.25,MIA-AUS,4,0.25,1813.0020087816683,365.62416436963514,0.0,4,119.0,40.718546143004666,2,0.5,0.125,16.25,32.5,443.5,3.75,1.2583057392117916,1.25,0.5,Marriott,3,0.5,False,True,False,False,False,False,False,False,2004.0385,159.5115,3,4,4,3.6,1308.23820385962,3,3606.4401802374987,True,337.51
4736,583087,1978-01-18,45.0,F,True,True,usa,chicago,UGN,42.422,-87.868,2023-02-09,169,8,21.0,0.375,156.75,1.6,30.0,95.0,8.333333333333334,0.0,3,3,1.0,0,0.0,3,3,1.0,287.2266666666667,124.12616739968,0.0,0.0,0.0,861.68,0,0.0,1.3333333333333333,0.5773502691896257,0.3333333333333333,0.5773502691896257,JetBlue Airways,2,0.6666666666666666,UGN-LGA,2,0.6666666666666666,1174.4788255867927,23.33577527761053,0.0,3,126.33333333333333,29.143323992525858,1,0.3333333333333333,0.05,6.15,6.15,372.85,4.666666666666667,1.5275252316519468,1.3333333333333333,0.5773502691896257,NH Hotel,3,0.3333333333333333,False,True,False,False,True,False,False,False,1234.53,6.15,3,3,3,3.0,1074.536448816272,3,2962.190992976498,True,215.42000000000002
4737,583120,1971-04-05,52.0,F,True,True,usa,stockton,SCK,37.894,-121.239,2023-02-09,169,8,35.125,0.375,975.375,1.6,54.0,87.0,116.0,192.0,2,1,0.5,1,0.5,2,2,1.0,796.57,0.0,0.0,0.0,0.0,796.57,1,0.5,2.3333333333333335,1.414213562373095,1.5,0.7071067811865476,United Airlines,2,0.5,SCK-RKE,2,0.5,4047.460001884421,3316.875634551897,0.0,1,191.0,0.0,0,0.0,0.0,0.0,0.0,191.0,4.0,0.0,1.0,0.0,Shangri-La,1,1.0,False,False,False,False,True,False,True,True,987.57,0.0,2,2,2,2.0,1289.373236078693,3,3554.4348362540404,False,341.38714285714286
4739,583166,2003-04-05,20.0,F,False,True,usa,columbus,CMH,39.998,-82.892,2023-02-09,169,9,18.88888888888889,0.2222222222222222,594.5206972222222,1.5,19.0,37.0,281.0,263.0,1,0,0.0,1,1.0,1,1,1.0,0.0,0.0,0.0,0.0,0.0,0.0,1,1.0,1.0,0.0,0.0,0.0,TAP Portugal,1,1.0,CMH-LIS,1,1.0,0.0,0.0,0.0,0,0.0,0.0,0,0.0,0.0,0.0,0.0,0.0,0.0,0.0,0.0,0.0,MISSING,0,0.0,False,False,True,True,True,True,False,True,0.0,0.0,4,1,0,1.85,0.0,1,0.0,False,0.0
4751,583499,1975-06-23,48.0,F,False,False,canada,ottawa,YOW,45.323,-75.669,2023-02-09,169,8,16.875,0.375,124.25,2.0,69.0,84.0,8.666666666666666,0.0,3,3,1.0,0,0.0,3,3,1.0,697.3,405.946670389104,0.05,24.023,24.023,2067.877,1,0.3333333333333333,2.0,1.7320508075688772,1.6666666666666667,2.0816659994661326,Air Canada,3,0.3333333333333333,YOW-EFD,3,0.3333333333333333,2331.5062153846175,608.1983215769641,0.0,3,118.33333333333333,67.98774399355617,2,0.6666666666666666,0.075,12.2,24.4,330.6,3.6666666666666665,1.1547005383792515,2.0,1.7320508075688772,Radisson,2,0.6666666666666666,False,True,False,False,False,False,False,False,2398.477,48.423,1,3,5,2.9,2087.637366566633,5,5755.021721838506,False,348.65
4758,583931,1975-10-02,47.0,M,False,False,usa,newark,EWR,40.692,-74.169,2023-02-09,169,8,18.375,0.375,136.375,1.6,35.0,35.0,6.666666666666667,0.0,3,2,0.6666666666666666,0,0.0,2,1,0.5,50.535,61.96376723537716,0.0,0.0,0.0,101.07,0,0.0,1.0,0.0,0.5,0.7071067811865476,Delta Air Lines,2,0.5,EWR-JFK,2,0.5,528.352608088434,699.9710349979398,0.0,3,140.66666666666666,108.454291447288,1,0.3333333333333333,0.1,4.6,4.6,417.4,4.0,1.7320508075688772,1.0,0.0,Banyan Tree,3,0.3333333333333333,False,True,False,False,True,False,False,False,518.47,4.6,3,3,1,2.3000000000000003,451.2769334222519,1,1244.0419950333528,False,50.535
4765,584115,1987-11-01,35.0,F,False,True,usa,houston,IAH,29.98,-95.34,2023-02-09,169,8,21.625,0.5,837.050549125,1.3333333333333333,0.0,78.0,109.0,230.0,3,0,0.0,1,0.3333333333333333,1,1,1.0,0.0,0.0,0.0,0.0,0.0,0.0,1,1.0,2.0,0.0,1.0,0.0,China Southern Airlines,1,1.0,IAH-TPE,1,1.0,0.0,0.0,0.0,2,126.5,38.890872965260115,0,0.0,0.0,0.0,0.0,253.0,3.5,2.1213203435596424,1.5,0.7071067811865476,Extended Stay,2,0.5,False,False,True,True,True,False,False,True,253.0,0.0,5,3,1,3.1,220.21151494942757,1,607.060436946088,False,0.0
4771,584288,1986-07-17,37.0,F,False,False,usa,tallahassee,TLH,30.396,-84.35,2023-02-09,169,9,20.555555555555557,0.5555555555555556,152.11111111111111,1.8,27.0,27.0,9.4,0.0,5,5,1.0,0,0.0,5,4,0.8,360.624,149.004215645062,0.125,46.733,93.466,1709.654,2,0.4,1.2,0.4472135954999579,0.8,0.4472135954999579,Air Canada,5,0.2,TLH-JFK,5,0.2,2215.569452113745,929.2683502941705,0.0,5,171.6,113.098629523085,1,0.2,0.1,10.7,10.7,847.3,3.4,1.140175425099138,1.2,0.4472135954999579,Extended Stay,4,0.4,False,True,False,False,False,False,False,False,2556.954,104.166,3,5,5,4.2,1335.3455667889295,4,3681.1674604530767,False,300.52000000000004
4775,584530,1981-02-01,42.0,F,True,True,usa,brownsville,BRO,25.907,-97.426,2023-02-10,168,8,20.5,0.5,152.625,1.3333333333333333,21.0,61.0,6.75,0.0,4,4,1.0,0,0.0,4,4,1.0,799.1175,469.649299468941,0.125,108.69675,217.3935,2979.0765,2,0.5,1.5,0.5773502691896257,1.0,0.0,American Airlines,2,0.5,BRO-BFI,3,0.5,2704.962391769709,704.464020256576,0.0,4,128.25,46.11127844681819,1,0.25,0.1,17.9,17.9,495.1,6.25,4.112987559751022,1.5,0.5773502691896257,Best Western,4,0.25,False,True,False,False,False,False,False,False,3474.1765,235.2935,4,4,5,4.35,2267.9456628459484,5,6252.0803481753865,False,532.745
4777,584537,1974-07-23,49.0,F,True,False,usa,el paso,BIF,31.849,-106.38,2023-02-10,168,8,18.25,0.625,136.375,1.3333333333333333,15.0,15.0,6.8,0.0,5,3,0.6,0,0.0,4,4,1.0,215.765,165.22981056698,0.0,0.0,0.0,863.06,0,0.0,1.0,0.0,0.5,1.0,Alaska Airlines,4,0.25,BIF-AUS,4,0.25,1220.6098255324957,1011.4710608844844,0.0,4,203.75,128.777262485787,1,0.25,0.2,10.8,10.8,804.2,1.75,0.9574271077563381,1.0,0.0,Aman Resorts,4,0.25,False,True,False,False,True,False,False,False,1667.26,10.8,5,5,4,4.65,870.7111077025675,2,2400.3025709946273,False,215.765
4778,584549,1969-03-04,54.0,F,False,False,usa,st. louis,STL,38.748,-90.36,2023-02-10,168,11,38.54545454545455,0.45454545454545453,805.0,2.2,31.0,109.0,8.0,4.0,4,2,0.5,1,0.25,2,1,0.5,160.415,50.239936803304204,0.3,48.1245,96.249,224.581,2,1.0,1.0,0.0,0.5,0.7071067811865476,Air China,2,0.5,STL-IAH,2,0.5,1235.4457788872746,180.6547698389194,0.0,4,187.33333333333334,120.558422904969,1,0.25,0.0,0.0,0.0,562.0,4.0,3.3665016461206925,1.25,0.5,Shangri-La,4,0.25,False,False,False,False,False,False,False,True,786.581,96.249,3,4,2,2.9000000000000004,513.4808111870624,1,1415.520372194143,True,160.415
4781,584787,1958-07-21,65.0,F,True,False,usa,los angeles,LAX,33.942,-118.408,2023-02-10,168,9,41.0,0.4444444444444444,939.6666666666666,1.8,41.0,41.0,15.333333333333334,7.0,3,0,0.0,1,0.3333333333333333,1,1,1.0,0.0,0.0,0.0,0.0,0.0,0.0,1,1.0,1.0,0.0,0.0,0.0,American Airlines,1,1.0,LAX-DMA,1,1.0,0.0,0.0,0.0,2,123.0,4.242640687119285,0,0.0,0.0,0.0,0.0,246.0,9.5,4.949747468305833,1.5,0.7071067811865476,Best Western,2,0.5,False,False,True,True,True,False,False,True,246.0,0.0,2,3,1,1.9,214.1187062354118,1,590.2642983744571,False,0.0
4782,584843,1968-07-03,55.0,F,True,True,usa,san diego,SAN,32.733,-117.189,2023-02-10,168,9,30.0,0.3333333333333333,443.55076544444444,1.8,55.0,146.0,10.0,2.0,2,2,1.0,1,0.5,2,2,1.0,711.6,0.0,0.0,0.0,0.0,711.6,1,0.5,1.0,0.0,0.0,0.0,AirTran Airways,2,0.5,SAN-BWI,2,0.5,3927.9729955530206,171.40087844426162,0.0,2,102.0,0.0,1,0.5,0.0,0.0,0.0,102.0,3.5,3.5355339059327378,1.0,0.0,Aman Resorts,2,0.5,False,False,False,False,True,False,False,True,813.6,0.0,2,2,2,2.0,1062.2376792264088,2,2928.286787545477,True,711.6
4786,584977,1978-02-18,45.0,M,False,False,usa,fort worth,FTW,32.82,-97.362,2023-02-10,168,8,22.0,0.375,163.125,1.3333333333333333,12.0,59.0,9.0,0.0,3,3,1.0,0,0.0,3,3,1.0,429.46,355.452510048811,0.05,3.3765,3.3765,1285.0035,1,0.3333333333333333,1.3333333333333333,0.5773502691896257,0.3333333333333333,0.5773502691896257,Air Canada,3,0.3333333333333333,FTW-IAH,3,0.3333333333333333,1828.3129114485973,1254.110715858015,0.0,3,229.66666666666666,192.780531520518,0,0.0,0.0,0.0,0.0,689.0,3.6666666666666665,1.5275252316519468,1.3333333333333333,0.5773502691896257,Four Seasons,3,0.3333333333333333,False,True,False,False,False,False,False,True,1974.0035,3.3765,5,3,4,4.15,1718.1751037568079,4,4736.519475269198,False,322.095
4787,584998,1968-05-20,55.0,F,True,False,usa,lincoln,LNK,40.851,-96.759,2023-02-10,168,8,24.125,0.5,177.875,1.3333333333333333,7.0,7.0,8.5,0.0,4,2,0.5,0,0.0,2,2,1.0,313.195,65.32959551382513,0.0,0.0,0.0,626.39,0,0.0,1.0,0.0,1.5,0.7071067811865476,Alitalia,2,0.5,LNK-HOU,2,0.5,1606.5996414423946,492.10891562995397,0.0,4,108.0,50.39179827445468,1,0.25,0.1,3.4,3.4,428.6,6.25,2.629955639676583,1.25,0.5,Aman Resorts,4,0.25,False,True,False,False,True,False,False,False,1054.99,3.4,5,4,3,4.05,688.6984569856619,1,1898.5455248233795,False,313.195
4790,585187,1967-04-27,56.0,F,True,False,usa,philadelphia,PHL,39.872,-75.241,2023-02-10,168,7,20.285714285714285,0.2857142857142857,149.42857142857142,1.4,43.0,153.0,7.0,0.0,2,2,1.0,0,0.0,2,2,1.0,332.445,431.526055354714,0.15,95.637,95.637,569.253,1,0.5,1.0,0.0,1.0,0.0,American Airlines,2,0.5,PHL-LGA,2,0.5,1687.711352226066,2173.787024505703,0.0,2,85.0,12.727922061357855,1,0.5,0.15,11.4,11.4,158.6,3.0,1.414213562373095,1.0,0.0,Accor,2,0.5,False,True,False,False,False,False,False,False,727.853,107.037,2,2,2,2.0,950.2862359119706,2,2619.668538809413,True,332.445
4801,585650,1992-09-16,30.0,F,False,False,usa,portland,PDX,45.589,-122.597,2023-02-10,168,8,49.625,0.5,1104.125,1.3333333333333333,11.0,77.0,10.0,7.0,3,1,0.3333333333333333,1,0.3333333333333333,1,1,1.0,161.59,0.0,0.0,0.0,0.0,161.59,0,0.0,1.0,0.0,0.0,0.0,Cebu Pacific,1,1.0,PDX-SJI,1,1.0,916.482174374152,0.0,0.0,3,288.5,82.73149339882606,2,0.6666666666666666,0.2,46.0,46.0,531.0,5.0,2.6457513110645907,1.3333333333333333,0.5773502691896257,Starwood,2,0.6666666666666666,False,False,False,True,True,False,False,False,692.59,46.0,5,3,2,3.45,602.8311981771702,1,1661.8339447608346,False,161.59
4804,585745,1976-11-07,46.0,F,True,False,usa,lubbock,LBB,33.664,-101.823,2023-02-10,168,8,22.0,0.5,163.375,1.3333333333333333,10.0,10.0,8.0,0.0,4,3,0.75,0,0.0,4,4,1.0,315.655,140.972590598315,0.0,0.0,0.0,1262.62,0,0.0,1.0,0.0,0.0,0.0,Alaska Airlines,4,0.25,LBB-JFK,3,0.5,1848.0460119462641,899.0733571476574,0.0,3,211.66666666666666,126.531945900367,1,0.3333333333333333,0.05,17.85,17.85,617.15,3.0,2.0,1.0,0.0,Conrad,3,0.3333333333333333,False,True,False,False,True,False,False,False,1879.77,17.85,5,4,4,4.4,1227.1156110370123,3,3382.8082931565646,False,315.655
4813,586038,1997-04-12,26.0,F,False,False,canada,calgary,YYC,51.114,-114.02,2023-02-10,168,8,16.875,0.5,127.125,1.3333333333333333,22.0,22.0,10.0,0.0,4,4,1.0,0,0.0,4,4,1.0,431.665,119.441922986306,0.0,0.0,0.0,1726.66,0,0.0,1.0,0.0,0.75,0.9574271077563381,American Airlines,4,0.25,YYC-CLT,4,0.25,2365.609673258317,694.9458577102367,0.0,4,141.75,87.4008962577997,1,0.25,0.25,37.0,37.0,530.0,3.25,1.2583057392117916,1.0,0.0,NH Hotel,3,0.5,False,True,False,False,True,False,False,False,2256.66,37.0,4,4,5,4.35,1473.149754918306,4,4061.054364541775,False,431.665
4818,586124,1981-05-10,42.0,M,False,False,usa,louisville,LOU,38.228,-85.664,2023-02-10,168,8,17.125,0.25,127.75,2.0,69.0,69.0,8.0,0.0,2,2,1.0,0,0.0,2,2,1.0,215.045,3.9527269068328006,0.0,0.0,0.0,430.09,0,0.0,1.0,0.0,1.0,0.0,Southwest Airlines,2,0.5,LOU-DAL,2,0.5,1141.0857987445656,47.4685083446709,0.0,2,166.5,139.30003589375,1,0.5,0.05,13.25,13.25,319.75,5.5,4.949747468305833,1.0,0.0,Best Western,2,0.5,False,True,False,False,True,False,False,False,749.84,13.25,1,2,2,1.6,978.992504168056,2,2698.803545689652,False,215.045
4819,586192,1975-04-12,48.0,F,True,False,usa,lincoln,LNK,40.851,-96.759,2023-02-10,168,8,34.625,0.375,972.25,1.3333333333333333,10.0,104.0,117.0,131.0,2,1,0.5,1,0.5,2,2,1.0,207.0,0.0,0.0,0.0,0.0,207.0,1,0.5,1.0,0.0,0.5,0.7071067811865476,WestJet,2,0.5,LNK-SFO,2,0.5,1154.456722980988,758.4745126142279,0.0,1,202.0,0.0,0,0.0,0.0,0.0,0.0,202.0,3.0,0.0,1.0,0.0,Accor,1,1.0,False,False,False,False,True,False,True,True,409.0,0.0,5,2,1,2.85,533.9911637212404,1,1472.0615733850789,True,207.0
4820,586251,1988-06-12,35.0,F,False,True,usa,long beach,LGB,33.818,-118.151,2023-02-10,168,8,40.5,0.5,1015.25,1.6,37.0,37.0,117.66666666666667,337.0,3,2,0.6666666666666666,1,0.3333333333333333,3,3,1.0,403.67,74.47248619456718,0.0,0.0,0.0,807.34,1,0.3333333333333333,1.0,0.0,0.6666666666666666,0.5773502691896257,Air China,3,0.3333333333333333,LGB-SZX,3,0.3333333333333333,2387.4896652133048,5375.833423747935,0.0,2,109.5,85.55992052357225,1,0.5,0.1,4.9,4.9,214.1,7.0,8.48528137423857,1.0,0.0,Banyan Tree,2,0.5,False,False,False,False,True,False,False,False,1021.44,4.9,3,3,2,2.6500000000000004,889.0626475491831,2,2450.89254037238,False,403.67
4823,586272,2006-04-05,17.0,F,False,False,usa,colorado springs,COS,38.806,-104.7,2023-02-10,168,8,40.25,0.375,1014.375,4.0,118.0,126.0,89.5,161.0,2,1,0.5,1,0.5,2,2,1.0,367.45,0.0,0.0,0.0,0.0,367.45,1,0.5,1.0,0.0,0.0,0.0,American Airlines,1,1.0,COS-YYC,2,0.5,2178.789038455097,444.75623822373205,0.0,1,136.0,0.0,0,0.0,0.0,0.0,0.0,136.0,2.0,0.0,1.0,0.0,Four Seasons,1,1.0,False,False,False,False,True,False,True,True,503.45,0.0,1,2,1,1.25,657.3052600866955,1,1812.0034208330512,True,367.45
4827,586384,1990-07-20,33.0,F,False,False,canada,toronto,YTZ,43.627,-79.396,2023-02-10,168,8,24.25,0.75,178.625,1.3333333333333333,18.0,18.0,6.666666666666667,0.0,6,3,0.5,0,0.0,4,4,1.0,258.255,255.001660713546,0.3,190.014,190.014,843.006,1,0.25,1.25,0.5,0.5,0.5773502691896257,American Airlines,3,0.5,YTZ-JFK,4,0.25,1298.2772123761285,1476.1060524352722,0.0,5,198.6,65.44310506080835,2,0.4,0.22499999999999995,42.27499999999999,84.54999999999998,908.45,5.6,3.6469165057620936,1.0,0.0,Aman Resorts,5,0.2,False,True,False,False,False,False,False,False,1751.4560000000001,274.56399999999996,4,5,4,4.25,762.2347413582305,2,2101.2641198653114,False,206.60399999999998
4831,586637,1977-05-22,46.0,F,True,False,usa,chicago,MDW,41.786,-87.752,2023-02-11,167,7,18.0,0.42857142857142855,133.42857142857142,1.1666666666666667,18.0,18.0,7.333333333333333,0.0,3,2,0.6666666666666666,0,0.0,2,2,1.0,336.855,190.105658122003,0.0,0.0,0.0,673.71,0,0.0,2.0,1.414213562373095,0.5,0.7071067811865476,Allegiant Air,2,0.5,MDW-CMH,2,0.5,1632.9128410445771,1666.9041229588972,0.0,3,208.66666666666666,138.030189934425,1,0.3333333333333333,0.1,18.5,18.5,607.5,5.666666666666667,2.516611478423583,2.3333333333333335,1.1547005383792515,Banyan Tree,3,0.3333333333333333,False,True,False,False,True,False,False,False,1281.21,18.5,4,3,3,3.4,1115.1667789263088,3,3074.1972427656024,False,168.4275
4835,586701,1982-05-05,41.0,M,False,False,usa,philadelphia,PNE,40.082,-75.011,2023-02-11,167,7,18.714285714285715,0.42857142857142855,140.28571428571428,1.4,28.0,28.0,8.0,0.0,3,2,0.6666666666666666,0,0.0,2,1,0.5,243.02,245.069068223634,0.1,41.631,41.631,444.409,1,0.5,1.0,0.0,0.0,0.0,Air France,2,0.5,PNE-AUS,2,0.5,1521.2705842462392,1137.809809351665,0.0,3,211.0,202.778203956934,0,0.0,0.0,0.0,0.0,633.0,6.333333333333333,4.041451884327381,1.0,0.0,Aman Resorts,2,0.6666666666666666,False,True,False,False,False,False,False,True,1077.409,41.631,3,3,3,3.0,937.7781348227187,2,2585.1872660460385,False,243.02
4836,586721,2006-10-21,16.0,F,False,False,usa,new york,LGA,40.777,-73.872,2023-02-11,167,8,49.0,0.25,1121.25,1.3333333333333333,21.0,148.0,5.0,4.0,1,0,0.0,1,1.0,0,0,0.0,0.0,0.0,0.0,0.0,0.0,0.0,0,0.0,0.0,0.0,0.0,0.0,MISSING,0,0.0,MISSING,0,0.0,0.0,0.0,0.0,1,0.0,0.0,1,1.0,0.0,0.0,0.0,0.0,18.0,0.0,1.0,0.0,Fairmont,1,1.0,False,False,True,False,True,True,True,True,0.0,0.0,4,1,0,1.85,0.0,1,0.0,True,
4842,586820,1981-06-03,42.0,F,True,False,canada,toronto,YYZ,43.677,-79.631,2023-02-11,167,8,21.25,0.5,159.0,1.6,28.0,85.0,7.5,0.0,4,3,0.75,0,0.0,4,4,1.0,291.1725,136.985926619002,0.125,29.907,59.814,1104.876,2,0.5,1.75,0.9574271077563381,0.25,0.5,Air Canada,4,0.25,YYZ-CLT,4,0.25,1203.518349787715,1004.7970637878154,0.0,3,373.6666666666667,178.421784918023,1,0.3333333333333333,0.15,65.7,65.7,1055.3,8.0,8.660254037844387,1.6666666666666667,1.1547005383792515,Extended Stay,3,0.3333333333333333,False,True,False,False,False,False,False,False,2160.176,125.514,3,4,4,3.6,1410.1649096365454,4,3887.4230823333573,False,166.3842857142857
4845,586876,1989-09-18,33.0,F,False,True,canada,toronto,YZD,43.742,-79.466,2023-02-11,167,8,17.625,0.5,131.25,1.6,33.0,75.0,7.5,0.0,4,3,0.75,0,0.0,3,3,1.0,118.9,18.891720408686975,0.15,20.196,20.196,336.504,1,0.3333333333333333,1.0,0.0,0.6666666666666666,0.5773502691896257,Delta Air Lines,2,0.6666666666666666,YZD-IND,3,0.3333333333333333,702.2709456391386,112.28035283248143,0.0,4,212.75,126.857860090208,0,0.0,0.0,0.0,0.0,851.0,5.25,3.593976442141304,1.25,0.5,Aman Resorts,4,0.25,False,True,False,False,False,False,False,True,1187.504,20.196,3,4,3,3.25,775.2037199066355,2,2137.015900539211,False,118.9
4852,587234,1984-01-07,39.0,F,False,True,canada,toronto,YZD,43.742,-79.466,2023-02-11,167,9,24.666666666666668,0.4444444444444444,786.1138921111111,1.5,2.0,17.0,89.33333333333333,238.0,3,3,1.0,1,0.3333333333333333,3,3,1.0,141.98,56.32812618932038,0.0,0.0,0.0,283.96,1,0.3333333333333333,1.0,0.0,0.3333333333333333,0.5773502691896257,Xiamen Airlines,3,0.3333333333333333,YZD-SZX,3,0.3333333333333333,802.264747838618,6764.094834119575,0.0,3,161.0,31.11269837220809,2,0.6666666666666666,0.05,9.15,9.15,312.85,7.0,4.358898943540674,1.0,0.0,Rosewood,3,0.3333333333333333,False,False,False,False,True,False,False,False,596.81,9.15,5,3,1,3.1,519.4641669445369,1,1432.0147801335759,False,141.98
4853,587304,1975-01-18,48.0,F,True,False,usa,chicago,MDW,41.786,-87.752,2023-02-11,167,8,20.0,0.375,149.125,1.6,54.0,72.0,4.666666666666667,0.0,3,2,0.6666666666666666,0,0.0,2,2,1.0,155.535,40.51014749417731,0.3,38.067,38.067,273.003,1,0.5,1.0,0.0,1.0,0.0,Air Canada,2,0.5,MDW-YOW,2,0.5,884.9690050016259,231.70741791894713,0.0,3,143.33333333333334,114.286190475198,1,0.3333333333333333,0.05,3.1,3.1,426.9,3.6666666666666665,1.1547005383792515,1.0,0.0,Marriott,3,0.3333333333333333,False,True,False,False,False,False,False,False,699.903,41.167,2,3,2,2.25,609.1964424808269,1,1679.3811106714538,False,155.535
4859,587538,1982-12-24,40.0,F,False,True,usa,kansas city,MCI,39.297,-94.714,2023-02-11,167,9,16.88888888888889,0.3333333333333333,126.44444444444444,1.5,15.0,116.0,8.0,0.0,3,1,0.3333333333333333,0,0.0,2,2,1.0,302.16,133.812887271742,0.1,39.678,39.678,564.642,1,0.5,1.5,0.7071067811865476,0.0,0.0,American Airlines,1,1.0,MCI-LAX,2,0.5,1419.7649961914294,1088.790239059805,0.0,2,274.5,62.932503525602726,0,0.0,0.0,0.0,0.0,549.0,3.5,3.5355339059327378,2.0,0.0,Banyan Tree,2,0.5,False,True,False,False,False,False,False,True,1113.642,39.678,5,3,3,3.8,969.3153831277092,2,2672.1264787411674,True,201.44000000000003
4863,587675,1980-10-19,42.0,F,False,False,usa,atlanta,ATL,33.64,-84.427,2023-02-11,167,8,29.625,0.375,966.375,1.3333333333333333,15.0,42.0,103.0,170.0,2,1,0.5,1,0.5,2,2,1.0,70.84,0.0,0.0,0.0,0.0,70.84,1,0.5,1.6666666666666667,0.7071067811865476,1.5,0.7071067811865476,Air India Limited,2,0.5,ATL-DEL,2,0.5,364.30470095323784,8814.397139941388,0.0,1,286.0,0.0,0,0.0,0.0,0.0,0.0,286.0,7.0,0.0,1.0,0.0,NH Hotel,1,1.0,False,False,False,False,True,False,True,True,356.84,0.0,5,2,1,2.85,465.8909703234411,1,1284.328733121593,False,42.504
4866,587754,1974-09-08,48.0,F,True,True,usa,austin,AUS,30.194,-97.67,2023-02-11,167,9,16.0,0.3333333333333333,298.4755667777778,1.5,10.0,101.0,117.5,134.0,2,1,0.5,1,0.5,2,2,1.0,445.54,0.0,0.0,0.0,0.0,445.54,1,0.5,3.6666666666666665,2.8284271247461903,2.0,2.8284271247461903,Ryanair,2,0.5,AUS-LSQ,2,0.5,2708.294381612006,504.83544469431774,0.0,1,170.0,0.0,0,0.0,0.0,0.0,0.0,170.0,2.0,0.0,1.0,0.0,Banyan Tree,1,1.0,False,False,False,False,True,False,True,True,615.54,0.0,5,2,2,3.2,803.6501733911304,2,2215.4346720817884,True,121.5109090909091
4868,587810,1970-12-01,52.0,F,False,True,usa,lincoln,LNK,40.851,-96.759,2023-02-11,167,8,21.75,0.375,161.0,1.6,39.0,78.0,5.0,0.0,3,2,0.6666666666666666,0,0.0,3,3,1.0,365.47,185.158581761689,0.15,86.5635,86.5635,1009.8465,1,0.3333333333333333,1.3333333333333333,0.5773502691896257,0.6666666666666666,0.5773502691896257,American Airlines,3,0.3333333333333333,LNK-LUF,2,0.6666666666666666,1556.023398653312,79.21749289950114,0.0,2,340.0,165.462986797652,0,0.0,0.0,0.0,0.0,680.0,4.5,3.5355339059327378,1.0,0.0,Conrad,2,0.5,False,True,False,False,False,False,False,True,1689.8465,86.5635,3,3,4,3.35,1470.8444972212963,4,4054.6994255407812,False,274.1025
4884,588677,1990-07-18,33.0,F,True,True,usa,atlanta,ATL,33.64,-84.427,2023-02-12,166,7,19.0,0.2857142857142857,140.71428571428572,1.4,28.0,152.0,6.5,0.0,2,2,1.0,0,0.0,2,2,1.0,414.41,277.341421716988,0.0,0.0,0.0,828.82,0,0.0,1.0,0.0,0.5,0.7071067811865476,Air France,2,0.5,ATL-JFK,2,0.5,2309.7038412752177,1538.5620989849933,0.0,2,78.5,28.991378028648448,1,0.5,0.05,4.95,4.95,152.05,2.5,0.7071067811865476,1.0,0.0,Radisson,2,0.5,False,True,False,False,True,False,False,False,980.87,4.95,3,2,2,2.4000000000000004,1280.625703567856,3,3530.320380161913,True,414.41
4889,588919,1970-04-16,53.0,F,True,True,usa,fort worth,FTW,32.82,-97.362,2023-02-12,166,8,16.25,0.25,121.5,1.6,39.0,150.0,6.5,0.0,2,1,0.5,0,0.0,1,1,1.0,218.05,0.0,0.0,0.0,0.0,218.05,0,0.0,1.0,0.0,2.0,0.0,Southwest Airlines,1,1.0,FTW-IND,1,1.0,1252.416971494906,0.0,0.0,2,305.0,319.612265096319,1,0.5,0.05,3.95,3.95,606.05,5.5,4.949747468305833,1.0,0.0,Choice Hotels,2,0.5,False,True,False,True,True,False,False,False,824.1,3.95,3,2,2,2.4000000000000004,1075.9464988329444,3,2966.078099331647,True,218.05
4894,589154,1986-06-10,37.0,F,True,True,usa,washington,DCA,38.852,-77.037,2023-02-12,166,8,18.25,0.5,135.125,1.3333333333333333,10.0,10.0,5.0,0.0,4,3,0.75,0,0.0,3,3,1.0,345.1433333333333,298.975638862656,0.05,16.119,16.119,1019.311,1,0.3333333333333333,1.0,0.0,0.3333333333333333,0.5773502691896257,JetBlue Airways,2,0.6666666666666666,DCA-LAX,3,0.3333333333333333,1970.7533906618075,1687.1720996628953,0.0,4,208.75,80.88417645003256,0,0.0,0.0,0.0,0.0,835.0,13.75,19.517086531208154,1.25,0.5,Aman Resorts,4,0.25,False,True,False,False,False,False,False,True,1854.311,16.119,5,4,4,4.4,1210.4959520673558,3,3336.992626167799,False,345.1433333333333
4900,589306,1983-12-24,39.0,F,False,True,usa,new york,LGA,40.777,-73.872,2023-02-12,166,8,20.375,0.5,150.5,1.6,33.0,123.0,7.25,0.0,4,4,1.0,0,0.0,4,4,1.0,262.49,267.475726624554,0.0,0.0,0.0,1049.96,0,0.0,1.0,0.0,0.75,0.5,Air Canada,4,0.25,LGA-MDW,4,0.25,1379.4989417453787,1287.5459566780523,0.0,4,158.25,56.60609507818041,1,0.25,0.05,11.3,11.3,621.7,2.75,1.5,1.0,0.0,Banyan Tree,4,0.25,False,True,False,False,True,False,False,False,1671.66,11.3,3,4,4,3.6,1091.2612087362454,3,3008.296393355625,True,262.49
4902,589404,1983-06-25,40.0,F,False,True,usa,new orleans,MSY,29.993,-90.258,2023-02-12,166,8,50.5,0.625,1089.375,1.3333333333333333,10.0,46.0,10.5,3.0,4,2,0.5,1,0.25,2,2,1.0,287.27,89.43486568447453,0.0,0.0,0.0,574.54,0,0.0,1.0,0.0,0.0,0.0,Ryanair,2,0.5,MSY-DET,2,0.5,1637.775807871481,160.01923169646747,0.0,4,111.33333333333333,42.12283624512164,1,0.25,0.0,0.0,0.0,334.0,7.5,5.5677643628300215,1.75,0.9574271077563381,Crowne Plaza,4,0.25,False,False,False,False,True,False,False,True,908.54,0.0,5,4,2,3.7,593.0957602534178,1,1634.9961147717354,False,287.27
4907,589630,1975-03-21,48.0,F,True,True,usa,charlotte,CLT,35.214,-80.943,2023-02-12,166,8,18.5,0.5,138.375,1.3333333333333333,13.0,13.0,6.25,0.0,4,2,0.5,0,0.0,3,3,1.0,521.4333333333333,245.519788476068,0.0,0.0,0.0,1564.3,0,0.0,1.3333333333333333,0.5773502691896257,0.0,0.0,Conviasa,3,0.3333333333333333,CLT-BFI,3,0.3333333333333333,2238.034301547727,1251.1994820084115,0.0,3,149.66666666666666,85.90886644190653,1,0.3333333333333333,0.1,12.2,12.2,436.8,7.333333333333333,5.131601439446884,1.3333333333333333,0.5773502691896257,Crowne Plaza,3,0.3333333333333333,False,True,False,False,True,False,False,False,2001.1,12.2,5,4,4,4.4,1306.3199483161052,3,3601.1520959668474,False,391.075
4908,589650,1985-06-05,38.0,F,False,False,canada,montreal,YHU,45.517,-73.417,2023-02-12,166,8,29.875,0.375,221.75,2.0,57.0,57.0,8.0,0.0,3,2,0.6666666666666666,0,0.0,2,2,1.0,387.5,402.075057918295,0.1,67.181,67.181,707.819,1,0.5,1.5,0.7071067811865476,0.5,0.7071067811865476,American Airlines,2,0.5,YHU-LGA,2,0.5,1184.7397513655847,907.4264741515292,0.0,3,164.33333333333334,105.27266185165706,0,0.0,0.0,0.0,0.0,493.0,2.3333333333333335,0.5773502691896257,1.6666666666666667,0.5773502691896257,Choice Hotels,3,0.3333333333333333,False,True,False,False,False,False,False,True,1200.819,67.181,2,3,3,2.5999999999999996,1045.1943524508167,2,2881.3031890638904,False,258.3333333333333
4909,589758,1976-11-09,46.0,F,True,False,usa,washington,IAD,38.944,-77.456,2023-02-12,166,7,28.857142857142858,0.5714285714285714,212.14285714285714,1.4,49.0,66.0,8.25,0.0,4,3,0.75,0,0.0,3,3,1.0,565.4233333333333,180.283510431025,0.05,32.5225,32.5225,1663.7475,1,0.3333333333333333,1.0,0.0,0.6666666666666666,0.5773502691896257,American Airlines,3,0.3333333333333333,IAD-AUS,3,0.3333333333333333,3173.768274011522,944.4959730939772,0.0,4,127.25,71.58386689750701,0,0.0,0.0,0.0,0.0,509.0,2.75,1.2583057392117916,1.0,0.0,Hilton,3,0.5,False,True,False,False,False,False,False,True,2172.7475,32.5225,2,4,4,3.2,1418.371596573858,4,3910.0465811962063,False,565.4233333333333
4915,589977,1973-02-09,50.0,F,True,False,canada,toronto,YYZ,43.677,-79.631,2023-02-12,166,8,25.5,0.5,190.125,1.3333333333333333,25.0,44.0,7.75,0.0,4,4,1.0,0,0.0,4,4,1.0,159.0925,78.69537486409223,0.275,32.40225,64.8045,571.5655,2,0.5,1.0,0.0,0.5,0.5773502691896257,United Airlines,3,0.5,YYZ-IND,3,0.5,874.4747578192678,418.06937726427924,0.0,4,185.5,70.35386746062129,0,0.0,0.0,0.0,0.0,742.0,2.75,1.2583057392117916,1.0,0.0,Conrad,3,0.5,False,True,False,False,False,False,False,True,1313.5655,64.8045,4,4,3,3.65,857.4967848032677,2,2363.8744458121732,False,159.0925
4932,590404,1972-03-23,51.0,F,True,True,usa,san antonio,RND,29.529,-98.279,2023-02-12,166,8,20.375,0.5,152.125,1.3333333333333333,15.0,15.0,7.25,0.0,4,4,1.0,0,0.0,4,4,1.0,499.31,439.812593953379,0.075,13.5045,27.009,1970.231,2,0.5,1.25,0.5,0.5,0.5773502691896257,United Airlines,3,0.5,RND-JFK,3,0.5,2054.6823743696787,1124.4201296159047,0.0,4,95.75,11.7011395456454,0,0.0,0.0,0.0,0.0,383.0,4.0,2.160246899469287,1.25,0.5,Wyndham,3,0.5,False,True,False,False,False,False,False,True,2353.231,27.009,5,4,5,4.75,1536.1913938812938,4,4234.842210756165,False,399.448
4938,590468,2001-05-18,22.0,F,False,False,usa,new york,JFK,40.64,-73.779,2023-02-12,166,8,22.375,0.25,165.75,1.3333333333333333,8.0,150.0,5.5,0.0,2,0,0.0,0,0.0,1,1,1.0,31.29,0.0,0.2,6.258,6.258,25.032,1,1.0,1.0,0.0,1.0,0.0,AirTran Airways,1,1.0,JFK-PHL,1,1.0,150.61180634275559,0.0,0.0,1,71.0,0.0,0,0.0,0.0,0.0,0.0,71.0,11.0,0.0,1.0,0.0,Four Seasons,1,1.0,False,True,False,True,False,False,True,True,96.032,6.258,5,2,1,2.85,125.37955851950649,1,345.63573842375524,True,31.29
4947,590905,1982-09-10,40.0,F,True,False,usa,houston,EFD,29.607,-95.159,2023-02-13,165,8,16.25,0.5,120.875,1.6,28.0,28.0,9.25,0.0,4,3,0.75,0,0.0,3,3,1.0,297.18666666666667,219.369916199404,0.15,27.599,55.198,836.362,2,0.6666666666666666,1.6666666666666667,1.1547005383792515,0.6666666666666666,1.1547005383792515,Alaska Airlines,3,0.3333333333333333,EFD-AUS,3,0.3333333333333333,1115.2049921770322,1143.7289331851603,0.0,4,159.75,39.59271818571356,1,0.25,0.05,6.85,6.85,632.15,3.25,2.0615528128088303,1.5,1.0,Banyan Tree,4,0.25,False,True,False,False,False,False,False,False,1468.512,62.048,3,4,3,3.25,958.6460046682226,2,2642.714040653874,False,178.31199999999998
4952,591003,1977-06-15,46.0,F,False,True,usa,philadelphia,PNE,40.082,-75.011,2023-02-13,165,8,17.0,0.5,127.125,1.6,41.0,79.0,9.0,0.0,4,3,0.75,0,0.0,4,4,1.0,305.5975,301.467067120661,0.0,0.0,0.0,1222.39,0,0.0,1.0,0.0,0.75,0.5,JetBlue Airways,3,0.5,PNE-DEN,4,0.25,1766.1733237094777,1749.416466397564,0.0,3,136.0,55.018178813915675,1,0.3333333333333333,0.1,9.3,9.3,398.7,4.666666666666667,3.7859388972001824,1.0,0.0,Aman Resorts,3,0.3333333333333333,False,True,False,False,True,False,False,False,1621.09,9.3,2,4,4,3.2,1058.2490655218405,2,2917.2913154019775,False,305.5975
4953,591063,1970-03-05,53.0,F,True,False,canada,toronto,YTZ,43.627,-79.396,2023-02-13,165,8,41.25,0.375,1027.5,2.0,57.0,63.0,102.0,191.0,2,0,0.0,1,0.5,2,2,1.0,561.31,0.0,0.0,0.0,0.0,561.31,1,0.5,1.6666666666666667,0.7071067811865476,1.0,0.0,American Airlines,2,0.5,YTZ-KUL,2,0.5,3018.6047192470096,8371.334136208985,0.0,0,0.0,0.0,0,0.0,0.0,0.0,0.0,0.0,0.0,0.0,0.0,0.0,MISSING,0,0.0,False,False,False,False,True,True,False,True,561.31,0.0,2,2,1,1.65,732.8473841280426,1,2020.2515446376003,False,336.78599999999994
4962,591582,1993-08-27,29.0,M,True,False,canada,montreal,YUL,45.468,-73.741,2023-02-13,165,8,29.75,0.625,287.75,1.3333333333333333,6.0,7.0,6.5,6.0,4,4,1.0,1,0.25,4,4,1.0,700.9533333333334,64.32445983708945,0.1,75.568,75.568,2027.292,2,0.5,1.4,1.0,0.5,0.5773502691896257,United Airlines,3,0.5,YUL-YYC,4,0.25,3082.0971688130508,1333.6149043023602,0.0,4,100.33333333333333,14.977761292440647,1,0.25,0.0,0.0,0.0,301.0,4.5,3.6968455021364726,1.5,1.0,Best Western,3,0.5,False,False,False,False,False,False,False,True,2328.292,75.568,5,4,5,4.75,1519.9111913971324,4,4189.962328630675,False,500.6809523809524
4968,591888,1972-03-14,51.0,F,True,False,usa,denver,DEN,39.858,-104.667,2023-02-13,165,8,17.25,0.625,127.625,1.3333333333333333,26.0,26.0,9.8,0.0,5,5,1.0,0,0.0,5,5,1.0,248.644,82.40790938981525,0.1,21.212,21.212,1222.008,1,0.2,1.0,0.0,0.6,0.5477225575051661,United Airlines,4,0.4,DEN-CLT,5,0.2,1385.3006709344268,470.2252353294728,0.0,5,170.2,50.88909509904848,3,0.6,0.11666666666666667,20.616666666666667,61.85,789.15,2.6,2.3021728866442674,1.0,0.0,Wyndham,4,0.4,False,True,False,False,False,False,False,False,2011.158,83.062,4,5,4,4.25,1050.3086560853617,2,2895.4018677809177,False,248.644
4969,592035,1980-07-11,43.0,F,False,True,usa,jacksonville,LRF,34.918,-92.146,2023-02-13,165,9,31.666666666666668,0.4444444444444444,836.8575247777778,2.25,74.0,74.0,8.0,2.0,3,2,0.6666666666666666,1,0.3333333333333333,3,3,1.0,299.465,119.53640135958585,0.3999999999999999,0.0,0.0,598.93,1,0.3333333333333333,1.5,0.5773502691896257,0.6666666666666666,0.5773502691896257,Delta Air Lines,3,0.3333333333333333,LRF-PNE,3,0.3333333333333333,838.9546096239217,459.1854967493171,0.0,2,21.0,0.0,1,0.5,0.0,0.0,0.0,21.0,5.5,3.5355339059327378,1.5,0.7071067811865476,Choice Hotels,2,0.5,False,False,False,False,True,False,False,True,619.93,0.0,1,3,2,1.8499999999999999,539.5878437256863,1,1487.4900263873055,False,199.64333333333332
4981,592403,1943-09-23,79.0,M,False,False,canada,edmonton,YED,53.667,-113.467,2023-02-13,165,8,38.25,0.375,999.875,1.3333333333333333,3.0,15.0,188.5,352.0,2,1,0.5,1,0.5,1,1,1.0,0.0,0.0,0.05,0.0,0.0,0.0,1,1.0,2.0,0.0,1.0,0.0,KLM Royal Dutch Airlines,1,1.0,YED-AMS,1,1.0,0.0,0.0,0.0,2,236.0,0.0,2,1.0,0.075,11.8,11.8,224.2,6.5,2.1213203435596424,1.5,0.7071067811865476,Best Western,2,0.5,False,False,True,True,True,False,False,False,224.2,11.8,5,2,1,2.85,292.71593864621536,1,806.9344859484955,False,0.0
5006,593833,2001-04-20,22.0,F,False,False,usa,detroit,YIP,42.238,-83.53,2023-02-14,164,9,44.888888888888886,0.2222222222222222,970.1111111111111,1.8,30.0,163.0,7.0,2.0,1,1,1.0,1,1.0,1,1,1.0,0.0,0.0,0.0,0.0,0.0,0.0,1,1.0,1.0,0.0,0.0,0.0,Alaska Airlines,1,1.0,YIP-YYC,1,1.0,0.0,0.0,0.0,1,0.0,0.0,1,1.0,0.05,0.0,0.0,0.0,1.0,0.0,1.0,0.0,Banyan Tree,1,1.0,False,False,True,True,True,True,True,True,0.0,0.0,3,1,0,1.4500000000000002,0.0,1,0.0,True,0.0
5009,594027,1990-04-08,33.0,F,False,True,usa,san francisco,SFO,37.619,-122.375,2023-02-14,164,8,25.5,0.5,310.747780875,1.3333333333333333,8.0,95.0,9.333333333333334,2.0,3,2,0.6666666666666666,1,0.3333333333333333,2,2,1.0,583.68,0.0,0.15,87.552,87.552,496.128,2,1.0,1.0,0.0,0.5,0.7071067811865476,Delta Air Lines,2,0.5,SFO-LGA,2,0.5,2977.502268552511,830.3351782222102,0.0,3,139.5,27.577164466275352,1,0.3333333333333333,0.0,0.0,0.0,279.0,4.333333333333333,4.041451884327381,1.3333333333333333,0.5773502691896257,Hyatt,3,0.3333333333333333,False,False,False,False,False,False,False,True,775.128,87.552,5,3,2,3.45,674.6723761253752,1,1859.8796141073017,True,583.68
5024,594644,1973-01-14,50.0,F,True,False,usa,shreveport,BAD,32.502,-93.663,2023-02-14,164,8,21.875,0.375,161.75,1.6,52.0,98.0,7.0,0.0,3,3,1.0,0,0.0,3,2,0.6666666666666666,221.62333333333333,29.913880278782514,0.0,0.0,0.0,664.87,0,0.0,1.0,0.0,1.3333333333333333,0.5773502691896257,Ryanair,2,0.6666666666666666,BAD-LSV,3,0.3333333333333333,1929.438447105808,736.2655885324364,0.0,3,166.66666666666666,186.537753104655,1,0.3333333333333333,0.15,11.7,11.7,488.3,3.6666666666666665,1.1547005383792515,1.0,0.0,Choice Hotels,3,0.3333333333333333,False,True,False,False,True,False,False,False,1153.17,11.7,2,3,3,2.5999999999999996,1003.7206035345116,2,2766.9718738068,True,221.62333333333333
5027,594824,1976-06-25,47.0,F,True,True,usa,oklahoma city,OKC,35.393,-97.601,2023-02-14,164,9,32.0,0.3333333333333333,602.4055817777778,1.8,38.0,54.0,7.0,6.0,2,2,1.0,1,0.5,2,2,1.0,127.27,0.0,0.1,12.727,12.727,114.543,2,1.0,1.0,0.0,0.5,0.7071067811865476,Air Canada,2,0.5,OKC-YVR,2,0.5,682.8437570242586,1343.912603778972,0.0,2,369.0,0.0,1,0.5,0.0,0.0,0.0,369.0,1.5,0.7071067811865476,1.0,0.0,Crowne Plaza,2,0.5,False,False,False,False,False,False,False,True,483.543,12.727,3,2,1,2.0500000000000003,631.3146437145715,1,1740.3546928590251,False,127.27
5036,595123,1982-12-27,40.0,F,False,True,canada,victoria,YYJ,48.647,-123.426,2023-02-15,163,8,33.5,0.375,962.875,1.3333333333333333,11.0,41.0,145.0,250.0,2,1,0.5,1,0.5,2,2,1.0,624.83,0.0,0.25,156.2075,156.2075,468.6225,2,1.0,1.0,0.0,0.0,0.0,JetBlue Airways,2,0.5,YYJ-IND,2,0.5,3380.5826972767595,207.0826802667332,0.0,1,146.0,0.0,0,0.0,0.0,0.0,0.0,146.0,5.0,0.0,1.0,0.0,Shangri-La,1,1.0,False,False,False,False,False,False,True,True,614.6225,156.2075,5,2,2,3.2,802.4522836778925,2,2212.1324312661873,False,624.83
5040,595184,1974-08-08,48.0,F,False,False,canada,toronto,YYZ,43.677,-79.631,2023-02-15,163,7,21.142857142857142,0.5714285714285714,157.14285714285714,1.1666666666666667,20.0,20.0,5.0,0.0,4,2,0.5,0,0.0,3,3,1.0,299.4,219.92433858034,0.0,0.0,0.0,898.2,0,0.0,1.0,0.0,0.6666666666666666,0.5773502691896257,American Airlines,2,0.6666666666666666,YYZ-PHX,3,0.3333333333333333,1688.4911216426146,1263.1179366316392,0.0,3,114.33333333333333,33.24655370611116,2,0.6666666666666666,0.075,6.925,13.85,329.15,2.0,1.0,1.0,0.0,Aman Resorts,3,0.3333333333333333,False,True,False,False,True,False,False,False,1227.35,13.85,4,4,3,3.65,801.2152259086362,2,2208.7222152740546,False,299.4
5042,595283,1969-09-14,53.0,F,True,False,usa,baton rouge,BTR,30.533,-91.149,2023-02-15,163,8,17.25,0.125,128.375,1.3333333333333333,18.0,148.0,6.0,0.0,1,0,0.0,0,0.0,1,1,1.0,301.34,0.0,0.1,30.134,30.134,271.206,1,1.0,1.0,0.0,1.0,0.0,Delta Air Lines,1,1.0,BTR-YZD,1,1.0,1808.3988815471184,0.0,0.0,0,0.0,0.0,0,0.0,0.0,0.0,0.0,0.0,0.0,0.0,0.0,0.0,MISSING,0,0.0,False,True,False,True,False,True,False,True,271.206,30.134,4,1,1,2.2,708.1741200400133,1,1952.2343817675978,True,301.34
5043,595284,1971-12-12,51.0,F,True,False,usa,new york,LGA,40.777,-73.872,2023-02-15,163,8,17.375,0.5,129.0,1.3333333333333333,21.0,97.0,9.75,0.0,4,4,1.0,0,0.0,4,4,1.0,347.115,266.393978598116,0.3,46.986,46.986,1341.474,1,0.25,1.25,0.5,0.25,0.5,AirTran Airways,4,0.25,LGA-BWI,4,0.25,1829.1983266124264,1612.712078671633,0.0,4,164.5,101.12863096077193,1,0.25,0.1,12.3,12.3,645.7,4.75,4.9916597106239795,1.25,0.5,Crowne Plaza,4,0.25,False,True,False,False,False,False,False,False,1987.174,59.286,4,4,4,4.0,1297.2290425141714,3,3576.091057493791,True,277.692
5044,595386,1983-01-23,40.0,F,False,False,usa,san antonio,SKF,29.384,-98.581,2023-02-15,163,8,24.625,0.75,183.0,1.3333333333333333,21.0,21.0,7.833333333333333,0.0,6,5,0.8333333333333334,0,0.0,6,5,0.8333333333333334,334.55833333333334,124.54010396923,0.13333333333333333,50.165333333333336,150.496,1856.854,3,0.5,1.0,0.0,0.6666666666666666,0.5163977794943223,AeroMéxico,6,0.16666666666666666,SKF-IND,6,0.16666666666666666,2031.176233542252,417.85116841691723,0.0,5,147.8,92.80463350501418,1,0.2,0.05,14.65,14.65,724.35,3.8,3.63318042491699,1.0,0.0,Fairmont,5,0.2,False,True,False,False,False,False,False,False,2581.204,165.146,4,5,5,4.6,1123.3415874180282,3,3096.732861831996,False,334.55833333333334
5052,595626,1978-02-25,45.0,F,False,False,usa,los angeles,LAX,33.942,-118.408,2023-02-15,163,8,24.0,0.5,176.875,1.3333333333333333,8.0,80.0,8.25,0.0,4,3,0.75,0,0.0,4,4,1.0,536.115,416.857232354995,0.125,47.8215,95.643,2048.817,2,0.5,1.5,1.0,0.5,0.5773502691896257,Delta Air Lines,4,0.25,LAX-DAL,4,0.25,2380.8056584495266,1462.936235778356,0.0,3,87.33333333333333,32.95957119462165,0,0.0,0.0,0.0,0.0,262.0,3.6666666666666665,2.0816659994661326,1.6666666666666667,1.1547005383792515,Accor,3,0.3333333333333333,False,True,False,False,False,False,False,True,2310.817,95.643,5,4,5,4.75,1508.503495081694,4,4158.514558465756,False,357.41
5058,595958,1972-11-28,50.0,F,True,False,usa,sacramento,MCC,38.667,-121.401,2023-02-15,163,8,38.375,0.625,998.75,1.6,40.0,81.0,46.75,128.0,4,3,0.75,1,0.25,3,3,1.0,431.52,400.293148829705,0.1,14.847,14.847,848.193,2,0.6666666666666666,1.5,0.5773502691896257,1.0,1.0,Transavia Holland,3,0.3333333333333333,MCC-AYT,3,0.3333333333333333,2398.106110513097,5306.3389693936215,0.0,4,88.66666666666667,32.34707611722168,1,0.25,0.0,0.0,0.0,266.0,4.75,3.774917217635375,1.0,0.0,Extended Stay,4,0.25,False,False,False,False,False,False,False,True,1114.193,14.847,3,4,3,3.25,727.34623066022,1,2005.0864310936936,False,287.68
5060,596153,1972-01-16,51.0,F,True,False,canada,toronto,YKZ,43.862,-79.37,2023-02-15,163,8,22.5,0.625,168.25,1.3333333333333333,10.0,10.0,7.4,0.0,5,4,0.8,0,0.0,5,4,0.8,305.64,212.293200079513,0.15,86.082,86.082,1442.118,1,0.2,1.0,0.0,0.4,0.5477225575051661,United Airlines,4,0.4,YKZ-LGA,5,0.2,2131.3828486516745,1481.434890973828,0.0,4,90.75,23.8519740622588,1,0.25,0.05,4.2,4.2,358.8,3.25,0.9574271077563381,1.0,0.0,Best Western,4,0.25,False,True,False,False,False,False,False,False,1800.918,90.282,5,5,4,4.65,940.5127614538178,2,2592.7258529266596,False,305.64
5069,596409,1977-03-01,46.0,F,False,False,usa,chicago,MDW,41.786,-87.752,2023-02-15,163,8,17.0,0.25,127.75,1.6,50.0,121.0,7.5,0.0,2,2,1.0,0,0.0,2,2,1.0,395.57,116.63019248890915,0.05,23.902,23.902,767.238,1,0.5,1.0,0.0,0.5,0.7071067811865476,JetBlue Airways,2,0.5,MDW-PHX,2,0.5,2001.3636988622527,484.10596555597544,0.0,2,108.5,10.606601717798213,1,0.5,0.1,10.1,10.1,206.9,2.5,0.7071067811865476,1.0,0.0,Best Western,2,0.5,False,True,False,False,False,False,False,False,974.138,34.002,2,2,2,2.0,1271.8363917972658,3,3506.090750548152,True,395.57
5077,596863,1985-01-04,38.0,F,True,True,usa,chicago,ORD,41.979,-87.904,2023-02-15,163,8,28.25,0.5,804.07480975,1.3333333333333333,12.0,50.0,71.0,159.0,3,2,0.6666666666666666,1,0.3333333333333333,2,1,0.5,117.72,0.0,0.0,0.0,0.0,117.72,1,0.5,2.6666666666666665,0.7071067811865476,1.0,1.414213562373095,American Airlines,2,0.5,ORD-LGA,2,0.5,659.5755865961595,373.4818342156255,0.0,3,205.5,40.30508652763321,1,0.3333333333333333,0.0,0.0,0.0,411.0,17.0,7.54983443527075,1.6666666666666667,0.5773502691896257,NH Hotel,3,0.3333333333333333,False,False,False,False,True,False,False,True,528.72,0.0,5,3,1,3.1,460.1985461820607,1,1268.6363407989552,False,44.145
5085,597510,1970-10-15,52.0,F,False,True,canada,montreal,YHU,45.517,-73.417,2023-02-16,162,8,17.25,0.375,128.875,1.3333333333333333,20.0,37.0,8.0,0.0,3,3,1.0,0,0.0,3,3,1.0,313.3333333333333,255.355548663688,0.0,0.0,0.0,940.0,0,0.0,1.0,0.0,0.6666666666666666,0.5773502691896257,American Airlines,2,0.6666666666666666,YHU-FAT,3,0.3333333333333333,1959.8999387510648,1744.4969985318476,0.0,3,320.6666666666667,87.64892089086626,1,0.3333333333333333,0.1,22.6,22.6,939.4,3.3333333333333335,0.5773502691896257,1.0,0.0,Aman Resorts,3,0.3333333333333333,False,True,False,False,True,False,False,False,1879.4,22.6,4,3,4,3.75,1635.8320995887518,4,4509.523261646157,False,313.3333333333333
5092,597954,1982-12-04,40.0,F,True,False,usa,new york,JFK,40.64,-73.779,2023-02-16,162,8,18.25,0.5,135.375,1.6,33.0,94.0,8.0,0.0,4,4,1.0,0,0.0,4,4,1.0,247.7875,274.937132132057,0.125,40.837,81.674,909.476,2,0.5,1.25,0.5,0.5,0.5773502691896257,Allegiant Air,4,0.25,JFK-DCA,4,0.25,1238.2043787198265,1501.4056061757028,0.0,4,169.25,61.3426170510084,1,0.25,0.35,47.95,47.95,629.05,3.25,1.8929694486000912,1.25,0.5,Conrad,4,0.25,False,True,False,False,False,False,False,False,1538.526,129.624,3,4,4,3.6,1004.3512092364122,2,2768.7102741489634,True,198.23
5110,598911,1985-11-17,37.0,F,False,False,canada,montreal,YUL,45.468,-73.741,2023-02-16,162,8,19.75,0.75,146.875,1.3333333333333333,13.0,13.0,7.0,0.0,6,5,0.8333333333333334,0,0.0,6,6,1.0,231.58333333333334,183.116430029276,0.05,10.0825,10.0825,1379.4175,1,0.16666666666666666,1.0,0.0,0.8333333333333334,0.408248290463863,United Airlines,5,0.3333333333333333,YUL-JFK,5,0.3333333333333333,1326.9443947436832,1119.5688346593615,0.0,5,276.0,38.98076448711595,2,0.4,0.15,40.65,81.3,1298.7,3.6,1.3416407864998738,1.0,0.0,Aman Resorts,4,0.4,False,True,False,False,False,False,False,False,2678.1175,91.3825,5,5,5,5.0,1165.5184029398688,3,3213.0023315078356,False,231.58333333333334
5112,599065,1984-08-23,38.0,M,False,True,usa,new york,LGA,40.777,-73.872,2023-02-16,162,8,46.0,0.5,1055.5,2.0,60.0,66.0,7.333333333333333,2.0,3,3,1.0,1,0.3333333333333333,3,3,1.0,659.96,123.856823792636,0.0,0.0,0.0,1319.92,1,0.3333333333333333,1.25,0.5773502691896257,0.6666666666666666,0.5773502691896257,Ryanair,2,0.6666666666666666,LGA-PHX,3,0.3333333333333333,3005.8021191948565,544.2199888899212,0.0,3,133.0,76.36753236814714,1,0.3333333333333333,0.0,0.0,0.0,266.0,3.0,1.0,1.3333333333333333,0.5773502691896257,Banyan Tree,3,0.3333333333333333,False,False,False,False,True,False,False,True,1585.92,0.0,2,3,4,2.95,1380.3867422474157,4,3805.3331547886946,False,527.9680000000001
5123,599765,1970-02-21,53.0,F,False,False,usa,los angeles,LAX,33.942,-118.408,2023-02-17,161,8,19.0,0.125,140.875,1.3333333333333333,22.0,22.0,10.0,0.0,1,1,1.0,0,0.0,1,1,1.0,640.68,0.0,0.2,128.136,128.136,512.544,1,1.0,1.0,0.0,0.0,0.0,Spirit Airlines,1,1.0,LAX-LGA,1,1.0,3974.209842999768,0.0,0.0,1,91.0,0.0,0,0.0,0.0,0.0,0.0,91.0,9.0,0.0,1.0,0.0,Hyatt,1,1.0,False,True,False,True,False,False,True,True,603.544,128.136,4,1,2,2.55,1575.9763467822606,4,4344.517996318455,False,640.68
5130,600018,1985-11-09,37.0,F,False,False,usa,grand rapids,GRR,42.881,-85.523,2023-02-17,161,8,16.875,0.625,125.625,1.3333333333333333,13.0,13.0,8.0,0.0,5,4,0.8,0,0.0,5,5,1.0,436.02,177.265083843378,0.0,0.0,0.0,2180.1,0,0.0,1.2,0.4472135954999579,1.2,0.8366600265340756,Air Canada,5,0.2,GRR-IAH,5,0.2,2109.9710504871373,962.4244246128468,0.0,4,112.25,60.02430063454856,1,0.25,0.25,48.0,48.0,401.0,2.5,1.2909944487358056,1.25,0.5,Accor,4,0.25,False,True,False,False,True,False,False,False,2581.1,48.0,5,5,5,5.0,1347.9555918639546,4,3715.9297086202714,False,363.35
5138,600395,1970-05-25,53.0,F,True,False,usa,houston,HOU,29.645,-95.279,2023-02-17,161,8,17.25,0.5,128.375,1.3333333333333333,25.0,62.0,6.25,0.0,4,3,0.75,0,0.0,3,3,1.0,372.28,49.30352015830107,0.0,0.0,0.0,1116.84,0,0.0,1.3333333333333333,0.5773502691896257,0.6666666666666666,0.5773502691896257,Delta Air Lines,2,0.6666666666666666,HOU-LGA,3,0.3333333333333333,1728.7527469378285,827.2097196545226,0.0,4,127.25,38.73306081372863,1,0.25,0.1,8.7,8.7,500.3,2.75,1.5,1.25,0.5,Best Western,4,0.25,False,True,False,False,True,False,False,False,1617.14,8.7,4,4,4,4.0,1055.6705018339446,2,2910.1829496136265,False,279.21
5148,600842,1992-08-11,30.0,F,False,False,usa,birmingham,BHM,33.563,-86.753,2023-02-17,161,8,27.5,0.5,856.261228875,1.3333333333333333,8.0,13.0,91.33333333333333,248.0,3,0,0.0,1,0.3333333333333333,1,1,1.0,0.0,0.0,0.0,0.0,0.0,0.0,1,1.0,1.0,0.0,0.0,0.0,Germanwings,1,1.0,BHM-LIN,1,1.0,0.0,0.0,0.0,2,93.5,82.73149339882606,0,0.0,0.0,0.0,0.0,187.0,3.0,0.0,1.5,0.7071067811865476,Aman Resorts,2,0.5,False,False,True,True,True,False,False,True,187.0,0.0,5,3,1,3.1,162.76503278870734,1,448.69684469928245,False,0.0
5150,600926,1976-07-18,47.0,M,True,True,usa,kansas city,MCI,39.297,-94.714,2023-02-17,161,8,22.875,0.25,168.75,2.0,68.0,120.0,7.5,0.0,2,2,1.0,0,0.0,2,2,1.0,239.985,173.177521780397,0.0,0.0,0.0,479.97,0,0.0,1.0,0.0,0.0,0.0,American Airlines,2,0.5,MCI-IND,2,0.5,1456.6328797152894,1036.6511781643703,0.0,2,170.5,2.1213203435596424,1,0.5,0.05,8.6,8.6,332.4,3.0,2.8284271247461903,1.0,0.0,Best Western,2,0.5,False,True,False,False,True,False,False,False,812.37,8.6,1,2,2,1.6,1060.631788929643,2,2923.859805307669,True,239.985
5153,601104,1969-03-27,54.0,F,True,False,usa,santa ana,SNA,33.676,-117.868,2023-02-17,161,8,16.0,0.25,119.375,2.0,66.0,92.0,9.0,0.0,2,1,0.5,0,0.0,1,1,1.0,10.84,0.0,0.0,0.0,0.0,10.84,0,0.0,1.0,0.0,1.0,0.0,Delta Air Lines,1,1.0,SNA-LAX,1,1.0,57.99989626238901,0.0,0.0,2,337.5,292.035100630044,1,0.5,0.1,13.1,13.1,661.9,10.5,6.363961030678928,1.5,0.7071067811865476,Choice Hotels,2,0.5,False,True,False,True,True,False,False,False,672.74,13.1,1,2,2,1.6,878.3306002000667,2,2421.307342002636,True,10.84
5161,601917,1993-04-04,30.0,F,False,False,usa,cleveland,CLE,41.412,-81.85,2023-02-18,160,8,20.125,0.5,149.875,1.3333333333333333,7.0,56.0,7.5,0.0,4,3,0.75,0,0.0,4,4,1.0,517.5775,444.164176056182,0.125,40.78325,81.5665,1988.7435,2,0.5,1.25,0.5,0.5,0.5773502691896257,Alaska Airlines,4,0.25,CLE-DAL,4,0.25,2217.3502142178204,1284.3232506512118,0.0,3,102.33333333333333,28.919428302325297,0,0.0,0.0,0.0,0.0,307.0,3.0,1.0,1.3333333333333333,0.5773502691896257,InterContinental,3,0.3333333333333333,False,True,False,False,False,False,False,True,2295.7435,81.5665,5,4,5,4.75,1498.6635002084029,4,4131.388494741526,False,414.062
5162,602120,1981-08-19,41.0,F,False,False,canada,montreal,YMX,45.68,-74.039,2023-02-18,160,7,18.285714285714285,0.42857142857142855,136.71428571428572,1.1666666666666667,23.0,23.0,7.333333333333333,0.0,3,3,1.0,0,0.0,3,3,1.0,387.2733333333333,271.46872238498,0.05,4.678,4.678,1157.142,1,0.3333333333333333,1.0,0.0,0.3333333333333333,0.5773502691896257,American Airlines,3,0.3333333333333333,YMX-FTW,3,0.3333333333333333,2242.391141023517,1587.8071452122626,0.0,3,79.66666666666667,42.85246006162696,1,0.3333333333333333,0.05,4.3,4.3,234.7,5.0,3.0,1.0,0.0,Best Western,2,0.6666666666666666,False,True,False,False,False,False,False,False,1391.842,8.978,4,3,3,3.4,1211.4610094475936,3,3339.6530145451266,False,387.2733333333333
5170,602734,1987-08-19,35.0,F,False,False,usa,chicago,UGN,42.422,-87.868,2023-02-18,160,8,43.25,0.25,420.749989875,1.6,32.0,159.0,7.0,7.0,1,1,1.0,1,1.0,1,1,1.0,0.0,0.0,0.0,0.0,0.0,0.0,1,1.0,1.0,0.0,0.0,0.0,Delta Air Lines,1,1.0,UGN-YOW,1,1.0,0.0,0.0,0.0,1,0.0,0.0,1,1.0,0.0,0.0,0.0,0.0,2.0,0.0,1.0,0.0,Wyndham,1,1.0,False,False,True,True,True,True,True,True,0.0,0.0,3,1,0,1.4500000000000002,0.0,1,0.0,True,0.0
5179,602953,1983-08-16,39.0,F,False,False,usa,memphis,MEM,35.042,-89.977,2023-02-18,160,10,44.3,0.6,957.5,1.6666666666666667,7.0,17.0,7.4,7.0,5,4,0.8,1,0.2,5,5,1.0,321.205,183.235342024039,0.0,0.0,0.0,1284.82,1,0.2,1.0,0.0,0.6,0.5477225575051661,Delta Air Lines,4,0.4,MEM-LGA,4,0.4,1860.5432848674072,804.6256828087037,0.0,4,286.6666666666667,214.37661564017,1,0.25,0.05,0.0,0.0,860.0,3.5,2.0816659994661326,1.0,0.0,Rosewood,4,0.25,False,False,False,False,True,False,False,True,2144.82,0.0,5,5,4,4.65,1120.1123987996,3,3087.830908389032,False,321.205
5180,602962,1983-07-02,40.0,F,True,True,canada,ottawa,YOW,45.323,-75.669,2023-02-18,160,8,18.375,0.375,136.375,1.3333333333333333,19.0,40.0,9.333333333333334,0.0,3,3,1.0,0,0.0,3,3,1.0,238.19666666666666,217.392954194319,0.2,18.89,18.89,695.7,1,0.3333333333333333,1.0,0.0,0.6666666666666666,0.5773502691896257,AirTran Airways,3,0.3333333333333333,YOW-AUS,3,0.3333333333333333,1259.8157533770902,1117.9790993953131,0.0,3,121.66666666666667,61.85736280616345,0,0.0,0.0,0.0,0.0,365.0,4.0,2.6457513110645907,1.0,0.0,Aman Resorts,3,0.3333333333333333,False,True,False,False,False,False,False,True,1060.7,18.89,4,3,3,3.4,923.234600422363,2,2545.0948832755553,False,238.19666666666666
5181,603033,1951-07-06,72.0,F,False,False,usa,los angeles,LAX,33.942,-118.408,2023-02-18,160,8,35.125,0.25,976.125,1.6,27.0,38.0,337.0,326.0,1,0,0.0,1,1.0,1,1,1.0,0.0,0.0,0.15,0.0,0.0,0.0,1,1.0,2.0,0.0,1.0,0.0,Allegiant Air,1,1.0,LAX-LGA,1,1.0,0.0,0.0,0.0,0,0.0,0.0,0,0.0,0.0,0.0,0.0,0.0,0.0,0.0,0.0,0.0,MISSING,0,0.0,False,False,True,True,True,True,False,True,0.0,0.0,3,1,0,1.4500000000000002,0.0,1,0.0,False,0.0
5182,603053,1979-01-01,44.0,F,False,False,usa,orlando,MCO,28.429,-81.316,2023-02-18,160,8,21.25,0.375,156.625,1.6,29.0,58.0,5.333333333333333,0.0,3,3,1.0,0,0.0,3,2,0.6666666666666666,347.84,156.770008611341,0.3,155.19,155.19,888.33,1,0.3333333333333333,1.3333333333333333,0.5773502691896257,0.0,0.0,Allegiant Air,3,0.3333333333333333,MCO-ELP,3,0.3333333333333333,2057.4801038779524,476.6286600071863,0.0,3,114.0,69.41901756723442,0,0.0,0.0,0.0,0.0,342.0,2.3333333333333335,0.5773502691896257,1.3333333333333333,0.5773502691896257,Conrad,3,0.3333333333333333,False,True,False,False,False,False,False,True,1230.33,155.19,3,3,3,3.0,1070.8807635878625,3,2952.113309833519,False,260.88
5186,603278,1990-06-13,33.0,F,True,False,canada,calgary,YYC,51.114,-114.02,2023-02-18,160,8,20.75,0.375,152.625,1.3333333333333333,16.0,122.0,5.666666666666667,0.0,3,3,1.0,0,0.0,3,2,0.6666666666666666,463.0933333333333,226.456147042498,0.1,20.238,20.238,1369.042,1,0.3333333333333333,1.0,0.0,1.0,1.0,Delta Air Lines,2,0.6666666666666666,YYC-CLT,3,0.3333333333333333,2971.109974530654,441.85660911763335,0.0,3,66.33333333333333,11.372481406154654,2,0.6666666666666666,0.1,5.85,11.7,187.3,2.3333333333333335,0.5773502691896257,1.0,0.0,Marriott,2,0.6666666666666666,False,True,False,False,False,False,False,False,1556.342,31.938,4,3,4,3.75,1354.6420142269644,4,3734.362270978452,True,463.0933333333333
5190,603440,1981-03-26,42.0,F,False,False,usa,colorado springs,COS,38.806,-104.7,2023-02-18,160,8,41.25,0.625,1021.25,1.3333333333333333,8.0,19.0,61.25,214.0,4,3,0.75,1,0.25,3,3,1.0,270.23,133.84117154299,0.0,0.0,0.0,540.46,1,0.3333333333333333,2.0,1.1547005383792515,0.6666666666666666,1.1547005383792515,Jetstar Airways,3,0.3333333333333333,COS-MEL,3,0.3333333333333333,1547.3771429027963,805.6143029156511,0.0,4,232.0,166.08130538986,1,0.25,0.0,0.0,0.0,696.0,6.0,4.396968652757639,1.25,0.5,Wyndham,4,0.25,False,False,False,False,True,False,False,True,1236.46,0.0,5,4,3,4.05,807.1622424141381,2,2225.11644624415,False,135.115
5193,603635,1958-10-12,64.0,F,True,False,canada,hamilton,YHM,43.173,-79.935,2023-02-18,160,8,38.0,0.5,997.75,1.3333333333333333,15.0,35.0,100.0,261.0,3,3,1.0,1,0.3333333333333333,3,3,1.0,503.13,11.115718600252528,0.0,0.0,0.0,1006.26,1,0.3333333333333333,1.5,0.5773502691896257,1.0,0.0,South African Airways,3,0.3333333333333333,YHM-HLA,3,0.3333333333333333,2699.5785282156467,6158.730334775687,0.0,3,165.5,4.949747468305833,2,0.6666666666666666,0.1,16.2,16.2,314.8,8.0,3.0,1.0,0.0,Radisson,3,0.3333333333333333,False,False,False,False,True,False,False,False,1321.06,16.2,5,3,3,3.8,1149.8522685339556,3,3169.8152602055293,False,335.42
5196,603875,1982-05-01,41.0,F,False,False,usa,charlotte,CLT,35.214,-80.943,2023-02-18,160,8,18.875,0.25,139.375,1.3333333333333333,21.0,83.0,6.5,0.0,2,2,1.0,0,0.0,2,2,1.0,338.565,289.949135625544,0.0,0.0,0.0,677.13,0,0.0,1.0,0.0,0.5,0.7071067811865476,Alaska Airlines,2,0.5,CLT-JFK,2,0.5,2141.543735845623,1797.4829697019595,0.0,2,115.0,28.284271247461902,1,0.5,0.15,14.25,14.25,215.75,7.0,5.656854249492381,1.0,0.0,Aman Resorts,2,0.5,False,True,False,False,True,False,False,False,892.88,14.25,4,2,2,2.8,1165.7457952650884,3,3213.6291873938126,False,338.565
5223,605878,1981-10-04,41.0,F,True,False,usa,brownsville,BRO,25.907,-97.426,2023-02-19,159,8,20.5,0.25,152.625,1.6,40.0,122.0,7.5,0.0,2,2,1.0,0,0.0,2,2,1.0,335.495,0.2616295090390226,0.0,0.0,0.0,670.99,0,0.0,1.0,0.0,0.5,0.7071067811865476,AirTran Airways,2,0.5,BRO-IND,2,0.5,1913.4939167035782,87.86690434654943,0.0,2,109.0,14.142135623730951,1,0.5,0.15,17.85,17.85,200.15,4.5,0.7071067811865476,1.0,0.0,InterContinental,2,0.5,False,True,False,False,True,False,False,False,871.14,17.85,3,2,2,2.4000000000000004,1137.3620106702233,3,3135.383176133686,True,335.495
5228,606094,1969-10-15,53.0,F,True,False,usa,new orleans,NBG,29.825,-90.035,2023-02-19,159,7,20.0,0.42857142857142855,149.14285714285714,1.1666666666666667,20.0,95.0,8.666666666666666,0.0,3,3,1.0,0,0.0,3,3,1.0,203.37,93.04007254941281,0.0,0.0,0.0,610.11,0,0.0,1.0,0.0,0.0,0.0,United Airlines,2,0.6666666666666666,NBG-BNA,3,0.3333333333333333,1181.4034007453097,499.39019654461356,0.0,3,131.33333333333334,115.854794175007,1,0.3333333333333333,0.05,4.3,4.3,389.7,3.0,2.6457513110645907,1.0,0.0,Four Seasons,3,0.3333333333333333,False,True,False,False,True,False,False,False,999.81,4.3,4,3,2,3.05,870.2358686228742,2,2398.9924721860402,True,203.37
5232,606333,1980-07-03,43.0,F,False,False,usa,providence,PVD,41.724,-71.428,2023-02-19,159,8,18.5,0.5,136.375,1.6,30.0,30.0,6.25,0.0,4,2,0.5,0,0.0,3,3,1.0,121.01666666666667,95.36459842799808,0.15,5.274,5.274,357.776,1,0.3333333333333333,1.0,0.0,0.6666666666666666,0.5773502691896257,American Airlines,3,0.3333333333333333,PVD-DCA,3,0.3333333333333333,691.4648440601962,530.1285491981193,0.0,3,149.66666666666666,55.07570547286102,2,0.6666666666666666,0.15,25.45,50.9,398.1,6.0,2.6457513110645907,1.0,0.0,Four Seasons,3,0.3333333333333333,False,True,False,False,False,False,False,False,755.876,56.174,3,4,2,2.9000000000000004,493.4365585195065,1,1360.2640756039364,False,121.01666666666667
5240,606930,1983-09-15,39.0,F,False,False,usa,charlotte,CLT,35.214,-80.943,2023-02-20,158,9,44.333333333333336,0.6666666666666666,996.6666666666666,1.8,27.0,27.0,7.0,4.0,5,4,0.8,1,0.2,5,5,1.0,598.2,253.811666792526,0.175,67.57825,135.1565,2257.6435,3,0.6,1.3333333333333333,0.8944271909999159,1.0,0.7071067811865476,United Airlines,5,0.2,CLT-YWG,5,0.2,2316.0733249176724,842.7501505536467,0.0,4,131.25,31.052375110448477,0,0.0,0.0,0.0,0.0,525.0,2.75,1.5,1.5,1.0,Choice Hotels,4,0.25,False,False,False,False,False,False,False,True,2782.6435,135.1565,3,5,5,4.2,1453.2098198399467,4,4006.085641838399,False,448.65000000000003
5241,607017,1981-02-05,42.0,F,False,False,usa,sacramento,MCC,38.667,-121.401,2023-02-20,158,8,18.625,0.5,140.125,1.3333333333333333,16.0,16.0,7.5,0.0,4,2,0.5,0,0.0,3,2,0.6666666666666666,183.58,137.201809025975,0.175,18.3615,36.723,514.017,2,0.6666666666666666,1.0,0.0,0.3333333333333333,0.5773502691896257,Air Canada,3,0.3333333333333333,MCC-LAX,3,0.3333333333333333,1659.3250379477067,1852.4760579660308,0.0,3,171.0,82.48636250920512,0,0.0,0.0,0.0,0.0,513.0,8.0,2.0,1.0,0.0,Banyan Tree,3,0.3333333333333333,False,True,False,False,False,False,False,True,1027.017,36.723,4,4,2,3.3,670.437656468823,1,1848.2056979379263,False,183.58
5243,607152,1991-03-28,32.0,F,False,False,usa,los angeles,LAX,33.942,-118.408,2023-02-20,158,8,45.5,0.75,1007.557683,1.3333333333333333,12.0,19.0,9.4,3.0,5,4,0.8,1,0.2,4,3,0.75,531.91,298.469700472259,0.2,146.652,146.652,1449.078,2,0.5,1.2,0.5,0.25,0.5,United Airlines,4,0.25,LAX-FTW,4,0.25,2876.7326067304602,1747.257177966657,0.0,5,142.5,84.303024856763,1,0.2,0.0,0.0,0.0,570.0,3.8,3.2710854467592254,1.2,0.4472135954999579,Hilton,4,0.4,False,False,False,False,False,False,False,True,2019.078,146.652,5,5,4,4.65,1054.4448028009338,2,2906.8040464226883,False,443.2583333333333
5244,607197,2006-01-19,17.0,F,False,True,usa,dallas,DAL,32.847,-96.852,2023-02-20,158,8,29.125,0.25,995.375,1.6,48.0,94.0,197.0,151.0,1,0,0.0,1,1.0,1,1,1.0,0.0,0.0,0.2,0.0,0.0,0.0,1,1.0,1.0,0.0,0.0,0.0,Turkish Airlines,1,1.0,DAL-IST,1,1.0,0.0,0.0,0.0,0,0.0,0.0,0,0.0,0.0,0.0,0.0,0.0,0.0,0.0,0.0,0.0,MISSING,0,0.0,False,False,True,True,True,True,False,True,0.0,0.0,2,1,0,1.05,0.0,1,0.0,True,0.0
5246,607280,1987-12-02,35.0,F,True,True,usa,omaha,OMA,41.302,-95.894,2023-02-20,158,8,17.25,0.125,129.25,2.0,62.0,148.0,5.0,0.0,1,1,1.0,0,0.0,1,1,1.0,264.94,0.0,0.1,26.494,26.494,238.446,1,1.0,1.0,0.0,1.0,0.0,United Airlines,1,1.0,OMA-BIF,1,1.0,1405.5275813305389,0.0,0.0,1,244.0,0.0,0,0.0,0.0,0.0,0.0,244.0,6.0,0.0,1.0,0.0,Conrad,1,1.0,False,True,False,True,False,False,True,True,482.446,26.494,2,1,1,1.4,1259.764796932311,3,3472.8128011410167,True,264.94
5247,607350,1986-08-16,36.0,F,False,True,canada,victoria,YYJ,48.647,-123.426,2023-02-20,158,8,16.0,0.375,119.5,1.6,56.0,56.0,7.0,0.0,3,2,0.6666666666666666,0,0.0,3,3,1.0,496.63,265.741320836636,0.0,0.0,0.0,1489.89,0,0.0,1.0,0.0,1.0,1.0,American Airlines,2,0.6666666666666666,YYJ-EFD,3,0.3333333333333333,2793.03679499742,1406.3506618055576,0.0,2,126.0,53.74011537017761,1,0.5,0.1,16.4,16.4,235.6,3.5,3.5355339059327378,1.0,0.0,Accor,2,0.5,False,True,False,False,True,False,False,False,1725.49,16.4,2,3,4,2.95,1501.8686439924418,4,4140.224163423341,False,496.63
5256,608086,1996-10-02,26.0,F,False,False,usa,new york,LGA,40.777,-73.872,2023-02-20,158,8,39.625,0.5,1009.0,1.3333333333333333,1.0,61.0,70.0,137.0,3,2,0.6666666666666666,1,0.3333333333333333,3,1,0.3333333333333333,227.08,243.668996796884,0.3,16.434,16.434,437.726,2,0.6666666666666666,2.0,1.0,0.3333333333333333,0.5773502691896257,American Airlines,3,0.3333333333333333,LGA-DCA,3,0.3333333333333333,674.0500375713652,218.05943552090548,0.0,2,168.0,62.22539674441618,0,0.0,0.0,0.0,0.0,336.0,4.0,2.8284271247461903,2.0,1.414213562373095,Four Seasons,2,0.5,False,False,False,False,False,False,False,True,773.726,16.434,5,3,2,3.45,673.4520735800821,1,1856.5155874962404,False,113.54
5258,608296,1982-10-10,40.0,F,True,False,usa,san diego,NZY,32.699,-117.215,2023-02-20,158,8,17.875,0.5,135.375,1.3333333333333333,10.0,10.0,8.25,0.0,4,2,0.5,0,0.0,2,2,1.0,320.495,410.143146291633,0.0,0.0,0.0,640.99,0,0.0,1.0,0.0,0.5,0.7071067811865476,American Airlines,2,0.5,NZY-CLT,2,0.5,1757.9043470256881,2235.4943974253,0.0,4,166.0,125.759028834248,1,0.25,0.1,13.4,13.4,650.6,6.0,1.632993161855452,1.25,0.5,Aman Resorts,4,0.25,False,True,False,False,True,False,False,False,1291.59,13.4,5,4,3,4.05,843.1511578859619,2,2324.3276376142226,False,320.495
5259,608343,1980-04-07,43.0,F,True,False,usa,new orleans,MSY,29.993,-90.258,2023-02-20,158,8,30.375,0.375,587.35421975,1.3333333333333333,9.0,118.0,7.0,1.0,2,2,1.0,1,0.5,2,2,1.0,133.37,0.0,0.0,0.0,0.0,133.37,1,0.5,1.0,0.0,1.0,0.0,Southwest Airlines,2,0.5,MSY-BNA,2,0.5,775.8140839361049,12.00906540332981,0.0,2,105.0,0.0,1,0.5,0.0,0.0,0.0,105.0,3.0,1.414213562373095,1.0,0.0,Marriott,2,0.5,False,False,False,False,True,False,False,True,238.37,0.0,5,2,1,2.85,311.2163171057019,1,857.9347609970691,True,133.37
5261,608520,1972-10-14,50.0,F,True,False,usa,new orleans,MSY,29.993,-90.258,2023-02-20,158,8,21.75,0.5,162.75,1.3333333333333333,11.0,11.0,6.75,0.0,4,2,0.5,0,0.0,2,2,1.0,701.31,41.98800066685719,0.1,73.1,73.1,1329.52,1,0.5,1.5,0.7071067811865476,1.0,0.0,Air Canada,2,0.5,MSY-PWM,2,0.5,2711.247842303191,826.2331092781558,0.0,4,92.75,7.22841614740048,1,0.25,0.15,14.55,14.55,356.45,4.0,1.632993161855452,1.5,0.5773502691896257,Banyan Tree,4,0.25,False,True,False,False,False,False,False,False,1685.97,87.65,5,4,4,4.4,1100.602790096699,3,3034.0484729584864,False,467.53999999999996
5263,608629,1988-06-19,35.0,F,False,False,usa,new york,LGA,40.777,-73.872,2023-02-20,158,8,22.75,0.625,169.625,1.6,29.0,29.0,9.0,0.0,5,5,1.0,0,0.0,5,4,0.8,287.868,225.891498777621,0.45,92.0745,92.0745,1347.2655,1,0.2,1.0,0.0,0.4,0.5477225575051661,United Airlines,2,0.8,LGA-IND,5,0.2,1849.8609283834721,1370.129796675147,0.0,5,149.2,84.1647194494225,3,0.6,0.05,8.35,25.05,720.95,3.4,1.51657508881031,1.0,0.0,Banyan Tree,5,0.2,False,True,False,False,False,False,False,False,2068.2155,117.1245,3,5,4,3.85,1080.1064075025006,3,2977.545782913846,False,287.868
5265,608727,1969-02-01,54.0,F,False,True,canada,hamilton,YHM,43.173,-79.935,2023-02-20,158,8,22.5,0.5,166.375,1.3333333333333333,8.0,8.0,9.0,0.0,4,2,0.5,0,0.0,2,2,1.0,328.685,288.747054097527,0.05,26.643,26.643,630.727,1,0.5,1.0,0.0,0.0,0.0,Allegiant Air,2,0.5,YHM-IND,2,0.5,1873.553696657581,1724.1896397516105,0.0,4,149.0,68.27395794395791,0,0.0,0.0,0.0,0.0,596.0,7.75,6.238322424070967,1.0,0.0,Marriott,3,0.5,False,True,False,False,False,False,False,True,1226.727,26.643,5,4,3,4.05,800.8085309269757,2,2207.6010730243984,False,328.685
5275,609167,1985-05-25,38.0,F,False,False,usa,omaha,OMA,41.302,-95.894,2023-02-21,157,8,18.875,0.5,141.875,1.3333333333333333,10.0,10.0,8.0,0.0,4,4,1.0,0,0.0,4,3,0.75,292.475,105.744805546183,0.125,35.218,70.436,1099.464,2,0.5,1.25,0.5,0.75,0.5,American Airlines,2,0.75,OMA-IND,4,0.25,1615.1639112613723,630.4718256379964,0.0,4,135.0,76.27581530209953,0,0.0,0.0,0.0,0.0,540.0,3.5,1.2909944487358056,1.25,0.5,Radisson,3,0.5,False,True,False,False,False,False,False,True,1639.464,70.436,5,4,4,4.4,1070.2436298766254,3,2950.3569136286,False,233.98000000000002
5277,609228,1967-11-05,55.0,F,True,False,usa,los angeles,LAX,33.942,-118.408,2023-02-21,157,8,21.75,0.375,160.875,1.3333333333333333,19.0,19.0,7.333333333333333,0.0,3,3,1.0,0,0.0,3,3,1.0,595.5933333333334,196.858865772749,0.0,0.0,0.0,1786.78,0,0.0,1.0,0.0,0.0,0.0,American Airlines,3,0.3333333333333333,LAX-LGA,2,0.6666666666666666,3397.716012223362,998.5166051547498,0.0,3,152.33333333333334,32.51666239535253,1,0.3333333333333333,0.05,9.05,9.05,447.95,5.333333333333333,5.773502691896257,1.0,0.0,Hilton,3,0.3333333333333333,False,True,False,False,True,False,False,False,2234.73,9.05,4,3,5,4.1,1945.1117739246415,5,5362.119250025815,False,595.5933333333334
5280,609240,1970-10-05,52.0,F,False,True,canada,toronto,YYZ,43.677,-79.631,2023-02-21,157,8,18.375,0.375,136.125,1.3333333333333333,26.0,119.0,7.333333333333333,0.0,3,3,1.0,0,0.0,3,3,1.0,302.7,169.666578618183,0.0,0.0,0.0,908.1,0,0.0,1.0,0.0,1.3333333333333333,0.5773502691896257,China Eastern Airlines,3,0.3333333333333333,YYZ-BIF,3,0.3333333333333333,1740.5597588717076,1060.7028507836503,0.0,3,101.33333333333333,33.201405592735576,1,0.3333333333333333,0.2,12.6,12.6,291.4,2.6666666666666665,1.1547005383792515,1.0,0.0,Choice Hotels,3,0.3333333333333333,False,True,False,False,True,False,False,False,1199.5,12.6,4,3,3,3.4,1044.0462932088474,2,2878.138316667322,True,302.7
5283,609393,1985-08-12,37.0,M,False,False,canada,ottawa,YOW,45.323,-75.669,2023-02-21,157,9,27.11111111111111,0.5555555555555556,349.3533273333333,1.5,6.0,8.0,9.0,8.0,4,3,0.75,1,0.25,4,3,0.75,204.08666666666667,185.649689558947,0.0,0.0,0.0,612.26,1,0.25,1.2,0.5,0.5,0.5773502691896257,Delta Air Lines,3,0.5,YOW-CMH,4,0.25,995.2310195652381,914.2475733337313,0.0,3,230.5,195.868578388674,2,0.6666666666666666,0.1,9.2,9.2,451.8,5.0,5.291502622129181,1.3333333333333333,0.5773502691896257,Aman Resorts,3,0.3333333333333333,False,False,False,False,True,False,False,False,1064.06,9.2,5,4,3,4.05,694.6193614538179,1,1914.8677723424535,False,170.07222222222222
5286,609683,2006-12-28,16.0,F,False,False,usa,memphis,MEM,35.042,-89.977,2023-02-21,157,8,37.0,0.25,989.625,1.6,49.0,71.0,253.0,231.0,1,0,0.0,1,1.0,1,1,1.0,0.0,0.0,0.0,0.0,0.0,0.0,1,1.0,2.0,0.0,1.0,0.0,American Airlines,1,1.0,MEM-LRF,1,1.0,0.0,0.0,0.0,0,0.0,0.0,0,0.0,0.0,0.0,0.0,0.0,0.0,0.0,0.0,0.0,MISSING,0,0.0,False,False,True,True,True,True,False,True,0.0,0.0,2,1,0,1.05,0.0,1,0.0,False,0.0
5287,609720,1986-09-17,36.0,F,False,True,usa,phoenix,PHX,33.434,-112.008,2023-02-21,157,8,24.0,0.5,496.281570875,1.3333333333333333,26.0,54.0,9.0,1.0,3,2,0.6666666666666666,1,0.3333333333333333,3,3,1.0,630.775,55.01997864412526,0.0,0.0,0.0,1261.55,1,0.3333333333333333,1.0,0.0,0.3333333333333333,0.5773502691896257,Allegiant Air,3,0.3333333333333333,PHX-FAT,3,0.3333333333333333,3495.3523135898968,1560.4480514145134,0.0,2,89.0,0.0,1,0.5,0.0,0.0,0.0,89.0,2.0,1.414213562373095,1.0,0.0,Best Western,2,0.5,False,False,False,False,True,False,False,True,1350.55,0.0,4,3,3,3.4,1175.5204012448594,3,3240.574992559443,False,630.775
5291,609838,1957-09-13,65.0,F,True,False,usa,buffalo,BUF,42.94,-78.732,2023-02-21,157,8,25.375,0.25,967.375,1.6,33.0,46.0,308.0,295.0,1,0,0.0,1,1.0,1,1,1.0,0.0,0.0,0.0,0.0,0.0,0.0,1,1.0,2.0,0.0,1.0,0.0,Turkish Airlines,1,1.0,BUF-IST,1,1.0,0.0,0.0,0.0,0,0.0,0.0,0,0.0,0.0,0.0,0.0,0.0,0.0,0.0,0.0,0.0,MISSING,0,0.0,False,False,True,True,True,True,False,True,0.0,0.0,3,1,0,1.4500000000000002,0.0,1,0.0,False,0.0
5292,609868,1969-03-09,54.0,F,True,True,canada,halifax,YAW,44.64,-63.499,2023-02-21,157,8,16.125,0.5,120.0,1.3333333333333333,10.0,34.0,7.25,0.0,4,4,1.0,0,0.0,4,4,1.0,430.3825,271.876177008946,0.0,0.0,0.0,1721.53,0,0.0,1.0,0.0,0.25,0.5,American Airlines,2,0.75,YAW-CLT,4,0.25,2356.0669299240726,1616.5128135871787,0.0,4,103.75,16.17353805861084,1,0.25,0.05,4.95,4.95,410.05,2.0,0.816496580927726,1.0,0.0,Conrad,4,0.25,False,True,False,False,True,False,False,False,2131.58,4.95,5,4,4,4.4,1391.497414138046,4,3835.9621131982476,False,430.3825
5302,610492,2003-11-05,19.0,F,False,True,canada,calgary,YYC,51.114,-114.02,2023-02-21,157,8,34.625,0.375,972.375,1.6,45.0,51.0,115.5,219.0,2,0,0.0,1,0.5,1,1,1.0,0.0,0.0,0.0,0.0,0.0,0.0,1,1.0,2.0,0.0,1.0,0.0,Southwest Airlines,1,1.0,YYC-HOU,1,1.0,0.0,0.0,0.0,1,387.0,0.0,1,1.0,0.1,38.7,38.7,348.3,2.0,0.0,1.0,0.0,InterContinental,1,1.0,False,False,True,True,True,False,True,False,348.3,38.7,2,2,1,1.65,454.7411303767923,1,1253.5917995355087,False,0.0
5305,610763,1999-01-08,24.0,F,False,True,usa,milwaukee,MKE,42.947,-87.896,2023-02-21,157,8,23.5,0.375,500.13325175,1.3333333333333333,24.0,28.0,6.5,2.0,2,1,0.5,1,0.5,1,1,1.0,249.61,0.0,0.0,0.0,0.0,249.61,0,0.0,1.0,0.0,1.0,0.0,AirTran Airways,1,1.0,MKE-DAL,1,1.0,1368.8881560524928,0.0,0.0,2,157.0,0.0,1,0.5,0.0,0.0,0.0,157.0,5.0,2.8284271247461903,1.0,0.0,NH Hotel,2,0.5,False,False,False,True,True,False,False,True,406.61,0.0,4,2,1,2.45,530.8707752584195,1,1463.4595509880367,False,249.61
5323,612002,1980-10-03,42.0,F,False,True,usa,los angeles,LAX,33.942,-118.408,2023-02-22,156,9,32.666666666666664,0.5555555555555556,802.4916878888889,1.5,17.0,37.0,61.5,205.0,4,2,0.5,1,0.25,3,2,0.6666666666666666,619.89,130.843038790759,0.0,0.0,0.0,1239.78,1,0.3333333333333333,1.5,0.5773502691896257,0.6666666666666666,0.5773502691896257,Delta Air Lines,2,0.6666666666666666,LAX-LGA,3,0.3333333333333333,3443.5709572088376,612.7290071077537,0.0,3,99.0,2.6457513110645907,0,0.0,0.0,0.0,0.0,297.0,8.666666666666666,4.725815626252609,1.0,0.0,Hilton,3,0.3333333333333333,False,False,False,False,True,False,False,True,1536.78,0.0,4,4,4,4.0,1003.2114188062687,2,2765.5681965118847,False,413.26
5326,612220,2006-10-12,16.0,M,False,False,usa,lubbock,LBB,33.664,-101.823,2023-02-22,156,8,33.125,0.375,961.0,2.0,60.0,102.0,102.0,154.0,2,0,0.0,1,0.5,2,1,0.5,438.49,0.0,0.3,0.0,0.0,438.49,1,0.5,1.6666666666666667,0.7071067811865476,1.5,0.7071067811865476,Ryanair,2,0.5,LBB-XSP,2,0.5,2590.895809055671,8971.250489819779,0.0,0,0.0,0.0,0,0.0,0.0,0.0,0.0,0.0,0.0,0.0,0.0,0.0,MISSING,0,0.0,False,False,False,False,True,True,False,True,438.49,0.0,2,2,1,1.65,572.4933627875959,1,1578.2011719159493,True,263.094
5328,612236,1974-04-23,49.0,F,True,True,usa,colorado springs,COS,38.806,-104.7,2023-02-22,156,8,17.625,0.375,130.75,1.6,34.0,70.0,5.666666666666667,0.0,3,3,1.0,0,0.0,3,3,1.0,243.94333333333333,13.635741026190448,0.3,71.34,71.34,660.49,1,0.3333333333333333,1.0,0.0,0.6666666666666666,0.5773502691896257,Alaska Airlines,3,0.3333333333333333,COS-FAT,3,0.3333333333333333,1349.5945017022877,19.619735458215054,0.0,3,178.66666666666666,80.58742664543479,0,0.0,0.0,0.0,0.0,536.0,3.3333333333333335,1.5275252316519468,1.0,0.0,Four Seasons,3,0.3333333333333333,False,True,False,False,False,False,False,True,1196.49,71.34,3,3,3,3.0,1041.4263854618205,2,2870.915977081521,False,243.94333333333333
5329,612562,1999-06-12,24.0,F,False,False,usa,los angeles,LAX,33.942,-118.408,2023-02-22,156,8,37.0,0.375,989.625,1.3333333333333333,21.0,35.0,143.0,266.0,2,0,0.0,1,0.5,2,1,0.5,1462.36,0.0,0.0,0.0,0.0,1462.36,1,0.5,1.3333333333333333,0.7071067811865476,0.5,0.7071067811865476,Allegiant Air,2,0.5,LAX-SAN,2,0.5,3974.209842999768,2684.911844096936,0.0,0,0.0,0.0,0,0.0,0.0,0.0,0.0,0.0,0.0,0.0,0.0,0.0,MISSING,0,0.0,False,False,False,False,True,True,False,True,1462.36,0.0,4,2,3,3.15,1909.2599466488828,5,5263.285971773604,False,1096.77
5332,612812,1955-04-23,68.0,M,True,False,usa,orlando,MCO,28.429,-81.316,2023-02-22,156,8,16.875,0.125,124.375,1.6,51.0,132.0,6.0,0.0,1,0,0.0,0,0.0,0,0,0.0,0.0,0.0,0.0,0.0,0.0,0.0,0,0.0,0.0,0.0,0.0,0.0,MISSING,0,0.0,MISSING,0,0.0,0.0,0.0,0.0,1,74.0,0.0,1,1.0,0.1,7.4,7.4,66.6,14.0,0.0,1.0,0.0,Conrad,1,1.0,False,True,True,False,True,False,True,False,66.6,7.4,2,1,1,1.4,173.9061687229076,1,479.40978380169315,True,
5336,613275,1980-04-26,43.0,F,False,True,usa,philadelphia,PHL,39.872,-75.241,2023-02-23,155,10,16.4,0.3,120.8,2.0,28.0,28.0,7.666666666666667,0.0,3,2,0.6666666666666666,0,0.0,3,3,1.0,279.0233333333333,366.390076603247,0.0,0.0,0.0,837.07,0,0.0,1.0,0.0,0.3333333333333333,0.5773502691896257,American Airlines,2,0.6666666666666666,PHL-JFK,3,0.3333333333333333,1571.9026384784645,1997.9701006264052,0.0,2,97.5,33.23401871576773,1,0.5,0.2,24.2,24.2,170.8,2.0,0.0,1.0,0.0,Aman Resorts,2,0.5,False,True,False,False,True,False,False,False,1007.87,24.2,3,3,2,2.6500000000000004,877.251302656441,2,2418.33202602709,False,279.0233333333333
5343,613941,1979-11-07,43.0,F,True,False,usa,new york,LGA,40.777,-73.872,2023-02-23,155,7,27.571428571428573,0.5714285714285714,323.11361671428574,1.1666666666666667,15.0,82.0,11.666666666666666,8.0,3,1,0.3333333333333333,1,0.3333333333333333,1,1,1.0,0.0,0.0,0.3,0.0,0.0,0.0,1,1.0,1.0,0.0,0.0,0.0,Southwest Airlines,1,1.0,LGA-ELP,1,1.0,0.0,0.0,0.0,3,191.5,160.513239329346,3,1.0,0.15,17.375,34.75,348.25,6.0,4.58257569495584,1.3333333333333333,0.5773502691896257,Best Western,3,0.3333333333333333,False,False,True,True,True,False,False,False,348.25,34.75,5,3,1,3.1,303.1172335222852,1,835.6078939386368,False,0.0
5350,614549,1996-01-12,27.0,F,False,False,usa,el paso,BIF,31.849,-106.38,2023-02-23,155,8,17.5,0.375,129.125,1.3333333333333333,14.0,14.0,10.666666666666666,0.0,3,2,0.6666666666666666,0,0.0,2,2,1.0,850.355,443.561012770509,0.0,0.0,0.0,1700.71,0,0.0,1.5,0.7071067811865476,1.0,1.414213562373095,Air Canada,2,0.5,BIF-JFK,1,1.0,3062.2046199096585,0.0,0.0,3,118.33333333333333,89.77935917199083,1,0.3333333333333333,0.1,6.6,6.6,348.4,2.6666666666666665,0.5773502691896257,1.3333333333333333,0.5773502691896257,Marriott,2,0.6666666666666666,False,True,False,False,True,False,False,False,2049.11,6.6,5,3,4,4.15,1783.5478948538403,5,4916.733644073512,False,566.9033333333333
5351,614595,1974-06-16,49.0,F,True,True,usa,santa ana,SNA,33.676,-117.868,2023-02-23,155,8,30.875,0.25,944.5,1.3333333333333333,4.0,46.0,197.0,155.0,1,0,0.0,1,1.0,1,1,1.0,0.0,0.0,0.0,0.0,0.0,0.0,1,1.0,6.0,0.0,5.0,0.0,American Airlines,1,1.0,SNA-BWU,1,1.0,0.0,0.0,0.0,0,0.0,0.0,0,0.0,0.0,0.0,0.0,0.0,0.0,0.0,0.0,0.0,MISSING,0,0.0,False,False,True,True,True,True,False,True,0.0,0.0,5,1,0,2.25,0.0,1,0.0,False,0.0
5354,614748,1976-02-05,47.0,F,False,True,usa,san diego,NZY,32.699,-117.215,2023-02-23,155,8,47.0,0.5,1064.125,1.6,35.0,35.0,6.666666666666667,0.0,3,3,1.0,1,0.3333333333333333,3,3,1.0,426.325,393.215009950027,0.0,0.0,0.0,852.65,1,0.3333333333333333,1.25,0.5773502691896257,1.0,0.0,WestJet,3,0.3333333333333333,NZY-YEG,3,0.3333333333333333,2176.3446246230574,1758.3318214278922,0.0,3,394.0,127.279220613579,1,0.3333333333333333,0.0,0.0,0.0,788.0,3.6666666666666665,0.5773502691896257,1.3333333333333333,0.5773502691896257,Best Western,2,0.6666666666666666,False,False,False,False,True,False,False,True,1640.65,0.0,3,3,4,3.35,1428.0238023785705,4,3936.6549639351747,False,341.06
5364,615489,1967-04-26,56.0,F,True,True,usa,montgomery,MXF,32.379,-86.362,2023-02-23,155,8,31.75,0.375,949.75,1.3333333333333333,3.0,50.0,104.5,150.0,2,1,0.5,1,0.5,2,2,1.0,396.18,0.0,0.1,0.0,0.0,396.18,1,0.5,2.6666666666666665,0.7071067811865476,1.0,1.414213562373095,United Airlines,2,0.5,MXF-LSQ,2,0.5,1101.0748703394854,1325.7852938466538,0.0,1,108.0,0.0,0,0.0,0.0,0.0,0.0,108.0,1.0,0.0,2.0,0.0,Conrad,1,1.0,False,False,False,False,True,False,True,True,504.18,0.0,5,2,1,2.85,658.2583494498166,1,1814.630816795328,False,148.56750000000002
5380,616718,1978-09-15,44.0,F,True,False,canada,hamilton,YHM,43.173,-79.935,2023-02-24,154,9,38.888888888888886,0.5555555555555556,828.4929064444444,1.5,15.0,22.0,8.75,5.0,4,4,1.0,1,0.25,4,4,1.0,750.4466666666667,407.852720026891,0.3,141.624,141.624,2109.716,2,0.5,1.2,0.5,0.0,0.0,United Airlines,3,0.5,YHM-LAX,3,0.5,3149.341844418684,399.6347527555931,0.0,4,129.33333333333334,39.145029484384516,1,0.25,0.0,0.0,0.0,388.0,4.25,0.9574271077563381,1.25,0.5,Wyndham,4,0.25,False,False,False,False,False,False,False,True,2497.716,141.624,5,4,5,4.75,1630.5113367789263,4,4494.855433776389,False,625.3722222222223
5383,616789,2001-09-07,21.0,F,False,False,usa,buffalo,BUF,42.94,-78.732,2023-02-24,154,8,17.375,0.25,128.125,1.6,36.0,36.0,144.5,0.0,2,0,0.0,0,0.0,1,1,1.0,662.76,0.0,0.0,0.0,0.0,662.76,0,0.0,2.0,0.0,1.0,0.0,Delta Air Lines,1,1.0,BUF-FTW,1,1.0,1977.682366787982,0.0,0.0,1,83.0,0.0,1,1.0,0.15,12.45,12.45,70.55,7.0,0.0,1.0,0.0,Hilton,1,1.0,False,True,False,True,True,False,True,False,733.31,12.45,3,2,2,2.4000000000000004,957.4109053017671,2,2639.3092234205674,False,331.38
5384,616795,1978-01-22,45.0,F,True,False,usa,norfolk,NGU,36.938,-76.289,2023-02-24,154,8,25.875,0.5,190.125,1.3333333333333333,15.0,34.0,9.0,0.0,4,3,0.75,0,0.0,3,3,1.0,346.1433333333333,298.491249006287,0.125,19.10675,38.2135,1000.2165,2,0.6666666666666666,1.0,0.0,0.3333333333333333,0.5773502691896257,AirTran Airways,3,0.3333333333333333,NGU-FAT,3,0.3333333333333333,1927.041359045303,1661.7424564409853,0.0,4,98.0,58.349521563305615,0,0.0,0.0,0.0,0.0,392.0,3.5,1.0,1.0,0.0,Conrad,3,0.5,False,True,False,False,False,False,False,True,1392.2165,38.2135,5,4,3,4.05,908.8402310353451,2,2505.4137059690315,False,346.1433333333333
5387,616992,1986-10-23,36.0,F,False,True,usa,san antonio,SAT,29.534,-98.47,2023-02-24,154,8,40.375,0.5,1012.5,1.6,28.0,78.0,70.0,147.0,3,1,0.3333333333333333,1,0.3333333333333333,3,3,1.0,314.985,272.511882401484,0.0,0.0,0.0,629.97,1,0.3333333333333333,1.0,0.0,0.6666666666666666,0.5773502691896257,United Airlines,3,0.3333333333333333,SAT-VIR,3,0.3333333333333333,1603.7060280381006,7891.4906171799785,0.0,1,1063.0,0.0,0,0.0,0.0,0.0,0.0,1063.0,4.0,0.0,1.0,0.0,Starwood,1,1.0,False,False,False,False,True,False,True,True,1692.97,0.0,3,3,4,3.35,1473.5631955096144,4,4062.194102516279,False,314.985
5392,617407,1982-10-02,40.0,F,True,True,usa,honolulu,HNL,21.316,-157.927,2023-02-24,154,8,21.0,0.25,156.375,1.3333333333333333,22.0,77.0,6.5,0.0,2,2,1.0,0,0.0,2,2,1.0,1476.69,1088.350473331086,0.05,112.3135,112.3135,2841.0665,1,0.5,1.5,0.7071067811865476,0.0,0.0,American Airlines,1,1.0,HNL-FTW,2,0.5,5080.270302399777,1373.9899491913366,0.5,2,99.5,9.192388155425117,0,0.0,0.0,0.0,0.0,199.0,4.0,1.414213562373095,1.5,0.7071067811865476,Shangri-La,1,1.0,False,True,False,False,False,False,False,True,3040.0665,112.3135,4,2,5,3.85,3969.1164990830275,5,10941.723900208484,False,984.46
5400,617994,1978-08-28,44.0,F,False,False,canada,toronto,YYZ,43.677,-79.631,2023-02-25,153,8,16.0,0.375,118.125,2.0,67.0,67.0,4.666666666666667,0.0,3,2,0.6666666666666666,0,0.0,2,2,1.0,120.555,10.062129496284571,0.0,0.0,0.0,241.11,0,0.0,1.5,0.7071067811865476,1.0,1.414213562373095,Allegiant Air,2,0.5,YYZ-LCK,2,0.5,610.6305895598043,170.3929074939367,0.0,3,117.33333333333333,67.39683474268902,1,0.3333333333333333,0.2,19.8,19.8,332.2,6.0,5.0,1.3333333333333333,0.5773502691896257,Four Seasons,3,0.3333333333333333,False,True,False,False,True,False,False,False,573.31,19.8,1,3,1,1.5,499.0097376903412,1,1375.6277435002437,False,80.37
5402,618088,1969-07-21,54.0,F,False,False,usa,des moines,DSM,41.534,-93.663,2023-02-25,153,8,23.375,0.5,174.375,1.3333333333333333,22.0,22.0,6.0,0.0,4,4,1.0,0,0.0,4,4,1.0,688.4625,456.492105910204,0.1,91.781,91.781,2662.069,1,0.25,2.25,1.5,0.5,0.5773502691896257,American Airlines,4,0.25,DSM-LGA,3,0.5,1716.6394802557604,101.80452910106379,0.0,4,382.0,421.910733054596,1,0.25,0.05,3.65,3.65,1524.35,3.25,1.5,2.25,1.5,Banyan Tree,4,0.25,False,True,False,False,False,False,False,False,4186.419,95.431,4,4,5,4.35,2732.8982318272756,5,7533.822176025903,False,305.98333333333335
5403,618157,1986-06-17,37.0,F,True,True,usa,detroit,DTW,42.212,-83.353,2023-02-25,153,8,34.25,0.5,1009.75,1.6,47.0,50.0,79.0,222.0,3,3,1.0,1,0.3333333333333333,3,2,0.6666666666666666,86.615,48.13275859536829,0.0,0.0,0.0,173.23,1,0.3333333333333333,3.0,2.309401076758503,2.3333333333333335,1.5275252316519468,Ryanair,2,0.6666666666666666,DTW-STN,3,0.3333333333333333,831.7379570565652,644.9641017522239,0.0,3,736.5,593.262589415513,2,0.6666666666666666,0.15,173.4,173.4,1299.6,6.666666666666667,3.511884584284246,1.6666666666666667,1.1547005383792515,Four Seasons,3,0.3333333333333333,False,False,False,False,True,False,False,False,1472.83,173.4,2,3,3,2.5999999999999996,1281.9530654662665,3,3533.9795389221613,False,28.871666666666666
5407,618266,1980-11-15,42.0,F,False,True,usa,miami,OPF,25.907,-80.278,2023-02-25,153,8,20.5,0.375,538.261396625,1.3333333333333333,6.0,23.0,170.5,319.0,2,1,0.5,1,0.5,2,2,1.0,309.68,0.0,0.0,0.0,0.0,309.68,1,0.5,1.6666666666666667,0.7071067811865476,1.0,0.0,United Airlines,2,0.5,OPF-PNE,2,0.5,1851.7944753307493,162.68571470872004,0.0,1,367.0,0.0,1,1.0,0.1,36.7,36.7,330.3,4.0,0.0,1.0,0.0,Aman Resorts,1,1.0,False,False,False,False,True,False,True,False,639.98,36.7,5,2,2,3.2,835.5590830276759,2,2303.398449229787,False,185.808
5412,618429,1977-06-14,46.0,M,False,True,usa,philadelphia,PHL,39.872,-75.241,2023-02-25,153,8,21.25,0.375,156.625,1.6,35.0,35.0,9.0,0.0,3,3,1.0,0,0.0,3,2,0.6666666666666666,390.36333333333334,195.872273773838,0.0,0.0,0.0,1171.09,0,0.0,1.0,0.0,1.0,1.0,American Airlines,3,0.3333333333333333,PHL-LAX,3,0.3333333333333333,2940.2595390401634,1586.7048980557029,0.0,3,128.66666666666666,71.86329614854397,1,0.3333333333333333,0.15,29.4,29.4,356.6,4.0,2.6457513110645907,1.0,0.0,Hilton,3,0.3333333333333333,False,True,False,False,True,False,False,False,1527.69,29.4,3,3,4,3.35,1329.703277759253,3,3665.6132763564,False,390.36333333333334
5420,619079,1978-09-13,44.0,M,False,False,usa,nashville,BNA,36.124,-86.678,2023-02-25,153,8,78.0,0.625,1292.125,1.6,48.0,66.0,9.0,2.0,4,4,1.0,1,0.25,4,4,1.0,189.35666666666665,97.32051804903904,0.0,0.0,0.0,568.07,1,0.25,1.0,0.0,0.5,0.5773502691896257,Kenmore Air,3,0.25,BNA-BFI,4,0.25,1066.7082533984892,1146.946656367705,0.0,4,131.66666666666666,99.5004187595878,1,0.25,0.0,0.0,0.0,395.0,4.5,2.0816659994661326,1.0,0.0,Accor,4,0.25,False,False,False,False,True,False,False,True,963.07,0.0,2,4,2,2.5,628.692995165055,1,1733.127554376489,False,189.35666666666665
5423,619321,1970-10-14,52.0,F,True,True,usa,austin,AUS,30.194,-97.67,2023-02-25,153,8,19.125,0.875,140.875,1.3333333333333333,20.0,20.0,6.571428571428571,0.0,7,6,0.8571428571428571,0,0.0,6,6,1.0,218.76,178.62894826987,0.1,31.4525,62.905,1249.655,2,0.3333333333333333,1.0,0.0,0.5,0.8366600265340756,Ryanair,5,0.3333333333333333,AUS-DAL,5,0.3333333333333333,1308.1927166191654,902.0116472760527,0.0,7,180.0,67.05221845696084,2,0.2857142857142857,0.05,8.475,16.95,1243.05,2.5714285714285716,0.7867957924694432,1.0,0.0,Best Western,7,0.14285714285714285,False,True,False,False,False,False,False,False,2492.705,79.855,4,5,5,4.6,929.8515150288191,2,2563.335832542685,False,218.76
5433,620033,1956-08-27,66.0,F,True,False,usa,chicago,ORD,41.979,-87.904,2023-02-25,153,9,20.11111111111111,0.2222222222222222,781.6434653333333,1.5,4.0,70.0,309.0,243.0,1,1,1.0,1,1.0,1,1,1.0,0.0,0.0,0.0,0.0,0.0,0.0,1,1.0,2.0,0.0,1.0,0.0,AirTran Airways,1,1.0,ORD-DAL,1,1.0,0.0,0.0,0.0,1,0.0,0.0,1,1.0,0.0,0.0,0.0,0.0,14.0,0.0,1.0,0.0,Accor,1,1.0,False,False,True,True,True,True,True,True,0.0,0.0,5,1,0,2.25,0.0,1,0.0,False,0.0
5441,620884,1990-04-17,33.0,F,False,False,usa,chicago,MDW,41.786,-87.752,2023-02-26,152,8,50.5,0.625,1089.5,1.3333333333333333,21.0,21.0,7.75,2.0,4,3,0.75,1,0.25,4,4,1.0,173.22,50.82842118342847,0.0,0.0,0.0,519.66,1,0.25,1.0,0.0,0.25,0.5,Air Canada,3,0.5,MDW-YOW,3,0.5,981.4536998275765,194.03337254314377,0.0,3,187.5,33.23401871576773,2,0.6666666666666666,0.05,10.55,10.55,364.45,2.6666666666666665,2.0816659994661326,1.0,0.0,Shangri-La,3,0.3333333333333333,False,False,False,False,True,False,False,False,884.11,10.55,4,4,2,3.3,577.1478334444815,1,1591.032222060492,False,173.22
5452,621665,1976-12-01,46.0,F,False,True,usa,chicago,MDW,41.786,-87.752,2023-02-26,152,9,47.666666666666664,0.6666666666666666,990.3333333333334,1.8,56.0,56.0,9.2,1.0,5,4,0.8,1,0.2,5,5,1.0,389.975,96.09674795052467,0.2,99.99,99.99,1459.91,2,0.4,1.5,0.5477225575051661,0.8,0.4472135954999579,Air France,5,0.2,MDW-PHL,5,0.2,1982.885387194201,910.1629199140315,0.0,4,194.0,148.462116379903,1,0.25,0.0,0.0,0.0,582.0,2.25,0.5,1.25,0.5,NH Hotel,4,0.25,False,False,False,False,False,False,False,True,2041.91,99.99,2,5,4,3.4499999999999997,1066.3686035345115,3,2939.674569497043,False,259.98333333333335
5454,621849,1971-06-15,52.0,F,True,True,usa,birmingham,BHM,33.563,-86.753,2023-02-26,152,8,17.875,0.375,133.625,1.3333333333333333,7.0,81.0,8.0,0.0,3,3,1.0,0,0.0,3,2,0.6666666666666666,341.67,120.467225418368,0.15,45.3735,45.3735,979.6365,1,0.3333333333333333,1.3333333333333333,0.5773502691896257,0.3333333333333333,0.5773502691896257,American Airlines,3,0.3333333333333333,BHM-LAX,3,0.3333333333333333,1946.678741501623,852.3107574255308,0.0,3,141.66666666666666,50.76744363598913,0,0.0,0.0,0.0,0.0,425.0,3.0,1.0,1.3333333333333333,0.5773502691896257,Aman Resorts,3,0.3333333333333333,False,True,False,False,False,False,False,True,1404.6365,45.3735,5,3,3,3.8,1222.5973581749472,3,3370.352756681517,False,256.25250000000005
5460,622418,1982-10-19,40.0,M,False,True,usa,honolulu,HNL,21.316,-157.927,2023-02-26,152,8,44.125,0.375,1043.25,1.3333333333333333,8.0,8.0,10.0,2.0,2,2,1.0,1,0.5,2,2,1.0,1354.96,0.0,0.15,203.244,203.244,1151.716,2,1.0,1.0,0.0,0.5,0.7071067811865476,Sun Country Airlines,2,0.5,HNL-DCA,2,0.5,7905.004109673376,90.04366973965283,1.0,2,61.0,0.0,1,0.5,0.0,0.0,0.0,61.0,1.5,0.7071067811865476,1.0,0.0,Accor,2,0.5,False,False,False,False,False,False,False,True,1212.716,203.244,5,2,3,3.55,1583.3242740913636,4,4364.774139435842,False,1354.96
5462,622708,1982-03-20,41.0,F,False,False,usa,new york,LGA,40.777,-73.872,2023-02-26,152,8,18.625,0.5,140.875,1.3333333333333333,24.0,24.0,8.5,0.0,4,2,0.5,0,0.0,2,2,1.0,364.53,363.353890580519,0.15,93.219,93.219,635.841,1,0.5,1.0,0.0,0.5,0.7071067811865476,American Airlines,2,0.5,LGA-PHX,2,0.5,2022.1767480667784,2057.586980445316,0.0,4,101.25,43.752142804667294,1,0.25,0.1,11.4,11.4,393.6,5.75,4.5,1.0,0.0,Best Western,4,0.25,False,True,False,False,False,False,False,False,1029.441,104.619,4,4,2,3.3,672.0200459319773,1,1852.5678950698154,False,364.53
5469,623691,1999-06-05,24.0,F,False,False,usa,detroit,YIP,42.238,-83.53,2023-02-27,151,8,17.0,0.125,126.625,1.3333333333333333,21.0,21.0,225.0,0.0,1,1,1.0,0,0.0,1,1,1.0,474.78,0.0,0.0,0.0,0.0,474.78,0,0.0,1.0,0.0,0.0,0.0,WestJet,1,1.0,YIP-YYC,1,1.0,2503.9727602931835,0.0,0.0,1,99.0,0.0,1,1.0,0.1,9.9,9.9,89.1,9.0,0.0,1.0,0.0,Hilton,1,1.0,False,True,False,True,True,False,True,False,563.88,9.9,4,1,1,2.2,1472.4055618539512,4,4059.002836187669,False,474.78
5478,624215,1985-05-14,38.0,F,False,True,usa,austin,AUS,30.194,-97.67,2023-02-27,151,7,24.714285714285715,0.42857142857142855,182.28571428571428,1.1666666666666667,9.0,9.0,8.0,0.0,3,3,1.0,0,0.0,3,3,1.0,419.37333333333333,69.09379229231331,0.1,43.976,43.976,1214.144,1,0.3333333333333333,1.3333333333333333,0.5773502691896257,1.0,1.0,Southwest Airlines,2,0.6666666666666666,AUS-DEN,3,0.3333333333333333,1990.7868917061387,808.4089975724556,0.0,3,152.66666666666666,90.69362344362106,0,0.0,0.0,0.0,0.0,458.0,2.0,1.0,1.3333333333333333,0.5773502691896257,Four Seasons,3,0.3333333333333333,False,True,False,False,False,False,False,True,1672.144,43.976,5,3,4,4.15,1455.4362191841726,4,4012.2231908173103,False,314.53000000000003
5480,624497,1995-10-22,27.0,F,False,True,canada,edmonton,YXD,53.573,-113.521,2023-02-27,151,8,80.25,0.625,2025.125,1.6,38.0,38.0,11.333333333333334,3.0,3,2,0.6666666666666666,2,0.6666666666666666,2,2,1.0,1226.42,0.0,0.0,0.0,0.0,1226.42,1,0.5,1.6666666666666667,1.414213562373095,1.5,2.1213203435596424,Ryanair,2,0.5,YXD-LSQ,2,0.5,2745.124662064627,373.738782634276,0.0,3,141.0,0.0,2,0.6666666666666666,0.0,0.0,0.0,141.0,3.6666666666666665,2.8867513459481287,1.6666666666666667,1.1547005383792515,Crowne Plaza,3,0.3333333333333333,False,False,False,False,True,False,False,True,1367.42,0.0,3,3,3,3.0,1190.2040702456375,3,3281.053686517074,False,735.852
5489,625555,2001-03-08,22.0,M,False,False,usa,santa ana,SNA,33.676,-117.868,2023-02-28,150,8,37.625,0.375,1025.125,1.3333333333333333,22.0,82.0,73.5,81.0,2,0,0.0,1,0.5,1,1,1.0,0.0,0.0,0.0,0.0,0.0,0.0,1,1.0,1.0,0.0,0.0,0.0,Southwest Airlines,1,1.0,SNA-DAL,1,1.0,0.0,0.0,0.0,1,127.0,0.0,0,0.0,0.0,0.0,0.0,127.0,7.0,0.0,1.0,0.0,Accor,1,1.0,False,False,True,True,True,False,True,True,127.0,0.0,4,2,1,2.45,165.81143714571525,1,457.0949139850979,False,0.0
5500,626519,1980-03-07,43.0,F,False,False,usa,new york,JFK,40.64,-73.779,2023-02-28,150,8,17.375,0.375,128.375,1.6,28.0,54.0,7.333333333333333,0.0,3,2,0.6666666666666666,0,0.0,3,3,1.0,223.89333333333335,79.71483948007004,0.2,50.278,50.278,621.402,1,0.3333333333333333,1.0,0.0,0.0,0.0,Allegiant Air,3,0.3333333333333333,JFK-CLT,3,0.3333333333333333,1251.5177997972178,347.0193572919538,0.0,2,189.0,5.656854249492381,0,0.0,0.0,0.0,0.0,378.0,2.5,0.7071067811865476,1.0,0.0,Banyan Tree,2,0.5,False,True,False,False,False,False,False,True,999.402,50.278,3,3,2,2.6500000000000004,869.8807449149716,2,2398.013497252151,False,223.89333333333335
5508,627176,1975-09-24,47.0,F,False,False,usa,indianapolis,IND,39.717,-86.294,2023-02-28,150,8,33.75,0.5,822.74330375,1.3333333333333333,7.0,58.0,7.333333333333333,2.0,3,2,0.6666666666666666,1,0.3333333333333333,2,2,1.0,85.215,57.83426363324772,0.0,0.0,0.0,170.43,0,0.0,1.0,0.0,0.5,0.7071067811865476,AirTran Airways,2,0.5,IND-CMH,2,0.5,547.0881312610109,360.6855100018865,0.0,3,174.5,4.949747468305833,1,0.3333333333333333,0.0,0.0,0.0,349.0,3.6666666666666665,3.7859388972001824,1.0,0.0,Choice Hotels,2,0.6666666666666666,False,False,False,False,True,False,False,True,519.43,0.0,5,3,1,3.1,452.1125186173168,1,1246.3454654660334,False,85.215
5516,627893,1992-03-09,31.0,F,False,False,usa,new york,JFK,40.64,-73.779,2023-03-01,149,8,25.75,0.375,191.625,1.6,7.0,83.0,9.0,0.0,3,2,0.6666666666666666,0,0.0,2,2,1.0,260.54,241.052701706494,0.15,64.6485,64.6485,456.4315,1,0.5,1.0,0.0,1.0,0.0,Delta Air Lines,1,1.0,JFK-SAT,2,0.5,1539.6257654654464,1409.3110883880836,0.0,3,197.33333333333334,115.517675415208,0,0.0,0.0,0.0,0.0,592.0,3.6666666666666665,3.0550504633038935,1.3333333333333333,0.5773502691896257,Choice Hotels,3,0.3333333333333333,False,True,False,False,False,False,False,True,1048.4315,64.6485,5,3,2,3.45,912.5560827498053,2,2515.6572509804046,False,260.54
5520,628570,1979-09-04,43.0,F,False,True,usa,columbus,LCK,39.814,-82.928,2023-03-01,149,8,17.375,0.625,129.25,2.6666666666666665,57.0,57.0,8.4,0.0,5,4,0.8,0,0.0,5,4,0.8,311.912,249.648374659239,0.2,80.83225,161.6645,1397.8955,2,0.4,1.2,0.4472135954999579,0.2,0.4472135954999579,Air Canada,5,0.2,LCK-LGA,4,0.4,1709.035287338608,1384.6819270929645,0.0,4,140.75,56.85874309784439,0,0.0,0.0,0.0,0.0,563.0,5.5,4.43471156521669,1.25,0.5,Four Seasons,4,0.25,False,True,False,False,False,False,False,True,1960.8955,161.6645,2,5,4,3.4499999999999997,1024.0595305435145,2,2823.040503641781,False,259.9266666666667
5521,628653,1982-04-25,41.0,F,True,False,usa,sacramento,MHR,38.554,-121.297,2023-03-01,149,8,19.0,0.375,141.625,2.6666666666666665,68.0,68.0,6.333333333333333,0.0,3,2,0.6666666666666666,0,0.0,3,3,1.0,318.0,359.601801024411,0.0,0.0,0.0,954.0,0,0.0,1.0,0.0,0.6666666666666666,0.5773502691896257,Air Canada,3,0.3333333333333333,MHR-LGA,3,0.3333333333333333,1787.0913902386371,2010.87679729186,0.0,2,179.0,117.37972567696688,1,0.5,0.15,14.4,14.4,343.6,6.0,1.414213562373095,1.0,0.0,Extended Stay,2,0.5,False,True,False,False,True,False,False,False,1297.6,14.4,1,3,3,2.1999999999999997,1129.432655329554,3,3113.524201506892,False,318.0
5524,628752,1978-12-05,44.0,F,False,True,usa,birmingham,BHM,33.563,-86.753,2023-03-01,149,8,18.75,0.25,138.375,1.6,12.0,68.0,11.5,0.0,2,1,0.5,0,0.0,2,2,1.0,359.68,212.245171440954,0.1,50.976,50.976,668.384,1,0.5,1.0,0.0,1.0,0.0,American Airlines,2,0.5,BHM-PNE,2,0.5,2218.233109913573,1381.5422911128321,0.0,1,138.0,0.0,0,0.0,0.0,0.0,0.0,138.0,2.0,0.0,1.0,0.0,Choice Hotels,1,1.0,False,True,False,False,False,False,True,True,806.384,50.976,5,2,2,3.2,1052.8164561520507,2,2902.3151584170014,False,359.68
5527,629647,1990-03-01,33.0,F,False,False,usa,new york,LGA,40.777,-73.872,2023-03-01,149,8,19.75,0.25,147.0,1.6,26.0,58.0,8.5,0.0,2,2,1.0,0,0.0,2,1,0.5,172.125,91.12485089151038,0.15,35.484,35.484,308.766,1,0.5,1.0,0.0,1.0,0.0,Air Canada,2,0.5,LGA-DEN,2,0.5,1583.3464559950612,1436.9872298173468,0.0,2,107.5,20.506096654409877,0,0.0,0.0,0.0,0.0,215.0,3.0,2.8284271247461903,1.0,0.0,Best Western,2,0.5,False,True,False,False,False,False,False,True,523.766,35.484,4,2,1,2.45,683.8298676225407,1,1885.1242103804625,False,172.125
5531,629803,1983-04-15,40.0,M,False,True,usa,tulsa,TUL,36.198,-95.888,2023-03-01,149,8,19.625,0.375,144.375,1.6,7.0,7.0,8.0,0.0,3,2,0.6666666666666666,0,0.0,3,3,1.0,453.80333333333334,286.288733682158,0.1,15.423,15.423,1345.987,1,0.3333333333333333,1.3333333333333333,0.5773502691896257,1.0,0.0,Delta Air Lines,2,0.6666666666666666,TUL-FAT,3,0.3333333333333333,1837.8161941876854,806.3275424159814,0.0,2,163.0,22.627416997969522,1,0.5,0.15,26.85,26.85,299.15,3.0,0.0,1.5,0.7071067811865476,Best Western,2,0.5,False,True,False,False,False,False,False,False,1645.137,42.273,5,3,4,4.15,1431.9292927642548,4,3947.4212887595904,False,340.3525
5543,630738,1981-02-11,42.0,F,False,False,usa,birmingham,BHM,33.563,-86.753,2023-03-02,148,9,18.444444444444443,0.3333333333333333,138.77777777777777,1.8,11.0,60.0,8.333333333333334,0.0,3,2,0.6666666666666666,0,0.0,3,3,1.0,172.63333333333333,77.61369745949057,0.15,24.8415,24.8415,493.0585,1,0.3333333333333333,1.0,0.0,0.3333333333333333,0.5773502691896257,American Airlines,3,0.3333333333333333,BHM-HOU,3,0.3333333333333333,942.8974649331611,432.8242989495775,0.0,2,96.0,19.79898987322333,1,0.5,0.05,5.5,5.5,186.5,4.5,2.1213203435596424,1.0,0.0,Rosewood,2,0.5,False,True,False,False,False,False,False,False,679.5585,30.3415,5,3,2,3.45,591.4885643547849,1,1630.565533361376,False,172.63333333333333
5552,631787,1977-06-10,46.0,M,False,False,usa,stockton,SCK,37.894,-121.239,2023-03-02,148,8,47.25,0.625,1065.125,1.6,14.0,17.0,9.75,16.0,4,2,0.5,1,0.25,3,3,1.0,697.42,102.36077764456462,0.25,192.45,192.45,1202.39,2,0.6666666666666666,1.0,0.0,0.0,0.0,Alaska Airlines,3,0.3333333333333333,SCK-OKC,3,0.3333333333333333,3775.418285961521,992.9228680382957,0.0,3,82.0,36.76955262170047,2,0.6666666666666666,0.05,5.4,5.4,158.6,4.333333333333333,1.5275252316519468,1.0,0.0,NH Hotel,3,0.3333333333333333,False,False,False,False,False,False,False,False,1360.99,197.85,5,4,3,4.05,888.4555426808936,2,2449.218925136135,False,697.42
5557,632136,1973-01-26,50.0,F,False,False,usa,detroit,YIP,42.238,-83.53,2023-03-03,147,8,37.125,0.625,661.140227625,2.0,39.0,39.0,7.25,2.0,4,4,1.0,1,0.25,4,4,1.0,197.61333333333334,99.37795345715936,0.0,0.0,0.0,592.84,1,0.25,1.0,0.0,0.75,0.5,United Airlines,4,0.25,YIP-IAD,4,0.25,1145.5040535250212,610.6694711047722,0.0,4,149.66666666666666,63.40609855000805,2,0.5,0.1,16.2,16.2,432.8,3.25,3.8622100754188224,1.0,0.0,NH Hotel,4,0.25,False,False,False,False,True,False,False,False,1025.64,16.2,3,4,2,2.9000000000000004,669.5387495831944,1,1845.7276676365188,False,197.61333333333334
5561,632461,1968-07-04,55.0,F,False,False,canada,toronto,YTZ,43.627,-79.396,2023-03-03,147,8,18.0,0.125,133.125,1.6,25.0,146.0,6.0,0.0,1,1,1.0,0,0.0,1,1,1.0,121.98,0.0,0.2,24.396,24.396,97.584,1,1.0,1.0,0.0,1.0,0.0,Cape Air,1,1.0,YTZ-BOS,1,1.0,696.4037019342252,0.0,0.0,1,168.0,0.0,0,0.0,0.0,0.0,0.0,168.0,1.0,0.0,1.0,0.0,Extended Stay,1,1.0,False,True,False,True,False,False,True,True,265.584,24.396,4,1,1,2.2,693.4939326442147,1,1911.7652856034367,True,121.98
5562,632475,1955-10-22,67.0,F,True,False,canada,ottawa,YOW,45.323,-75.669,2023-03-03,147,8,45.375,0.375,1050.125,1.6,2.0,91.0,59.5,24.0,2,1,0.5,1,0.5,1,1,1.0,0.0,0.0,0.0,0.0,0.0,0.0,1,1.0,2.0,0.0,1.0,0.0,Etihad Airways,1,1.0,YOW-BKK,1,1.0,0.0,0.0,0.0,2,156.0,0.0,1,0.5,0.0,0.0,0.0,156.0,6.0,4.242640687119285,1.0,0.0,NH Hotel,2,0.5,False,False,True,True,True,False,False,True,156.0,0.0,5,2,1,2.85,203.67389129709903,1,561.470917965947,True,0.0
5574,633725,1976-03-17,47.0,F,True,False,canada,hamilton,YHM,43.173,-79.935,2023-03-03,147,8,55.375,1.0,1124.75,2.0,27.0,27.0,8.142857142857142,2.0,7,7,1.0,1,0.14285714285714285,7,7,1.0,137.8,120.12556380721,0.1,12.428,12.428,814.372,2,0.2857142857142857,1.0,0.0,0.8571428571428571,0.6900655593423543,American Airlines,5,0.42857142857142855,YHM-YKZ,5,0.2857142857142857,785.9168431980474,650.7277255202224,0.0,7,188.83333333333334,116.738025795654,3,0.42857142857142855,0.075,19.2,38.4,1094.6,2.142857142857143,1.0690449676496976,1.0,0.0,Rosewood,6,0.2857142857142857,False,False,False,False,False,False,False,False,1908.972,50.828,3,5,4,3.85,712.1021165150288,1,1963.0627494712267,False,137.8
5582,635300,1978-11-09,44.0,F,True,False,usa,chicago,ORD,41.979,-87.904,2023-03-04,146,8,24.25,0.75,179.875,1.6,15.0,15.0,6.666666666666667,0.0,6,4,0.6666666666666666,0,0.0,5,5,1.0,252.198,200.113271848721,0.1,21.8395,43.679,1217.311,2,0.4,1.2,0.4472135954999579,1.6,2.5099800796022267,AirTran Airways,4,0.4,ORD-IAH,5,0.2,1388.3462916395008,1180.237146607253,0.0,5,195.0,90.27181176868004,2,0.4,0.125,20.775,41.55,933.45,3.2,2.4899799195977463,1.4,0.5477225575051661,Aman Resorts,5,0.2,False,True,False,False,False,False,False,False,2150.761,85.229,5,5,4,4.65,936.0125258975214,2,2580.3199850328165,False,210.16500000000002
5588,635666,1997-08-27,25.0,F,False,False,usa,san jose,SJC,37.362,-121.929,2023-03-04,146,8,30.875,0.25,1007.25,2.0,29.0,94.0,253.0,188.0,1,1,1.0,1,1.0,1,1,1.0,0.0,0.0,0.15,0.0,0.0,0.0,1,1.0,1.0,0.0,0.0,0.0,China Airlines,1,1.0,SJC-HKG,1,1.0,0.0,0.0,0.0,1,0.0,0.0,1,1.0,0.0,0.0,0.0,0.0,11.0,0.0,1.0,0.0,Shangri-La,1,1.0,False,False,True,True,True,True,True,True,0.0,0.0,3,1,0,1.4500000000000002,0.0,1,0.0,True,0.0
5592,636078,1969-01-28,54.0,F,True,False,usa,san francisco,SFO,37.619,-122.375,2023-03-04,146,8,19.25,0.375,144.875,2.6666666666666665,57.0,73.0,7.666666666666667,0.0,3,3,1.0,0,0.0,3,3,1.0,707.4066666666666,492.697491401502,0.15,112.3395,224.679,1897.541,2,0.6666666666666666,1.3333333333333333,0.5773502691896257,0.6666666666666666,0.5773502691896257,Air New Zealand,3,0.3333333333333333,SFO-BIF,3,0.3333333333333333,2854.8356854784233,1099.1505991762824,0.0,3,104.0,37.5099986670221,1,0.3333333333333333,0.05,5.15,5.15,306.85,1.3333333333333333,0.5773502691896257,1.3333333333333333,0.5773502691896257,NH Hotel,3,0.3333333333333333,False,True,False,False,False,False,False,False,2204.391,229.829,2,3,5,3.3,1918.7046705568523,5,5289.322386008,False,530.5550000000001
5600,636874,1975-06-23,48.0,F,False,False,usa,reno,RNO,39.498,-119.768,2023-03-04,146,8,17.75,0.375,130.625,1.6,23.0,23.0,8.333333333333334,0.0,3,3,1.0,0,0.0,3,2,0.6666666666666666,525.7433333333333,185.757113008717,0.1,64.184,64.184,1513.046,1,0.3333333333333333,1.0,0.0,0.3333333333333333,0.5773502691896257,American Airlines,3,0.3333333333333333,RNO-NCA,3,0.3333333333333333,3505.98197591757,129.90932110560803,0.0,3,144.66666666666666,84.34650753489046,0,0.0,0.0,0.0,0.0,434.0,4.0,3.0,1.0,0.0,Choice Hotels,3,0.3333333333333333,False,True,False,False,False,False,False,True,1947.046,64.184,4,3,4,3.75,1694.7112621985107,4,4671.836345905664,False,525.7433333333333
5610,638162,1991-03-28,32.0,F,False,False,usa,chicago,ORD,41.979,-87.904,2023-03-05,145,8,18.875,0.75,139.625,2.0,40.0,40.0,7.5,0.0,6,2,0.3333333333333333,0,0.0,3,3,1.0,204.42333333333335,126.601187329872,0.1,6.358,6.358,606.912,1,0.3333333333333333,1.0,0.0,0.6666666666666666,1.1547005383792515,Ryanair,2,0.6666666666666666,ORD-DET,3,0.3333333333333333,1106.7721995568756,610.3800807589831,0.0,5,156.2,106.495070308442,0,0.0,0.0,0.0,0.0,781.0,4.0,2.9154759474226504,1.0,0.0,Aman Resorts,5,0.2,False,True,False,False,False,False,False,True,1387.912,6.358,3,5,3,3.5,604.0201662776481,1,1665.1115912306695,False,204.42333333333335
5623,639571,1982-12-09,40.0,F,False,False,usa,akron,AKR,41.038,-81.467,2023-03-05,145,8,17.0,0.375,126.625,1.6,9.0,84.0,7.0,0.0,3,2,0.6666666666666666,0,0.0,2,2,1.0,361.215,349.006693990244,0.0,0.0,0.0,722.43,0,0.0,1.5,0.7071067811865476,0.5,0.7071067811865476,Alitalia,2,0.5,AKR-DEN,2,0.5,1304.8974360367756,928.9219753201024,0.0,3,229.66666666666666,248.902256585458,1,0.3333333333333333,0.15,16.2,16.2,672.8,3.3333333333333335,1.5275252316519468,1.3333333333333333,0.5773502691896257,Best Western,3,0.3333333333333333,False,True,False,False,True,False,False,False,1395.23,16.2,5,3,3,3.8,1214.409928865177,3,3347.7823456137953,False,240.80999999999997
5629,640715,1975-01-02,48.0,F,False,False,usa,fresno,FAT,36.776,-119.718,2023-03-06,144,8,18.75,0.5,138.375,1.6,12.0,12.0,7.25,0.0,4,3,0.75,0,0.0,4,4,1.0,714.42,475.38968780009,0.175,72.89475,145.7895,2711.8905,2,0.5,1.25,0.5,0.75,0.9574271077563381,American Airlines,3,0.5,FAT-HOU,4,0.25,2999.0688002298293,861.8298016702385,0.0,3,132.33333333333334,56.36783953047458,1,0.3333333333333333,0.1,6.9,6.9,390.1,6.0,2.6457513110645907,1.3333333333333333,0.5773502691896257,Conrad,3,0.3333333333333333,False,True,False,False,False,False,False,False,3101.9905,152.6895,5,4,5,4.75,2024.9822945565188,5,5582.299530630278,False,571.536
5630,640849,1973-08-06,49.0,F,True,False,usa,jacksonville,LRF,34.918,-92.146,2023-03-06,144,8,26.875,0.5,199.75,1.6,11.0,11.0,9.0,0.0,4,2,0.5,0,0.0,4,4,1.0,288.4625,175.870685708752,0.15,24.0615,24.0615,1129.7885,1,0.25,1.0,0.0,0.5,0.5773502691896257,Alaska Airlines,4,0.25,LRF-HOU,4,0.25,1606.3670909812356,987.9943589151773,0.0,2,111.0,35.35533905932738,1,0.5,0.1,13.6,13.6,208.4,5.0,1.414213562373095,1.0,0.0,Choice Hotels,2,0.5,False,True,False,False,False,False,False,False,1338.1885,37.6615,5,4,3,4.05,873.5707021923974,2,2408.1856586745953,False,288.4625
5631,640867,1972-10-20,50.0,F,False,True,canada,montreal,YHU,45.517,-73.417,2023-03-06,144,9,46.888888888888886,0.4444444444444444,982.1111111111111,1.8,14.0,14.0,8.666666666666666,1.0,3,3,1.0,1,0.3333333333333333,3,3,1.0,346.72,131.733993335054,0.0,0.0,0.0,693.44,1,0.3333333333333333,1.25,0.5773502691896257,0.6666666666666666,0.5773502691896257,AirTran Airways,3,0.3333333333333333,YHU-MKE,3,0.3333333333333333,1417.1954001075546,171.08845591229291,0.0,3,128.5,38.890872965260115,1,0.3333333333333333,0.0,0.0,0.0,257.0,3.0,1.7320508075688772,1.3333333333333333,0.5773502691896257,NH Hotel,3,0.3333333333333333,False,False,False,False,True,False,False,True,950.44,0.0,5,3,2,3.45,827.2641591641658,2,2280.531706288695,False,277.37600000000003
5637,641364,1993-10-01,29.0,F,False,False,usa,las vegas,LSV,36.236,-115.034,2023-03-06,144,7,18.285714285714285,0.5714285714285714,136.57142857142858,1.75,46.0,46.0,8.0,0.0,4,3,0.75,0,0.0,4,3,0.75,357.1875,157.905917637687,0.0,0.0,0.0,1428.75,0,0.0,1.0,0.0,0.75,0.5,Alaska Airlines,4,0.25,LSV-CMH,4,0.25,2120.3759932389835,607.7443827388569,0.0,3,147.0,70.14983962918234,2,0.6666666666666666,0.1,18.45,36.9,404.1,2.6666666666666665,0.5773502691896257,1.0,0.0,Fairmont,3,0.3333333333333333,False,True,False,False,True,False,False,False,1832.85,36.9,2,4,4,3.2,1196.48619123041,3,3298.3717051086082,False,357.1875
5639,641537,1970-08-27,52.0,F,True,True,usa,washington,DCA,38.852,-77.037,2023-03-06,144,8,16.0,0.25,119.5,2.0,35.0,35.0,5.5,0.0,2,1,0.5,0,0.0,1,1,1.0,36.44,0.0,0.0,0.0,0.0,36.44,0,0.0,1.0,0.0,0.0,0.0,JetBlue Airways,1,1.0,DCA-PHL,1,1.0,191.57668592906634,0.0,0.0,2,151.0,48.08326112068523,1,0.5,0.05,5.85,5.85,296.15,3.0,0.0,1.5,0.7071067811865476,Fairmont,2,0.5,False,True,False,True,True,False,False,False,332.59,5.85,3,2,1,2.0500000000000003,434.23012504168054,1,1197.048798758297,False,36.44
5641,642344,1982-06-28,41.0,F,False,False,usa,wichita,ICT,37.65,-97.433,2023-03-07,143,8,18.875,0.5,139.625,1.6,10.0,41.0,10.0,0.0,4,4,1.0,0,0.0,4,4,1.0,333.69,58.21881024777702,0.1,28.647,28.647,1306.113,1,0.25,1.0,0.0,0.0,0.0,Delta Air Lines,4,0.25,ICT-JFK,4,0.25,1843.1689413236513,214.87246079918847,0.0,4,175.25,98.24586505293748,1,0.25,0.2,58.2,58.2,642.8,4.25,3.304037933599835,1.0,0.0,Choice Hotels,4,0.25,False,True,False,False,False,False,False,False,1948.913,86.847,5,4,4,4.4,1272.2522259919972,3,3507.237087005665,False,333.69
5643,642553,1997-04-27,26.0,F,False,False,canada,edmonton,YEG,53.31,-113.58,2023-03-07,143,8,42.5,0.375,1028.375,1.6,15.0,90.0,10.0,10.0,2,2,1.0,1,0.5,2,2,1.0,540.53,0.0,0.0,0.0,0.0,540.53,1,0.5,1.6666666666666667,0.7071067811865476,0.5,0.7071067811865476,AirTran Airways,2,0.5,YEG-MDW,2,0.5,3277.238062506185,688.4276755863233,0.0,2,366.0,0.0,1,0.5,0.0,0.0,0.0,366.0,2.0,0.0,1.5,0.7071067811865476,Radisson,2,0.5,False,False,False,False,True,False,False,True,906.53,0.0,5,2,2,3.2,1183.5672607535844,3,3262.7578927158324,False,324.318
5651,643469,1980-12-03,42.0,F,True,False,usa,new york,LGA,40.777,-73.872,2023-03-07,143,8,22.625,0.375,166.25,1.6,9.0,59.0,6.333333333333333,0.0,3,1,0.3333333333333333,0,0.0,1,1,1.0,27.93,0.0,0.15,4.1895,4.1895,23.7405,1,1.0,1.0,0.0,0.0,0.0,American Airlines,1,1.0,LGA-PNE,1,1.0,153.60487750116351,0.0,0.0,3,103.33333333333333,36.17089069035118,0,0.0,0.0,0.0,0.0,310.0,11.0,15.620499351813308,1.0,0.0,Hilton,2,0.6666666666666666,False,True,False,True,False,False,False,True,333.7405,4.1895,5,3,1,3.1,290.48814665999777,1,800.7930978521971,False,27.93
5653,643714,1980-09-27,42.0,F,True,False,usa,chicago,MDW,41.786,-87.752,2023-03-07,143,8,32.5,0.375,1006.875,2.0,35.0,42.0,102.0,190.0,2,1,0.5,1,0.5,2,2,1.0,459.74,0.0,0.0,0.0,0.0,459.74,1,0.5,1.6666666666666667,0.7071067811865476,1.0,0.0,Egyptair,2,0.5,MDW-CAI,2,0.5,2811.592049976628,4997.423729066671,0.0,1,140.0,0.0,0,0.0,0.0,0.0,0.0,140.0,2.0,0.0,1.0,0.0,Shangri-La,1,1.0,False,False,False,False,True,False,True,True,599.74,0.0,3,2,1,2.0500000000000003,783.0216638879626,2,2158.567745774981,False,275.844
5659,644870,1975-12-16,47.0,F,False,False,usa,bakersfield,BFL,35.433,-119.057,2023-03-07,143,9,18.333333333333332,0.5555555555555556,135.11111111111111,1.8,15.0,15.0,8.0,0.0,5,2,0.4,0,0.0,3,3,1.0,513.1166666666667,40.33306873191443,0.0,0.0,0.0,1539.35,0,0.0,1.0,0.0,1.3333333333333333,0.5773502691896257,Southwest Airlines,2,0.6666666666666666,BFL-BNA,2,0.6666666666666666,3101.6758884083642,334.8553559292971,0.0,4,131.25,54.83535963834528,2,0.5,0.2,15.05,30.1,494.9,4.75,1.2583057392117916,1.0,0.0,Choice Hotels,4,0.25,False,True,False,False,True,False,False,False,2034.25,30.1,5,5,4,4.65,1062.3682394131376,2,2928.646704800584,False,513.1166666666667
5661,645047,1979-12-08,43.0,F,False,False,usa,milwaukee,MKE,42.947,-87.896,2023-03-07,143,8,50.875,0.625,1093.125,2.0,43.0,43.0,5.0,2.0,4,4,1.0,1,0.25,4,4,1.0,284.45666666666665,181.516155295702,0.15,20.4,20.4,832.97,2,0.5,1.0,0.0,0.0,0.0,Porter Airlines,4,0.25,MKE-YTZ,4,0.25,1571.0478287136073,1006.9747905786085,0.0,4,160.0,9.539392014169456,1,0.25,0.0,0.0,0.0,480.0,2.75,2.217355782608345,1.0,0.0,InterContinental,4,0.25,False,False,False,False,False,False,False,True,1312.97,20.4,2,4,3,2.8499999999999996,857.1080418472824,2,2362.8027921850944,False,284.45666666666665
5668,645939,1972-09-16,50.0,F,True,True,usa,austin,AUS,30.194,-97.67,2023-03-08,142,8,24.5,0.25,958.897603625,2.0,36.0,48.0,336.0,324.0,1,0,0.0,1,1.0,1,1,1.0,0.0,0.0,0.0,0.0,0.0,0.0,1,1.0,3.0,0.0,2.0,0.0,Air India Limited,1,1.0,AUS-AGR,1,1.0,0.0,0.0,0.0,0,0.0,0.0,0,0.0,0.0,0.0,0.0,0.0,0.0,0.0,0.0,0.0,MISSING,0,0.0,False,False,True,True,True,True,False,True,0.0,0.0,3,1,0,1.4500000000000002,0.0,1,0.0,False,0.0
5674,646424,1980-01-28,43.0,F,True,False,canada,montreal,YMX,45.68,-74.039,2023-03-08,142,8,43.625,0.5,1060.25,2.0,35.0,35.0,6.666666666666667,4.0,3,2,0.6666666666666666,1,0.3333333333333333,2,1,0.5,580.85,0.0,0.0,0.0,0.0,580.85,1,0.5,1.3333333333333333,0.7071067811865476,0.5,0.7071067811865476,Abu Dhabi Amiri Flight,2,0.5,YMX-YWG,2,0.5,1789.1990397451486,10.161218150361849,0.0,3,126.0,4.242640687119285,2,0.6666666666666666,0.1,12.9,12.9,239.1,5.666666666666667,5.507570547286102,2.0,1.0,Starwood,3,0.3333333333333333,False,False,False,False,True,False,False,False,819.95,12.9,3,3,2,2.6500000000000004,713.685500722463,1,1967.4276888298214,False,435.63750000000005
5682,647662,1979-09-20,43.0,F,False,False,usa,new york,JFK,40.64,-73.779,2023-03-09,141,8,53.0,0.5,1139.375,2.0,40.0,40.0,8.333333333333334,1.0,3,2,0.6666666666666666,1,0.3333333333333333,3,3,1.0,85.325,30.469231201328334,0.0,0.0,0.0,170.65,1,0.3333333333333333,1.0,0.0,0.6666666666666666,0.5773502691896257,WestJet,3,0.3333333333333333,JFK-YYC,3,0.3333333333333333,442.63712351162394,1639.5650105848465,0.0,2,180.5,139.30003589375,0,0.0,0.0,0.0,0.0,361.0,3.0,0.0,1.0,0.0,Four Seasons,2,0.5,False,False,False,False,True,False,False,True,531.65,0.0,3,3,1,2.3000000000000003,462.7488218294987,1,1275.6667245153662,False,85.325
5688,648852,1968-07-11,55.0,F,True,True,canada,montreal,YUL,45.468,-73.741,2023-03-09,141,8,18.5,0.25,138.25,1.6,10.0,10.0,5.0,0.0,2,2,1.0,0,0.0,2,2,1.0,315.84,287.226774517976,0.2,103.788,103.788,527.892,1,0.5,1.0,0.0,1.0,0.0,AirTran Airways,2,0.5,YUL-AUS,2,0.5,1658.995892804022,1449.3041964951024,0.0,2,110.5,26.16295090390226,0,0.0,0.0,0.0,0.0,221.0,2.5,2.1213203435596424,1.0,0.0,Aman Resorts,2,0.5,False,True,False,False,False,False,False,True,748.892,103.788,5,2,2,3.2,977.754793597866,2,2695.3915301112434,False,315.84
5689,648983,1987-02-02,36.0,F,True,False,usa,boston,BOS,42.364,-71.005,2023-03-09,141,9,23.555555555555557,0.4444444444444444,175.44444444444446,2.25,30.0,30.0,6.5,0.0,4,4,1.0,0,0.0,4,3,0.75,142.0225,120.415142285622,0.0,0.0,0.0,568.09,0,0.0,1.25,0.5,0.25,0.5,Air Canada,3,0.5,BOS-JFK,4,0.25,1091.5785169963785,1516.8607506149924,0.0,4,142.25,17.289206652321173,1,0.25,0.05,6.95,6.95,562.05,3.25,0.5,1.25,0.5,Shangri-La,3,0.5,False,True,False,False,True,False,False,False,1130.14,6.95,3,4,3,3.25,737.7564471490497,1,2033.7844334296005,False,113.61800000000001
5690,648990,1976-01-17,47.0,F,True,False,usa,san jose,SJC,37.362,-121.929,2023-03-09,141,9,18.88888888888889,0.3333333333333333,139.77777777777777,1.8,18.0,18.0,8.333333333333334,0.0,3,3,1.0,0,0.0,3,3,1.0,251.46666666666667,215.402568307189,0.0,0.0,0.0,754.4,0,0.0,1.3333333333333333,0.5773502691896257,0.6666666666666666,0.5773502691896257,Delta Air Lines,2,0.6666666666666666,SJC-FAT,3,0.3333333333333333,1276.6578000202517,1468.1084596508088,0.0,3,128.0,24.758836806279895,1,0.3333333333333333,0.1,10.0,10.0,374.0,6.0,7.0,1.3333333333333333,0.5773502691896257,Best Western,3,0.3333333333333333,False,True,False,False,True,False,False,False,1128.4,10.0,4,3,3,3.4,982.1607646993443,2,2707.5375377469004,False,188.60000000000002
5705,651269,1976-11-26,46.0,F,False,True,usa,new york,LGA,40.777,-73.872,2023-03-10,140,9,16.77777777777778,0.4444444444444444,124.0,1.8,8.0,8.0,9.0,0.0,4,4,1.0,0,0.0,4,4,1.0,597.36,586.789652317308,0.0,0.0,0.0,2389.44,0,0.0,1.25,0.5,0.5,0.5773502691896257,Air Canada,4,0.25,LGA-CMH,4,0.25,2289.9709609166584,1563.6264440060495,0.0,4,121.5,35.4071555856534,1,0.25,0.1,9.3,9.3,476.7,2.5,3.0,1.25,0.5,Aman Resorts,4,0.25,False,True,False,False,True,False,False,False,2866.14,9.3,5,4,5,4.75,1871.0188679559851,5,5157.866207752946,False,477.88800000000003
5708,651491,1981-04-15,42.0,M,False,False,usa,tallahassee,TLH,30.396,-84.35,2023-03-10,140,8,49.25,0.75,1079.5,1.6,14.0,19.0,8.2,4.0,5,3,0.6,1,0.2,3,3,1.0,301.685,54.5815724397896,0.15,39.4635,39.4635,563.9065,2,0.6666666666666666,1.0,0.0,0.3333333333333333,0.5773502691896257,American Airlines,3,0.3333333333333333,TLH-LRF,3,0.3333333333333333,1692.0172916357228,839.8197328486052,0.0,5,106.0,39.67366884975475,2,0.4,0.05,5.25,5.25,418.75,5.4,4.929503017546495,1.0,0.0,Extended Stay,5,0.2,False,False,False,False,False,False,False,False,982.6565,44.7135,5,5,2,3.95,513.1832645215072,1,1414.7001207697556,False,301.685
5711,651744,1976-08-02,46.0,F,False,False,usa,chicago,ORD,41.979,-87.904,2023-03-10,140,8,51.625,0.5,1099.25,1.6,10.0,10.0,8.333333333333334,7.0,3,3,1.0,1,0.3333333333333333,3,3,1.0,338.775,182.214346443961,0.0,0.0,0.0,677.55,1,0.3333333333333333,1.0,0.0,0.3333333333333333,0.5773502691896257,American Airlines,3,0.3333333333333333,ORD-LGA,2,0.6666666666666666,1994.9863505454646,932.1062467383623,0.0,3,198.0,73.53910524340094,2,0.6666666666666666,0.1,37.5,37.5,358.5,3.0,2.0,1.0,0.0,Aman Resorts,2,0.3333333333333333,False,False,False,False,True,False,False,False,1036.05,37.5,5,3,2,3.45,901.7792097365788,2,2485.948481019741,False,338.775
5726,653281,1985-08-14,37.0,F,False,False,canada,toronto,YYZ,43.677,-79.631,2023-03-11,139,8,30.125,0.5,225.375,2.0,36.0,36.0,5.5,0.0,4,4,1.0,0,0.0,4,4,1.0,269.7475,172.292155243161,0.1,6.464,6.464,1072.526,1,0.25,1.25,0.5,0.25,0.5,Allegiant Air,3,0.5,YYZ-AUS,4,0.25,1453.7471855491817,1150.2290345861616,0.0,4,151.25,89.24264675590925,1,0.25,0.1,20.9,20.9,584.1,8.25,6.551081335677849,1.25,0.5,Aman Resorts,4,0.25,False,True,False,False,False,False,False,False,1656.626,27.364,3,4,4,3.6,1081.4469994998333,3,2981.2414132892786,False,215.798
5732,654233,1985-07-01,38.0,F,False,False,usa,memphis,MEM,35.042,-89.977,2023-03-11,139,7,17.0,0.42857142857142855,126.85714285714286,2.3333333333333335,71.0,71.0,6.666666666666667,0.0,3,3,1.0,0,0.0,3,3,1.0,208.12333333333333,61.80231171512384,0.0,0.0,0.0,624.37,0,0.0,1.0,0.0,0.3333333333333333,0.5773502691896257,Alitalia,3,0.3333333333333333,MEM-BWI,3,0.3333333333333333,1146.7481760155438,329.47932346026516,0.0,3,168.66666666666666,64.84083075758154,1,0.3333333333333333,0.05,5.4,5.4,500.6,3.6666666666666665,3.0550504633038935,1.0,0.0,Radisson,2,0.6666666666666666,False,True,False,False,True,False,False,False,1124.97,5.4,1,3,3,2.1999999999999997,979.1752884294765,2,2699.307429846801,False,208.12333333333333
5735,654687,1970-05-11,53.0,F,False,False,usa,kansas city,MCI,39.297,-94.714,2023-03-11,139,9,21.444444444444443,0.3333333333333333,159.77777777777777,1.8,21.0,21.0,10.666666666666666,0.0,3,0,0.0,0,0.0,1,1,1.0,276.58,0.0,0.0,0.0,0.0,276.58,0,0.0,1.0,0.0,1.0,0.0,JetBlue Airways,1,1.0,MCI-JFK,1,1.0,1786.0731620565484,0.0,0.0,2,89.0,15.556349186104045,1,0.5,0.15,15.0,15.0,163.0,5.0,1.414213562373095,1.0,0.0,Crowne Plaza,2,0.5,False,True,False,True,True,False,False,False,439.58,15.0,4,3,1,2.7,382.610979215294,1,1054.7495133310726,False,276.58
5739,655166,2006-11-10,16.0,F,False,False,usa,las vegas,LSV,36.236,-115.034,2023-03-12,138,8,36.375,0.25,984.75,2.6666666666666665,72.0,109.0,224.0,187.0,1,0,0.0,1,1.0,1,1,1.0,0.0,0.0,0.0,0.0,0.0,0.0,1,1.0,2.0,0.0,1.0,0.0,Southwest Airlines,1,1.0,LSV-HOU,1,1.0,0.0,0.0,0.0,0,0.0,0.0,0,0.0,0.0,0.0,0.0,0.0,0.0,0.0,0.0,0.0,MISSING,0,0.0,False,False,True,True,True,True,False,True,0.0,0.0,1,1,0,0.65,0.0,1,0.0,True,0.0
5745,656471,1995-05-05,28.0,F,False,True,usa,new york,JFK,40.64,-73.779,2023-03-12,138,8,29.375,0.375,621.655801375,1.6,21.0,108.0,7.0,4.0,2,2,1.0,1,0.5,2,2,1.0,108.67,0.0,0.15,0.0,0.0,108.67,1,0.5,1.3333333333333333,0.7071067811865476,1.0,0.0,American Airlines,1,1.0,JFK-IND,2,0.5,295.369724726902,545.8138550932069,0.0,2,136.0,0.0,1,0.5,0.05,0.0,0.0,136.0,6.5,4.949747468305833,1.5,0.7071067811865476,Accor,2,0.5,False,False,False,False,True,False,False,True,244.67,0.0,4,2,1,2.45,319.44160886962317,1,880.6095480687708,True,81.50250000000001
5751,656920,1987-07-15,36.0,F,True,False,usa,jacksonville,NIP,30.236,-81.681,2023-03-12,138,8,17.75,0.375,132.375,2.0,44.0,68.0,7.0,0.0,3,0,0.0,0,0.0,2,2,1.0,611.465,474.009030768402,0.15,141.996,141.996,1080.934,1,0.5,2.5,2.1213203435596424,0.5,0.7071067811865476,Ryanair,2,0.5,NIP-FTW,1,1.0,1512.2617063925595,0.0,0.0,1,366.0,0.0,0,0.0,0.0,0.0,0.0,366.0,2.0,0.0,2.0,0.0,Fairmont,1,1.0,False,True,False,False,False,False,True,True,1446.934,141.996,2,3,3,2.5999999999999996,1259.4131548293876,3,3471.8434240005968,False,244.586
5753,657343,1967-06-22,56.0,F,True,False,usa,corpus christi,CRP,27.77,-97.501,2023-03-12,138,8,44.25,0.25,1044.75,2.0,33.0,33.0,7.0,7.0,1,1,1.0,1,1.0,1,1,1.0,0.0,0.0,0.0,0.0,0.0,0.0,1,1.0,1.0,0.0,0.0,0.0,Porter Airlines,1,1.0,CRP-YOW,1,1.0,0.0,0.0,0.0,1,0.0,0.0,1,1.0,0.0,0.0,0.0,0.0,4.0,0.0,1.0,0.0,Extended Stay,1,1.0,False,False,True,True,True,True,True,True,0.0,0.0,3,1,0,1.4500000000000002,0.0,1,0.0,False,0.0
5761,659128,1975-03-23,48.0,F,True,True,usa,new york,JFK,40.64,-73.779,2023-03-13,137,8,20.375,0.625,151.875,1.6,14.0,14.0,8.2,0.0,5,5,1.0,0,0.0,5,4,0.8,518.526,318.213609749803,0.1,24.157,24.157,2568.473,1,0.2,1.0,0.0,1.2,0.4472135954999579,AirTran Airways,5,0.2,JFK-BNA,5,0.2,2900.877490358866,1552.5838821082057,0.0,5,142.6,52.0413297293603,2,0.4,0.075,10.6,21.2,691.8,3.0,2.449489742783178,1.0,0.0,Accor,5,0.2,False,True,False,False,False,False,False,False,3260.273,45.357,5,5,5,5.0,1702.6474066688897,4,4693.714036229723,False,518.526
5764,659360,2006-11-10,16.0,F,False,False,usa,new york,JFK,40.64,-73.779,2023-03-13,137,8,21.75,0.25,421.392714125,2.0,35.0,46.0,225.0,214.0,1,1,1.0,1,1.0,1,1,1.0,0.0,0.0,0.05,0.0,0.0,0.0,1,1.0,1.0,0.0,0.0,0.0,Delta Air Lines,1,1.0,JFK-LSQ,1,1.0,0.0,0.0,0.0,1,0.0,0.0,1,1.0,0.0,0.0,0.0,0.0,13.0,0.0,1.0,0.0,Radisson,1,1.0,False,False,True,True,True,True,True,True,0.0,0.0,3,1,0,1.4500000000000002,0.0,1,0.0,False,0.0
5779,662596,2004-05-04,19.0,F,False,False,usa,nashville,BNA,36.124,-86.678,2023-03-14,136,8,41.25,0.375,1021.125,1.6,12.0,69.0,7.5,10.0,2,0,0.0,1,0.5,1,1,1.0,226.09,0.0,0.0,0.0,0.0,226.09,0,0.0,1.0,0.0,1.0,0.0,Delta Air Lines,1,1.0,BNA-LGA,1,1.0,1229.7711374054747,0.0,0.0,1,0.0,0.0,1,1.0,0.0,0.0,0.0,0.0,9.0,0.0,2.0,0.0,Radisson,1,1.0,False,False,False,True,True,True,True,True,226.09,0.0,5,2,1,2.85,295.1835261753918,1,813.7369220700062,False,226.09
5786,664401,1981-12-20,41.0,F,False,False,usa,columbus,LCK,39.814,-82.928,2023-03-15,135,8,39.125,0.5,1004.75,2.6666666666666665,73.0,85.0,88.66666666666667,240.0,3,3,1.0,1,0.3333333333333333,3,3,1.0,291.96,221.168859019528,0.15,67.2525,67.2525,516.6675,2,0.6666666666666666,1.0,0.0,0.0,0.0,Japan Airlines,3,0.3333333333333333,LCK-ITM,3,0.3333333333333333,1743.1564198574745,5335.8792566281745,0.0,3,230.5,70.0035713374682,1,0.3333333333333333,0.05,0.0,0.0,461.0,5.333333333333333,5.8594652770823155,1.0,0.0,Conrad,2,0.6666666666666666,False,False,False,False,False,False,False,True,977.6675,67.2525,1,3,2,1.8499999999999999,850.963009058575,2,2345.862686711421,False,291.96
5787,664405,1970-06-26,53.0,F,True,True,canada,montreal,YHU,45.517,-73.417,2023-03-15,135,8,34.125,0.375,746.3500635,2.0,37.0,71.0,6.0,1.0,2,2,1.0,1,0.5,2,2,1.0,212.82,0.0,0.0,0.0,0.0,212.82,1,0.5,1.0,0.0,0.0,0.0,Air Canada,2,0.5,YHU-YYC,2,0.5,1223.6055930144828,1274.3162480128474,0.0,2,101.0,0.0,2,1.0,0.05,5.05,5.05,95.95,2.5,0.7071067811865476,1.0,0.0,Aman Resorts,2,0.5,False,False,False,False,True,False,False,False,308.77,5.05,3,2,1,2.0500000000000003,403.13068856285423,1,1111.316508591958,False,212.82
5796,665746,1977-03-19,46.0,F,True,False,usa,boston,BOS,42.364,-71.005,2023-03-15,135,8,46.75,0.375,1116.875,2.6666666666666665,69.0,69.0,130.5,8.0,2,1,0.5,1,0.5,2,2,1.0,919.34,0.0,0.05,0.0,0.0,919.34,1,0.5,1.3333333333333333,0.7071067811865476,1.0,0.0,United Airlines,2,0.5,BOS-DEN,2,0.5,2497.5823247236876,224.7165405847807,0.0,1,0.0,0.0,1,1.0,0.0,0.0,0.0,0.0,4.0,0.0,1.0,0.0,Extended Stay,1,1.0,False,False,False,False,True,True,True,True,919.34,0.0,1,2,2,1.6,1200.2920206735578,3,3308.8632930949593,False,689.5050000000001
5798,665892,1992-06-13,31.0,F,False,True,usa,knoxville,TYS,35.812,-83.993,2023-03-16,134,7,17.857142857142858,0.5714285714285714,132.42857142857142,1.4,7.0,7.0,8.5,0.0,4,3,0.75,0,0.0,3,2,0.6666666666666666,342.5466666666667,233.540739558077,0.15,26.088,26.088,1001.552,1,0.3333333333333333,1.0,0.0,0.3333333333333333,0.5773502691896257,Delta Air Lines,2,0.6666666666666666,TYS-JFK,3,0.3333333333333333,2400.6174205104217,1212.7772017591756,0.0,4,218.25,70.2109915421605,2,0.5,0.1,24.3,48.6,824.4,4.5,1.2909944487358056,1.0,0.0,Conrad,4,0.25,False,True,False,False,False,False,False,False,1825.952,74.688,5,4,4,4.4,1191.98317039013,3,3285.95815897999,False,342.5466666666667
5803,666718,1978-07-06,45.0,F,True,False,usa,memphis,MEM,35.042,-89.977,2023-03-16,134,8,16.5,0.25,121.375,2.0,47.0,87.0,6.0,0.0,2,1,0.5,0,0.0,2,2,1.0,297.865,47.22766191544951,0.0,0.0,0.0,595.73,0,0.0,1.0,0.0,0.5,0.7071067811865476,Delta Air Lines,2,0.5,MEM-BOS,2,0.5,1690.2814902964983,199.0586319748767,0.0,1,190.0,0.0,1,1.0,0.45,85.5,85.5,104.5,3.0,0.0,1.0,0.0,Radisson,1,1.0,False,True,False,False,True,False,True,False,700.23,85.5,2,2,2,2.0,914.221595531844,2,2520.248595431379,False,297.865
5808,667718,1986-03-02,37.0,F,False,False,usa,nashville,BNA,36.124,-86.678,2023-03-16,134,8,38.375,0.5,999.75,1.6,0.0,60.0,88.66666666666667,191.0,3,2,0.6666666666666666,1,0.3333333333333333,3,3,1.0,531.14,38.25447686219222,0.15,83.7285,83.7285,978.5515,2,0.6666666666666666,1.75,0.5773502691896257,0.6666666666666666,0.5773502691896257,Delta Air Lines,3,0.3333333333333333,BNA-LBG,3,0.3333333333333333,2180.576654226034,2844.538748082868,0.0,2,92.0,21.213203435596427,0,0.0,0.0,0.0,0.0,184.0,3.0,2.8284271247461903,1.5,0.7071067811865476,Hilton,2,0.5,False,False,False,False,False,False,False,True,1162.5515,83.7285,5,3,3,3.8,1011.88627281316,2,2789.482298665336,False,303.50857142857143
5826,671151,1973-06-07,50.0,F,True,False,usa,milwaukee,MKE,42.947,-87.896,2023-03-17,133,8,22.125,0.625,320.47998175,1.6,3.0,9.0,73.75,275.0,4,3,0.75,1,0.25,4,4,1.0,323.2033333333333,191.183565280422,0.05,8.884,8.884,960.726,2,0.5,1.4,0.5,0.75,0.9574271077563381,JetBlue Airways,4,0.25,MKE-JFK,4,0.25,1788.1827757972396,807.6050584718656,0.0,3,140.33333333333334,61.435603141283906,0,0.0,0.0,0.0,0.0,421.0,4.0,1.7320508075688772,1.0,0.0,Conrad,3,0.3333333333333333,False,False,False,False,False,False,False,True,1381.726,8.884,5,4,3,4.05,901.992022840947,2,2486.5351461455643,False,230.8595238095238
5830,671999,2006-12-24,16.0,F,False,True,usa,los angeles,LAX,33.942,-118.408,2023-03-18,132,8,28.875,0.25,798.77689675,1.6,19.0,19.0,11.0,11.0,1,0,0.0,1,1.0,0,0,0.0,0.0,0.0,0.0,0.0,0.0,0.0,0,0.0,0.0,0.0,0.0,0.0,MISSING,0,0.0,MISSING,0,0.0,0.0,0.0,0.0,1,0.0,0.0,1,1.0,0.0,0.0,0.0,0.0,2.0,0.0,2.0,0.0,Hyatt,1,1.0,False,False,True,False,True,True,True,True,0.0,0.0,4,1,0,1.85,0.0,1,0.0,False,
5831,672009,1973-02-07,50.0,F,True,False,usa,indianapolis,IND,39.717,-86.294,2023-03-18,132,8,19.625,0.25,146.125,2.0,32.0,43.0,8.0,0.0,2,2,1.0,0,0.0,2,2,1.0,1438.245,409.520892324189,0.45,516.9015,516.9015,2359.5885,1,0.5,3.0,0.0,0.0,0.0,Cebu Pacific,2,0.5,IND-DMA,2,0.5,2724.0450761014527,517.519038664437,0.0,2,138.0,171.119841047145,0,0.0,0.0,0.0,0.0,276.0,1.5,0.7071067811865476,3.0,0.0,Banyan Tree,2,0.5,False,True,False,False,False,False,False,True,2635.5885,516.9015,3,2,5,3.45,3441.0292670056683,5,9485.937785099315,False,479.41499999999996
5839,675201,1979-03-22,44.0,M,False,True,usa,phoenix,PHX,33.434,-112.008,2023-03-19,131,8,20.5,0.75,152.0,1.6,18.0,18.0,8.333333333333334,0.0,6,5,0.8333333333333334,0,0.0,5,5,1.0,531.346,90.6340903302946,0.15,84.1275,84.1275,2572.6025,1,0.2,1.0,0.0,0.6,0.8944271909999159,Delta Air Lines,4,0.4,PHX-JAX,5,0.2,3003.2074487545196,447.7637415602801,0.0,6,141.16666666666666,51.21881164832572,2,0.3333333333333333,0.075,13.075,26.15,820.85,4.0,2.9664793948382653,1.0,0.0,Crowne Plaza,4,0.3333333333333333,False,True,False,False,False,False,False,False,3393.4525,110.2775,4,5,5,4.6,1476.8326401856175,4,4071.207030446235,False,531.346
5840,675594,1986-03-03,37.0,F,False,False,usa,newport news,PHF,37.132,-76.493,2023-03-19,131,8,22.25,0.375,164.5,1.6,8.0,8.0,8.333333333333334,0.0,3,3,1.0,0,0.0,3,3,1.0,205.15,168.970655144614,0.15,56.631,56.631,558.819,1,0.3333333333333333,1.0,0.0,1.0,1.0,KLM Royal Dutch Airlines,3,0.3333333333333333,PHF-IAD,3,0.3333333333333333,1070.7788800311264,861.74718181814,0.0,3,91.66666666666667,51.926229723843164,1,0.3333333333333333,0.1,4.4,4.4,270.6,3.0,2.0,1.0,0.0,Conrad,3,0.3333333333333333,False,True,False,False,False,False,False,False,829.419,61.031,5,3,2,3.45,721.9273301100367,1,1990.1480654205034,False,205.15
5845,676762,1981-06-24,42.0,F,False,False,usa,san francisco,SFO,37.619,-122.375,2023-03-19,131,8,17.25,0.5,128.75,1.6,7.0,7.0,7.75,0.0,4,4,1.0,0,0.0,4,4,1.0,638.635,164.765048174666,0.0,0.0,0.0,2554.54,0,0.0,1.0,0.0,0.75,0.5,Delta Air Lines,3,0.5,SFO-LGA,3,0.5,3569.175393336146,862.0010209323348,0.0,4,117.75,42.601838770957606,1,0.25,0.1,10.8,10.8,460.2,5.25,4.349329450233296,1.0,0.0,Wyndham,3,0.5,False,True,False,False,True,False,False,False,3014.74,10.8,5,4,5,4.75,1968.025086695565,5,5425.284728296984,False,638.635
5850,678547,1992-10-23,30.0,F,False,False,canada,toronto,YKZ,43.862,-79.37,2023-03-20,130,8,19.125,0.25,142.25,2.0,39.0,100.0,3.5,0.0,2,0,0.0,0,0.0,1,1,1.0,274.58,0.0,0.0,0.0,0.0,274.58,0,0.0,1.0,0.0,1.0,0.0,American Airlines,1,1.0,YKZ-LRF,1,1.0,1500.3981051164092,0.0,0.0,1,213.0,0.0,1,1.0,0.1,21.3,21.3,191.7,10.0,0.0,2.0,0.0,NH Hotel,1,1.0,False,True,False,True,True,False,True,False,466.28,21.3,3,2,1,2.0500000000000003,608.7760386795597,1,1678.222177110011,True,274.58
5857,679831,1990-01-11,33.0,F,False,False,usa,spokane,SFF,47.683,-117.322,2023-03-21,129,8,38.375,0.25,1066.5,1.6,21.0,26.0,7.0,2.0,1,1,1.0,1,1.0,1,1,1.0,0.0,0.0,0.05,0.0,0.0,0.0,1,1.0,1.0,0.0,1.0,0.0,American Airlines,1,1.0,SFF-CLT,1,1.0,0.0,0.0,0.0,1,0.0,0.0,1,1.0,0.0,0.0,0.0,0.0,4.0,0.0,1.0,0.0,Aman Resorts,1,1.0,False,False,True,True,True,True,True,True,0.0,0.0,4,1,0,1.85,0.0,1,0.0,False,0.0
5880,686509,2000-11-24,22.0,F,False,True,usa,buffalo,BUF,42.94,-78.732,2023-03-23,127,8,20.875,0.375,654.811948,1.6,2.0,13.0,172.0,325.0,2,1,0.5,1,0.5,2,2,1.0,82.85,0.0,0.1,0.0,0.0,82.85,1,0.5,1.0,0.0,0.5,0.7071067811865476,All Nippon Airways,2,0.5,BUF-ITM,2,0.5,476.49273701485197,7230.646902173065,0.0,1,112.0,0.0,0,0.0,0.0,0.0,0.0,112.0,2.0,0.0,1.0,0.0,Shangri-La,1,1.0,False,False,False,False,True,False,True,True,194.85,0.0,5,2,1,2.85,254.3965238412804,1,701.2987715747742,False,82.85
5890,690420,1968-10-22,54.0,F,True,True,usa,st. petersburg,PIE,27.911,-82.687,2023-03-24,126,8,57.5,0.625,1141.75,1.6,12.0,37.0,7.75,8.0,4,4,1.0,1,0.25,4,4,1.0,548.16,186.623877357641,0.0,0.0,0.0,1644.48,1,0.25,1.0,0.0,0.25,0.5,American Airlines,4,0.25,PIE-LGA,4,0.25,3102.2008394730124,1180.7092764939016,0.0,4,101.0,35.02855977627399,2,0.5,0.05,6.6,6.6,296.4,3.0,1.8257418583505538,1.0,0.0,Marriott,4,0.25,False,False,False,False,True,False,False,False,1940.88,6.6,5,4,4,4.4,1267.0082760920307,3,3492.7810104543178,False,548.16
5893,691541,2002-02-10,21.0,F,False,True,usa,new york,JFK,40.64,-73.779,2023-03-25,125,8,38.75,0.25,1001.375,1.6,15.0,30.0,337.0,322.0,1,1,1.0,1,1.0,1,1,1.0,0.0,0.0,0.0,0.0,0.0,0.0,1,1.0,1.0,0.0,0.0,0.0,Air Canada,1,1.0,JFK-YYZ,1,1.0,0.0,0.0,0.0,1,0.0,0.0,1,1.0,0.0,0.0,0.0,0.0,10.0,0.0,1.0,0.0,Fairmont,1,1.0,False,False,True,True,True,True,True,True,0.0,0.0,5,1,0,2.25,0.0,1,0.0,False,0.0
5895,692211,2000-07-12,23.0,F,False,False,usa,houston,IAH,29.98,-95.34,2023-03-25,125,8,37.625,0.25,993.875,2.0,50.0,60.0,169.0,159.0,1,0,0.0,1,1.0,1,1,1.0,0.0,0.0,0.0,0.0,0.0,0.0,1,1.0,2.0,0.0,1.0,0.0,Air France,1,1.0,IAH-CDG,1,1.0,0.0,0.0,0.0,0,0.0,0.0,0,0.0,0.0,0.0,0.0,0.0,0.0,0.0,0.0,0.0,MISSING,0,0.0,False,False,True,True,True,True,False,True,0.0,0.0,2,1,0,1.05,0.0,1,0.0,False,0.0
5906,696475,1974-11-27,48.0,F,False,False,usa,dallas,DAL,32.847,-96.852,2023-03-27,123,8,18.5,0.5,137.125,2.0,27.0,27.0,7.75,0.0,4,2,0.5,0,0.0,2,2,1.0,200.29,179.407132522651,0.2,14.686,14.686,385.894,1,0.5,1.0,0.0,1.0,0.0,United Airlines,2,0.5,DAL-IAH,2,0.5,1171.4948596663305,1098.721010615002,0.0,4,189.75,194.93823808239,0,0.0,0.0,0.0,0.0,759.0,5.25,1.707825127659933,1.0,0.0,Best Western,4,0.25,False,True,False,False,False,False,False,True,1144.894,14.686,3,4,3,3.25,747.3878721240413,2,2060.3355293387976,False,200.29
5913,700237,1976-09-24,46.0,F,False,False,usa,atlanta,ATL,33.64,-84.427,2023-03-28,122,8,58.125,0.5,1145.75,1.6,12.0,41.0,8.333333333333334,9.0,3,3,1.0,1,0.3333333333333333,3,3,1.0,701.525,697.002225283392,0.0,0.0,0.0,1403.05,1,0.3333333333333333,1.25,0.5773502691896257,0.6666666666666666,0.5773502691896257,American Airlines,2,0.6666666666666666,ATL-PNE,3,0.3333333333333333,2131.2723495258497,1096.225360047502,0.0,3,135.5,84.14570696119915,1,0.3333333333333333,0.0,0.0,0.0,271.0,3.0,1.0,1.3333333333333333,0.5773502691896257,Conrad,3,0.3333333333333333,False,False,False,False,True,False,False,True,1674.05,0.0,5,3,4,4.15,1457.0952039568745,4,4016.796539405528,False,561.22
5917,702595,1983-01-18,40.0,F,False,True,usa,fort worth,FTW,32.82,-97.362,2023-03-29,121,8,16.625,0.375,123.875,1.6,17.0,17.0,7.0,0.0,3,3,1.0,0,0.0,3,3,1.0,319.0966666666667,80.20951211255017,0.0,0.0,0.0,957.29,0,0.0,1.0,0.0,0.3333333333333333,0.5773502691896257,Allegiant Air,3,0.3333333333333333,FTW-DMA,3,0.3333333333333333,1792.6273770194578,458.4663012602336,0.0,3,145.0,21.656407827707714,1,0.3333333333333333,0.15,18.0,18.0,417.0,2.3333333333333335,1.5275252316519468,1.0,0.0,Aman Resorts,3,0.3333333333333333,False,True,False,False,True,False,False,False,1374.29,18.0,4,3,3,3.4,1196.1837267978215,3,3297.537896800946,False,319.0966666666667
5923,705310,1973-07-09,50.0,F,True,False,usa,tacoma,TCM,47.138,-122.476,2023-03-30,120,8,16.125,0.25,120.5,1.6,17.0,17.0,7.0,0.0,2,2,1.0,0,0.0,2,2,1.0,807.61,338.845569544594,0.25,142.0025,142.0025,1473.2175,1,0.5,1.5,0.7071067811865476,0.5,0.7071067811865476,Air New Zealand,2,0.5,TCM-DAL,2,0.5,3001.2687790504433,454.9837491400523,0.0,2,97.5,3.5355339059327378,0,0.0,0.0,0.0,0.0,195.0,2.0,0.0,1.5,0.7071067811865476,Banyan Tree,2,0.5,False,True,False,False,False,False,False,True,1668.2175,142.0025,4,2,4,3.5,2178.027883044348,5,6004.202635204213,False,538.4066666666666
5929,709630,1978-01-27,45.0,F,True,True,usa,austin,AUS,30.194,-97.67,2023-03-31,119,8,42.75,0.25,1032.5,2.0,39.0,102.0,6.0,1.0,1,0,0.0,1,1.0,1,1,1.0,0.0,0.0,0.0,0.0,0.0,0.0,1,1.0,2.0,0.0,1.0,0.0,Delta Air Lines,1,1.0,AUS-YED,1,1.0,0.0,0.0,0.0,0,0.0,0.0,0,0.0,0.0,0.0,0.0,0.0,0.0,0.0,0.0,0.0,MISSING,0,0.0,False,False,True,True,True,True,False,True,0.0,0.0,3,1,0,1.4500000000000002,0.0,1,0.0,True,0.0
5935,714420,1981-06-11,42.0,F,True,True,usa,nashville,BNA,36.124,-86.678,2023-04-02,117,9,19.333333333333332,0.2222222222222222,143.33333333333334,2.25,10.0,57.0,11.0,0.0,2,2,1.0,0,0.0,2,1,0.5,215.78,103.11031083262236,0.05,7.1435,7.1435,424.4165,1,0.5,1.5,0.7071067811865476,1.0,0.0,Qatar Airways,2,0.5,BNA-LRF,2,0.5,1151.7320829282407,527.4329228673007,0.0,2,227.5,103.94469683442249,1,0.5,0.15,23.1,23.1,431.9,3.0,1.414213562373095,1.5,0.7071067811865476,Aman Resorts,2,0.5,False,True,False,False,False,False,False,False,856.3165,30.2435,5,2,2,3.2,1118.0084213904636,3,3082.030841822993,False,143.85333333333332
5947,721570,1980-03-02,43.0,F,False,False,usa,newark,EWR,40.692,-74.169,2023-04-05,114,8,35.625,0.375,992.625,2.0,3.0,17.0,180.0,323.0,2,0,0.0,1,0.5,1,1,1.0,0.0,0.0,0.0,0.0,0.0,0.0,1,1.0,1.0,0.0,0.0,0.0,Jet2.com,1,1.0,EWR-EDI,1,1.0,0.0,0.0,0.0,1,74.0,0.0,0,0.0,0.0,0.0,0.0,74.0,17.0,0.0,1.0,0.0,Aman Resorts,1,1.0,False,False,True,True,True,False,True,True,74.0,0.0,5,2,1,2.85,96.61453817939312,1,266.3387687787184,False,0.0
5950,724581,1985-08-16,37.0,F,True,False,usa,phoenix,PHX,33.434,-112.008,2023-04-06,113,8,17.125,0.625,128.125,2.0,12.0,12.0,7.4,0.0,5,2,0.4,0,0.0,5,5,1.0,796.238,527.428392220214,0.0,0.0,0.0,3981.19,0,0.0,1.4,0.5477225575051661,0.6,0.5477225575051661,American Airlines,4,0.4,PHX-JFK,5,0.2,2842.933228803302,1014.553132898969,0.0,2,84.5,4.949747468305833,2,1.0,0.1,8.45,16.9,152.1,3.5,0.7071067811865476,1.5,0.7071067811865476,Four Seasons,2,0.5,False,True,False,False,True,False,False,False,4133.29,16.9,5,5,5,5.0,2158.57245681894,5,5950.569565434536,False,568.7414285714286
5954,728820,1985-07-15,38.0,M,False,True,usa,houston,HOU,29.645,-95.279,2023-04-07,112,8,37.75,0.375,995.375,2.0,19.0,24.0,170.5,332.0,2,0,0.0,1,0.5,1,1,1.0,0.0,0.0,0.0,0.0,0.0,0.0,1,1.0,1.0,0.0,0.0,0.0,AirTran Airways,1,1.0,HOU-DAL,1,1.0,0.0,0.0,0.0,1,90.0,0.0,0,0.0,0.0,0.0,0.0,90.0,5.0,0.0,1.0,0.0,Marriott,1,1.0,False,False,True,True,True,False,True,True,90.0,0.0,4,2,1,2.45,117.50416805601867,1,323.9255295957386,False,0.0
5956,732729,1982-01-22,41.0,F,False,True,usa,columbus,CMH,39.998,-82.892,2023-04-09,110,8,21.875,0.625,163.75,2.0,7.0,46.0,6.8,0.0,5,3,0.6,0,0.0,3,2,0.6666666666666666,236.04333333333332,305.687692315758,0.15,7.1895,7.1895,700.9405,1,0.3333333333333333,1.0,0.0,0.0,0.0,Delta Air Lines,2,0.6666666666666666,CMH-BFI,3,0.3333333333333333,1426.5815533474606,1587.3322271620673,0.0,5,165.0,77.51451476981585,1,0.2,0.1,6.9,6.9,818.1,4.4,2.792848008753788,1.4,0.5477225575051661,Banyan Tree,4,0.4,False,True,False,False,False,False,False,False,1519.0405,14.0895,5,5,4,4.65,793.3048453151051,2,2186.9155486216696,False,236.04333333333332
5957,733654,1956-05-26,67.0,F,True,False,usa,portland,PWM,43.646,-70.309,2023-04-09,110,8,34.25,0.25,1034.25,2.0,20.0,23.0,197.0,194.0,1,1,1.0,1,1.0,1,1,1.0,0.0,0.0,0.0,0.0,0.0,0.0,1,1.0,2.0,0.0,2.0,0.0,Delta Air Lines,1,1.0,PWM-JFK,1,1.0,0.0,0.0,0.0,1,0.0,0.0,1,1.0,0.0,0.0,0.0,0.0,10.0,0.0,1.0,0.0,Conrad,1,1.0,False,False,True,True,True,True,True,True,0.0,0.0,4,1,0,1.85,0.0,1,0.0,False,0.0
5958,734565,1966-02-08,57.0,F,True,False,usa,honolulu,HNL,21.316,-157.927,2023-04-09,110,8,18.0,0.25,132.0,2.0,22.0,67.0,8.0,0.0,2,2,1.0,0,0.0,2,2,1.0,1377.1,246.129728395413,0.1,120.306,120.306,2633.894,1,0.5,1.0,0.0,0.5,0.7071067811865476,Allegiant Air,2,0.5,HNL-LCK,2,0.5,7374.605368824332,161.33084729492472,1.0,2,144.0,9.899494936611665,0,0.0,0.0,0.0,0.0,288.0,3.5,0.7071067811865476,1.0,0.0,InterContinental,2,0.5,False,True,False,False,False,False,False,True,2921.894,120.306,4,2,5,3.85,3814.8302624208063,5,10516.400681917901,False,1377.1
5960,736075,1997-01-15,26.0,F,False,False,canada,toronto,YTZ,43.627,-79.396,2023-04-10,109,7,53.142857142857146,0.42857142857142855,1273.7142857142858,1.75,22.0,22.0,8.5,4.0,2,2,1.0,1,0.5,2,2,1.0,657.54,0.0,0.0,0.0,0.0,657.54,1,0.5,1.0,0.0,1.0,0.0,Iberia Airlines,2,0.5,YTZ-YYC,2,0.5,3622.585298358005,646.4886452932018,0.0,2,147.0,0.0,1,0.5,0.0,0.0,0.0,147.0,2.5,0.7071067811865476,1.0,0.0,Starwood,2,0.5,False,False,False,False,True,False,False,True,804.54,0.0,4,2,2,2.8,1050.4089263087694,2,2895.6782842328394,False,657.54
5976,756030,1988-06-16,35.0,F,False,True,usa,tucson,DMA,32.166,-110.883,2023-04-17,102,8,19.625,0.375,146.625,2.0,26.0,54.0,6.0,0.0,3,3,1.0,0,0.0,3,3,1.0,293.79,163.646369651147,0.3,118.83,118.83,762.54,1,0.3333333333333333,1.0,0.0,0.3333333333333333,0.5773502691896257,British Airways,3,0.3333333333333333,DMA-BNA,3,0.3333333333333333,1657.6949384817353,930.6194384399042,0.0,3,308.0,86.06392972668631,0,0.0,0.0,0.0,0.0,924.0,2.3333333333333335,1.1547005383792515,1.0,0.0,Best Western,3,0.3333333333333333,False,True,False,False,False,False,False,True,1686.54,118.83,4,3,4,3.75,1467.9665155051682,4,4046.765649514052,False,293.79
5978,757930,1978-03-24,45.0,F,False,False,usa,las vegas,LAS,36.08,-115.152,2023-04-17,102,8,22.875,0.5,170.5,2.0,19.0,19.0,7.25,0.0,4,2,0.5,0,0.0,3,3,1.0,314.55,251.951503071524,0.25,141.275,141.275,802.375,1,0.3333333333333333,1.0,0.0,0.3333333333333333,0.5773502691896257,AirTran Airways,3,0.3333333333333333,LAS-DAL,3,0.3333333333333333,1815.564662924482,1489.458114832503,0.0,3,195.66666666666666,38.279672586548244,0,0.0,0.0,0.0,0.0,587.0,4.666666666666667,2.516611478423583,1.0,0.0,NH Hotel,3,0.3333333333333333,False,True,False,False,False,False,False,True,1389.375,141.275,4,4,3,3.65,906.9852971823941,2,2500.3001815671078,False,314.55
5981,763129,1969-04-09,54.0,F,False,False,usa,tulsa,TUL,36.198,-95.888,2023-04-19,100,8,57.5,0.375,1211.625,2.6666666666666665,40.0,40.0,6.5,3.0,2,0,0.0,1,0.5,0,0,0.0,0.0,0.0,0.0,0.0,0.0,0.0,0,0.0,0.0,0.0,0.0,0.0,MISSING,0,0.0,MISSING,0,0.0,0.0,0.0,0.0,2,152.0,0.0,2,1.0,0.15,15.2,15.2,136.8,8.0,5.656854249492381,1.0,0.0,Crowne Plaza,2,0.5,False,False,True,False,True,False,False,False,136.8,15.2,3,2,1,2.0500000000000003,178.6063354451484,1,492.36680498552283,False,
5986,770252,1998-12-12,24.0,F,False,False,usa,oakland,OAK,37.721,-122.221,2023-04-22,97,8,36.5,0.25,985.125,2.0,21.0,40.0,253.0,234.0,1,0,0.0,1,1.0,1,1,1.0,0.0,0.0,0.0,0.0,0.0,0.0,1,1.0,1.0,0.0,0.0,0.0,United Airlines,1,1.0,OAK-LOU,1,1.0,0.0,0.0,0.0,0,0.0,0.0,0,0.0,0.0,0.0,0.0,0.0,0.0,0.0,0.0,0.0,MISSING,0,0.0,False,False,True,True,True,True,False,True,0.0,0.0,4,1,0,1.85,0.0,1,0.0,False,0.0
5991,785107,1977-07-28,46.0,F,False,False,usa,portland,PDX,45.589,-122.597,2023-04-27,92,8,26.25,0.5,197.25,2.0,7.0,7.0,7.25,0.0,4,3,0.75,0,0.0,3,3,1.0,284.9433333333333,207.661995881127,0.0,0.0,0.0,854.83,0,0.0,1.0,0.0,1.0,0.0,American Airlines,3,0.3333333333333333,PDX-EFD,3,0.3333333333333333,1591.1943627284934,1198.9695779702547,0.0,4,241.75,133.839144747218,1,0.25,0.05,11.45,11.45,955.55,2.25,1.2583057392117916,1.0,0.0,Best Western,4,0.25,False,True,False,False,True,False,False,False,1810.38,11.45,5,4,4,4.4,1181.8177542514172,3,3257.935001497408,False,284.9433333333333
5994,796032,1972-12-28,50.0,F,True,False,canada,winnipeg,YAV,50.056,-97.032,2023-05-01,88,8,18.5,0.5,545.31954175,4.0,28.0,45.0,61.333333333333336,152.0,3,2,0.6666666666666666,1,0.3333333333333333,3,3,1.0,360.76,63.9224530192639,0.1,0.0,0.0,721.52,1,0.3333333333333333,1.5,0.5773502691896257,1.0,1.0,Germania,3,0.3333333333333333,YAV-XFW,3,0.3333333333333333,1950.8980561242338,2714.3972181744966,0.0,2,197.0,166.877200360025,0,0.0,0.0,0.0,0.0,394.0,4.5,0.7071067811865476,1.0,0.0,Extended Stay,2,0.5,False,False,False,False,True,False,False,True,1115.52,0.0,3,3,3,3.0,970.9499966655551,2,2676.6326427750987,False,240.50666666666666
