,user_id,birthdate,age_in_years,gender,married,has_children,home_country,home_city,home_airport,home_airport_lat,home_airport_lon,sign_up_date,days_as_customer,total_sessions,avg_clicks_per_session,proportion_planning_sessions,avg_session_duration_seconds,avg_sessions_per_month,days_since_last_session,days_since_last_booking,avg_booking_lead_time_days,avg_cancellation_lead_time_days,total_trips,trips_with_flight_and_hotel,proportion_trips_with_flight_and_hotel,total_trips_cancelled,trip_cancellation_rate,total_flights,flights_with_return,proportion_flights_with_return,avg_flight_price,stddev_flight_price,avg_flight_discount_pct,avg_flight_discount_savings,total_flight_discount_savings,total_flight_spend,flights_with_discount,proportion_flights_with_discount,avg_seats_booked,stddev_seats,avg_bags_checked,stddev_checked_bags,top_airline,airline_variety,airline_concentration,top_flight_route,flight_route_variety,flight_route_concentration,avg_distance_flown,stddev_distance_flown_km,proportion_longhaul_flights,total_hotels_booked,avg_hotel_price_per_room,stddev_hotel_per_room_usd,hotels_with_discount,proportion_hotels_with_discount,avg_hotel_discount_pct,avg_hotel_discount_savings,total_hotel_discount_savings,total_hotel_spend,avg_trip_length_nights,stddev_stay_in_nights,avg_rooms_booked,stddev_rooms,top_hotel_chain,hotel_chain_variety,hotel_chain_concentration,never_booked_trips,never_cancelled_trips,never_booked_flights,booked_only_one_flight,never_booked_flights_with_discounts,never_booked_hotels,booked_only_one_hotel,never_booked_hotels_with_discounts,total_spend,total_savings,R_score,F_score,M_score,RFM_score,CV,CV_quantile,CLV,is_churned,avg_flight_price_per_seat
5,118043,1972-05-04,51.0,F,False,True,usa,los angeles,LAX,33.942,-118.408,2022-03-10,505,8,20.5,0.625,153.125,1.3333333333333333,12.0,12.0,8.6,0.0,5,2,0.4,0,0.0,3,3,1.0,779.7633333333333,372.595257931892,0.0,0.0,0.0,2339.29,0,0.0,2.0,1.0,1.0,0.0,American Airlines,3,0.3333333333333333,LAX-BIF,3,0.3333333333333333,2455.0245088864162,1425.717263051663,0.0,4,227.25,147.101722174374,2,0.5,0.15,16.8,33.6,875.4,6.0,3.162277660168379,1.25,0.5,Fairmont,2,0.75,False,True,False,False,True,False,False,False,3214.69,33.6,5,5,5,5.0,1678.842106702234,4,4628.089603271667,False,389.88166666666666
11,153982,1978-08-15,44.0,F,False,True,canada,toronto,YKZ,43.862,-79.37,2022-04-19,465,8,18.75,0.375,138.5,1.1428571428571428,7.0,7.0,9.333333333333334,0.0,3,3,1.0,0,0.0,3,3,1.0,218.95666666666668,201.206832471796,0.0,0.0,0.0,656.87,0,0.0,1.0,0.0,0.3333333333333333,0.5773502691896257,Spirit Airlines,2,0.6666666666666666,YKZ-BWI,3,0.3333333333333333,1282.5421897455988,1225.0637086043394,0.0,3,207.0,204.075966247866,0,0.0,0.0,0.0,0.0,621.0,2.3333333333333335,0.5773502691896257,1.0,0.0,Banyan Tree,3,0.3333333333333333,False,True,False,False,True,False,False,True,1277.87,0.0,5,3,3,3.8,1112.2596387684782,3,3066.1830852185667,False,218.95666666666668
67,343928,1959-01-26,64.0,F,True,False,usa,el paso,BIF,31.849,-106.38,2022-09-30,301,8,15.25,0.25,112.75,1.1428571428571428,8.0,8.0,171.0,0.0,2,1,0.5,0,0.0,2,2,1.0,2775.31,3300.901733799417,0.2,1021.88,1021.88,4528.74,1,0.5,1.5,0.7071067811865476,0.5,0.7071067811865476,Jetstar Pacific,2,0.5,BIF-SGN,2,0.5,8138.6914788334825,8444.751951766739,0.5,1,116.0,0.0,0,0.0,0.0,0.0,0.0,116.0,4.0,0.0,1.0,0.0,InterContinental,1,1.0,False,True,False,False,False,False,True,True,4644.74,1021.88,5,2,5,4.25,6064.181217072357,5,16717.2207148279,False,1850.2066666666667
76,354260,1974-09-27,48.0,F,False,False,usa,providence,PVD,41.724,-71.428,2022-10-07,294,8,14.5,0.25,107.875,2.0,115.0,167.0,11.5,0.0,2,1,0.5,0,0.0,2,2,1.0,582.505,200.330422177961,0.0,0.0,0.0,1165.01,0,0.0,1.0,0.0,1.0,0.0,JetBlue Airways,2,0.5,PVD-FAT,2,0.5,3329.3287021285178,1146.0744133857547,0.0,1,260.0,0.0,0,0.0,0.0,0.0,0.0,260.0,3.0,0.0,1.0,0.0,Banyan Tree,1,1.0,False,True,False,False,True,False,True,True,1425.01,0.0,1,2,3,1.9499999999999997,1860.4957169056352,5,5128.856876991373,True,582.505
77,354311,1978-07-12,45.0,F,True,False,usa,tucson,DMA,32.166,-110.883,2022-10-08,293,8,12.25,0.25,92.0,2.0,106.0,138.0,7.5,0.0,2,1,0.5,0,0.0,2,2,1.0,536.445,80.19298005436636,0.0,0.0,0.0,1072.89,0,0.0,1.0,0.0,0.5,0.7071067811865476,American Airlines,1,1.0,DMA-JFK,2,0.5,3061.807209296884,512.0373922729934,0.0,1,97.0,0.0,0,0.0,0.0,0.0,0.0,97.0,4.0,0.0,1.0,0.0,Radisson,1,1.0,False,True,False,False,True,False,True,True,1169.89,0.0,1,2,3,1.9499999999999997,1527.410568522841,4,4210.635975763986,True,536.445
82,359080,1982-05-09,41.0,F,True,False,usa,new york,JFK,40.64,-73.779,2022-10-11,290,8,15.75,0.5,119.0,1.1428571428571428,24.0,24.0,77.0,0.0,4,2,0.5,0,0.0,4,4,1.0,1288.39,1674.10805451739,0.0,0.0,0.0,5153.56,0,0.0,1.25,0.5,1.0,0.0,Air Canada,4,0.25,JFK-DXB,4,0.25,4617.660274298968,4466.292386084852,0.25,2,338.5,20.506096654409877,0,0.0,0.0,0.0,0.0,677.0,3.0,1.414213562373095,1.0,0.0,Wyndham,1,1.0,False,True,False,False,True,False,False,True,5830.56,0.0,4,4,5,4.35,3806.195011670557,5,10492.595754665168,False,1030.712
90,373489,1986-12-08,36.0,F,True,True,usa,wichita,ICT,37.65,-97.433,2022-10-21,280,9,13.11111111111111,0.1111111111111111,96.44444444444444,1.8,27.0,27.0,224.0,0.0,1,1,1.0,0,0.0,1,1,1.0,7451.31,0.0,0.25,1862.8275,1862.8275,5588.4825,1,1.0,4.0,0.0,3.0,0.0,Japan Airlines,1,1.0,ICT-ITM,1,1.0,10288.139989253057,0.0,1.0,1,51.0,0.0,0,0.0,0.0,0.0,0.0,51.0,13.0,0.0,2.0,0.0,Aman Resorts,1,1.0,False,True,False,True,False,False,True,True,5639.4825,1862.8275,3,1,5,3.2,14725.837765088363,5,40594.94123240889,False,1862.8275
92,374340,1989-06-26,34.0,F,True,False,usa,new york,LGA,40.777,-73.872,2022-10-22,279,9,8.666666666666666,0.1111111111111111,64.44444444444444,1.5,30.0,30.0,337.0,0.0,1,0,0.0,0,0.0,1,1,1.0,3966.19,0.0,0.0,0.0,0.0,3966.19,0,0.0,2.0,0.0,1.0,0.0,China Eastern Airlines,1,1.0,LGA-DLC,1,1.0,11011.278068932796,0.0,1.0,0,0.0,0.0,0,0.0,0.0,0.0,0.0,0.0,0.0,0.0,0.0,0.0,MISSING,0,0.0,False,True,False,True,True,True,False,True,3966.19,0.0,3,1,5,3.2,10356.530140046681,5,28550.00436060717,False,1983.095
101,379543,1968-01-06,55.0,F,True,False,usa,san jose,SJC,37.362,-121.929,2022-10-25,276,8,13.0,0.375,95.625,1.1428571428571428,21.0,49.0,6.666666666666667,0.0,3,3,1.0,0,0.0,3,3,1.0,385.04,249.99655177622,0.0,0.0,0.0,1155.12,0,0.0,1.0,0.0,0.3333333333333333,0.5773502691896257,Delta Air Lines,2,0.6666666666666666,SJC-AUS,3,0.3333333333333333,2268.511555592939,1546.7365945363108,0.0,3,231.66666666666666,85.45369116271885,0,0.0,0.0,0.0,0.0,695.0,2.6666666666666665,2.0816659994661326,1.0,0.0,Choice Hotels,3,0.3333333333333333,False,True,False,False,True,False,False,True,1850.12,0.0,4,3,4,3.75,1610.3467511392685,4,4439.267413449392,False,385.04
109,382181,1987-12-26,35.0,F,True,False,canada,halifax,YHZ,44.881,-63.509,2022-10-27,274,8,13.25,0.375,98.125,1.1428571428571428,23.0,53.0,5.666666666666667,0.0,3,2,0.6666666666666666,0,0.0,3,3,1.0,357.68,277.91620103909,0.0,0.0,0.0,1073.04,0,0.0,1.0,0.0,0.6666666666666666,0.5773502691896257,American Airlines,2,0.6666666666666666,YHZ-YOW,3,0.3333333333333333,1963.1601219501324,1487.0589610674506,0.0,2,208.0,56.568542494923804,0,0.0,0.0,0.0,0.0,416.0,3.0,2.8284271247461903,1.0,0.0,Fairmont,2,0.5,False,True,False,False,True,False,False,True,1489.04,0.0,4,3,3,3.4,1296.0622696454373,3,3572.8745969573233,False,357.68
127,395981,1972-08-17,50.0,F,True,False,canada,vancouver,YVR,49.195,-123.182,2022-11-04,266,8,12.625,0.375,95.25,1.6,53.0,53.0,10.333333333333334,0.0,3,3,1.0,0,0.0,3,3,1.0,671.64,456.330644270139,0.2,237.022,237.022,1777.898,1,0.3333333333333333,1.3333333333333333,0.5773502691896257,1.0,0.0,Air Canada,3,0.3333333333333333,YVR-DEN,3,0.3333333333333333,2767.539867288116,851.5045788601354,0.0,3,345.3333333333333,122.459517120285,0,0.0,0.0,0.0,0.0,1036.0,2.0,0.0,1.3333333333333333,0.5773502691896257,Banyan Tree,2,0.6666666666666666,False,True,False,False,False,False,False,True,2813.898,237.022,2,3,5,3.3,2449.220322107369,5,6751.802962062146,False,503.73
133,400582,1991-12-21,31.0,F,True,False,usa,chicago,ORD,41.979,-87.904,2022-11-07,263,8,15.625,0.5,116.375,1.6,61.0,61.0,6.5,0.0,4,3,0.75,0,0.0,3,3,1.0,215.63,20.209782284824346,0.1,20.732,20.732,626.158,1,0.3333333333333333,1.0,0.0,0.0,0.0,United Airlines,2,0.6666666666666666,ORD-FTW,3,0.3333333333333333,1214.3922734747914,90.77196689855573,0.0,4,270.5,61.47899370245634,0,0.0,0.0,0.0,0.0,1082.0,2.75,1.2583057392117916,1.0,0.0,Conrad,4,0.25,False,True,False,False,False,False,False,True,1708.158,20.732,2,4,4,3.2,1115.087137212404,3,3073.9776932399873,False,215.63
140,405305,1979-01-18,44.0,F,True,True,usa,san francisco,SFO,37.619,-122.375,2022-11-10,260,9,15.444444444444445,0.3333333333333333,114.77777777777777,1.5,36.0,57.0,11.333333333333334,0.0,3,3,1.0,0,0.0,3,2,0.6666666666666666,538.5333333333333,52.76951424196866,0.0,0.0,0.0,1615.6,0,0.0,1.3333333333333333,0.5773502691896257,0.6666666666666666,0.5773502691896257,AirTran Airways,3,0.3333333333333333,SFO-IAH,3,0.3333333333333333,2872.2079201333104,182.37516121191533,0.0,3,260.0,264.172292263969,0,0.0,0.0,0.0,0.0,780.0,2.0,1.0,1.3333333333333333,0.5773502691896257,Marriott,2,0.6666666666666666,False,True,False,False,True,False,False,True,2395.6,0.0,3,3,5,3.7,2085.1332221851726,5,5748.118508885566,False,403.9
155,414128,1996-06-25,27.0,F,False,False,usa,seattle,BFI,47.53,-122.302,2022-11-15,255,9,15.11111111111111,0.4444444444444444,112.0,1.5,30.0,30.0,10.75,0.0,4,3,0.75,0,0.0,3,2,0.6666666666666666,965.2166666666667,919.827631370864,0.0,0.0,0.0,2895.65,0,0.0,1.6666666666666667,1.1547005383792515,0.3333333333333333,0.5773502691896257,WestJet,2,0.6666666666666666,BFI-DET,3,0.3333333333333333,3507.398211768166,388.6224761366324,0.0,4,333.0,146.937628491366,1,0.25,0.1,18.2,18.2,1313.8,3.5,2.3804761428476167,1.5,1.0,Conrad,4,0.25,False,True,False,False,True,False,False,False,4209.45,18.2,3,4,5,3.95,2747.9328901300432,5,7575.268447537678,False,579.13
165,420648,1971-06-21,52.0,F,True,True,usa,portland,PDX,45.589,-122.597,2022-11-18,252,8,11.875,0.375,87.875,1.6,59.0,59.0,6.333333333333333,0.0,3,1,0.3333333333333333,0,0.0,2,2,1.0,721.575,19.028243481729994,0.075,54.4545,108.909,1334.241,2,1.0,1.0,0.0,0.0,0.0,Air Canada,2,0.5,PDX-BWI,2,0.5,3829.269678728875,61.36226532816136,0.0,2,254.0,166.877200360025,0,0.0,0.0,0.0,0.0,508.0,6.0,1.414213562373095,1.0,0.0,Hyatt,1,1.0,False,True,False,False,False,False,False,True,1842.241,108.909,2,3,4,2.95,1603.4888597310214,4,4420.362159762838,False,721.575
206,435669,1979-07-26,44.0,F,False,True,usa,tampa,MCF,27.849,-82.521,2022-11-27,243,8,15.625,0.25,115.625,1.1428571428571428,8.0,76.0,7.0,0.0,2,2,1.0,0,0.0,2,2,1.0,719.12,583.645937191376,0.0,0.0,0.0,1438.24,0,0.0,1.5,0.7071067811865476,0.5,0.7071067811865476,Delta Air Lines,1,1.0,MCF-LGA,2,0.5,2495.717142685441,1222.188152188998,0.0,2,142.0,144.249783362056,1,0.5,0.05,2.0,2.0,282.0,1.0,0.0,1.5,0.7071067811865476,Choice Hotels,2,0.5,False,True,False,False,True,False,False,False,1720.24,2.0,5,2,4,3.9,2245.948556185395,5,6191.440589241926,False,479.41333333333336
228,440655,1993-01-27,30.0,F,False,True,canada,toronto,YYZ,43.677,-79.631,2022-11-30,240,8,17.0,0.375,126.75,1.1428571428571428,9.0,35.0,6.333333333333333,0.0,3,3,1.0,0,0.0,3,3,1.0,328.66,200.361885846585,0.0,0.0,0.0,985.98,0,0.0,1.0,0.0,0.0,0.0,Allegiant Air,3,0.3333333333333333,YYZ-BIF,2,0.6666666666666666,1980.7600741403069,1205.6538300883526,0.0,3,211.33333333333334,122.173374076897,1,0.3333333333333333,0.1,29.4,29.4,604.6,2.3333333333333335,1.5275252316519468,1.0,0.0,Rosewood,2,0.6666666666666666,False,True,False,False,True,False,False,False,1590.58,29.4,5,3,4,4.15,1384.4428120484604,4,3816.514584180666,False,328.66
240,443453,1987-06-26,36.0,F,False,False,usa,seattle,BFI,47.53,-122.302,2022-12-01,239,6,15.5,0.3333333333333333,116.16666666666667,0.8571428571428571,22.0,95.0,6.5,0.0,2,2,1.0,0,0.0,2,2,1.0,546.36,259.974879171046,0.2,146.038,146.038,946.682,1,0.5,1.0,0.0,0.5,0.7071067811865476,Delta Air Lines,1,1.0,BFI-DMA,2,0.5,2923.567685535235,1359.6749299156877,0.0,2,148.5,26.16295090390226,1,0.5,0.1,16.7,16.7,280.3,2.5,0.7071067811865476,1.0,0.0,InterContinental,2,0.5,False,True,False,False,False,False,False,False,1226.982,162.738,4,2,3,3.15,1601.94999033011,4,4416.119935049318,True,546.36
249,446473,1975-06-13,48.0,F,True,False,usa,san diego,NZY,32.699,-117.215,2022-12-03,237,8,15.375,0.375,114.625,1.1428571428571428,15.0,123.0,6.333333333333333,0.0,3,2,0.6666666666666666,0,0.0,3,3,1.0,458.63,80.05241532895806,0.0,0.0,0.0,1375.89,0,0.0,1.0,0.0,0.6666666666666666,0.5773502691896257,United Airlines,2,0.6666666666666666,NZY-BNA,3,0.3333333333333333,2572.7377218787537,390.04113034245205,0.0,2,227.5,82.73149339882606,1,0.5,0.1,16.9,16.9,438.1,1.5,0.7071067811865476,1.0,0.0,Four Seasons,2,0.5,False,True,False,False,True,False,False,False,1813.99,16.9,5,3,4,4.15,1578.8991541624985,4,4352.575343936103,True,458.63
253,447737,1981-12-25,41.0,F,False,False,canada,calgary,YYC,51.114,-114.02,2022-12-03,237,8,14.75,0.375,110.0,2.0,110.0,110.0,7.666666666666667,0.0,3,2,0.6666666666666666,0,0.0,3,3,1.0,695.6833333333333,394.749894279065,0.0,0.0,0.0,2087.05,0,0.0,1.3333333333333333,0.5773502691896257,1.0,0.0,Delta Air Lines,2,0.6666666666666666,YYC-JFK,3,0.3333333333333333,2872.791610216607,700.3030592154503,0.0,2,41.5,13.435028842544403,1,0.5,0.2,6.4,6.4,76.6,2.0,1.414213562373095,1.5,0.7071067811865476,Hyatt,2,0.5,False,True,False,False,True,False,False,False,2163.65,6.4,1,3,4,2.55,1883.2436534400356,5,5191.5664600727405,True,521.7625
256,448154,1968-07-26,55.0,F,False,False,usa,los angeles,LAX,33.942,-118.408,2022-12-04,236,8,16.75,0.25,124.125,2.6666666666666665,119.0,119.0,7.0,0.0,2,1,0.5,0,0.0,2,2,1.0,1416.8,222.964910243742,0.0,0.0,0.0,2833.6,0,0.0,3.0,1.414213562373095,0.0,0.0,American Airlines,1,1.0,LAX-FTW,2,0.5,3057.4840100673164,1559.5679092802877,0.0,1,129.0,0.0,0,0.0,0.0,0.0,0.0,129.0,8.0,0.0,2.0,0.0,Rosewood,1,1.0,False,True,False,False,True,False,True,True,2962.6,0.0,1,2,5,2.65,3867.9760920306767,5,10662.908599781504,True,472.26666666666665
266,450193,1989-03-08,34.0,F,False,False,canada,montreal,YUL,45.468,-73.741,2022-12-05,235,8,19.875,0.25,147.875,1.3333333333333333,42.0,118.0,7.0,0.0,2,2,1.0,0,0.0,2,2,1.0,562.235,77.12413662401674,0.1,61.677,61.677,1062.793,1,0.5,1.0,0.0,0.5,0.7071067811865476,Delta Air Lines,1,1.0,YUL-AUS,2,0.5,3092.608235662281,578.129821960515,0.0,2,269.0,178.19090885901,0,0.0,0.0,0.0,0.0,538.0,8.5,10.606601717798213,1.0,0.0,Aman Resorts,2,0.5,False,True,False,False,False,False,False,True,1600.793,61.677,2,2,4,2.7,2089.9983299433143,5,5761.530225535013,True,562.235
269,451291,1969-10-02,53.0,F,True,False,usa,st. louis,STL,38.748,-90.36,2022-12-05,235,9,16.22222222222222,0.4444444444444444,119.77777777777777,2.25,91.0,91.0,69.75,0.0,4,1,0.25,0,0.0,4,4,1.0,934.59,1230.773540691652,0.15,416.133,416.133,3322.227,1,0.25,1.25,0.5,0.5,0.5773502691896257,American Airlines,3,0.5,STL-BRU,4,0.25,3105.1834143892866,2699.531562417293,0.25,1,182.0,0.0,0,0.0,0.0,0.0,0.0,182.0,2.0,0.0,1.0,0.0,Shangri-La,1,1.0,False,True,False,False,False,False,True,True,3504.227,416.133,1,4,5,3.15,2287.562657302434,5,6306.158815548259,True,747.672
280,454661,1978-04-24,45.0,F,False,False,usa,louisville,LOU,38.228,-85.664,2022-12-07,233,7,15.571428571428571,0.2857142857142857,116.42857142857143,1.4,78.0,78.0,6.5,0.0,2,2,1.0,0,0.0,2,2,1.0,510.27,76.45238518188953,0.15,68.4315,68.4315,952.1085,1,0.5,1.0,0.0,0.0,0.0,WestJet,1,1.0,LOU-LAX,2,0.5,2800.3103052257857,232.9245616281792,0.0,2,202.0,90.50966799187809,0,0.0,0.0,0.0,0.0,404.0,3.0,0.0,1.0,0.0,Four Seasons,1,1.0,False,True,False,False,False,False,False,True,1356.1085,68.4315,1,2,3,1.9499999999999997,1770.5377898466156,5,4880.868489464253,False,510.27
307,461791,1973-11-05,49.0,F,True,True,usa,boston,BOS,42.364,-71.005,2022-12-11,229,9,12.222222222222221,0.3333333333333333,90.33333333333333,1.5,39.0,56.0,9.333333333333334,0.0,3,2,0.6666666666666666,0,0.0,3,3,1.0,485.6,392.025636534143,0.2,161.098,161.098,1295.702,1,0.3333333333333333,1.6666666666666667,1.1547005383792515,0.3333333333333333,0.5773502691896257,Delta Air Lines,2,0.6666666666666666,BOS-LGA,3,0.3333333333333333,1673.1738412304114,1540.3477458838838,0.0,2,287.5,139.30003589375,0,0.0,0.0,0.0,0.0,575.0,3.0,1.414213562373095,1.0,0.0,Extended Stay,2,0.5,False,True,False,False,False,False,False,True,1870.702,161.098,3,3,4,3.35,1628.2613495609646,4,4488.652859746722,False,291.36
360,471935,1976-03-11,47.0,F,True,False,usa,laredo,LRD,27.544,-99.461,2022-12-16,224,8,22.25,0.25,164.25,1.3333333333333333,32.0,124.0,5.5,0.0,2,1,0.5,0,0.0,1,1,1.0,987.29,0.0,0.0,0.0,0.0,987.29,0,0.0,2.0,0.0,0.0,0.0,Kenmore Air,1,1.0,LRD-BFI,1,1.0,2976.5501735267594,0.0,0.0,2,198.5,30.405591591021544,0,0.0,0.0,0.0,0.0,397.0,3.0,1.414213562373095,1.5,0.7071067811865476,Aman Resorts,2,0.5,False,True,False,True,True,False,False,True,1384.29,0.0,3,2,3,2.75,1807.331608869623,5,4982.298570712056,True,493.645
382,474464,1967-04-18,56.0,F,True,False,usa,new york,LGA,40.777,-73.872,2022-12-17,223,8,14.375,0.375,106.5,1.3333333333333333,53.0,53.0,6.666666666666667,0.0,3,2,0.6666666666666666,0,0.0,3,3,1.0,925.8166666666667,1000.449819148034,0.15,300.372,300.372,2477.078,1,0.3333333333333333,1.6666666666666667,1.1547005383792515,1.6666666666666667,2.0816659994661326,Delta Air Lines,3,0.3333333333333333,LGA-LAX,3,0.3333333333333333,2744.4069649434127,2244.9339281535695,0.0,2,156.5,75.66042558696059,0,0.0,0.0,0.0,0.0,313.0,3.0,0.0,2.0,1.414213562373095,Radisson,1,1.0,False,True,False,False,False,False,False,True,2790.078,300.372,2,3,5,3.3,2428.487364454818,5,6694.648101951253,False,555.49
388,475467,1988-08-09,34.0,F,False,False,usa,san antonio,SAT,29.534,-98.47,2022-12-17,223,8,15.0,0.375,112.5,1.1428571428571428,10.0,10.0,6.0,0.0,3,3,1.0,0,0.0,3,3,1.0,325.4633333333333,115.855928347812,0.05,16.9335,16.9335,959.4565,1,0.3333333333333333,1.0,0.0,1.0,1.0,Delta Air Lines,2,0.6666666666666666,SAT-CMH,3,0.3333333333333333,1791.4087056518135,551.9006637783438,0.0,3,254.0,57.4543296888929,1,0.3333333333333333,0.15,44.7,44.7,717.3,2.6666666666666665,1.5275252316519468,1.0,0.0,Marriott,2,0.6666666666666666,False,True,False,False,False,False,False,False,1676.7565,61.6335,5,3,4,4.15,1459.4509449260863,4,4023.2906464118305,False,325.4633333333333
427,480331,1983-06-24,40.0,F,True,False,usa,phoenix,PHX,33.434,-112.008,2022-12-20,220,8,12.5,0.375,94.0,1.1428571428571428,14.0,14.0,9.0,0.0,3,3,1.0,0,0.0,3,2,0.6666666666666666,238.26666666666668,210.874401085891,0.2,96.206,96.206,618.594,1,0.3333333333333333,1.0,0.0,0.3333333333333333,0.5773502691896257,Ryanair,2,0.6666666666666666,PHX-DAL,3,0.3333333333333333,1573.9770095437004,1069.8453053314036,0.0,3,219.33333333333334,88.94005471852,0,0.0,0.0,0.0,0.0,658.0,2.6666666666666665,0.5773502691896257,1.0,0.0,Aman Resorts,3,0.3333333333333333,False,True,False,False,False,False,False,True,1276.594,96.206,5,3,3,3.8,1111.1490067800378,3,3063.1213891017956,False,238.26666666666668
446,482621,1976-09-28,46.0,F,True,True,usa,new york,LGA,40.777,-73.872,2022-12-21,219,8,11.625,0.25,84.875,1.3333333333333333,38.0,38.0,5.5,0.0,2,1,0.5,0,0.0,1,1,1.0,1287.2,0.0,0.0,0.0,0.0,1287.2,0,0.0,2.0,0.0,1.0,0.0,Southwest Airlines,1,1.0,LGA-TUS,1,1.0,3417.157045255459,0.0,0.0,2,201.0,113.13708498984761,0,0.0,0.0,0.0,0.0,402.0,6.5,4.949747468305833,1.5,0.7071067811865476,Banyan Tree,2,0.5,False,True,False,True,True,False,False,True,1689.2,0.0,3,2,4,3.1,2205.4226742247415,5,6079.722273256908,False,643.6
469,485544,1982-12-10,40.0,F,True,False,usa,las vegas,LAS,36.08,-115.152,2022-12-23,217,8,23.0,1.0,172.75,1.3333333333333333,42.0,42.0,7.5,0.0,8,7,0.875,0,0.0,8,8,1.0,935.215,941.633361861945,0.125,57.91175,115.8235,7365.8965,2,0.25,1.875,1.3562026818605375,0.375,0.5175491695067657,Air Canada,6,0.25,LAS-IAH,8,0.125,2647.1989972580814,1091.9569692600162,0.0,7,192.71428571428572,65.46427597225397,0,0.0,0.0,0.0,0.0,1349.0,4.428571428571429,3.101458950082625,2.0,1.414213562373095,Best Western,4,0.5714285714285714,False,True,False,False,False,False,False,True,8714.8965,115.8235,2,5,5,3.8,2844.546285907803,5,7841.604067040415,False,498.78133333333335
475,485894,1981-10-06,41.0,F,False,True,canada,toronto,YKZ,43.862,-79.37,2022-12-23,217,8,14.25,0.375,105.875,1.1428571428571428,16.0,16.0,6.0,0.0,3,2,0.6666666666666666,0,0.0,2,2,1.0,359.735,233.818999334956,0.1,52.507,52.507,666.963,1,0.5,1.5,0.7071067811865476,0.5,0.7071067811865476,American Airlines,2,0.5,YKZ-JFK,2,0.5,1862.7163859048057,1809.836356129703,0.0,3,297.6666666666667,199.935823036627,0,0.0,0.0,0.0,0.0,893.0,5.666666666666667,4.041451884327381,1.3333333333333333,0.5773502691896257,Marriott,2,0.6666666666666666,False,True,False,False,False,False,False,True,1559.963,52.507,4,3,4,3.75,1357.7937371346004,4,3743.0506735167205,False,239.82333333333335
482,486366,1976-08-12,46.0,F,True,False,usa,miami,TNT,25.862,-80.897,2022-12-23,217,8,14.125,0.375,105.25,1.1428571428571428,13.0,13.0,12.333333333333334,0.0,3,1,0.3333333333333333,0,0.0,1,1,1.0,686.38,0.0,0.0,0.0,0.0,686.38,0,0.0,1.0,0.0,1.0,0.0,Southwest Airlines,1,1.0,TNT-SJC,1,1.0,4054.6446573328817,0.0,0.0,3,167.66666666666666,61.02731628814537,0,0.0,0.0,0.0,0.0,503.0,4.0,0.0,1.3333333333333333,0.5773502691896257,Conrad,3,0.3333333333333333,False,True,False,True,True,False,False,True,1189.38,0.0,5,3,3,3.8,1035.2378326108703,2,2853.855899189479,False,686.38
518,489096,1985-06-12,38.0,F,False,False,usa,los angeles,LAX,33.942,-118.408,2022-12-24,216,8,15.0,0.375,112.375,1.3333333333333333,54.0,123.0,7.333333333333333,0.0,3,3,1.0,0,0.0,3,3,1.0,739.8266666666667,666.887181638194,0.0,0.0,0.0,2219.48,0,0.0,1.3333333333333333,0.5773502691896257,0.0,0.0,Delta Air Lines,2,0.6666666666666666,LAX-FTW,3,0.3333333333333333,2619.6721696417935,1194.0195526152274,0.0,3,82.0,16.64331697709324,0,0.0,0.0,0.0,0.0,246.0,1.6666666666666667,0.5773502691896257,1.3333333333333333,0.5773502691896257,Choice Hotels,3,0.3333333333333333,False,True,False,False,True,False,False,True,2465.48,0.0,2,3,5,3.3,2145.956861175948,5,5915.791960797791,True,554.8700000000001
521,489635,1975-09-12,47.0,M,False,False,usa,fresno,FAT,36.776,-119.718,2022-12-25,215,8,18.875,0.5,139.5,1.6,65.0,89.0,9.25,0.0,4,4,1.0,0,0.0,4,4,1.0,634.19,95.8342955314015,0.3999999999999999,252.07599999999994,252.07599999999994,2284.684,1,0.25,1.0,0.0,0.5,0.5773502691896257,American Airlines,2,0.75,FAT-BWI,4,0.25,3364.056777371724,473.8568663293493,0.0,4,138.5,63.05817419917368,0,0.0,0.0,0.0,0.0,554.0,3.0,1.1547005383792515,1.0,0.0,Aman Resorts,4,0.25,False,True,False,False,False,False,False,True,2838.684,252.07599999999994,1,4,5,3.15,1853.0955655218406,5,5108.456766971944,False,634.19
537,490358,1996-01-10,27.0,F,False,True,usa,las vegas,LAS,36.08,-115.152,2022-12-25,215,8,14.625,0.25,108.875,1.6,64.0,85.0,6.0,0.0,2,2,1.0,0,0.0,2,2,1.0,566.625,32.06729252680993,0.1,58.93,58.93,1074.32,1,0.5,1.0,0.0,1.5,0.7071067811865476,Delta Air Lines,1,1.0,LAS-NIP,2,0.5,3155.780888548316,0.0,0.0,2,134.5,24.748737341529164,0,0.0,0.0,0.0,0.0,269.0,3.5,3.5355339059327378,1.0,0.0,Accor,2,0.5,False,True,False,False,False,False,False,True,1343.32,58.93,1,2,3,1.9499999999999997,1753.8411003667889,5,4834.840471294974,False,566.625
540,490608,1988-12-14,34.0,F,False,False,usa,new york,LGA,40.777,-73.872,2022-12-25,215,9,16.333333333333332,0.2222222222222222,122.11111111111111,1.2857142857142858,26.0,127.0,7.0,0.0,2,1,0.5,0,0.0,2,2,1.0,662.4,319.131432485113,0.0,0.0,0.0,1324.8,0,0.0,1.5,0.7071067811865476,1.5,0.7071067811865476,Delta Air Lines,2,0.5,LGA-AUS,1,1.0,2443.6543626605417,0.0,0.0,1,407.0,0.0,0,0.0,0.0,0.0,0.0,407.0,2.0,0.0,1.0,0.0,Radisson,1,1.0,False,True,False,False,True,False,True,True,1731.8,0.0,4,2,4,3.5,2261.041313771257,5,6233.047023932225,True,441.59999999999997
553,491706,1980-04-19,43.0,M,False,False,usa,phoenix,LUF,33.535,-112.383,2022-12-26,214,8,14.75,0.25,108.625,1.3333333333333333,47.0,67.0,8.5,0.0,2,1,0.5,0,0.0,2,2,1.0,557.225,134.75333929072,0.0,0.0,0.0,1114.45,0,0.0,1.0,0.0,0.0,0.0,Delta Air Lines,2,0.5,LUF-UGN,2,0.5,2949.626229145405,856.9397654606862,0.0,1,257.0,0.0,0,0.0,0.0,0.0,0.0,257.0,5.0,0.0,1.0,0.0,Choice Hotels,1,1.0,False,True,False,False,True,False,True,True,1371.45,0.0,2,2,3,2.3499999999999996,1790.5676808936312,5,4936.085195156397,False,557.225
574,494484,2006-02-10,17.0,F,False,False,usa,amarillo,AMA,35.219,-101.706,2022-12-27,213,8,21.25,0.375,158.375,1.1428571428571428,15.0,127.0,18.0,0.0,3,1,0.3333333333333333,0,0.0,1,1,1.0,998.62,0.0,0.1,99.862,99.862,898.758,1,1.0,2.0,0.0,1.0,0.0,American Airlines,1,1.0,AMA-LGA,1,1.0,2510.938355777831,0.0,0.0,3,224.0,10.44030650891055,1,0.3333333333333333,0.15,32.85,32.85,639.15,7.666666666666667,7.234178138070235,1.3333333333333333,0.5773502691896257,Conrad,3,0.3333333333333333,False,True,False,True,False,False,False,False,1537.908,132.712,5,3,4,4.15,1338.5970376792263,4,3690.130839774246,True,499.31
604,497475,1977-04-21,46.0,F,True,False,usa,corpus christi,CRP,27.77,-97.501,2022-12-29,211,8,11.875,0.5,89.75,1.6,62.0,62.0,39.25,0.0,4,1,0.25,0,0.0,4,4,1.0,1412.68,1954.612324273026,0.0,0.0,0.0,5650.72,0,0.0,1.5,0.5773502691896257,0.75,0.5,Allegiant Air,4,0.25,CRP-DEN,4,0.25,4579.178760373632,5489.094124168655,0.25,1,85.0,0.0,0,0.0,0.0,0.0,0.0,85.0,4.0,0.0,1.0,0.0,Banyan Tree,1,1.0,False,True,False,False,True,False,True,True,5735.72,0.0,2,4,5,3.55,3744.283371123708,5,10321.922992293723,False,941.7866666666667
626,499366,1976-01-04,47.0,F,False,False,canada,quebec,YQB,46.788,-71.398,2022-12-30,210,8,18.125,0.5,135.125,1.3333333333333333,37.0,65.0,8.75,0.0,4,3,0.75,0,0.0,4,4,1.0,655.4575,708.066226816626,0.2,26.158,26.158,2595.672,1,0.25,1.75,1.5,1.25,1.8929694486000912,American Airlines,2,0.75,YQB-LAX,4,0.25,1928.8485783780188,1600.2205279976204,0.0,3,213.33333333333334,123.540816467001,0,0.0,0.0,0.0,0.0,640.0,3.0,2.0,2.0,1.7320508075688772,Banyan Tree,3,0.3333333333333333,False,True,False,False,False,False,False,True,3235.672,26.158,3,4,5,3.95,2112.2497025675225,5,5822.870923322794,False,374.54714285714283
635,499751,1971-03-17,52.0,F,True,False,canada,vancouver,YVR,49.195,-123.182,2022-12-30,210,8,18.875,0.375,140.125,1.3333333333333333,33.0,108.0,8.666666666666666,0.0,3,2,0.6666666666666666,0,0.0,2,2,1.0,525.02,296.009040740313,0.0,0.0,0.0,1050.04,0,0.0,1.0,0.0,1.5,0.7071067811865476,American Airlines,1,1.0,YVR-DCA,2,0.5,2769.96294993763,1455.1423212692748,0.0,3,157.0,40.95119045888654,0,0.0,0.0,0.0,0.0,471.0,6.666666666666667,7.234178138070235,1.0,0.0,Best Western,3,0.3333333333333333,False,True,False,False,True,False,False,True,1521.04,0.0,3,3,4,3.35,1323.915109480938,3,3649.6569447133506,True,525.02
673,501947,1971-11-02,51.0,F,True,True,canada,toronto,YKZ,43.862,-79.37,2022-12-31,209,8,12.75,0.5,94.75,1.1428571428571428,19.0,80.0,8.0,0.0,4,2,0.5,0,0.0,3,3,1.0,377.82666666666665,266.182192179216,0.2,78.37,78.37,1055.11,1,0.3333333333333333,1.0,0.0,0.0,0.0,Alaska Airlines,3,0.3333333333333333,YKZ-DAL,3,0.3333333333333333,2051.473368094082,1522.6556170598158,0.0,3,467.6666666666667,575.392329922231,0,0.0,0.0,0.0,0.0,1403.0,2.3333333333333335,1.1547005383792515,1.0,0.0,Choice Hotels,2,0.6666666666666666,False,True,False,False,False,False,False,True,2458.11,78.37,4,4,5,4.35,1604.6565030010004,4,4423.581019747673,False,377.82666666666665
707,504081,1979-10-02,43.0,F,True,True,usa,los angeles,LAX,33.942,-118.408,2023-01-01,208,10,13.7,0.2,101.9,1.6666666666666667,34.0,139.0,7.0,0.0,2,1,0.5,0,0.0,2,2,1.0,494.59,239.14351339729,0.0,0.0,0.0,989.18,0,0.0,1.0,0.0,0.5,0.7071067811865476,American Airlines,2,0.5,LAX-DAL,2,0.5,2758.8750659770812,1071.4911504811496,0.0,1,222.0,0.0,0,0.0,0.0,0.0,0.0,222.0,2.0,0.0,1.0,0.0,Hyatt,1,1.0,False,True,False,False,True,False,True,True,1211.18,0.0,3,2,3,2.75,1581.3188696232078,4,4359.245810397409,True,494.59
740,505854,1969-10-02,53.0,F,True,False,usa,new york,JFK,40.64,-73.779,2023-01-02,207,8,19.0,0.625,140.5,1.1428571428571428,23.0,23.0,8.0,0.0,5,3,0.6,0,0.0,3,3,1.0,452.31666666666666,223.732434021832,0.0,0.0,0.0,1356.95,0,0.0,1.0,0.0,1.0,0.0,Delta Air Lines,2,0.6666666666666666,JFK-LUF,2,0.6666666666666666,2714.6494614254475,1333.8751656839495,0.0,5,215.6,146.997619028337,0,0.0,0.0,0.0,0.0,1078.0,5.6,2.9664793948382653,1.0,0.0,Aman Resorts,5,0.2,False,True,False,False,True,False,False,True,2434.95,0.0,4,5,5,4.6,1271.630106702234,3,3505.522081285083,False,452.31666666666666
754,506704,1968-07-02,55.0,F,True,False,canada,montreal,YUL,45.468,-73.741,2023-01-03,206,8,17.0,0.25,127.25,1.3333333333333333,52.0,141.0,6.5,0.0,2,1,0.5,0,0.0,2,2,1.0,678.69,89.33587073510841,0.1,61.552,61.552,1295.828,1,0.5,1.0,0.0,1.0,0.0,Delta Air Lines,2,0.5,YUL-LUF,2,0.5,3802.8283981986247,386.1236670678848,0.0,1,90.0,0.0,0,0.0,0.0,0.0,0.0,90.0,4.0,0.0,1.0,0.0,Banyan Tree,1,1.0,False,True,False,False,False,False,True,True,1385.828,61.552,2,2,3,2.3499999999999996,1809.3396245415138,5,4987.834098095592,True,678.69
765,507376,1989-01-10,34.0,F,True,False,usa,honolulu,HNL,21.316,-157.927,2023-01-03,206,8,10.75,0.25,80.375,1.1428571428571428,11.0,83.0,7.0,0.0,2,1,0.5,0,0.0,1,1,1.0,1274.53,0.0,0.0,0.0,0.0,1274.53,0,0.0,1.0,0.0,1.0,0.0,American Airlines,1,1.0,HNL-YZD,1,1.0,7488.6835049611445,0.0,1.0,2,99.5,68.58935777509511,0,0.0,0.0,0.0,0.0,199.0,4.5,3.5355339059327378,1.0,0.0,Banyan Tree,2,0.5,False,True,False,True,True,False,False,True,1473.53,0.0,5,2,3,3.55,1923.8435195065022,5,5303.4887291689865,False,1274.53
767,507431,1987-08-24,35.0,F,False,False,canada,toronto,YYZ,43.677,-79.631,2023-01-03,206,8,15.375,0.5,115.25,1.1428571428571428,15.0,15.0,7.0,0.0,4,3,0.75,0,0.0,3,3,1.0,589.5533333333333,96.79363942601462,0.0,0.0,0.0,1768.66,0,0.0,1.0,0.0,0.6666666666666666,1.1547005383792515,Ryanair,2,0.6666666666666666,YYZ-LSQ,2,0.6666666666666666,3538.383220335109,76.97439226907547,0.0,4,106.25,52.620496640251,1,0.25,0.3,33.9,33.9,391.1,4.25,2.5,1.0,0.0,Aman Resorts,4,0.25,False,True,False,False,True,False,False,False,2159.76,33.9,5,4,4,4.4,1409.8933444481495,4,3886.6744544427365,False,589.5533333333333
794,508693,1969-02-25,54.0,F,True,False,canada,halifax,YAW,44.64,-63.499,2023-01-03,206,8,18.75,0.375,137.625,1.1428571428571428,15.0,15.0,9.0,0.0,3,2,0.6666666666666666,0,0.0,2,2,1.0,723.99,865.753258613561,0.0,0.0,0.0,1447.98,0,0.0,1.5,0.7071067811865476,0.5,0.7071067811865476,Air Canada,2,0.5,YAW-AUS,2,0.5,2020.9477904663963,1927.8073727401356,0.0,3,141.0,64.78425734698207,2,0.6666666666666666,0.125,12.875,25.75,397.25,3.3333333333333335,2.0816659994661326,1.3333333333333333,0.5773502691896257,Radisson,2,0.6666666666666666,False,True,False,False,True,False,False,False,1845.23,25.75,5,3,4,4.15,1606.0904890519062,4,4427.534110932925,False,482.66
806,508892,1990-04-04,33.0,F,False,False,canada,hamilton,YHM,43.173,-79.935,2023-01-04,205,8,19.375,0.375,144.875,1.6,67.0,168.0,6.333333333333333,0.0,3,3,1.0,0,0.0,3,3,1.0,397.51,269.393720973597,0.1,61.678,61.678,1130.852,1,0.3333333333333333,1.0,0.0,0.6666666666666666,0.5773502691896257,United Airlines,2,0.6666666666666666,YHM-BIF,3,0.3333333333333333,2211.8919688947303,1509.6406449259077,0.0,3,301.6666666666667,38.42308333974947,0,0.0,0.0,0.0,0.0,905.0,3.3333333333333335,2.309401076758503,1.0,0.0,Crowne Plaza,3,0.3333333333333333,False,True,False,False,False,False,False,True,2035.852,61.678,1,3,4,2.55,1772.0081151494944,5,4884.921757618843,True,397.51
845,509413,1975-11-13,47.0,F,False,False,usa,boston,BOS,42.364,-71.005,2023-01-04,205,8,10.25,0.25,76.25,1.1428571428571428,26.0,81.0,11.5,0.0,2,1,0.5,0,0.0,2,1,0.5,596.595,647.999725347164,0.05,6.9195,6.9195,1186.2705,1,0.5,1.5,0.7071067811865476,0.5,0.7071067811865476,Ryanair,2,0.5,BOS-BIF,2,0.5,2416.726379680781,1276.2071665387098,0.0,1,470.0,0.0,0,0.0,0.0,0.0,0.0,470.0,2.0,0.0,1.0,0.0,Hilton,1,1.0,False,True,False,False,False,False,True,True,1656.2705,6.9195,4,2,4,3.5,2162.4298575358453,5,5961.203320736654,False,397.73
853,509459,2006-11-27,16.0,F,False,False,usa,new york,JFK,40.64,-73.779,2023-01-04,205,8,12.5,0.25,92.125,1.1428571428571428,15.0,196.0,7.0,0.0,2,0,0.0,0,0.0,1,1,1.0,444.68,0.0,0.0,0.0,0.0,444.68,0,0.0,1.0,0.0,1.0,0.0,Ryanair,1,1.0,JFK-BIF,1,1.0,3062.2046199096585,0.0,0.0,1,858.0,0.0,0,0.0,0.0,0.0,0.0,858.0,5.0,0.0,2.0,0.0,Crowne Plaza,1,1.0,False,True,False,True,True,False,True,True,1302.68,0.0,5,2,3,3.55,1700.7814404801602,4,4688.570098819743,True,444.68
855,509498,1984-09-06,38.0,F,False,False,usa,milwaukee,MKE,42.947,-87.896,2023-01-04,205,8,12.25,0.25,90.625,1.1428571428571428,11.0,119.0,6.5,0.0,2,2,1.0,0,0.0,2,2,1.0,687.8,347.443988003822,0.0,0.0,0.0,1375.6,0,0.0,3.0,1.414213562373095,0.0,0.0,United Airlines,2,0.5,MKE-SAN,2,0.5,1746.6447306295956,1485.9397631092436,0.0,2,214.5,232.638131010374,1,0.5,0.05,18.95,18.95,410.05,7.5,4.949747468305833,3.0,1.414213562373095,InterContinental,1,1.0,False,True,False,False,True,False,False,False,1785.65,18.95,5,2,4,3.9,2331.347974324775,5,6426.862465807008,True,229.26666666666665
905,510156,1981-09-25,41.0,M,False,False,usa,seattle,SEA,47.449,-122.309,2023-01-04,205,8,19.75,0.625,146.375,1.1428571428571428,10.0,67.0,12.4,0.0,5,4,0.8,0,0.0,4,4,1.0,805.775,367.30147476789,0.0,0.0,0.0,3223.1,0,0.0,1.25,0.5,0.5,0.5773502691896257,Delta Air Lines,2,0.75,SEA-LGA,3,0.5,3574.9891348935275,484.34207536994404,0.0,5,192.0,76.57675887630658,0,0.0,0.0,0.0,0.0,960.0,5.4,3.361547262794322,1.2,0.4472135954999579,Accor,4,0.4,False,True,False,False,True,False,False,True,4183.1,0.0,5,5,5,5.0,2184.585268422808,5,6022.279479341932,False,644.62
913,510195,1970-02-09,53.0,M,True,False,usa,houston,IAH,29.98,-95.34,2023-01-04,205,8,16.75,0.5,125.0,1.3333333333333333,33.0,33.0,6.75,0.0,4,3,0.75,0,0.0,3,3,1.0,304.92,87.76987182399209,0.25,51.06,51.06,863.7,1,0.3333333333333333,1.0,0.0,0.6666666666666666,0.5773502691896257,Ryanair,2,0.6666666666666666,IAH-BNA,3,0.3333333333333333,1747.3318709220766,598.0804890671321,0.0,4,234.0,288.170088662928,0,0.0,0.0,0.0,0.0,936.0,5.25,2.753785273643051,1.0,0.0,Accor,4,0.25,False,True,False,False,False,False,False,True,1799.7,51.06,3,4,4,3.6,1174.8458402800934,3,3238.7154200747273,False,304.92
922,510257,1974-11-16,48.0,F,True,False,usa,las vegas,LSV,36.236,-115.034,2023-01-04,205,8,8.625,0.25,64.125,1.6,71.0,71.0,5.5,0.0,2,1,0.5,0,0.0,2,2,1.0,798.11,414.647416487791,0.0,0.0,0.0,1596.22,0,0.0,1.5,0.7071067811865476,0.0,0.0,Caribbean Airlines,2,0.5,LSV-BNA,2,0.5,2830.5152465704555,416.6874942514284,0.0,1,39.0,0.0,0,0.0,0.0,0.0,0.0,39.0,1.0,0.0,2.0,0.0,Banyan Tree,1,1.0,False,True,False,False,True,False,True,True,1635.22,0.0,1,2,4,2.3,2134.946285428476,5,5885.438938950486,False,532.0733333333334
932,510369,1974-10-17,48.0,F,False,False,usa,bakersfield,BFL,35.433,-119.057,2023-01-04,205,8,18.625,0.375,138.0,2.0,94.0,129.0,7.0,0.0,3,3,1.0,0,0.0,3,3,1.0,473.36333333333334,279.960367611798,0.05,20.4315,20.4315,1399.6585,1,0.3333333333333333,1.0,0.0,0.0,0.0,United Airlines,2,0.6666666666666666,BFL-BFI,3,0.3333333333333333,2605.092136682481,1394.186921094708,0.0,3,107.0,63.52952069707436,0,0.0,0.0,0.0,0.0,321.0,5.0,2.6457513110645907,1.0,0.0,Fairmont,2,0.6666666666666666,False,True,False,False,False,False,False,True,1720.6585,20.4315,1,3,4,2.55,1497.6633003779036,4,4128.6312286363645,True,473.36333333333334
938,510452,1968-12-28,54.0,F,False,False,canada,toronto,YKZ,43.862,-79.37,2023-01-04,205,8,15.625,0.5,116.25,2.6666666666666665,132.0,132.0,6.25,0.0,4,4,1.0,0,0.0,4,4,1.0,274.5475,204.870675691601,0.125,32.69575,65.3915,1032.7985,2,0.5,1.0,0.0,0.75,0.5,United Airlines,2,0.75,YKZ-EFD,4,0.25,1584.7718269882055,1219.9723938882494,0.0,4,248.0,87.80660567406076,1,0.25,0.15,45.3,45.3,946.7,4.0,3.4641016151377544,1.0,0.0,Marriott,2,0.75,False,True,False,False,False,False,False,False,1979.4985,110.6915,1,4,4,2.8,1292.2184689479825,3,3562.2783330359457,True,274.5475
949,510571,2003-09-14,19.0,F,True,True,usa,new york,LGA,40.777,-73.872,2023-01-04,205,8,11.375,0.5,85.375,2.6666666666666665,121.0,121.0,63.25,0.0,4,1,0.25,0,0.0,1,1,1.0,9135.13,0.0,0.0,0.0,0.0,9135.13,0,0.0,4.0,0.0,3.0,0.0,Empresa Ecuatoriana De Aviacion,1,1.0,LGA-CTU,1,1.0,12077.597521854848,0.0,1.0,4,209.0,96.53324125225811,2,0.5,0.1,26.0,52.0,784.0,7.5,3.109126351029605,1.5,0.5773502691896257,Aman Resorts,4,0.25,False,True,False,True,True,False,False,False,9919.13,52.0,1,4,5,3.15,6475.217324941646,5,17850.330213216548,True,2283.7825
953,510585,2006-10-01,16.0,F,False,True,canada,montreal,YUL,45.468,-73.741,2023-01-04,205,8,12.5,0.125,93.25,1.3333333333333333,36.0,36.0,224.0,0.0,1,1,1.0,0,0.0,1,1,1.0,1134.86,0.0,0.0,0.0,0.0,1134.86,0,0.0,2.0,0.0,1.0,0.0,Air Canada,1,1.0,YUL-YYC,1,1.0,3005.6505765581314,0.0,0.0,1,239.0,0.0,0,0.0,0.0,0.0,0.0,239.0,13.0,0.0,1.0,0.0,Choice Hotels,1,1.0,False,True,False,True,True,False,True,True,1373.86,0.0,3,1,3,2.5,3587.4283627875957,5,9889.518402008922,False,567.43
978,510961,1977-11-24,45.0,F,True,False,usa,st. petersburg,SPG,27.765,-82.627,2023-01-05,204,7,17.285714285714285,0.42857142857142855,129.14285714285714,1.75,88.0,157.0,4.666666666666667,0.0,3,2,0.6666666666666666,0,0.0,2,1,0.5,467.24,430.472466250746,0.125,35.57575,71.1515,863.3285,2,1.0,1.0,0.0,0.5,0.7071067811865476,Alaska Airlines,2,0.5,SPG-PDX,2,0.5,2917.3102112031856,1561.1168244422702,0.0,3,141.0,48.75448697299562,0,0.0,0.0,0.0,0.0,423.0,4.666666666666667,2.8867513459481287,1.0,0.0,Accor,2,0.6666666666666666,False,True,False,False,False,False,False,True,1286.3285,71.1515,1,3,3,2.1999999999999997,1119.6219276981217,3,3086.478819234016,True,467.24
986,511126,1995-12-20,27.0,F,False,False,usa,boston,BOS,42.364,-71.005,2023-01-05,204,9,16.666666666666668,0.5555555555555556,123.22222222222223,1.2857142857142858,12.0,72.0,7.4,0.0,5,3,0.6,0,0.0,3,3,1.0,775.4166666666666,658.389746376212,0.0,0.0,0.0,2326.25,0,0.0,1.3333333333333333,0.5773502691896257,0.6666666666666666,0.5773502691896257,American Airlines,2,0.6666666666666666,BOS-IND,3,0.3333333333333333,3075.2577399429297,1543.90510899313,0.0,5,176.4,114.883854392164,1,0.2,0.1,36.3,36.3,845.7,4.6,1.816590212458495,1.2,0.4472135954999579,Banyan Tree,5,0.2,False,True,False,False,True,False,False,False,3171.95,36.3,5,5,5,5.0,1656.5215371790596,4,4566.558149338681,False,581.5625
994,511208,1991-01-23,32.0,F,False,False,usa,salt lake city,SLC,40.788,-111.978,2023-01-05,204,8,13.375,0.375,99.5,1.3333333333333333,39.0,39.0,7.333333333333333,0.0,3,3,1.0,0,0.0,3,2,0.6666666666666666,381.49333333333334,135.13944292224,0.1,53.165,53.165,1091.315,1,0.3333333333333333,1.3333333333333333,0.5773502691896257,1.3333333333333333,0.5773502691896257,Abu Dhabi Amiri Flight,3,0.3333333333333333,SLC-ORD,3,0.3333333333333333,2237.596073507923,816.7468143433464,0.0,3,309.3333333333333,162.715498135037,0,0.0,0.0,0.0,0.0,928.0,7.333333333333333,2.8867513459481287,1.3333333333333333,0.5773502691896257,Marriott,2,0.6666666666666666,False,True,False,False,False,False,False,True,2019.315,53.165,3,3,4,3.35,1757.6142897632544,5,4845.242079967548,False,286.12
998,511260,1988-06-20,35.0,F,False,True,usa,san jose,SJC,37.362,-121.929,2023-01-05,204,8,19.0,0.25,140.5,1.3333333333333333,56.0,174.0,6.0,0.0,2,1,0.5,0,0.0,1,1,1.0,720.0,0.0,0.0,0.0,0.0,720.0,0,0.0,1.0,0.0,1.0,0.0,Delta Air Lines,1,1.0,SJC-LGA,1,1.0,4124.793560549965,0.0,0.0,2,253.0,156.977705423414,0,0.0,0.0,0.0,0.0,506.0,6.0,1.414213562373095,1.0,0.0,Rosewood,1,1.0,False,True,False,True,True,False,False,True,1226.0,0.0,2,2,3,2.3499999999999996,1600.6678892964321,4,4412.585547604173,True,720.0
1009,511399,1975-12-23,47.0,F,True,True,usa,san diego,NZY,32.699,-117.215,2023-01-05,204,9,12.666666666666666,0.2222222222222222,94.44444444444444,1.5,45.0,134.0,8.5,0.0,2,1,0.5,0,0.0,2,2,1.0,660.355,109.79246991483524,0.0,0.0,0.0,1320.71,0,0.0,1.0,0.0,0.5,0.7071067811865476,AirTran Airways,2,0.5,NZY-LGA,2,0.5,3364.5818784345747,802.1688943838013,0.0,1,65.0,0.0,0,0.0,0.0,0.0,0.0,65.0,7.0,0.0,1.0,0.0,Crowne Plaza,1,1.0,False,True,False,False,True,False,True,True,1385.71,0.0,2,2,3,2.3499999999999996,1809.1855635211737,5,4987.409395734567,True,660.355
1010,511418,1971-12-07,51.0,F,True,True,usa,new york,JFK,40.64,-73.779,2023-01-05,204,8,12.625,0.25,94.125,1.6,73.0,168.0,9.5,0.0,2,1,0.5,0,0.0,2,2,1.0,736.58,0.9475230867899737,0.25,183.9775,183.9775,1289.1825,1,0.5,1.0,0.0,0.5,0.7071067811865476,American Airlines,2,0.5,JFK-LAX,2,0.5,3974.209842999768,0.0,0.0,1,128.0,0.0,1,1.0,0.1,12.8,12.8,115.2,5.0,0.0,1.0,0.0,Choice Hotels,1,1.0,False,True,False,False,False,False,True,False,1404.3825,196.7775,1,2,3,1.9499999999999997,1833.5644143881293,5,5054.614945194305,True,736.58
1014,511455,1987-05-20,36.0,F,False,False,canada,montreal,YMX,45.68,-74.039,2023-01-05,204,8,17.625,0.375,132.125,1.1428571428571428,23.0,23.0,7.0,0.0,3,1,0.3333333333333333,0,0.0,3,3,1.0,515.46,166.612711699918,0.0,0.0,0.0,1546.38,0,0.0,1.0,0.0,0.6666666666666666,0.5773502691896257,American Airlines,2,0.6666666666666666,YMX-DEN,3,0.3333333333333333,2933.2676956060336,892.3506194274238,0.0,1,161.0,0.0,0,0.0,0.0,0.0,0.0,161.0,3.0,0.0,1.0,0.0,Four Seasons,1,1.0,False,True,False,False,True,False,True,True,1707.38,0.0,4,3,4,3.75,1486.1056774480383,4,4096.770153490165,False,515.46
1016,511489,1981-06-03,42.0,F,True,False,usa,louisville,LOU,38.228,-85.664,2023-01-05,204,8,19.75,0.375,147.5,1.3333333333333333,31.0,44.0,8.0,0.0,3,1,0.3333333333333333,0,0.0,1,1,1.0,1052.13,0.0,0.0,0.0,0.0,1052.13,0,0.0,2.0,0.0,1.0,0.0,Allegiant Air,1,1.0,LOU-SFO,1,1.0,3199.4406768334766,0.0,0.0,3,164.0,101.57263410978372,1,0.3333333333333333,0.15,38.4,38.4,453.6,5.333333333333333,4.932882862316247,1.3333333333333333,0.5773502691896257,Best Western,3,0.3333333333333333,False,True,False,True,True,False,False,False,1505.73,38.4,3,3,3,3.0,1310.5892664221408,3,3612.921390208827,False,526.065
1018,511504,1990-01-15,33.0,F,False,False,usa,washington,IAD,38.944,-77.456,2023-01-05,204,8,17.0,0.375,127.0,1.3333333333333333,55.0,55.0,6.666666666666667,0.0,3,3,1.0,0,0.0,3,3,1.0,506.5366666666667,324.750660404769,0.0,0.0,0.0,1519.61,0,0.0,1.0,0.0,0.0,0.0,American Airlines,3,0.3333333333333333,IAD-FAT,3,0.3333333333333333,2715.107180347575,1724.1921817121715,0.0,3,168.66666666666666,105.50987315570677,0,0.0,0.0,0.0,0.0,506.0,3.0,0.0,1.0,0.0,Hyatt,2,0.6666666666666666,False,True,False,False,True,False,False,True,2025.61,0.0,2,3,4,2.95,1763.093465599644,5,4860.346607440179,False,506.5366666666667
1020,511542,1970-01-12,53.0,F,False,False,usa,los angeles,LAX,33.942,-118.408,2023-01-05,204,8,14.25,0.375,106.875,1.6,72.0,92.0,9.0,0.0,3,3,1.0,0,0.0,3,3,1.0,1012.2733333333333,398.888089736123,0.1,84.428,84.428,2952.392,1,0.3333333333333333,1.6666666666666667,1.1547005383792515,0.6666666666666666,0.5773502691896257,AirTran Airways,3,0.3333333333333333,LAX-MDW,3,0.3333333333333333,3602.612463260319,685.0437728157423,0.0,3,163.66666666666666,90.38989619052194,0,0.0,0.0,0.0,0.0,491.0,2.6666666666666665,0.5773502691896257,1.6666666666666667,1.1547005383792515,Choice Hotels,2,0.6666666666666666,False,True,False,False,False,False,False,True,3443.392,84.428,1,3,5,2.9,2997.1326833388903,5,8262.241312635033,True,607.3639999999999
1026,511568,2003-04-04,20.0,F,False,False,usa,baltimore,BWI,39.175,-76.668,2023-01-05,204,8,13.375,0.125,100.0,1.3333333333333333,28.0,28.0,253.0,0.0,1,0,0.0,0,0.0,1,1,1.0,1229.22,0.0,0.0,0.0,0.0,1229.22,0,0.0,1.0,0.0,0.0,0.0,Royal Air Maroc,1,1.0,BWI-CMN,1,1.0,6061.004376707809,0.0,1.0,0,0.0,0.0,0,0.0,0.0,0.0,0.0,0.0,0.0,0.0,0.0,0.0,MISSING,0,0.0,False,True,False,True,True,True,False,True,1229.22,0.0,3,1,3,2.5,3209.743854618206,5,8848.349766437197,False,1229.22
1027,511570,1972-09-10,50.0,F,True,True,canada,ottawa,YOW,45.323,-75.669,2023-01-05,204,8,20.625,0.375,152.875,1.3333333333333333,38.0,92.0,10.0,0.0,3,2,0.6666666666666666,0,0.0,2,2,1.0,653.035,71.59456159513793,0.0,0.0,0.0,1306.07,0,0.0,1.0,0.0,0.0,0.0,Delta Air Lines,1,1.0,YOW-LAX,2,0.5,3600.000475963455,313.09698468189805,0.0,3,444.0,167.687208814507,0,0.0,0.0,0.0,0.0,1332.0,6.0,3.4641016151377544,1.0,0.0,Extended Stay,3,0.3333333333333333,False,True,False,False,True,False,False,True,2638.07,0.0,3,3,5,3.7,2296.179412026231,5,6329.912754523188,True,653.035
1028,511577,1981-05-18,42.0,F,True,False,usa,fresno,FAT,36.776,-119.718,2023-01-05,204,8,9.875,0.25,73.125,1.1428571428571428,7.0,137.0,5.5,0.0,2,1,0.5,0,0.0,2,2,1.0,547.46,146.441814383734,0.1,59.9235,119.847,975.073,2,1.0,1.0,0.0,0.0,0.0,Canadian North,2,0.5,FAT-JFK,2,0.5,3150.4875396436764,1150.4143230743084,0.0,1,327.0,0.0,0,0.0,0.0,0.0,0.0,327.0,1.0,0.0,1.0,0.0,Best Western,1,1.0,False,True,False,False,False,False,True,True,1302.073,119.847,5,2,3,3.55,1699.9889401467155,4,4686.3854010812465,True,547.46
1033,511609,1984-07-01,39.0,M,True,False,usa,honolulu,HNL,21.316,-157.927,2023-01-05,204,8,10.875,0.25,81.625,1.1428571428571428,26.0,159.0,7.5,0.0,2,1,0.5,0,0.0,1,1,1.0,1113.68,0.0,0.15,167.052,167.052,946.628,1,1.0,1.0,0.0,1.0,0.0,AirTran Airways,1,1.0,HNL-HOU,1,1.0,6295.593762243493,0.0,1.0,2,275.0,254.558441227157,1,0.5,0.25,113.75,113.75,436.25,5.5,0.7071067811865476,1.0,0.0,Extended Stay,2,0.5,False,True,False,True,False,False,False,False,1382.878,280.802,4,2,3,3.15,1805.488099033011,5,4977.216539069954,True,1113.68
1034,511613,1981-09-22,41.0,F,False,False,usa,miami,TNT,25.862,-80.897,2023-01-05,204,8,18.125,0.375,134.25,1.3333333333333333,36.0,61.0,8.666666666666666,0.0,3,3,1.0,0,0.0,3,2,0.6666666666666666,370.1333333333333,229.757563821811,0.0,0.0,0.0,1110.4,0,0.0,1.0,0.0,1.3333333333333333,1.5275252316519468,Air Canada,3,0.3333333333333333,TNT-CMH,3,0.3333333333333333,2523.83673954717,1080.5248743249028,0.0,3,214.66666666666666,116.143589290728,0,0.0,0.0,0.0,0.0,644.0,2.3333333333333335,0.5773502691896257,1.0,0.0,Banyan Tree,2,0.6666666666666666,False,True,False,False,True,False,False,True,1754.4,0.0,3,3,4,3.35,1527.0319439813272,4,4209.592215724178,False,370.1333333333333
1077,512024,1991-09-28,31.0,F,True,False,usa,new york,JFK,40.64,-73.779,2023-01-05,204,8,20.5,0.25,152.0,1.6,65.0,158.0,7.5,0.0,2,1,0.5,0,0.0,1,1,1.0,2038.42,0.0,0.0,0.0,0.0,2038.42,0,0.0,3.0,0.0,0.0,0.0,Ryanair,1,1.0,JFK-NZY,1,1.0,3931.800943310276,0.0,0.0,2,162.0,4.242640687119285,0,0.0,0.0,0.0,0.0,324.0,6.0,4.242640687119285,2.0,1.414213562373095,Fairmont,2,0.5,False,True,False,True,True,False,False,True,2362.42,0.0,1,2,5,2.65,3084.379963321107,5,8502.757218084054,True,679.4733333333334
1079,512060,1970-07-17,53.0,F,True,False,usa,sacramento,SMF,38.695,-121.591,2023-01-05,204,8,12.125,0.25,90.625,1.1428571428571428,20.0,145.0,11.5,0.0,2,1,0.5,0,0.0,1,1,1.0,729.96,0.0,0.0,0.0,0.0,729.96,0,0.0,1.0,0.0,1.0,0.0,British Airways,1,1.0,SMF-JFK,1,1.0,4047.3203346612695,0.0,0.0,2,219.0,178.19090885901,0,0.0,0.0,0.0,0.0,438.0,5.0,1.414213562373095,1.0,0.0,Radisson,2,0.5,False,True,False,True,True,False,False,True,1167.96,0.0,4,2,3,3.15,1524.890756918973,4,4203.689572740433,True,729.96
1117,512440,1989-12-15,33.0,F,True,False,usa,columbus,CMH,39.998,-82.892,2023-01-05,204,8,19.25,0.375,144.375,1.6,60.0,115.0,7.666666666666667,0.0,3,3,1.0,0,0.0,3,3,1.0,214.28666666666666,217.186824953387,0.0,0.0,0.0,642.86,0,0.0,1.0,0.0,0.6666666666666666,0.5773502691896257,Delta Air Lines,2,0.6666666666666666,CMH-YZD,2,0.6666666666666666,1228.9237254524112,1229.6056125639373,0.0,3,382.6666666666667,203.814458106714,0,0.0,0.0,0.0,0.0,1148.0,2.6666666666666665,2.8867513459481287,1.0,0.0,InterContinental,3,0.3333333333333333,False,True,False,False,True,False,False,True,1790.86,0.0,2,3,4,2.95,1558.7667733689004,4,4297.0761031986995,True,214.28666666666666
1119,512447,2003-01-08,20.0,F,False,False,usa,stockton,SCK,37.894,-121.239,2023-01-05,204,8,9.0,0.25,67.625,1.1428571428571428,24.0,67.0,6.0,0.0,2,1,0.5,0,0.0,1,1,1.0,1748.52,0.0,0.25,437.13,437.13,1311.39,1,1.0,3.0,0.0,1.0,0.0,Lufthansa,1,1.0,SCK-CLT,1,1.0,3583.756077214799,0.0,0.0,2,98.5,27.577164466275352,0,0.0,0.0,0.0,0.0,197.0,7.5,6.363961030678928,2.0,1.414213562373095,Accor,2,0.5,False,True,False,True,False,False,False,True,1508.39,437.13,4,2,3,3.15,1969.3568006002001,5,5428.955884299069,False,582.84
1142,512696,2006-10-10,16.0,F,False,False,usa,buffalo,BUF,42.94,-78.732,2023-01-06,203,8,18.625,0.375,139.25,1.6,63.0,63.0,10.333333333333334,0.0,3,1,0.3333333333333333,0,0.0,1,1,1.0,726.92,0.0,0.0,0.0,0.0,726.92,0,0.0,1.0,0.0,1.0,0.0,AeroMéxico,1,1.0,BUF-SFO,1,1.0,3706.9535940873566,0.0,0.0,3,227.0,71.75653280364095,0,0.0,0.0,0.0,0.0,681.0,9.666666666666666,6.658328118479393,1.3333333333333333,0.5773502691896257,Accor,3,0.3333333333333333,False,True,False,True,True,False,False,True,1407.92,0.0,2,3,3,2.5999999999999996,1225.455320662443,3,3378.2313453957954,False,726.92
1151,512831,1980-02-22,43.0,F,False,False,usa,san antonio,SKF,29.384,-98.581,2023-01-06,203,8,14.25,0.5,104.75,1.1428571428571428,17.0,17.0,6.75,0.0,4,1,0.25,0,0.0,3,3,1.0,760.1066666666667,940.35245867352,0.0,0.0,0.0,2280.32,0,0.0,2.0,1.7320508075688772,1.0,0.0,American Airlines,2,0.6666666666666666,SKF-AUS,3,0.3333333333333333,1678.6605617218393,1349.609433205131,0.0,2,289.5,36.062445840513924,0,0.0,0.0,0.0,0.0,579.0,2.5,0.7071067811865476,1.0,0.0,Extended Stay,2,0.5,False,True,False,False,True,False,False,True,2859.32,0.0,4,4,5,4.35,1866.5667655885295,5,5145.5930293538195,False,380.05333333333334
1156,512887,1984-11-07,38.0,M,False,False,usa,san diego,SAN,32.733,-117.189,2023-01-06,203,8,21.5,0.375,160.0,1.1428571428571428,19.0,19.0,8.666666666666666,0.0,3,3,1.0,0,0.0,3,3,1.0,474.51,393.767990954064,0.1,54.0765,162.2295,1261.3005,3,1.0,1.0,0.0,0.6666666666666666,0.5773502691896257,Delta Air Lines,2,0.6666666666666666,SAN-HLZ,3,0.3333333333333333,2512.370775309675,2038.6109022678802,0.0,3,249.33333333333334,119.851296752823,0,0.0,0.0,0.0,0.0,748.0,3.3333333333333335,3.2145502536643185,1.0,0.0,Banyan Tree,3,0.3333333333333333,False,True,False,False,False,False,False,True,2009.3005,162.2295,4,3,4,3.75,1748.89765649661,5,4821.212804292462,False,474.51
1163,512945,1999-03-08,24.0,F,False,False,usa,los angeles,LAX,33.942,-118.408,2023-01-06,203,8,14.875,0.375,110.75,1.3333333333333333,31.0,31.0,81.33333333333333,0.0,3,1,0.3333333333333333,0,0.0,2,2,1.0,482.375,178.395969825554,0.0,0.0,0.0,964.75,0,0.0,1.0,0.0,0.0,0.0,JetBlue Airways,2,0.5,LAX-CLT,2,0.5,2677.3332123522778,1039.7622254494665,0.0,2,143.0,45.254833995939045,0,0.0,0.0,0.0,0.0,286.0,9.0,7.0710678118654755,1.0,0.0,Starwood,1,1.0,False,True,False,False,True,False,False,True,1250.75,0.0,3,3,3,3.0,1088.6543570078916,3,3001.1100454953344,False,482.375
1171,513026,1983-03-27,40.0,F,True,False,usa,chicago,MDW,41.786,-87.752,2023-01-06,203,8,18.25,0.375,135.125,1.3333333333333333,28.0,135.0,7.333333333333333,0.0,3,3,1.0,0,0.0,3,3,1.0,231.51333333333332,66.44379379094283,0.1,30.776,30.776,663.764,1,0.3333333333333333,1.0,0.0,0.3333333333333333,0.5773502691896257,Delta Air Lines,2,0.6666666666666666,MDW-JFK,3,0.3333333333333333,1335.9650889212392,279.7989505893936,0.0,3,208.66666666666666,73.05021104235999,0,0.0,0.0,0.0,0.0,626.0,6.0,2.0,1.0,0.0,Choice Hotels,3,0.3333333333333333,False,True,False,False,False,False,False,True,1289.764,30.776,3,3,3,3.0,1122.612191174836,3,3094.7221241001353,True,231.51333333333332
1181,513126,1987-10-08,35.0,F,False,False,usa,san diego,SAN,32.733,-117.189,2023-01-06,203,8,16.625,0.625,124.625,1.1428571428571428,22.0,131.0,7.4,0.0,5,5,1.0,0,0.0,5,4,0.8,327.188,277.403250828104,0.175,60.764,121.528,1514.412,2,0.4,1.0,0.0,0.4,0.5477225575051661,United Airlines,3,0.6,SAN-LSV,5,0.2,2187.42564329691,1641.101913378906,0.0,5,228.6,285.542115982914,0,0.0,0.0,0.0,0.0,1143.0,4.8,3.3466401061363023,1.0,0.0,Wyndham,4,0.4,False,True,False,False,False,False,False,True,2657.412,121.528,4,5,5,4.6,1387.808827742581,4,3825.7937309069825,True,327.188
1220,513555,1978-08-09,44.0,F,False,False,usa,seattle,BFI,47.53,-122.302,2023-01-06,203,8,16.0,0.5,118.25,1.1428571428571428,17.0,17.0,9.5,0.0,4,2,0.5,0,0.0,3,3,1.0,537.9966666666667,45.60577412272851,0.0,0.0,0.0,1613.99,0,0.0,1.0,0.0,0.6666666666666666,0.5773502691896257,Southwest Airlines,2,0.6666666666666666,BFI-BNA,3,0.3333333333333333,2985.491658670299,238.51861136429224,0.0,3,155.33333333333334,35.83759664560855,0,0.0,0.0,0.0,0.0,466.0,4.0,2.0,1.3333333333333333,0.5773502691896257,Crowne Plaza,3,0.3333333333333333,False,True,False,False,True,False,False,True,2079.99,0.0,4,4,4,4.0,1357.8194139713237,4,3743.121457243558,False,537.9966666666667
1221,513568,1963-10-04,59.0,F,False,False,canada,halifax,YAW,44.64,-63.499,2023-01-06,203,8,10.25,0.25,76.75,2.0,97.0,154.0,6.0,0.0,2,1,0.5,0,0.0,1,1,1.0,1185.97,0.0,0.0,0.0,0.0,1185.97,0,0.0,2.0,0.0,0.0,0.0,United Airlines,1,1.0,YAW-FTW,1,1.0,3188.381886210849,0.0,0.0,2,130.0,83.43860018001261,0,0.0,0.0,0.0,0.0,260.0,5.5,3.5355339059327378,1.5,0.7071067811865476,Choice Hotels,1,1.0,False,True,False,True,True,False,False,True,1445.97,0.0,1,2,3,1.9499999999999997,1887.8611320440148,5,5204.29553366167,True,592.985
1242,513796,1978-12-07,44.0,F,True,False,usa,tacoma,TCM,47.138,-122.476,2023-01-06,203,8,17.0,0.375,126.125,1.6,71.0,115.0,7.333333333333333,0.0,3,2,0.6666666666666666,0,0.0,3,3,1.0,746.6466666666666,231.215190100766,0.0,0.0,0.0,2239.94,0,0.0,1.3333333333333333,0.5773502691896257,0.6666666666666666,0.5773502691896257,Southwest Airlines,2,0.6666666666666666,TCM-AUS,3,0.3333333333333333,3140.7084365152637,665.4077968411776,0.0,2,171.5,51.61879502661797,0,0.0,0.0,0.0,0.0,343.0,8.5,2.1213203435596424,1.5,0.7071067811865476,Fairmont,2,0.5,False,True,False,False,True,False,False,True,2582.94,0.0,1,3,5,2.9,2248.1941913971323,5,6197.631166029757,True,559.985
1247,513844,1987-09-28,35.0,M,True,False,usa,oklahoma city,TIK,35.415,-97.386,2023-01-06,203,7,11.285714285714286,0.2857142857142857,83.85714285714286,1.0,11.0,50.0,11.5,0.0,2,0,0.0,0,0.0,1,1,1.0,934.57,0.0,0.0,0.0,0.0,934.57,0,0.0,3.0,0.0,0.0,0.0,Bearskin Lake Air Service,1,1.0,TIK-YWG,1,1.0,1628.256630304611,0.0,0.0,1,384.0,0.0,0,0.0,0.0,0.0,0.0,384.0,9.0,0.0,2.0,0.0,Starwood,1,1.0,False,True,False,True,True,False,True,True,1318.57,0.0,5,2,3,3.55,1721.5274541513836,4,4745.760950656146,False,311.52333333333337
1273,514206,1988-08-20,34.0,F,True,False,usa,austin,AUS,30.194,-97.67,2023-01-06,203,8,14.5,0.375,108.5,1.1428571428571428,9.0,90.0,7.666666666666667,0.0,3,2,0.6666666666666666,0,0.0,3,3,1.0,343.24333333333334,172.987851981962,0.1,28.338,56.676,973.054,2,0.6666666666666666,1.6666666666666667,1.1547005383792515,1.6666666666666667,1.1547005383792515,American Airlines,2,0.6666666666666666,AUS-JFK,2,0.6666666666666666,1728.1532609240448,1242.4863348509396,0.0,2,350.5,269.407683632075,0,0.0,0.0,0.0,0.0,701.0,4.0,1.414213562373095,1.0,0.0,NH Hotel,2,0.5,False,True,False,False,False,False,False,True,1674.054,56.676,5,3,4,4.15,1457.098685561854,4,4016.8061371989975,False,205.946
1285,514337,1977-06-25,46.0,F,False,False,usa,chicago,ORD,41.979,-87.904,2023-01-06,203,9,13.88888888888889,0.4444444444444444,104.55555555555556,1.8,62.0,76.0,7.0,0.0,4,2,0.5,0,0.0,2,2,1.0,355.005,173.333085272258,0.05,11.622,11.622,698.388,1,0.5,1.0,0.0,1.0,0.0,Delta Air Lines,1,1.0,ORD-JFK,2,0.5,1762.4840121615969,812.7843850589479,0.0,4,215.75,166.27562459162,2,0.5,0.1,31.25,62.5,800.5,6.5,3.3166247903554,1.25,0.5,Hilton,3,0.5,False,True,False,False,False,False,False,False,1498.888,74.122,2,4,3,2.8499999999999996,978.4754858286094,2,2697.3782733594303,False,355.005
1287,514344,1958-03-21,65.0,F,False,False,usa,jacksonville,NZC,30.219,-81.876,2023-01-06,203,9,19.77777777777778,0.6666666666666666,149.33333333333334,1.2857142857142858,19.0,19.0,8.0,0.0,6,5,0.8333333333333334,0,0.0,6,6,1.0,304.83666666666664,143.704550473068,0.175,79.87075,159.7415,1669.2785,2,0.3333333333333333,1.0,0.0,0.6666666666666666,0.5163977794943223,Delta Air Lines,3,0.6666666666666666,NZC-JFK,5,0.3333333333333333,1695.5265409579113,845.2287558549278,0.0,5,230.8,111.445951025598,0,0.0,0.0,0.0,0.0,1154.0,3.0,1.5811388300841898,1.0,0.0,Aman Resorts,5,0.2,False,True,False,False,False,False,False,True,2823.2785,159.7415,4,5,5,4.6,1228.6925604923863,3,3387.155493736158,False,304.83666666666664
1288,514370,1980-12-23,42.0,F,False,False,usa,new york,JFK,40.64,-73.779,2023-01-06,203,8,15.5,0.375,115.5,1.1428571428571428,11.0,11.0,7.0,0.0,3,3,1.0,0,0.0,3,3,1.0,713.01,688.199598590409,0.25,145.8775,145.8775,1993.1525,1,0.3333333333333333,1.3333333333333333,0.5773502691896257,0.0,0.0,United Airlines,2,0.6666666666666666,JFK-DET,3,0.3333333333333333,2677.7263356567996,1668.2055540281963,0.0,3,611.3333333333334,495.320435004789,0,0.0,0.0,0.0,0.0,1834.0,4.666666666666667,1.5275252316519468,1.3333333333333333,0.5773502691896257,Fairmont,3,0.3333333333333333,False,True,False,False,False,False,False,True,3827.1525,145.8775,5,3,5,4.5,3331.1583002667553,5,9183.054817823371,False,534.7575
1289,514384,1980-06-12,43.0,F,False,False,canada,toronto,YKZ,43.862,-79.37,2023-01-06,203,8,16.5,0.125,120.5,2.6666666666666665,123.0,183.0,9.0,0.0,1,1,1.0,0,0.0,1,1,1.0,1180.5,0.0,0.0,0.0,0.0,1180.5,0,0.0,2.0,0.0,1.0,0.0,American Airlines,1,1.0,YKZ-NZY,1,1.0,3492.5608413607533,0.0,0.0,1,101.0,0.0,0,0.0,0.0,0.0,0.0,101.0,2.0,0.0,2.0,0.0,Extended Stay,1,1.0,False,True,False,True,True,False,True,True,1281.5,0.0,1,1,3,1.6999999999999997,3346.257585861954,5,9224.679248376424,True,590.25
1303,514627,1978-08-03,44.0,F,False,False,canada,hamilton,YHM,43.173,-79.935,2023-01-06,203,6,20.5,0.5,151.66666666666666,1.2,72.0,170.0,10.0,0.0,3,2,0.6666666666666666,0,0.0,3,2,0.6666666666666666,322.28333333333336,325.077680767741,0.0,0.0,0.0,966.85,0,0.0,1.3333333333333333,0.5773502691896257,0.6666666666666666,0.5773502691896257,JetBlue Airways,3,0.3333333333333333,YHM-LGA,3,0.3333333333333333,1607.8602407765204,1710.6156661471248,0.0,2,301.5,218.495995386643,0,0.0,0.0,0.0,0.0,603.0,2.5,0.7071067811865476,1.5,0.7071067811865476,Rosewood,1,1.0,False,True,False,False,True,False,False,True,1569.85,0.0,1,3,4,2.55,1366.3993942425252,4,3766.7740195249653,True,241.71250000000003
1325,514951,1986-03-06,37.0,F,False,True,usa,austin,AUS,30.194,-97.67,2023-01-07,202,8,14.875,0.25,110.875,1.1428571428571428,18.0,18.0,101.5,0.0,2,1,0.5,0,0.0,2,2,1.0,2028.76,2465.879335896223,0.0,0.0,0.0,4057.52,0,0.0,1.5,0.7071067811865476,1.0,0.0,Aegean Airlines,2,0.5,AUS-HER,2,0.5,6062.214603398489,6405.6307722438505,0.5,1,105.0,0.0,0,0.0,0.0,0.0,0.0,105.0,5.0,0.0,1.0,0.0,Accor,1,1.0,False,True,False,False,True,False,True,True,4162.52,0.0,4,2,5,3.85,5434.59388462821,5,14981.627727253936,False,1352.5066666666667
1356,515344,1976-01-09,47.0,M,False,False,usa,new york,LGA,40.777,-73.872,2023-01-07,202,8,22.5,0.625,167.125,1.6,82.0,82.0,7.6,0.0,5,3,0.6,0,0.0,3,3,1.0,442.95,245.867263579355,0.35,67.284,67.284,1261.566,1,0.3333333333333333,1.0,0.0,0.6666666666666666,0.5773502691896257,Delta Air Lines,2,0.6666666666666666,LGA-IND,3,0.3333333333333333,2519.942223293227,1452.7868860636866,0.0,5,219.0,84.43044474595642,1,0.2,0.05,7.05,7.05,1087.95,4.8,3.420526275297414,1.2,0.4472135954999579,Conrad,4,0.4,False,True,False,False,False,False,False,False,2349.516,74.334,1,5,5,3.4,1227.0129907302435,3,3382.5253981940514,False,442.95
1357,515398,1983-08-16,39.0,F,True,True,usa,new york,LGA,40.777,-73.872,2023-01-07,202,8,13.875,0.375,103.125,2.0,91.0,91.0,6.0,0.0,3,2,0.6666666666666666,0,0.0,3,3,1.0,778.5866666666667,806.816667548045,0.05,31.2665,31.2665,2304.4935,1,0.3333333333333333,1.3333333333333333,0.5773502691896257,1.3333333333333333,1.5275252316519468,United Airlines,2,0.6666666666666666,LGA-IAD,3,0.3333333333333333,2744.6164125328614,2078.4342076487546,0.0,2,85.5,4.949747468305833,1,0.5,0.1,8.2,8.2,162.8,2.0,0.0,1.0,0.0,InterContinental,2,0.5,False,True,False,False,False,False,False,False,2467.2935,39.4665,1,3,5,2.9,2147.5353338335003,5,5920.1433604120275,True,583.94
1367,515523,2000-12-21,22.0,M,False,False,usa,las vegas,LAS,36.08,-115.152,2023-01-07,202,8,13.0,0.375,97.625,1.1428571428571428,19.0,66.0,8.666666666666666,0.0,3,1,0.3333333333333333,0,0.0,1,1,1.0,518.65,0.0,0.0,0.0,0.0,518.65,0,0.0,1.0,0.0,0.0,0.0,Alaska Airlines,1,1.0,LAS-CMH,1,1.0,2842.7857680675415,0.0,0.0,3,269.6666666666667,60.96173663318109,1,0.3333333333333333,0.05,11.85,11.85,797.15,5.666666666666667,3.7859388972001824,1.3333333333333333,0.5773502691896257,Fairmont,3,0.3333333333333333,False,True,False,True,True,False,False,False,1315.8,11.85,4,3,3,3.4,1145.2739579859951,3,3157.194161793132,False,518.65
1373,515586,1969-07-04,54.0,F,False,False,usa,san diego,SAN,32.733,-117.189,2023-01-07,202,9,14.777777777777779,0.5555555555555556,112.0,2.25,109.0,109.0,8.0,0.0,5,3,0.6,0,0.0,5,5,1.0,556.34,164.846342543594,0.0,0.0,0.0,2781.7,0,0.0,1.0,0.0,0.6,0.5477225575051661,United Airlines,4,0.4,SAN-IAH,5,0.2,3137.884089971906,844.7829529184454,0.0,3,311.3333333333333,304.959560160578,0,0.0,0.0,0.0,0.0,934.0,3.3333333333333335,1.5275252316519468,1.0,0.0,Hyatt,2,0.6666666666666666,False,True,False,False,True,False,False,True,3715.7,0.0,1,5,5,3.4,1940.489943314438,5,5349.37817919505,True,556.34
1388,515764,2000-05-23,23.0,F,False,True,canada,edmonton,YED,53.667,-113.467,2023-01-07,202,8,11.75,0.375,87.375,1.6,66.0,66.0,10.0,0.0,3,1,0.3333333333333333,0,0.0,1,1,1.0,364.7,0.0,0.0,0.0,0.0,364.7,0,0.0,1.0,0.0,2.0,0.0,Asiana Airlines,1,1.0,YED-LAX,1,1.0,2227.542640407648,0.0,0.0,3,321.0,188.379935237275,0,0.0,0.0,0.0,0.0,963.0,10.0,11.269427669584644,1.0,0.0,Choice Hotels,3,0.3333333333333333,False,True,False,True,True,False,False,True,1327.7,0.0,1,3,3,2.1999999999999997,1155.6317327998222,3,3185.7475973649052,False,364.7
1405,516004,1973-03-20,50.0,F,True,True,usa,san francisco,SFO,37.619,-122.375,2023-01-07,202,9,14.222222222222221,0.2222222222222222,104.44444444444444,1.2857142857142858,14.0,94.0,8.0,0.0,2,2,1.0,0,0.0,2,0,0.0,342.055,69.33181989534098,0.0,0.0,0.0,684.11,0,0.0,1.0,0.0,0.5,0.7071067811865476,Allegiant Air,2,0.5,SFO-LGA,2,0.5,4099.763893604998,73.55274576432402,0.0,2,247.5,74.24621202458749,0,0.0,0.0,0.0,0.0,495.0,3.0,1.414213562373095,1.0,0.0,Crowne Plaza,1,1.0,False,True,False,False,True,False,False,True,1179.11,0.0,5,2,3,3.55,1539.4482177392463,4,4243.820346684793,True,342.055
1484,516862,1956-01-02,67.0,F,True,False,usa,new york,LGA,40.777,-73.872,2023-01-08,201,8,12.25,0.25,90.125,1.3333333333333333,33.0,33.0,145.5,0.0,2,0,0.0,0,0.0,1,1,1.0,1091.79,0.0,0.0,0.0,0.0,1091.79,0,0.0,1.0,0.0,0.0,0.0,Tarom,1,1.0,LGA-PRG,1,1.0,6546.734001077704,0.0,1.0,1,155.0,0.0,0,0.0,0.0,0.0,0.0,155.0,9.0,0.0,2.0,0.0,Wyndham,1,1.0,False,True,False,True,True,False,True,True,1246.79,0.0,3,2,3,2.75,1627.8113521173723,4,4487.412344940788,False,1091.79
1492,517064,2006-01-15,17.0,F,False,True,usa,dallas,DAL,32.847,-96.852,2023-01-08,201,9,24.88888888888889,0.3333333333333333,184.33333333333334,1.8,71.0,88.0,8.333333333333334,0.0,3,2,0.6666666666666666,0,0.0,2,2,1.0,359.915,9.15703281636579,0.1,36.639,36.639,683.191,1,0.5,1.0,0.0,0.0,0.0,American Airlines,1,1.0,DAL-LAX,2,0.5,1951.0832489054565,70.89899279554842,0.0,3,253.33333333333334,139.220448689599,0,0.0,0.0,0.0,0.0,760.0,2.0,1.0,1.0,0.0,InterContinental,3,0.3333333333333333,False,True,False,False,False,False,False,True,1443.191,36.639,1,3,3,2.1999999999999997,1256.1552429698788,3,3462.862288761509,False,359.915
1504,517231,1976-07-24,47.0,F,True,False,canada,edmonton,YXD,53.573,-113.521,2023-01-08,201,8,10.5,0.25,78.0,1.1428571428571428,15.0,166.0,4.0,0.0,2,1,0.5,0,0.0,1,1,1.0,411.88,0.0,0.0,0.0,0.0,411.88,0,0.0,1.0,0.0,1.0,0.0,American Airlines,1,1.0,YXD-LAX,1,1.0,2216.5782068784238,0.0,0.0,2,401.0,438.406204335659,0,0.0,0.0,0.0,0.0,802.0,8.5,10.606601717798213,1.5,0.7071067811865476,Aman Resorts,2,0.5,False,True,False,True,True,False,False,True,1213.88,0.0,5,2,3,3.55,1584.8439946648884,4,4368.963576285281,True,411.88
1531,517674,1993-07-06,30.0,F,False,False,usa,los angeles,LAX,33.942,-118.408,2023-01-08,201,8,16.625,0.25,125.375,1.6,65.0,65.0,7.5,0.0,2,1,0.5,0,0.0,2,2,1.0,890.215,1213.006327786463,0.0,0.0,0.0,1780.43,0,0.0,2.0,1.414213562373095,2.0,2.8284271247461903,American Airlines,2,0.5,LAX-SAN,2,0.5,1846.8524118827006,2361.2859570929286,0.0,1,524.0,0.0,0,0.0,0.0,0.0,0.0,524.0,4.0,0.0,3.0,0.0,Radisson,1,1.0,False,True,False,False,True,False,True,True,2304.43,0.0,1,2,5,2.65,3008.668111037012,5,8294.041201847866,False,445.1075
1541,517776,1964-02-03,59.0,F,True,True,usa,honolulu,HNL,21.316,-157.927,2023-01-08,201,8,17.125,0.375,127.5,1.3333333333333333,28.0,28.0,8.333333333333334,0.0,3,3,1.0,0,0.0,3,3,1.0,1314.6966666666667,42.57390789360701,0.0,0.0,0.0,3944.09,0,0.0,1.0,0.0,1.0,0.0,Allegiant Air,3,0.3333333333333333,HNL-CLT,3,0.3333333333333333,7809.772080168305,258.6204670677147,1.0,3,266.3333333333333,100.00166665277801,0,0.0,0.0,0.0,0.0,799.0,3.0,0.0,1.0,0.0,Shangri-La,2,0.6666666666666666,False,True,False,False,True,False,False,True,4743.09,0.0,3,3,5,3.7,4128.39144048016,5,11380.79955681668,False,1314.6966666666667
1578,518393,1983-06-12,40.0,F,False,False,usa,los angeles,LAX,33.942,-118.408,2023-01-08,201,8,10.875,0.25,80.875,1.1428571428571428,25.0,140.0,8.5,0.0,2,2,1.0,0,0.0,2,2,1.0,508.61,148.280292014819,0.0,0.0,0.0,1017.22,0,0.0,1.0,0.0,0.0,0.0,Conviasa,2,0.5,LAX-SVZ,2,0.5,2739.3640534814103,1099.0838889681586,0.0,2,81.0,39.59797974644666,1,0.5,0.1,5.3,5.3,156.7,3.0,1.414213562373095,1.0,0.0,InterContinental,1,1.0,False,True,False,False,True,False,False,False,1173.92,5.3,4,2,3,3.15,1532.672144048016,4,4225.140641144772,True,508.61
1589,518533,1987-04-06,36.0,F,False,True,usa,phoenix,LUF,33.535,-112.383,2023-01-08,201,8,13.125,0.375,98.125,1.3333333333333333,43.0,172.0,8.0,0.0,3,1,0.3333333333333333,0,0.0,3,3,1.0,464.22333333333336,75.4526436470806,0.1,52.848,52.848,1339.822,1,0.3333333333333333,1.0,0.0,0.6666666666666666,0.5773502691896257,American Airlines,2,0.6666666666666666,LUF-CMH,3,0.3333333333333333,2676.828155259814,244.39110484240985,0.0,1,76.0,0.0,0,0.0,0.0,0.0,0.0,76.0,2.0,0.0,1.0,0.0,Best Western,1,1.0,False,True,False,False,False,False,True,True,1415.822,52.848,2,3,3,2.5999999999999996,1232.3332312993218,3,3397.191786394799,True,464.22333333333336
1593,518579,1982-03-24,41.0,M,False,False,usa,seattle,SEA,47.449,-122.309,2023-01-08,201,8,13.75,0.375,102.625,1.3333333333333333,35.0,118.0,9.333333333333334,0.0,3,2,0.6666666666666666,0,0.0,2,2,1.0,508.67,43.99618392542699,0.0,0.0,0.0,1017.34,0,0.0,1.0,0.0,0.5,0.7071067811865476,AirTran Airways,1,1.0,SEA-DAL,2,0.5,2844.720272422066,226.74171973784405,0.0,3,97.0,3.605551275463989,0,0.0,0.0,0.0,0.0,291.0,4.333333333333333,4.163331998932265,1.3333333333333333,0.5773502691896257,Accor,3,0.3333333333333333,False,True,False,False,True,False,False,True,1308.34,0.0,3,3,3,3.0,1138.780764699344,3,3139.294276972508,True,508.67
1602,518694,1983-06-06,40.0,F,False,False,usa,los angeles,LAX,33.942,-118.408,2023-01-09,200,8,16.5,0.25,124.0,2.0,92.0,92.0,11.5,0.0,2,1,0.5,0,0.0,1,1,1.0,674.92,0.0,0.0,0.0,0.0,674.92,0,0.0,1.0,0.0,0.0,0.0,Delta Air Lines,1,1.0,LAX-YMX,1,1.0,3998.122669902165,0.0,0.0,2,290.5,236.880771697493,0,0.0,0.0,0.0,0.0,581.0,12.5,13.435028842544403,1.0,0.0,Accor,2,0.5,False,True,False,True,True,False,False,True,1255.92,0.0,1,2,3,1.9499999999999997,1639.731497165722,4,4520.272790332001,True,674.92
1631,519059,1997-05-18,26.0,F,False,True,canada,victoria,YYJ,48.647,-123.426,2023-01-09,200,8,14.625,0.25,108.625,1.6,76.0,131.0,9.5,0.0,2,2,1.0,0,0.0,2,2,1.0,668.15,160.513239329346,0.15,83.1975,83.1975,1253.1025,1,0.5,1.0,0.0,0.5,0.7071067811865476,Southwest Airlines,1,1.0,YYJ-LGA,2,0.5,3410.8189328119333,768.0463348313318,0.0,2,184.5,23.33452377915607,1,0.5,0.1,20.1,20.1,348.9,3.0,0.0,1.0,0.0,Crowne Plaza,2,0.5,False,True,False,False,False,False,False,False,1602.0025,103.2975,1,2,4,2.3,2091.5774554018008,5,5765.883424735526,True,668.15
1634,519091,1970-02-26,53.0,F,True,False,usa,san francisco,SFO,37.619,-122.375,2023-01-09,200,8,11.25,0.25,84.25,1.6,79.0,158.0,8.0,0.0,2,1,0.5,0,0.0,1,1,1.0,1587.2,0.0,0.0,0.0,0.0,1587.2,0,0.0,2.0,0.0,1.0,0.0,AirTran Airways,1,1.0,SFO-BWI,1,1.0,3944.3869289907643,0.0,0.0,2,159.0,70.71067811865476,0,0.0,0.0,0.0,0.0,318.0,14.5,16.263455967290593,2.0,0.0,Accor,2,0.5,False,True,False,True,True,False,False,True,1905.2,0.0,1,2,4,2.3,2487.4326775591862,5,6857.1435442866805,True,793.6
1692,519799,1986-09-28,36.0,F,False,True,usa,bakersfield,BFL,35.433,-119.057,2023-01-09,200,8,15.5,0.625,116.25,1.6,61.0,71.0,7.6,0.0,5,3,0.6,0,0.0,5,5,1.0,450.184,239.754520353632,0.2,127.884,127.884,2123.036,1,0.2,1.0,0.0,0.4,0.5477225575051661,Air Canada,5,0.2,BFL-CLT,5,0.2,2573.335780979526,1372.5890919246458,0.0,3,205.33333333333334,171.307715335105,0,0.0,0.0,0.0,0.0,616.0,4.0,2.0,1.0,0.0,Shangri-La,2,0.6666666666666666,False,True,False,False,False,False,False,True,2739.036,127.884,2,5,5,3.8,1430.4362064688228,4,3943.3052750301936,False,450.184
1699,519893,1981-01-14,42.0,F,True,False,usa,spokane,GEG,47.62,-117.534,2023-01-09,200,9,23.11111111111111,0.4444444444444444,172.0,1.2857142857142858,21.0,47.0,8.25,0.0,4,3,0.75,0,0.0,3,3,1.0,924.24,799.202990422333,0.0,0.0,0.0,2772.72,0,0.0,1.6666666666666667,1.1547005383792515,0.6666666666666666,0.5773502691896257,Air Canada,2,0.6666666666666666,GEG-YUL,2,0.6666666666666666,2934.776761904676,693.0380011257819,0.0,4,159.75,55.3857683284554,0,0.0,0.0,0.0,0.0,639.0,3.25,2.629955639676583,1.5,1.0,Hyatt,4,0.25,False,True,False,False,True,False,False,True,3411.72,0.0,4,4,5,4.35,2227.1740013337776,5,6139.684487957629,False,554.544
1702,519905,1982-09-06,40.0,F,True,False,canada,montreal,YUL,45.468,-73.741,2023-01-09,200,8,13.875,0.25,102.125,1.3333333333333333,40.0,61.0,7.5,0.0,2,2,1.0,0,0.0,2,2,1.0,356.105,361.395204796633,0.0,0.0,0.0,712.21,0,0.0,1.0,0.0,1.0,0.0,Air New Zealand,2,0.5,YUL-HLZ,2,0.5,2042.24786313122,2103.7132032745194,0.0,2,401.0,145.663996924429,0,0.0,0.0,0.0,0.0,802.0,3.5,2.1213203435596424,1.0,0.0,Conrad,1,1.0,False,True,False,False,True,False,False,True,1514.21,0.0,3,2,3,2.75,1976.9554034678226,5,5449.90306854626,False,356.105
1709,519965,1985-09-07,37.0,M,False,True,usa,oakland,OAK,37.721,-122.221,2023-01-09,200,8,18.625,0.375,138.625,1.3333333333333333,40.0,72.0,8.333333333333334,0.0,3,3,1.0,0,0.0,3,3,1.0,447.5466666666667,223.817224612703,0.1,66.897,66.897,1275.743,1,0.3333333333333333,1.0,0.0,0.6666666666666666,0.5773502691896257,United Airlines,2,0.6666666666666666,OAK-IAH,3,0.3333333333333333,2662.8039036795412,1466.2928916952924,0.0,3,331.0,180.75121023108,1,0.3333333333333333,0.1,14.5,14.5,978.5,2.6666666666666665,1.5275252316519468,1.0,0.0,Banyan Tree,3,0.3333333333333333,False,True,False,False,False,False,False,False,2254.243,81.397,3,3,5,3.7,1962.0959134155828,5,5408.93968601842,False,447.5466666666667
1720,520182,1980-05-26,43.0,F,True,True,usa,new york,LGA,40.777,-73.872,2023-01-09,200,8,12.625,0.375,94.5,1.1428571428571428,10.0,10.0,8.0,0.0,3,1,0.3333333333333333,0,0.0,3,3,1.0,457.02666666666664,313.952824216208,0.0,0.0,0.0,1371.08,0,0.0,1.3333333333333333,0.5773502691896257,0.6666666666666666,0.5773502691896257,Ryanair,3,0.3333333333333333,LGA-AUS,3,0.3333333333333333,2325.432024941811,1702.1597491112127,0.0,1,355.0,0.0,0,0.0,0.0,0.0,0.0,355.0,7.0,0.0,1.0,0.0,Wyndham,1,1.0,False,True,False,False,True,False,True,True,1726.08,0.0,5,3,4,4.15,1502.382180726909,4,4141.639837960093,False,342.77
1722,520193,1974-08-17,48.0,F,False,False,usa,el paso,BIF,31.849,-106.38,2023-01-09,200,8,11.375,0.375,84.5,1.1428571428571428,10.0,99.0,7.666666666666667,0.0,3,3,1.0,0,0.0,3,3,1.0,518.6166666666667,19.22882298356645,0.0,0.0,0.0,1555.85,0,0.0,1.0,0.0,1.0,1.0,Allegiant Air,3,0.3333333333333333,BIF-LGA,3,0.3333333333333333,3007.9624648766026,71.14877717929997,0.0,3,166.33333333333334,60.92892033618627,0,0.0,0.0,0.0,0.0,499.0,3.6666666666666665,2.8867513459481287,1.0,0.0,Accor,2,0.6666666666666666,False,True,False,False,True,False,False,True,2054.85,0.0,5,3,4,4.15,1788.543997999333,5,4930.506477702248,True,518.6166666666667
1781,520934,1971-03-16,52.0,F,False,True,usa,newark,EWR,40.692,-74.169,2023-01-10,199,9,18.77777777777778,0.1111111111111111,139.77777777777777,1.5,52.0,132.0,9.0,0.0,1,1,1.0,0,0.0,1,1,1.0,1426.54,0.0,0.2,285.308,285.308,1141.232,1,1.0,2.0,0.0,0.0,0.0,Alaska Airlines,1,1.0,EWR-FAT,1,1.0,3930.5607634331946,0.0,0.0,1,173.0,0.0,0,0.0,0.0,0.0,0.0,173.0,2.0,0.0,2.0,0.0,Marriott,1,1.0,False,True,False,True,False,False,True,True,1314.232,285.308,2,1,3,2.0999999999999996,3431.727506502167,5,9460.295480259261,True,713.27
1797,521152,1979-01-16,44.0,F,True,False,canada,winnipeg,YWG,49.91,-97.234,2023-01-10,199,9,14.333333333333334,0.3333333333333333,107.11111111111111,1.5,47.0,114.0,7.333333333333333,0.0,3,3,1.0,0,0.0,3,3,1.0,614.1,260.181031399293,0.0,0.0,0.0,1842.3,0,0.0,1.6666666666666667,0.5773502691896257,0.0,0.0,Air Canada,3,0.3333333333333333,YWG-BOS,3,0.3333333333333333,2043.4159325112958,160.55336350124705,0.0,3,277.6666666666667,58.19221024616038,0,0.0,0.0,0.0,0.0,833.0,6.0,3.605551275463989,1.6666666666666667,0.5773502691896257,Hyatt,2,0.6666666666666666,False,True,False,False,True,False,False,True,2675.3,0.0,2,3,5,3.3,2328.5844503723465,5,6419.24421724059,True,368.46
1800,521186,1970-10-24,52.0,F,False,False,usa,boston,BOS,42.364,-71.005,2023-01-10,199,8,13.25,0.375,99.5,2.0,90.0,104.0,5.666666666666667,0.0,3,3,1.0,0,0.0,3,3,1.0,608.5733333333334,138.064463687559,0.0,0.0,0.0,1825.72,0,0.0,1.0,0.0,0.6666666666666666,0.5773502691896257,Air Canada,2,0.6666666666666666,BOS-YVR,2,0.6666666666666666,3599.258173385715,753.0214686953624,0.0,3,294.6666666666667,121.74289849241,2,0.6666666666666666,0.075,26.6,53.2,830.8,6.0,1.7320508075688772,1.0,0.0,Banyan Tree,3,0.3333333333333333,False,True,False,False,True,False,False,False,2656.52,53.2,1,3,5,2.9,2312.238314993887,5,6374.182576901271,True,608.5733333333334
1818,521343,1987-05-13,36.0,F,False,False,usa,charlotte,CLT,35.214,-80.943,2023-01-10,199,8,17.125,0.5,128.375,1.3333333333333333,33.0,33.0,7.75,0.0,4,2,0.5,0,0.0,4,4,1.0,155.05,99.08742436185668,0.0,0.0,0.0,620.2,0,0.0,1.25,0.5,0.75,0.9574271077563381,Delta Air Lines,2,0.75,CLT-BNA,4,0.25,701.6589448577728,195.0400114985276,0.0,2,316.5,111.01576464628796,0,0.0,0.0,0.0,0.0,633.0,3.0,0.0,1.0,0.0,Best Western,2,0.5,False,True,False,False,True,False,False,True,1253.2,0.0,3,4,3,3.25,818.0901300433478,2,2255.2415204965537,False,124.04
1826,521474,2006-03-07,17.0,F,False,False,usa,san francisco,SFO,37.619,-122.375,2023-01-10,199,8,8.375,0.125,63.25,1.3333333333333333,33.0,133.0,7.0,0.0,1,1,1.0,0,0.0,1,1,1.0,1382.4,0.0,0.0,0.0,0.0,1382.4,0,0.0,2.0,0.0,2.0,0.0,Allegiant Air,1,1.0,SFO-JFK,1,1.0,4151.773538909842,0.0,0.0,1,72.0,0.0,0,0.0,0.0,0.0,0.0,72.0,2.0,0.0,2.0,0.0,Accor,1,1.0,False,True,False,True,True,False,True,True,1454.4,0.0,3,1,3,2.5,3797.734711570524,5,10469.273116534274,True,691.2
1832,521607,1982-07-08,41.0,F,False,False,usa,bakersfield,BFL,35.433,-119.057,2023-01-10,199,8,16.5,0.375,123.0,1.3333333333333333,53.0,69.0,8.333333333333334,0.0,3,3,1.0,0,0.0,3,3,1.0,502.93666666666667,386.618989876769,0.125,37.71625,75.4325,1433.3775,2,0.6666666666666666,1.0,0.0,0.3333333333333333,0.5773502691896257,American Airlines,3,0.3333333333333333,BFL-CLT,3,0.3333333333333333,2582.5145635400772,1952.9165223628263,0.0,3,122.66666666666667,49.21720566360237,1,0.3333333333333333,0.15,13.2,13.2,354.8,3.3333333333333335,1.5275252316519468,1.0,0.0,Choice Hotels,2,0.6666666666666666,False,True,False,False,False,False,False,False,1788.1775,88.6325,2,3,4,2.95,1556.4319220295654,4,4290.639582953215,False,502.93666666666667
1851,521884,1971-12-22,51.0,F,False,True,usa,jacksonville,LRF,34.918,-92.146,2023-01-10,199,7,13.142857142857142,0.14285714285714285,97.57142857142857,1.4,63.0,196.0,5.0,0.0,1,1,1.0,0,0.0,1,1,1.0,1477.4,0.0,0.0,0.0,0.0,1477.4,0,0.0,3.0,0.0,1.0,0.0,Virgin America,1,1.0,LRF-PDX,1,1.0,2821.0710635963,0.0,0.0,1,224.0,0.0,0,0.0,0.0,0.0,0.0,224.0,2.0,0.0,3.0,0.0,Wyndham,1,1.0,False,True,False,True,True,False,True,True,1701.4,0.0,2,1,4,2.45,4442.702034011338,5,12247.264356759773,True,492.4666666666667
1883,522286,1978-06-25,45.0,F,False,False,canada,edmonton,YXD,53.573,-113.521,2023-01-10,199,8,12.0,0.375,90.0,2.0,89.0,158.0,7.333333333333333,0.0,3,2,0.6666666666666666,0,0.0,3,3,1.0,465.01,80.8815436301756,0.0,0.0,0.0,1395.03,0,0.0,1.0,0.0,1.0,1.0,American Airlines,2,0.6666666666666666,YXD-IND,3,0.3333333333333333,2587.1793960765804,384.3918251746347,0.0,2,133.0,52.32590180780452,0,0.0,0.0,0.0,0.0,266.0,2.5,2.1213203435596424,1.0,0.0,Choice Hotels,2,0.5,False,True,False,False,True,False,False,True,1661.03,0.0,1,3,4,2.55,1445.762579748805,4,3985.555721662294,True,465.01
1888,522375,1973-01-25,50.0,F,False,False,usa,kansas city,MCI,39.297,-94.714,2023-01-10,199,8,9.75,0.375,73.0,1.1428571428571428,7.0,140.0,6.666666666666667,0.0,3,2,0.6666666666666666,0,0.0,3,3,1.0,263.91333333333336,111.279619128272,0.0,0.0,0.0,791.74,0,0.0,1.0,0.0,0.6666666666666666,0.5773502691896257,United Airlines,2,0.6666666666666666,MCI-DEN,3,0.3333333333333333,1395.603001112381,570.9578895501007,0.0,2,368.0,18.384776310850235,1,0.5,0.2,76.2,76.2,659.8,5.0,2.8284271247461903,1.0,0.0,Crowne Plaza,2,0.5,False,True,False,False,True,False,False,False,1451.54,76.2,5,3,3,3.8,1263.4222229632098,3,3482.895283180729,True,263.91333333333336
1916,522748,1980-07-05,43.0,F,True,False,usa,las vegas,LSV,36.236,-115.034,2023-01-10,199,9,14.333333333333334,0.5555555555555556,107.11111111111111,1.2857142857142858,14.0,14.0,8.0,0.0,5,2,0.4,0,0.0,4,4,1.0,563.0975,178.797039008853,0.25,155.0425,155.0425,2097.3475,1,0.25,1.0,0.0,0.75,0.5,American Airlines,3,0.5,LSV-JFK,3,0.5,3093.7637803252333,1005.8066904177633,0.0,3,204.0,143.627991700782,3,1.0,0.11666666666666667,34.8,104.4,507.6,5.666666666666667,4.041451884327381,1.0,0.0,Hyatt,2,0.6666666666666666,False,True,False,False,False,False,False,False,2604.9475,259.4425,5,5,5,5.0,1360.4097280760254,4,3750.262215584869,False,563.0975
1941,523228,1991-04-10,32.0,F,True,False,canada,montreal,YMX,45.68,-74.039,2023-01-11,198,8,14.125,0.5,104.625,1.6,76.0,76.0,5.5,0.0,4,3,0.75,0,0.0,3,3,1.0,435.86,91.42921250891314,0.2,102.756,102.756,1204.824,1,0.3333333333333333,1.0,0.0,0.6666666666666666,0.5773502691896257,Ryanair,2,0.6666666666666666,YMX-FTW,3,0.3333333333333333,2731.7367786826676,264.0993017927792,0.0,4,302.0,307.437798586966,1,0.25,0.05,38.05,38.05,1169.95,3.5,1.7320508075688772,1.0,0.0,Wyndham,3,0.5,False,True,False,False,False,False,False,False,2374.774,140.806,1,4,5,3.15,1550.2546843947982,4,4273.610697889948,False,435.86
1943,523256,1986-09-12,36.0,F,False,False,usa,indianapolis,IND,39.717,-86.294,2023-01-11,198,8,18.5,0.375,138.25,1.3333333333333333,37.0,37.0,7.0,0.0,3,2,0.6666666666666666,0,0.0,2,2,1.0,357.13,233.840212538391,0.0,0.0,0.0,714.26,0,0.0,1.0,0.0,0.0,0.0,Delta Air Lines,1,1.0,IND-LAX,2,0.5,1990.0995762743828,1305.0822304305755,0.0,3,269.3333333333333,120.964182026472,0,0.0,0.0,0.0,0.0,808.0,7.666666666666667,8.32666399786453,1.3333333333333333,0.5773502691896257,Fairmont,3,0.3333333333333333,False,True,False,False,True,False,False,True,1522.26,0.0,3,3,4,3.35,1324.9769989996666,3,3652.584271721549,False,357.13
1952,523395,1991-10-27,31.0,F,False,False,usa,tucson,DMA,32.166,-110.883,2023-01-11,198,8,21.75,0.375,158.5,1.1428571428571428,14.0,40.0,6.0,0.0,3,3,1.0,0,0.0,3,3,1.0,442.26,198.784279307998,0.1,43.465,43.465,1283.315,1,0.3333333333333333,1.0,0.0,1.3333333333333333,0.5773502691896257,Southwest Airlines,3,0.3333333333333333,DMA-DAL,3,0.3333333333333333,2355.8715759148768,1017.7360321880172,0.0,3,300.3333333333333,165.240229161465,0,0.0,0.0,0.0,0.0,901.0,3.3333333333333335,1.5275252316519468,1.0,0.0,Marriott,2,0.6666666666666666,False,True,False,False,False,False,False,True,2184.315,43.465,5,3,4,4.15,1901.2304951650551,5,5241.151060584562,False,442.26
1959,523505,1975-10-16,47.0,F,False,False,usa,chicago,UGN,42.422,-87.868,2023-01-11,198,8,17.25,0.625,128.375,1.3333333333333333,43.0,43.0,7.0,0.0,5,3,0.6,0,0.0,3,3,1.0,379.04333333333335,179.935376547619,0.0,0.0,0.0,1137.13,0,0.0,1.0,0.0,0.3333333333333333,0.5773502691896257,American Airlines,2,0.6666666666666666,UGN-LAX,3,0.3333333333333333,2239.7011928807683,992.6601057763784,0.0,5,230.8,148.381939601826,0,0.0,0.0,0.0,0.0,1154.0,3.4,1.51657508881031,1.2,0.4472135954999579,Banyan Tree,5,0.2,False,True,False,False,True,False,False,True,2291.13,0.0,2,5,5,3.8,1196.5214424808269,3,3298.4688827674872,False,379.04333333333335
1977,523735,1968-11-27,54.0,F,True,True,canada,ottawa,YOW,45.323,-75.669,2023-01-11,198,9,19.0,0.4444444444444444,140.33333333333334,1.5,29.0,124.0,8.25,0.0,4,3,0.75,0,0.0,3,3,1.0,1123.0466666666666,780.858013747271,0.3,139.011,139.011,3230.129,1,0.3333333333333333,2.0,1.0,0.6666666666666666,1.1547005383792515,Delta Air Lines,2,0.6666666666666666,YOW-EFD,3,0.3333333333333333,2820.0758585894487,494.2177669588226,0.0,4,88.5,28.629821282478638,1,0.25,0.2,12.6,12.6,341.4,6.25,5.251983752196243,2.0,0.816496580927726,Conrad,4,0.25,False,True,False,False,False,False,False,False,3571.529,151.611,3,4,5,3.95,2331.4974657385796,5,6427.274571064106,True,561.5233333333333
1978,523746,1999-05-23,24.0,F,False,False,usa,new york,JFK,40.64,-73.779,2023-01-11,198,8,10.0,0.25,75.25,1.3333333333333333,42.0,42.0,8.5,0.0,2,1,0.5,0,0.0,2,2,1.0,724.905,69.40253057345964,0.15,116.097,116.097,1333.713,1,0.5,1.0,0.0,0.5,0.7071067811865476,Delta Air Lines,2,0.5,JFK-LSQ,2,0.5,3791.7429033741782,258.04722070322265,0.0,1,199.0,0.0,0,0.0,0.0,0.0,0.0,199.0,2.0,0.0,1.0,0.0,Marriott,1,1.0,False,True,False,False,False,False,True,True,1532.713,116.097,2,2,4,2.7,2001.1129548182726,5,5516.498558258592,False,724.905
2004,524046,1965-12-19,57.0,F,True,False,usa,austin,AUS,30.194,-97.67,2023-01-11,198,9,15.777777777777779,0.4444444444444444,118.66666666666667,1.2857142857142858,20.0,20.0,96.25,0.0,4,2,0.5,0,0.0,3,3,1.0,641.3833333333333,297.270243605601,0.05,47.9435,47.9435,1876.2065,1,0.3333333333333333,1.6666666666666667,0.5773502691896257,1.0,0.0,American Airlines,2,0.6666666666666666,AUS-CLT,3,0.3333333333333333,2032.9748579685765,394.63567815736997,0.0,3,279.6666666666667,181.632412672775,1,0.3333333333333333,0.05,10.7,10.7,828.3,12.333333333333334,8.386497083606082,1.3333333333333333,0.5773502691896257,Accor,3,0.3333333333333333,False,True,False,False,False,False,False,False,2704.5065,58.6435,4,4,5,4.35,1765.5043682477492,5,4866.992779486764,False,384.83
2031,524407,1975-02-10,48.0,F,False,False,canada,montreal,YMX,45.68,-74.039,2023-01-11,198,8,20.625,0.375,151.75,1.3333333333333333,43.0,79.0,6.333333333333333,0.0,3,3,1.0,0,0.0,3,2,0.6666666666666666,485.23333333333335,386.214492391642,0.0,0.0,0.0,1455.7,0,0.0,1.0,0.0,0.6666666666666666,0.5773502691896257,Delta Air Lines,2,0.6666666666666666,YMX-BOS,3,0.3333333333333333,2625.255166415271,1905.72983979638,0.0,3,123.66666666666667,34.004901607464376,0,0.0,0.0,0.0,0.0,371.0,7.333333333333333,4.932882862316247,1.0,0.0,Conrad,3,0.3333333333333333,False,True,False,False,True,False,False,True,1826.7,0.0,2,3,4,2.95,1589.9619539846615,4,4383.07233268545,False,485.23333333333335
2036,524484,2001-06-13,22.0,F,False,False,canada,hamilton,YHM,43.173,-79.935,2023-01-11,198,8,8.375,0.125,63.125,1.6,57.0,57.0,169.0,0.0,1,0,0.0,0,0.0,1,1,1.0,4293.85,0.0,0.0,0.0,0.0,4293.85,0,0.0,2.0,0.0,1.0,0.0,Shandong Airlines,1,1.0,YHM-XIY,1,1.0,11339.279912160202,0.0,1.0,0,0.0,0.0,0,0.0,0.0,0.0,0.0,0.0,0.0,0.0,0.0,0.0,MISSING,0,0.0,False,True,False,True,True,True,False,True,4293.85,0.0,2,1,5,2.8,11212.117155718573,5,30908.614116770277,False,2146.925
2037,524511,1969-03-15,54.0,F,False,False,usa,los angeles,LAX,33.942,-118.408,2023-01-11,198,9,20.22222222222222,0.3333333333333333,151.55555555555554,1.2857142857142858,14.0,14.0,7.666666666666667,0.0,3,2,0.6666666666666666,0,0.0,2,2,1.0,509.825,215.321085939116,0.0,0.0,0.0,1019.65,0,0.0,1.0,0.0,1.5,2.1213203435596424,American Airlines,2,0.5,LAX-SKF,2,0.5,2739.3640534814103,1099.0838889681586,0.0,3,250.0,200.501870315466,1,0.3333333333333333,0.1,5.0,5.0,745.0,2.3333333333333335,1.5275252316519468,1.3333333333333333,0.5773502691896257,Starwood,2,0.6666666666666666,False,True,False,False,True,False,False,False,1764.65,5.0,5,3,4,4.15,1535.953556741136,4,4234.18656148978,False,509.825
2060,524849,1973-11-15,49.0,F,True,True,canada,edmonton,YEG,53.31,-113.58,2023-01-11,198,8,14.75,0.375,109.375,1.1428571428571428,12.0,33.0,11.0,0.0,3,2,0.6666666666666666,0,0.0,2,2,1.0,529.595,197.261578747611,0.0,0.0,0.0,1059.19,0,0.0,1.0,0.0,0.5,0.7071067811865476,Allegiant Air,2,0.5,YEG-JFK,2,0.5,2743.241029820584,755.1858458909664,0.0,3,142.66666666666666,69.17610377387074,2,0.6666666666666666,0.125,13.7,27.4,400.6,6.666666666666667,4.725815626252609,1.3333333333333333,0.5773502691896257,Extended Stay,2,0.6666666666666666,False,True,False,False,True,False,False,False,1459.79,27.4,5,3,3,3.8,1270.6030332332998,3,3502.69073221158,False,529.595
2064,524895,1983-01-15,40.0,F,False,False,usa,chicago,ORD,41.979,-87.904,2023-01-11,198,10,12.8,0.3,95.2,1.6666666666666667,32.0,32.0,7.0,0.0,3,3,1.0,0,0.0,3,2,0.6666666666666666,136.13,98.83714230996361,0.0,0.0,0.0,408.39,0,0.0,1.0,0.0,0.3333333333333333,0.5773502691896257,American Airlines,3,0.3333333333333333,ORD-FTW,3,0.3333333333333333,929.6360549500032,561.3556679171706,0.0,3,298.6666666666667,279.177959970577,0,0.0,0.0,0.0,0.0,896.0,4.333333333333333,4.932882862316247,1.0,0.0,Accor,2,0.6666666666666666,False,True,False,False,True,False,False,True,1304.39,0.0,3,3,3,3.0,1135.3426797821496,3,3129.8164559213747,False,136.13
2067,524923,1993-09-07,29.0,F,False,False,usa,winston-salem,INT,36.134,-80.222,2023-01-11,198,8,9.625,0.375,72.625,2.0,98.0,98.0,7.0,0.0,3,1,0.3333333333333333,0,0.0,3,3,1.0,694.4133333333333,595.535504930926,0.0,0.0,0.0,2083.24,0,0.0,1.3333333333333333,0.5773502691896257,0.3333333333333333,0.5773502691896257,CAL Cargo Air Lines,3,0.3333333333333333,INT-LGA,3,0.3333333333333333,2720.523555696624,1704.7025969954311,0.0,1,69.0,0.0,0,0.0,0.0,0.0,0.0,69.0,1.0,0.0,2.0,0.0,Hilton,1,1.0,False,True,False,False,True,False,True,True,2152.24,0.0,1,3,4,2.55,1873.3123752361896,5,5164.188754200982,True,520.8100000000001
2077,525081,1967-09-21,55.0,F,True,True,usa,anchorage,ANC,61.174,-149.996,2023-01-12,197,9,12.777777777777779,0.4444444444444444,95.22222222222223,1.5,56.0,131.0,8.75,0.0,4,1,0.25,0,0.0,1,1,1.0,956.27,0.0,0.05,47.8135,47.8135,908.4565,1,1.0,1.0,0.0,0.0,0.0,American Airlines,1,1.0,ANC-YMX,1,1.0,5036.482202249275,0.0,1.0,4,108.75,24.267605293202433,1,0.25,0.1,8.8,8.8,426.2,9.0,6.683312551921141,1.5,0.5773502691896257,Accor,4,0.25,False,True,False,True,False,False,False,False,1334.6565,56.6135,2,4,3,2.8499999999999996,871.2650092947649,2,2401.8295199494164,True,956.27
2084,525201,1973-06-24,50.0,M,False,False,usa,norfolk,ORF,36.894,-76.201,2023-01-12,197,8,18.125,0.75,134.125,1.3333333333333333,56.0,56.0,6.333333333333333,0.0,6,2,0.3333333333333333,0,0.0,3,3,1.0,639.47,595.519499932622,0.0,0.0,0.0,1918.41,0,0.0,1.3333333333333333,0.5773502691896257,1.0,0.0,American Airlines,2,0.6666666666666666,ORF-LUF,3,0.3333333333333333,2330.933804081888,1723.2659664490413,0.0,5,78.4,22.1201265819163,0,0.0,0.0,0.0,0.0,392.0,4.2,1.6431676725154982,1.2,0.4472135954999579,Best Western,5,0.2,False,True,False,False,True,False,False,True,2310.41,0.0,2,5,5,3.8,1005.4918700678004,2,2771.8547512344094,False,479.6025
2088,525244,1992-01-24,31.0,M,False,False,usa,new york,JFK,40.64,-73.779,2023-01-12,197,9,27.555555555555557,0.2222222222222222,206.44444444444446,1.2857142857142858,20.0,149.0,6.0,0.0,2,1,0.5,0,0.0,1,1,1.0,398.97,0.0,0.0,0.0,0.0,398.97,0,0.0,1.0,0.0,0.0,0.0,United Airlines,1,1.0,JFK-FTW,1,1.0,2265.463532355596,0.0,0.0,2,425.0,511.94530957906,1,0.5,0.1,78.7,78.7,771.3,3.0,0.0,1.0,0.0,Crowne Plaza,2,0.5,False,True,False,True,True,False,False,False,1170.27,78.7,4,2,3,3.15,1527.9066972324108,4,4212.00366133339,True,398.97
2104,525529,1974-03-15,49.0,F,False,False,canada,montreal,YMX,45.68,-74.039,2023-01-12,197,8,15.25,0.375,114.25,1.1428571428571428,17.0,84.0,6.666666666666667,0.0,3,3,1.0,0,0.0,3,3,1.0,323.0833333333333,371.976156807575,0.0,0.0,0.0,969.25,0,0.0,1.0,0.0,0.6666666666666666,0.5773502691896257,Delta Air Lines,3,0.3333333333333333,YMX-LGA,2,0.6666666666666666,1690.796435641362,1957.1798085098255,0.0,3,442.0,403.85517206048,0,0.0,0.0,0.0,0.0,1326.0,4.333333333333333,4.163331998932265,1.0,0.0,Extended Stay,2,0.6666666666666666,False,True,False,False,True,False,False,True,2295.25,0.0,4,3,5,4.1,1997.7884572635323,5,5507.333865219402,False,323.0833333333333
2107,525591,1979-03-23,44.0,F,False,False,usa,new york,JFK,40.64,-73.779,2023-01-12,197,8,14.875,0.5,110.875,1.3333333333333333,46.0,46.0,5.5,0.0,4,1,0.25,0,0.0,2,2,1.0,468.89,349.777440381738,0.0,0.0,0.0,937.78,0,0.0,1.0,0.0,0.5,0.7071067811865476,United Airlines,1,1.0,JFK-LSQ,2,0.5,2654.353060858021,1866.5593616949704,0.0,3,120.33333333333333,64.50064599159712,0,0.0,0.0,0.0,0.0,361.0,16.0,20.808652046684813,1.0,0.0,Accor,3,0.3333333333333333,False,True,False,False,True,False,False,True,1298.78,0.0,2,4,3,2.8499999999999996,847.8447965988662,2,2337.2666629352966,False,468.89
2114,525684,1972-08-03,50.0,F,True,True,usa,miami,TNT,25.862,-80.897,2023-01-12,197,8,14.5,0.5,109.5,1.6,77.0,77.0,10.75,0.0,4,2,0.5,0,0.0,3,3,1.0,769.8233333333334,145.421041233149,0.1,73.102,73.102,2236.368,1,0.3333333333333333,2.0,1.0,0.3333333333333333,0.5773502691896257,Air Canada,3,0.3333333333333333,TNT-JFK,3,0.3333333333333333,2459.1477301142427,1304.3611628483527,0.0,3,308.3333333333333,111.970234139852,1,0.3333333333333333,0.1,43.7,43.7,881.3,3.6666666666666665,0.5773502691896257,1.3333333333333333,0.5773502691896257,Aman Resorts,2,0.6666666666666666,False,True,False,False,False,False,False,False,3117.668,116.802,1,4,5,3.15,2035.2165811937314,5,5610.51254446493,False,384.9116666666667
2123,525824,1985-02-15,38.0,F,True,False,usa,detroit,YIP,42.238,-83.53,2023-01-12,197,9,13.333333333333334,0.2222222222222222,100.11111111111111,1.8,85.0,124.0,6.5,0.0,2,1,0.5,0,0.0,2,2,1.0,690.84,511.266487069121,0.2,65.864,65.864,1315.816,1,0.5,1.5,0.7071067811865476,1.0,0.0,Delta Air Lines,2,0.5,YIP-DEN,2,0.5,2290.561012130231,711.5228289429471,0.0,1,269.0,0.0,0,0.0,0.0,0.0,0.0,269.0,9.0,0.0,2.0,0.0,Conrad,1,1.0,False,True,False,False,False,False,True,True,1584.816,65.864,1,2,4,2.3,2069.1387289096365,5,5704.0262456866685,True,460.56
2165,526471,1982-01-21,41.0,M,False,False,usa,washington,IAD,38.944,-77.456,2023-01-12,197,8,17.375,0.75,129.0,1.1428571428571428,18.0,50.0,6.666666666666667,0.0,6,4,0.6666666666666666,0,0.0,6,6,1.0,323.60333333333335,285.180693362413,0.15,29.205,29.205,1912.415,1,0.16666666666666666,1.1666666666666667,0.408248290463863,0.6666666666666666,0.5163977794943223,Southwest Airlines,3,0.6666666666666666,IAD-IND,6,0.16666666666666666,1687.3909985657176,1564.2740453582003,0.0,4,214.25,126.923533410213,1,0.25,0.15,37.5,37.5,819.5,4.5,1.2909944487358056,1.25,0.5,Accor,3,0.5,False,True,False,False,False,False,False,False,2731.915,66.705,4,5,5,4.6,1188.9311084250305,3,3277.5444932797864,False,277.3742857142857
2167,526492,1979-06-22,44.0,F,True,False,usa,dallas,DAL,32.847,-96.852,2023-01-12,197,9,13.666666666666666,0.5555555555555556,102.33333333333333,1.2857142857142858,9.0,9.0,7.4,0.0,5,2,0.4,0,0.0,3,3,1.0,373.75666666666666,66.800302644025,0.1,44.303,44.303,1076.967,1,0.3333333333333333,1.0,0.0,0.3333333333333333,0.5773502691896257,Delta Air Lines,2,0.6666666666666666,DAL-FAT,3,0.3333333333333333,2151.390113283182,450.87415342777314,0.0,4,233.25,261.563727097878,1,0.25,0.15,16.8,16.8,916.2,8.75,6.994045086119096,1.25,0.5,Choice Hotels,4,0.25,False,True,False,False,False,False,False,False,1993.167,61.103,5,5,4,4.65,1040.9130228076026,2,2869.500782434443,False,373.75666666666666
2175,526683,1982-07-07,41.0,F,True,False,usa,kansas city,MCI,39.297,-94.714,2023-01-12,197,8,11.25,0.375,83.625,2.0,110.0,134.0,8.666666666666666,0.0,3,2,0.6666666666666666,0,0.0,3,3,1.0,284.96666666666664,92.13354564616155,0.0,0.0,0.0,854.9,0,0.0,1.0,0.0,0.6666666666666666,0.5773502691896257,Delta Air Lines,2,0.6666666666666666,MCI-AUS,3,0.3333333333333333,1591.1772198943781,573.0726962379425,0.0,2,234.5,64.34671708797582,0,0.0,0.0,0.0,0.0,469.0,7.5,2.1213203435596424,1.0,0.0,Shangri-La,2,0.5,False,True,False,False,True,False,False,True,1323.9,0.0,1,3,3,2.1999999999999997,1152.3242080693565,3,3176.629693568877,True,284.96666666666664
2208,527130,1959-09-11,63.0,F,True,False,usa,los angeles,LAX,33.942,-118.408,2023-01-12,197,8,17.75,0.25,131.5,1.3333333333333333,36.0,147.0,6.5,0.0,2,1,0.5,0,0.0,1,1,1.0,679.22,0.0,0.0,0.0,0.0,679.22,0,0.0,1.0,0.0,0.0,0.0,American Airlines,1,1.0,LAX-YZD,1,1.0,3516.5337244636776,0.0,0.0,2,331.0,261.629509039023,1,0.5,0.1,51.6,51.6,610.4,18.5,4.949747468305833,1.0,0.0,Best Western,2,0.5,False,True,False,True,True,False,False,False,1289.62,51.6,3,2,3,2.75,1683.7302800933642,4,4641.564905302849,True,679.22
2211,527141,1983-02-18,40.0,F,False,False,usa,nashville,BNA,36.124,-86.678,2023-01-12,197,8,15.75,0.625,116.75,1.1428571428571428,17.0,17.0,7.4,0.0,5,2,0.4,0,0.0,4,4,1.0,218.04,106.585606595512,0.0,0.0,0.0,872.16,0,0.0,1.25,0.5,0.25,0.5,Allegiant Air,3,0.5,BNA-JFK,3,0.5,1012.063993877485,324.31085267912226,0.0,3,359.3333333333333,334.715301910942,0,0.0,0.0,0.0,0.0,1078.0,2.0,0.0,1.3333333333333333,0.5773502691896257,Choice Hotels,2,0.6666666666666666,False,True,False,False,True,False,False,True,1950.16,0.0,4,5,4,4.25,1018.4530150050017,2,2807.5849368730032,False,174.432
2241,527490,1982-03-20,41.0,F,False,True,usa,new york,LGA,40.777,-73.872,2023-01-13,196,8,13.375,0.375,101.375,1.1428571428571428,8.0,8.0,6.666666666666667,0.0,3,3,1.0,0,0.0,3,3,1.0,538.4766666666667,168.621862856906,0.2,83.676,83.676,1531.754,1,0.3333333333333333,1.0,0.0,0.6666666666666666,0.5773502691896257,Southwest Airlines,2,0.6666666666666666,LGA-AUS,3,0.3333333333333333,2899.4190757249803,926.3898135215596,0.0,3,159.66666666666666,99.41998457721331,0,0.0,0.0,0.0,0.0,479.0,3.6666666666666665,1.1547005383792515,1.0,0.0,Extended Stay,2,0.6666666666666666,False,True,False,False,False,False,False,True,2010.754,83.676,5,3,4,4.15,1750.1627847060129,5,4824.700402494443,False,538.4766666666667
2270,527995,1972-05-27,51.0,F,True,True,usa,nashville,BNA,36.124,-86.678,2023-01-13,196,8,20.625,0.375,152.75,1.6,68.0,124.0,6.333333333333333,0.0,3,1,0.3333333333333333,0,0.0,2,2,1.0,477.745,201.645640790968,0.0,0.0,0.0,955.49,0,0.0,1.0,0.0,1.0,0.0,United Airlines,1,1.0,BNA-DEN,2,0.5,2452.4922815965715,1167.351726975094,0.0,2,138.0,35.35533905932738,1,0.5,0.1,16.3,16.3,259.7,3.0,1.414213562373095,1.0,0.0,Banyan Tree,2,0.5,False,True,False,False,True,False,False,False,1215.19,16.3,1,3,3,2.1999999999999997,1057.7028887406914,2,2915.7856615514493,True,477.745
2273,528046,1988-07-12,35.0,F,False,False,usa,long beach,LGB,33.818,-118.151,2023-01-13,196,8,9.375,0.25,69.625,1.1428571428571428,21.0,80.0,5.0,0.0,2,1,0.5,0,0.0,2,2,1.0,818.49,170.95013541966,0.35,328.7795,328.7795,1308.2005,1,0.5,1.5,0.7071067811865476,0.0,0.0,Air Canada,2,0.5,LGB-YAV,2,0.5,2999.055340028719,712.5764315966745,0.0,1,149.0,0.0,0,0.0,0.0,0.0,0.0,149.0,5.0,0.0,1.0,0.0,Four Seasons,1,1.0,False,True,False,False,False,False,True,True,1457.2005,328.7795,4,2,3,3.15,1902.5236938146047,5,5244.71604099639,False,545.66
2296,528411,1979-11-19,43.0,F,True,False,usa,milwaukee,MKE,42.947,-87.896,2023-01-13,196,8,14.25,0.5,107.5,2.0,109.0,125.0,8.25,0.0,4,3,0.75,0,0.0,4,4,1.0,165.0875,47.44608123965561,0.2,25.296,25.296,635.054,1,0.25,1.0,0.0,1.0,0.0,United Airlines,2,0.75,MKE-BNA,4,0.25,960.5677642305952,266.811513516381,0.0,3,304.3333333333333,194.168311867136,0,0.0,0.0,0.0,0.0,913.0,1.6666666666666667,1.1547005383792515,1.0,0.0,Marriott,3,0.3333333333333333,False,True,False,False,False,False,False,True,1548.054,25.296,1,4,4,2.8,1010.5710965321774,2,2785.856732182231,True,165.0875
2300,528455,1976-12-24,46.0,F,True,True,usa,fresno,FAT,36.776,-119.718,2023-01-13,196,9,12.222222222222221,0.3333333333333333,91.22222222222223,1.2857142857142858,14.0,14.0,8.333333333333334,0.0,3,3,1.0,0,0.0,3,3,1.0,592.3933333333333,40.98239906756721,0.2,127.666,127.666,1649.514,1,0.3333333333333333,1.0,0.0,0.6666666666666666,0.5773502691896257,Allegiant Air,3,0.3333333333333333,FAT-CLT,3,0.3333333333333333,3383.148624524176,152.80337894384868,0.0,3,206.33333333333334,134.930846485647,1,0.3333333333333333,0.1,16.9,16.9,602.1,7.333333333333333,4.932882862316247,1.0,0.0,NH Hotel,2,0.6666666666666666,False,True,False,False,False,False,False,False,2251.614,144.566,5,3,5,4.5,1959.8076285428476,5,5402.631536260589,False,592.3933333333333
2306,528542,1967-10-26,55.0,F,False,False,usa,philadelphia,PNE,40.082,-75.011,2023-01-13,196,8,13.375,0.375,98.875,2.0,89.0,110.0,7.333333333333333,0.0,3,3,1.0,0,0.0,3,3,1.0,311.8933333333333,204.458612030243,0.0,0.0,0.0,935.68,0,0.0,1.6666666666666667,1.1547005383792515,1.0,0.0,United Airlines,2,0.6666666666666666,PNE-EFD,3,0.3333333333333333,1269.3121456186875,823.0322004324341,0.0,3,245.66666666666666,42.19399641339196,0,0.0,0.0,0.0,0.0,737.0,4.333333333333333,3.511884584284246,1.6666666666666667,1.1547005383792515,Fairmont,3,0.3333333333333333,False,True,False,False,True,False,False,True,1672.68,0.0,1,3,4,2.55,1455.9027542514173,4,4013.5092951422234,True,187.136
2327,528842,1956-12-06,66.0,M,False,False,usa,honolulu,HNL,21.316,-157.927,2023-01-13,196,8,13.25,0.25,98.75,2.6666666666666665,127.0,127.0,8.5,0.0,2,1,0.5,0,0.0,2,2,1.0,1232.72,267.328789695386,0.2,208.738,208.738,2256.702,1,0.5,1.0,0.0,0.0,0.0,AirTran Airways,2,0.5,HNL-DAL,2,0.5,7053.204142496661,1349.2582133069093,1.0,1,167.0,0.0,1,1.0,0.2,33.4,33.4,133.6,1.0,0.0,1.0,0.0,Conrad,1,1.0,False,True,False,False,False,False,True,False,2390.302,242.138,1,2,5,2.65,3120.782754584862,5,8603.109347152815,True,1232.72
2331,528929,1976-02-02,47.0,F,False,True,usa,st. petersburg,PIE,27.911,-82.687,2023-01-13,196,8,15.75,0.25,118.375,1.3333333333333333,28.0,179.0,8.0,0.0,2,1,0.5,0,0.0,2,2,1.0,536.355,28.77217492648062,0.1,55.67,55.67,1017.04,1,0.5,1.0,0.0,0.5,0.7071067811865476,Delta Air Lines,2,0.5,PIE-DMA,2,0.5,2821.531546764547,105.45345618421136,0.0,1,861.0,0.0,0,0.0,0.0,0.0,0.0,861.0,3.0,0.0,1.0,0.0,Fairmont,1,1.0,False,True,False,False,False,False,True,True,1878.04,55.67,3,2,4,3.1,2451.9725308436145,5,6759.390017799789,True,536.355
2339,528999,1979-07-28,44.0,F,True,False,canada,calgary,YYC,51.114,-114.02,2023-01-13,196,8,15.875,0.375,119.75,1.3333333333333333,49.0,142.0,7.666666666666667,0.0,3,2,0.6666666666666666,0,0.0,3,3,1.0,482.15,39.00111152262202,0.15,76.461,76.461,1369.989,1,0.3333333333333333,1.0,0.0,0.6666666666666666,0.5773502691896257,JetBlue Airways,3,0.3333333333333333,YYC-ORD,3,0.3333333333333333,2656.4756958106113,390.8509529356806,0.0,2,247.5,37.476659402887016,0,0.0,0.0,0.0,0.0,495.0,4.0,4.242640687119285,1.0,0.0,Radisson,1,1.0,False,True,False,False,False,False,False,True,1864.989,76.461,2,3,4,2.95,1623.288747249083,4,4474.944811223903,True,482.15
2349,529229,1995-11-15,27.0,F,False,False,usa,tucson,DMA,32.166,-110.883,2023-01-14,195,9,10.0,0.2222222222222222,75.11111111111111,1.5,33.0,33.0,8.0,0.0,2,2,1.0,0,0.0,2,2,1.0,701.26,431.77354272813,0.0,0.0,0.0,1402.52,0,0.0,1.5,0.7071067811865476,0.0,0.0,Allegiant Air,1,1.0,DMA-BNA,2,0.5,2844.1163345152954,819.8987797939793,0.0,2,225.5,91.21677477306463,0,0.0,0.0,0.0,0.0,451.0,5.5,3.5355339059327378,1.5,0.7071067811865476,Crowne Plaza,2,0.5,False,True,False,False,True,False,False,True,1853.52,0.0,3,2,4,3.1,2419.959173057686,5,6671.138306847705,False,467.50666666666666
2365,529488,1979-02-17,44.0,F,True,False,usa,sacramento,SMF,38.695,-121.591,2023-01-14,195,9,9.222222222222221,0.2222222222222222,69.44444444444444,1.5,29.0,29.0,159.0,0.0,2,1,0.5,0,0.0,2,2,1.0,2096.625,1593.783329455419,0.15,145.4475,145.4475,4047.8025,1,0.5,2.0,0.0,0.5,0.7071067811865476,Azerbaijan Airlines,2,0.5,SMF-UGN,2,0.5,6194.795132090857,4696.296684046245,0.5,1,45.0,0.0,0,0.0,0.0,0.0,0.0,45.0,3.0,0.0,2.0,0.0,Marriott,1,1.0,False,True,False,False,False,False,True,True,4092.8025,145.4475,3,2,5,3.45,5343.570586445481,5,14730.702414925145,False,1048.3125
2370,529520,2002-09-18,20.0,M,False,True,usa,stockton,SCK,37.894,-121.239,2023-01-14,195,8,11.5,0.125,86.25,1.1428571428571428,18.0,18.0,10.0,0.0,1,1,1.0,0,0.0,1,1,1.0,1451.12,0.0,0.15,217.668,217.668,1233.452,1,1.0,2.0,0.0,0.0,0.0,Delta Air Lines,1,1.0,SCK-LGA,1,1.0,4047.460001884421,0.0,0.0,1,159.0,0.0,0,0.0,0.0,0.0,0.0,159.0,2.0,0.0,2.0,0.0,Best Western,1,1.0,False,True,False,True,False,False,True,True,1392.452,217.668,4,1,3,2.9,3635.9758626208736,5,10023.350034147677,False,725.56
2378,529734,1985-04-06,38.0,F,True,False,usa,philadelphia,PNE,40.082,-75.011,2023-01-14,195,8,15.5,0.625,115.375,1.3333333333333333,52.0,52.0,8.4,0.0,5,4,0.8,0,0.0,4,4,1.0,618.32,553.824541348612,0.1,7.372,7.372,2465.908,1,0.25,1.25,0.5,1.0,0.816496580927726,American Airlines,2,0.75,PNE-BOS,4,0.25,2507.689914769033,1596.8205483319537,0.0,5,169.6,71.9569315632622,1,0.2,0.05,9.0,9.0,839.0,3.2,1.3038404810405297,1.4,0.5477225575051661,Accor,5,0.2,False,True,False,False,False,False,False,False,3304.908,16.372,2,5,5,3.8,1725.957622407469,5,4757.973662956415,False,494.65600000000006
2412,530371,1992-07-20,31.0,F,True,True,usa,new york,LGA,40.777,-73.872,2023-01-14,195,8,17.375,0.375,129.875,1.6,78.0,78.0,5.333333333333333,0.0,3,1,0.3333333333333333,0,0.0,1,1,1.0,668.52,0.0,0.0,0.0,0.0,668.52,0,0.0,1.0,0.0,0.0,0.0,Southwest Airlines,1,1.0,LGA-TUS,1,1.0,3417.157045255459,0.0,0.0,3,170.33333333333334,24.826061575153908,0,0.0,0.0,0.0,0.0,511.0,2.3333333333333335,1.5275252316519468,1.3333333333333333,0.5773502691896257,Aman Resorts,3,0.3333333333333333,False,True,False,True,True,False,False,True,1179.52,0.0,1,3,3,2.1999999999999997,1026.6556763365566,2,2830.197338287153,False,668.52
2417,530421,1977-07-26,46.0,M,True,False,usa,detroit,DET,42.409,-83.01,2023-01-14,195,8,14.875,0.375,111.5,1.3333333333333333,49.0,49.0,9.333333333333334,0.0,3,3,1.0,0,0.0,3,2,0.6666666666666666,367.07666666666665,250.656915391005,0.0,0.0,0.0,1101.23,0,0.0,1.0,0.0,0.0,0.0,Delta Air Lines,2,0.6666666666666666,DET-BOS,3,0.3333333333333333,2510.416281188493,1322.5002379312743,0.0,3,219.33333333333334,100.71908127725021,0,0.0,0.0,0.0,0.0,658.0,5.333333333333333,2.516611478423583,1.0,0.0,Choice Hotels,3,0.3333333333333333,False,True,False,False,True,False,False,True,1759.23,0.0,2,3,4,2.95,1531.235981993998,4,4221.181551338602,False,367.07666666666665
2452,530801,1980-01-23,43.0,M,False,True,canada,toronto,YKZ,43.862,-79.37,2023-01-14,195,8,13.875,0.375,104.5,1.6,76.0,76.0,9.333333333333334,0.0,3,2,0.6666666666666666,0,0.0,2,2,1.0,652.235,44.58308255381182,0.0,0.0,0.0,1304.47,0,0.0,1.0,0.0,1.0,0.0,United Airlines,2,0.5,YKZ-LAX,2,0.5,3516.5337244636776,0.0,0.0,3,243.0,43.266615305567875,1,0.3333333333333333,0.25,57.75,57.75,671.25,2.6666666666666665,1.5275252316519468,1.0,0.0,Starwood,2,0.6666666666666666,False,True,False,False,True,False,False,False,1975.72,57.75,1,3,4,2.55,1719.669147493609,4,4740.638128391798,False,652.235
2454,530811,2006-02-15,17.0,F,False,True,canada,toronto,YTZ,43.627,-79.396,2023-01-14,195,8,16.25,0.375,120.375,1.1428571428571428,15.0,15.0,87.66666666666667,0.0,3,0,0.0,0,0.0,1,1,1.0,2264.16,0.0,0.0,0.0,0.0,2264.16,0,0.0,2.0,0.0,1.0,0.0,Brussels Airlines,1,1.0,YTZ-BRU,1,1.0,6034.244033331648,0.0,1.0,2,126.5,79.90306627407988,0,0.0,0.0,0.0,0.0,253.0,4.5,0.7071067811865476,1.0,0.0,Accor,2,0.5,False,True,False,True,True,False,False,True,2517.16,0.0,5,3,5,4.5,2190.939197510281,5,6039.795452423773,False,1132.08
2464,531009,1972-06-22,51.0,M,True,False,usa,san jose,SJC,37.362,-121.929,2023-01-14,195,7,22.857142857142858,0.5714285714285714,171.71428571428572,1.4,66.0,95.0,6.0,0.0,4,3,0.75,0,0.0,3,3,1.0,921.1566666666666,341.938603017169,0.0,0.0,0.0,2763.47,0,0.0,1.3333333333333333,0.5773502691896257,0.3333333333333333,0.5773502691896257,JetBlue Airways,2,0.6666666666666666,SJC-CLT,3,0.3333333333333333,3846.164746513989,247.35086165320544,0.0,4,136.0,137.025545063685,0,0.0,0.0,0.0,0.0,544.0,7.5,5.322906474223771,1.25,0.5,Aman Resorts,4,0.25,False,True,False,False,True,False,False,True,3307.47,0.0,1,4,5,3.15,2159.1195040013336,5,5952.077618733431,True,690.8675000000001
2467,531027,1978-07-10,45.0,F,True,True,usa,new york,LGA,40.777,-73.872,2023-01-15,194,8,11.75,0.25,87.625,1.3333333333333333,44.0,44.0,7.5,0.0,2,1,0.5,0,0.0,2,2,1.0,763.06,44.180031688535486,0.0,0.0,0.0,1526.12,0,0.0,1.0,0.0,1.0,0.0,Avianca - Aerovias Nacionales de Colombia,2,0.5,LGA-LSQ,2,0.5,4039.808008664537,105.23069470148285,0.0,1,119.0,0.0,0,0.0,0.0,0.0,0.0,119.0,4.0,0.0,1.0,0.0,Fairmont,1,1.0,False,True,False,False,True,False,True,True,1645.12,0.0,2,2,4,2.7,2147.871743914638,5,5921.070747206017,False,763.06
2468,531031,1944-12-19,78.0,F,True,False,usa,san francisco,SFO,37.619,-122.375,2023-01-15,194,8,17.375,0.25,129.625,1.3333333333333333,37.0,37.0,142.0,0.0,2,1,0.5,0,0.0,1,1,1.0,3403.64,0.0,0.0,0.0,0.0,3403.64,0,0.0,2.0,0.0,1.0,0.0,Dragonair,1,1.0,SFO-FUK,1,1.0,9094.506053699237,0.0,1.0,2,174.0,172.534054609518,0,0.0,0.0,0.0,0.0,348.0,6.0,2.8284271247461903,1.5,0.7071067811865476,InterContinental,2,0.5,False,True,False,True,True,False,False,True,3751.64,0.0,3,2,5,3.45,4898.148189396466,5,13502.799709472856,False,1701.82
2469,531054,1983-08-08,39.0,F,False,False,usa,tampa,TPA,27.975,-82.533,2023-01-15,194,8,18.375,0.5,135.375,1.6,75.0,75.0,8.25,0.0,4,3,0.75,0,0.0,4,3,0.75,402.755,305.606361790239,0.2,91.98,91.98,1519.04,1,0.25,1.25,0.5,0.25,0.5,Air Canada,4,0.25,TPA-CLT,4,0.25,1848.2651247788363,866.8492425759614,0.0,3,293.6666666666667,81.561837481345,1,0.3333333333333333,0.15,56.55,56.55,824.45,3.3333333333333335,1.5275252316519468,1.0,0.0,Wyndham,2,0.6666666666666666,False,True,False,False,False,False,False,False,2343.49,148.53,1,4,5,3.15,1529.8324599866621,4,4217.312440846208,False,322.204
2481,531322,1986-08-15,36.0,F,False,True,canada,hamilton,YHM,43.173,-79.935,2023-01-15,194,9,24.666666666666668,0.4444444444444444,182.33333333333334,1.2857142857142858,13.0,82.0,8.5,0.0,4,3,0.75,0,0.0,3,3,1.0,365.38666666666666,220.921584353665,0.1,48.697,48.697,1047.463,1,0.3333333333333333,1.0,0.0,0.3333333333333333,0.5773502691896257,Delta Air Lines,2,0.6666666666666666,YHM-LGA,3,0.3333333333333333,1995.7216379687645,1224.4073340556538,0.0,4,211.5,60.31307210436778,1,0.25,0.05,13.9,13.9,832.1,2.5,0.5773502691896257,1.25,0.5,Conrad,4,0.25,False,True,False,False,False,False,False,False,1879.563,62.597,5,4,4,4.4,1226.980481243748,3,3382.43577879753,False,365.38666666666666
2484,531361,1992-05-04,31.0,F,False,True,usa,montgomery,MXF,32.379,-86.362,2023-01-15,194,8,11.375,0.25,84.75,1.3333333333333333,41.0,41.0,130.0,0.0,2,1,0.5,0,0.0,2,2,1.0,1810.925,2262.762913000388,0.0,0.0,0.0,3621.85,0,0.0,1.5,0.7071067811865476,0.5,0.7071067811865476,Southwest Airlines,2,0.5,MXF-BWI,2,0.5,5326.346829135555,5899.855299211559,0.5,1,174.0,0.0,0,0.0,0.0,0.0,0.0,174.0,4.0,0.0,1.0,0.0,Extended Stay,1,1.0,False,True,False,False,True,False,True,True,3795.85,0.0,2,2,5,3.05,4955.868847949316,5,13661.919127955382,False,1207.2833333333333
2539,532106,1979-07-03,44.0,F,True,True,usa,new york,LGA,40.777,-73.872,2023-01-15,194,8,17.5,0.5,130.25,1.1428571428571428,13.0,13.0,7.0,0.0,4,3,0.75,0,0.0,3,3,1.0,653.21,88.79481234847,0.0,0.0,0.0,1959.63,0,0.0,1.0,0.0,0.6666666666666666,0.5773502691896257,American Airlines,2,0.6666666666666666,LGA-SFO,3,0.3333333333333333,3772.469749080506,457.3236838280615,0.0,4,155.0,51.749396131742444,0,0.0,0.0,0.0,0.0,620.0,2.75,2.8722813232690143,1.0,0.0,Aman Resorts,4,0.25,False,True,False,False,True,False,False,True,2579.63,0.0,5,4,5,4.75,1683.9848724574858,4,4642.2667439503075,False,653.21
2558,532426,1995-02-17,28.0,F,False,False,usa,salt lake city,SLC,40.788,-111.978,2023-01-15,194,10,11.7,0.1,86.5,1.4285714285714286,15.0,15.0,225.0,0.0,1,1,1.0,0,0.0,1,1,1.0,1610.23,0.0,0.0,0.0,0.0,1610.23,0,0.0,1.0,0.0,0.0,0.0,Tunisair,1,1.0,SLC-VCE,1,1.0,8940.360915348898,0.0,1.0,1,601.0,0.0,0,0.0,0.0,0.0,0.0,601.0,15.0,0.0,1.0,0.0,Hyatt,1,1.0,False,True,False,True,True,False,True,True,2211.23,0.0,5,1,5,4.0,5773.972034011337,5,15917.19664017745,False,1610.23
2571,532650,1984-07-20,39.0,F,False,False,usa,portland,PWM,43.646,-70.309,2023-01-15,194,7,13.428571428571429,0.5714285714285714,100.71428571428571,1.4,74.0,74.0,5.5,0.0,4,2,0.5,0,0.0,3,3,1.0,255.49,306.343949997384,0.0,0.0,0.0,766.47,0,0.0,1.0,0.0,0.3333333333333333,0.5773502691896257,Delta Air Lines,2,0.6666666666666666,PWM-JFK,3,0.3333333333333333,1553.5308329375066,1928.8922820531418,0.0,3,259.3333333333333,103.39406817285668,0,0.0,0.0,0.0,0.0,778.0,5.666666666666667,5.507570547286102,1.0,0.0,Accor,3,0.3333333333333333,False,True,False,False,True,False,False,True,1544.47,0.0,1,4,4,2.8,1008.2314579859953,2,2779.407014970725,False,255.49
2583,532750,1992-12-15,30.0,F,False,False,canada,london,YXU,43.036,-81.154,2023-01-15,194,8,11.375,0.25,83.875,2.0,94.0,94.0,102.5,0.0,2,1,0.5,0,0.0,2,2,1.0,521.96,597.802214950731,0.15,14.8875,14.8875,1029.0325,1,0.5,1.5,0.7071067811865476,0.5,0.7071067811865476,Air Canada,2,0.5,YXU-LGA,2,0.5,1643.050229176587,1381.4390463388536,0.0,1,366.0,0.0,0,0.0,0.0,0.0,0.0,366.0,3.0,0.0,1.0,0.0,Radisson,1,1.0,False,True,False,False,False,False,True,True,1395.0325,14.8875,1,2,3,1.9499999999999997,1821.3570369289764,5,5020.962681841859,True,347.97333333333336
2612,533327,1964-12-11,58.0,F,True,True,usa,winston-salem,INT,36.134,-80.222,2023-01-16,193,8,15.125,0.5,111.5,1.3333333333333333,34.0,60.0,8.0,0.0,4,1,0.25,0,0.0,1,1,1.0,621.36,0.0,0.1,62.136,62.136,559.224,1,1.0,1.0,0.0,1.0,0.0,American Airlines,1,1.0,INT-NZY,1,1.0,3394.359424588868,0.0,0.0,4,268.5,258.524660332433,0,0.0,0.0,0.0,0.0,1074.0,6.75,3.304037933599835,1.0,0.0,Conrad,4,0.25,False,True,False,True,False,False,False,True,1633.224,62.136,3,4,4,3.6,1066.1701520506836,3,2939.1274952692816,False,621.36
2626,533518,1972-09-04,50.0,F,True,False,usa,los angeles,LAX,33.942,-118.408,2023-01-16,193,8,13.0,0.375,96.625,2.0,114.0,130.0,6.666666666666667,0.0,3,3,1.0,0,0.0,3,3,1.0,988.4066666666666,781.859550452211,0.0,0.0,0.0,2965.22,0,0.0,1.6666666666666667,1.1547005383792515,0.3333333333333333,0.5773502691896257,American Airlines,2,0.6666666666666666,LAX-UGN,3,0.3333333333333333,3281.553166301328,406.9982655280835,0.0,3,224.0,43.965895873961216,1,0.3333333333333333,0.15,26.25,26.25,645.75,4.666666666666667,1.5275252316519468,1.6666666666666667,1.1547005383792515,Banyan Tree,3,0.3333333333333333,False,True,False,False,True,False,False,False,3610.97,26.25,1,3,5,2.9,3142.9927831499385,5,8664.336071143143,True,593.044
2663,534295,1975-08-24,47.0,F,False,False,usa,new york,JFK,40.64,-73.779,2023-01-16,193,9,12.444444444444445,0.3333333333333333,93.55555555555556,1.2857142857142858,17.0,17.0,10.0,0.0,3,3,1.0,0,0.0,3,3,1.0,1369.0166666666667,1609.060520220832,0.1,69.405,69.405,4037.645,1,0.3333333333333333,2.0,1.7320508075688772,0.6666666666666666,0.5773502691896257,American Airlines,3,0.3333333333333333,JFK-NZY,3,0.3333333333333333,3014.9968866226336,1593.9874708526002,0.0,3,83.66666666666667,27.024680078279065,0,0.0,0.0,0.0,0.0,251.0,6.0,3.0,2.0,1.7320508075688772,Aman Resorts,2,0.6666666666666666,False,True,False,False,False,False,False,True,4288.645,69.405,4,3,5,4.1,3732.841946760031,5,10290.382243504568,False,684.5083333333333
2716,535266,1978-09-15,44.0,F,True,True,canada,edmonton,YED,53.667,-113.467,2023-01-17,192,9,11.0,0.2222222222222222,81.33333333333333,1.5,42.0,42.0,159.5,0.0,2,0,0.0,0,0.0,1,1,1.0,8945.15,0.0,0.0,0.0,0.0,8945.15,0,0.0,4.0,0.0,3.0,0.0,Ryanair,1,1.0,YED-XSP,1,1.0,12988.595382336278,0.0,1.0,1,298.0,0.0,0,0.0,0.0,0.0,0.0,298.0,4.0,0.0,1.0,0.0,Crowne Plaza,1,1.0,False,True,False,True,True,False,True,True,9243.15,0.0,2,2,5,3.05,12067.87389963321,5,33267.691765365016,False,2236.2875
2724,535473,1963-12-09,59.0,F,True,False,usa,chicago,MDW,41.786,-87.752,2023-01-17,192,8,12.875,0.125,95.75,1.3333333333333333,32.0,32.0,253.0,0.0,1,0,0.0,0,0.0,1,1,1.0,4332.96,0.0,0.0,0.0,0.0,4332.96,0,0.0,2.0,0.0,1.0,0.0,Alitalia,1,1.0,MDW-DEL,1,1.0,12039.076433401066,0.0,1.0,0,0.0,0.0,0,0.0,0.0,0.0,0.0,0.0,0.0,0.0,0.0,0.0,MISSING,0,0.0,False,True,False,True,True,True,False,True,4332.96,0.0,3,1,5,3.2,11314.241333777925,5,31190.141393714483,False,2166.48
2729,535595,1971-01-02,52.0,F,True,True,usa,atlanta,ATL,33.64,-84.427,2023-01-17,192,8,15.125,0.25,112.75,2.6666666666666665,130.0,130.0,116.0,0.0,2,1,0.5,0,0.0,2,2,1.0,5779.495,7887.726646661255,0.0,0.0,0.0,11558.99,0,0.0,3.0,2.8284271247461903,2.0,2.8284271247461903,Delta Air Lines,2,0.5,ATL-DEL,2,0.5,7025.760414103644,8208.07326519773,0.5,1,326.0,0.0,0,0.0,0.0,0.0,0.0,326.0,7.0,0.0,1.0,0.0,Aman Resorts,1,1.0,False,True,False,False,True,False,True,True,11884.99,0.0,1,2,5,2.65,15517.065136712237,5,42776.12977766731,True,1926.4983333333332
2737,535701,1984-12-10,38.0,F,False,False,usa,san jose,SJC,37.362,-121.929,2023-01-17,192,8,10.0,0.125,73.375,1.3333333333333333,34.0,169.0,10.0,0.0,1,1,1.0,0,0.0,1,1,1.0,1629.24,0.0,0.0,0.0,0.0,1629.24,0,0.0,2.0,0.0,0.0,0.0,KLM Royal Dutch Airlines,1,1.0,SJC-JFK,1,1.0,4124.793560549965,0.0,0.0,1,541.0,0.0,0,0.0,0.0,0.0,0.0,541.0,2.0,0.0,2.0,0.0,Best Western,1,1.0,False,True,False,True,True,False,True,True,2170.24,0.0,3,1,4,2.85,5666.938792930976,5,15622.136474441239,True,814.62
2738,535702,1981-11-08,41.0,F,True,True,usa,new york,LGA,40.777,-73.872,2023-01-17,192,8,25.625,0.625,190.125,1.1428571428571428,19.0,19.0,8.4,0.0,5,5,1.0,0,0.0,5,4,0.8,392.714,349.682657962902,0.0,0.0,0.0,1963.57,0,0.0,1.0,0.0,0.6,0.8944271909999159,American Airlines,3,0.6,LGA-BWI,5,0.2,2183.2695802210515,1880.902294589031,0.0,5,319.8,203.628829000218,0,0.0,0.0,0.0,0.0,1599.0,4.4,6.5038450166036395,1.0,0.0,Conrad,5,0.2,False,True,False,False,True,False,False,True,3562.57,0.0,4,5,5,4.6,1860.5192177392464,5,5128.921662097292,False,392.714
2747,535879,1984-12-01,38.0,F,True,True,usa,new york,LGA,40.777,-73.872,2023-01-17,192,8,18.0,0.625,134.375,1.1428571428571428,19.0,19.0,9.2,0.0,5,4,0.8,0,0.0,4,4,1.0,417.8125,305.530379326945,0.0,0.0,0.0,1671.25,0,0.0,1.0,0.0,0.5,0.5773502691896257,Delta Air Lines,2,0.75,LGA-CMH,4,0.25,2302.7462753489326,1623.25112283473,0.0,5,295.4,331.808378435506,1,0.2,0.1,87.9,87.9,1389.1,4.4,2.073644135332772,1.0,0.0,Accor,5,0.2,False,True,False,False,True,False,False,False,3060.35,87.9,4,5,5,4.6,1598.2394698232742,4,4405.891086659194,False,417.8125
2754,535983,1973-02-22,50.0,F,False,True,usa,honolulu,HNL,21.316,-157.927,2023-01-17,192,8,15.0,0.125,111.625,1.6,80.0,94.0,5.0,0.0,1,0,0.0,0,0.0,1,1,1.0,1301.14,0.0,0.0,0.0,0.0,1301.14,0,0.0,1.0,0.0,1.0,0.0,Allegiant Air,1,1.0,HNL-LCK,1,1.0,7260.52723268752,0.0,1.0,0,0.0,0.0,0,0.0,0.0,0.0,0.0,0.0,0.0,0.0,0.0,0.0,MISSING,0,0.0,False,True,False,True,True,True,False,True,1301.14,0.0,1,1,3,1.6999999999999997,3397.5416272090697,5,9366.054746182208,True,1301.14
2757,536016,1988-09-23,34.0,F,True,True,usa,oakland,OAK,37.721,-122.221,2023-01-17,192,8,11.875,0.25,89.375,1.1428571428571428,26.0,159.0,7.5,0.0,2,1,0.5,0,0.0,2,2,1.0,724.11,338.463731882753,0.0,0.0,0.0,1448.22,0,0.0,1.5,0.7071067811865476,0.0,0.0,American Airlines,2,0.5,OAK-ORD,2,0.5,2960.9086035732435,0.0,0.0,1,144.0,0.0,0,0.0,0.0,0.0,0.0,144.0,8.0,0.0,2.0,0.0,InterContinental,1,1.0,False,True,False,False,True,False,True,True,1592.22,0.0,4,2,4,3.5,2078.805405135045,5,5730.674519254744,True,482.74
2758,536034,1968-09-01,54.0,F,True,True,canada,halifax,YAW,44.64,-63.499,2023-01-17,192,8,16.625,0.25,125.5,1.3333333333333333,31.0,127.0,12.0,0.0,2,1,0.5,0,0.0,1,1,1.0,649.73,0.0,0.0,0.0,0.0,649.73,0,0.0,1.0,0.0,0.0,0.0,American Airlines,1,1.0,YAW-RND,1,1.0,3476.0028495324495,0.0,0.0,2,298.5,112.42997820866105,0,0.0,0.0,0.0,0.0,597.0,5.5,4.949747468305833,1.0,0.0,Hyatt,2,0.5,False,True,False,True,True,False,False,True,1246.73,0.0,3,2,3,2.75,1627.733016005335,4,4487.196394587725,True,649.73
2761,536050,1994-04-06,29.0,F,False,False,canada,toronto,YYZ,43.677,-79.631,2023-01-17,192,8,17.5,0.375,130.75,1.6,76.0,116.0,5.0,0.0,3,3,1.0,0,0.0,3,3,1.0,317.66,195.725559649219,0.0,0.0,0.0,952.98,0,0.0,1.0,0.0,1.3333333333333333,0.5773502691896257,Southwest Airlines,2,0.6666666666666666,YYZ-AUS,2,0.6666666666666666,1643.309758929602,939.9198343890008,0.0,3,233.33333333333334,139.162974002905,1,0.3333333333333333,0.05,4.35,4.35,695.65,2.3333333333333335,1.1547005383792515,1.0,0.0,Crowne Plaza,3,0.3333333333333333,False,True,False,False,True,False,False,False,1648.63,4.35,1,3,4,2.55,1434.9696043125489,4,3955.802561906835,True,317.66
2762,536058,1980-02-19,43.0,F,True,False,usa,philadelphia,PNE,40.082,-75.011,2023-01-17,192,8,12.25,0.25,91.5,1.3333333333333333,50.0,50.0,8.5,0.0,2,1,0.5,0,0.0,1,1,1.0,410.74,0.0,0.0,0.0,0.0,410.74,0,0.0,1.0,0.0,1.0,0.0,United Airlines,1,1.0,PNE-IAH,1,1.0,2168.5859858902627,0.0,0.0,2,458.0,572.756492761103,1,0.5,0.1,86.3,86.3,829.7,6.0,2.8284271247461903,1.0,0.0,Aman Resorts,2,0.5,False,True,False,True,True,False,False,False,1240.44,86.3,2,2,3,2.3499999999999996,1619.5207802600867,4,4464.557599241534,False,410.74
2764,536086,1969-10-11,53.0,F,True,True,usa,miami,OPF,25.907,-80.278,2023-01-17,192,8,14.625,0.375,107.625,1.1428571428571428,23.0,23.0,7.333333333333333,0.0,3,3,1.0,0,0.0,3,3,1.0,832.87,459.740919105533,0.1,56.79,113.58,2385.03,2,0.6666666666666666,1.3333333333333333,0.5773502691896257,0.6666666666666666,0.5773502691896257,American Airlines,2,0.6666666666666666,OPF-LSQ,3,0.3333333333333333,3334.4697324593035,375.6286930247378,0.0,3,246.33333333333334,87.59185654690357,0,0.0,0.0,0.0,0.0,739.0,2.3333333333333335,0.5773502691896257,1.3333333333333333,0.5773502691896257,Conrad,3,0.3333333333333333,False,True,False,False,False,False,False,True,3124.03,113.58,4,3,5,4.1,2719.159600978104,5,7495.948683133152,False,624.6525
2771,536241,1974-06-06,49.0,F,True,True,usa,philadelphia,PHL,39.872,-75.241,2023-01-17,192,8,13.125,0.25,97.25,1.1428571428571428,16.0,89.0,8.5,0.0,2,1,0.5,0,0.0,2,2,1.0,1292.5,795.268854664886,0.1,129.25,258.5,2326.5,2,1.0,2.0,1.414213562373095,0.5,0.7071067811865476,American Airlines,2,0.5,PHL-LSQ,2,0.5,3608.226338760737,350.8914168239693,0.0,1,88.0,0.0,0,0.0,0.0,0.0,0.0,88.0,5.0,0.0,3.0,0.0,Shangri-La,1,1.0,False,True,False,False,False,False,True,True,2414.5,258.5,4,2,5,3.85,3152.375708569523,5,8690.202124543455,False,646.25
2783,536490,1992-05-27,31.0,F,False,False,usa,boston,BOS,42.364,-71.005,2023-01-17,192,8,25.25,0.375,188.0,1.3333333333333333,34.0,34.0,9.333333333333334,0.0,3,3,1.0,0,0.0,3,3,1.0,329.66,258.652301748892,0.25,59.77,59.77,929.21,1,0.3333333333333333,1.0,0.0,0.6666666666666666,0.5773502691896257,Allegiant Air,3,0.3333333333333333,BOS-IND,3,0.3333333333333333,2028.2362865859411,1796.676241203876,0.0,3,281.6666666666667,235.903228747157,0,0.0,0.0,0.0,0.0,845.0,2.6666666666666665,1.5275252316519468,1.0,0.0,Marriott,2,0.6666666666666666,False,True,False,False,False,False,False,True,1774.21,59.77,3,3,4,3.35,1544.2745926419916,4,4257.125287881892,False,329.66
2793,536656,1983-03-20,40.0,F,False,True,usa,houston,IAH,29.98,-95.34,2023-01-17,192,9,16.77777777777778,0.3333333333333333,125.0,1.5,30.0,66.0,9.666666666666666,0.0,3,3,1.0,0,0.0,3,2,0.6666666666666666,440.49333333333334,392.240602479312,0.2,64.966,64.966,1256.514,1,0.3333333333333333,1.3333333333333333,0.5773502691896257,0.3333333333333333,0.5773502691896257,American Airlines,3,0.3333333333333333,IAH-LAX,3,0.3333333333333333,1728.0975439040712,455.8741007071553,0.0,3,231.0,98.0,0,0.0,0.0,0.0,0.0,693.0,2.3333333333333335,1.5275252316519468,1.3333333333333333,0.5773502691896257,Starwood,2,0.6666666666666666,False,True,False,False,False,False,False,True,1949.514,64.966,3,3,4,3.35,1696.8594124708234,4,4677.758184476346,False,330.37
2798,536691,1983-12-12,39.0,M,False,False,usa,new york,LGA,40.777,-73.872,2023-01-17,192,8,16.25,0.625,120.625,1.1428571428571428,10.0,45.0,8.6,0.0,5,2,0.4,0,0.0,5,5,1.0,740.21,650.332088513246,0.1,143.12475,286.2495,3414.8005,2,0.4,1.4,0.8944271909999159,0.6,0.5477225575051661,Delta Air Lines,3,0.6,LGA-IND,5,0.2,2881.7416163330436,1451.5183371827125,0.0,2,162.0,148.492424049175,0,0.0,0.0,0.0,0.0,324.0,6.0,2.8284271247461903,1.0,0.0,Choice Hotels,2,0.5,False,True,False,False,False,False,False,True,3738.8005,286.2495,5,5,5,5.0,1952.5539656885628,5,5382.635253401389,False,528.7214285714286
2803,536791,1984-06-27,39.0,F,False,False,usa,honolulu,HNL,21.316,-157.927,2023-01-17,192,8,17.125,0.375,127.0,1.1428571428571428,22.0,22.0,8.0,0.0,3,3,1.0,0,0.0,3,3,1.0,838.8466666666667,240.926423277592,0.15,103.2945,103.2945,2413.2455,1,0.3333333333333333,1.0,0.0,0.3333333333333333,0.5773502691896257,United Airlines,1,1.0,HNL-AUS,3,0.3333333333333333,4671.281478759582,1198.6263006783136,0.3333333333333333,3,156.0,122.85357137666,0,0.0,0.0,0.0,0.0,468.0,2.6666666666666665,0.5773502691896257,1.0,0.0,Aman Resorts,3,0.3333333333333333,False,True,False,False,False,False,False,True,2881.2455,103.2945,4,3,5,4.1,2507.8396699455375,5,6913.399810983991,False,838.8466666666667
2825,537412,1971-01-08,52.0,M,True,False,usa,new york,JFK,40.64,-73.779,2023-01-18,191,8,21.875,0.5,162.25,1.3333333333333333,41.0,74.0,10.5,0.0,4,3,0.75,0,0.0,3,3,1.0,704.68,43.20104975576404,0.05,36.647,36.647,2077.393,1,0.3333333333333333,1.0,0.0,0.3333333333333333,0.5773502691896257,Alaska Airlines,2,0.6666666666666666,JFK-LAX,3,0.3333333333333333,3962.395437692561,20.463150253294444,0.0,4,157.0,110.98047876391,0,0.0,0.0,0.0,0.0,628.0,6.5,4.654746681256314,1.25,0.5,Marriott,3,0.5,False,True,False,False,False,False,False,True,2705.393,36.647,2,4,5,3.55,1766.0830762754251,5,4868.588112720024,False,704.68
2830,537507,1983-08-10,39.0,F,False,False,usa,riverside,RIV,33.881,-117.259,2023-01-18,191,9,15.555555555555555,0.3333333333333333,115.44444444444444,1.5,46.0,46.0,101.33333333333333,0.0,3,1,0.3333333333333333,0,0.0,1,0,0.0,952.48,0.0,0.0,0.0,0.0,952.48,0,0.0,1.0,0.0,0.0,0.0,Germanwings,1,1.0,RIV-HER,1,1.0,11384.136663800584,0.0,1.0,3,128.0,78.08328886515987,0,0.0,0.0,0.0,0.0,384.0,11.333333333333334,3.0550504633038935,1.3333333333333333,0.5773502691896257,Accor,3,0.3333333333333333,False,True,False,True,True,False,False,True,1336.48,0.0,2,3,3,2.5999999999999996,1163.2738557296877,3,3206.8147540304653,False,952.48
2834,537595,1975-06-09,48.0,F,False,False,usa,portland,PDX,45.589,-122.597,2023-01-18,191,8,27.375,0.5,202.625,1.3333333333333333,41.0,88.0,8.0,0.0,4,3,0.75,0,0.0,4,4,1.0,615.3825,308.337557380976,0.0,0.0,0.0,2461.53,0,0.0,1.25,0.5,0.25,0.5,Delta Air Lines,4,0.25,PDX-MKE,4,0.25,2755.063907349787,883.0371447236874,0.0,3,178.33333333333334,74.19793348425098,1,0.3333333333333333,0.15,16.95,16.95,518.05,2.0,1.0,1.3333333333333333,0.5773502691896257,Marriott,2,0.6666666666666666,False,True,False,False,True,False,False,False,2979.58,16.95,2,4,5,3.55,1945.0726058686228,5,5362.011274849283,False,492.30600000000004
2857,538084,1968-01-28,55.0,M,False,False,usa,denver,DEN,39.858,-104.667,2023-01-18,191,8,19.875,0.625,149.75,1.1428571428571428,13.0,13.0,6.8,0.0,5,4,0.8,0,0.0,4,3,0.75,353.28,125.932976618517,0.0,0.0,0.0,1413.12,0,0.0,1.25,0.5,0.0,0.0,American Airlines,2,0.75,DEN-FAT,4,0.25,1990.6771040731387,716.4040060195814,0.0,5,210.4,101.45590175046496,0,0.0,0.0,0.0,0.0,1052.0,3.4,3.7815340802378072,1.2,0.4472135954999579,Conrad,5,0.2,False,True,False,False,True,False,False,True,2465.12,0.0,5,5,5,5.0,1287.386110036679,3,3548.9568956313215,False,282.62399999999997
2922,539221,1970-06-26,53.0,F,True,True,usa,new york,JFK,40.64,-73.779,2023-01-19,190,8,14.625,0.75,108.5,1.1428571428571428,9.0,9.0,7.166666666666667,0.0,6,3,0.5,0,0.0,3,3,1.0,442.92,267.456955228313,0.0,0.0,0.0,1328.76,0,0.0,1.0,0.0,0.6666666666666666,0.5773502691896257,Southwest Airlines,2,0.6666666666666666,JFK-DAL,3,0.3333333333333333,2457.0390404451923,1414.5541524098064,0.0,6,269.1666666666667,295.059598499467,1,0.16666666666666666,0.2,21.0,21.0,1594.0,3.1666666666666665,1.4719601443879744,1.3333333333333333,0.5163977794943223,Extended Stay,5,0.3333333333333333,False,True,False,False,True,False,False,False,2922.76,21.0,5,5,5,5.0,1271.9869712126265,3,3506.505855115708,False,442.92
2926,539300,1983-08-13,39.0,F,False,False,usa,new york,JFK,40.64,-73.779,2023-01-19,190,9,11.88888888888889,0.3333333333333333,90.22222222222223,1.5,30.0,30.0,6.0,0.0,3,1,0.3333333333333333,0,0.0,3,3,1.0,468.94666666666666,381.57588253627,0.25,175.79,175.79,1231.05,1,0.3333333333333333,1.0,0.0,1.0,0.0,American Airlines,3,0.3333333333333333,JFK-NZY,3,0.3333333333333333,2735.7354367343323,2240.861369180153,0.0,1,161.0,0.0,0,0.0,0.0,0.0,0.0,161.0,2.0,0.0,1.0,0.0,Accor,1,1.0,False,True,False,False,False,False,True,True,1392.05,175.79,3,3,3,3.0,1211.6420529065242,3,3340.1520998055403,False,468.94666666666666
2932,539337,1995-08-20,27.0,F,False,True,usa,los angeles,LAX,33.942,-118.408,2023-01-19,190,8,9.625,0.375,71.875,1.6,70.0,109.0,7.666666666666667,0.0,3,1,0.3333333333333333,0,0.0,3,3,1.0,340.81333333333333,16.92113865356978,0.0,0.0,0.0,1022.44,0,0.0,1.0,0.0,0.6666666666666666,0.5773502691896257,Air Canada,2,0.6666666666666666,LAX-YYC,2,0.6666666666666666,1930.1371523865353,20.738085990008482,0.0,1,1005.0,0.0,0,0.0,0.0,0.0,0.0,1005.0,4.0,0.0,1.0,0.0,Wyndham,1,1.0,False,True,False,False,True,False,True,True,2027.44,0.0,1,3,4,2.55,1764.6862998777372,5,4864.737597952478,True,340.81333333333333
2943,539542,1942-01-26,81.0,F,False,False,usa,san antonio,SKF,29.384,-98.581,2023-01-19,190,8,16.625,0.25,124.0,1.3333333333333333,44.0,44.0,104.5,0.0,2,0,0.0,0,0.0,1,1,1.0,2252.99,0.0,0.0,0.0,0.0,2252.99,0,0.0,1.0,0.0,0.0,0.0,Gulf Air Bahrain,1,1.0,SKF-CAI,1,1.0,11539.139793378821,0.0,1.0,1,318.0,0.0,0,0.0,0.0,0.0,0.0,318.0,11.0,0.0,2.0,0.0,Rosewood,1,1.0,False,True,False,True,True,False,True,True,2570.99,0.0,2,2,5,3.05,3356.6893447815933,5,9253.436637059422,False,2252.99
2961,539868,1987-09-08,35.0,F,False,True,canada,victoria,YYJ,48.647,-123.426,2023-01-19,190,7,12.428571428571429,0.2857142857142857,90.28571428571429,1.1666666666666667,38.0,138.0,12.0,0.0,2,1,0.5,0,0.0,2,2,1.0,644.05,13.901719318127524,0.0,0.0,0.0,1288.1,0,0.0,1.0,0.0,0.0,0.0,American Airlines,2,0.5,YYJ-LGA,2,0.5,3767.891602165516,263.0693230787316,0.0,1,109.0,0.0,0,0.0,0.0,0.0,0.0,109.0,2.0,0.0,1.0,0.0,Hilton,1,1.0,False,True,False,False,True,False,True,True,1397.1,0.0,3,2,3,2.75,1824.0563687895963,5,5028.403971091182,True,644.05
2985,540260,1980-12-22,42.0,F,True,False,usa,milwaukee,MKE,42.947,-87.896,2023-01-19,190,9,21.11111111111111,0.3333333333333333,156.0,1.8,85.0,96.0,5.666666666666667,0.0,3,3,1.0,0,0.0,3,3,1.0,346.70666666666665,222.863673651256,0.0,0.0,0.0,1040.12,0,0.0,1.6666666666666667,1.1547005383792515,1.0,0.0,Ryanair,2,0.6666666666666666,MKE-HLZ,3,0.3333333333333333,1551.4435883573606,1131.8059365711065,0.0,3,249.33333333333334,56.86240703077327,0,0.0,0.0,0.0,0.0,748.0,1.6666666666666667,1.1547005383792515,1.6666666666666667,1.1547005383792515,Extended Stay,3,0.3333333333333333,False,True,False,False,True,False,False,True,1788.12,0.0,1,3,4,2.55,1556.3818739579858,4,4290.50161467209,True,208.02399999999997
2989,540319,1972-07-07,51.0,F,True,True,usa,anchorage,MRI,61.214,-149.846,2023-01-19,190,8,15.5,0.375,116.0,1.1428571428571428,14.0,151.0,8.0,0.0,3,1,0.3333333333333333,0,0.0,3,3,1.0,996.8133333333334,50.999559148421405,0.0,0.0,0.0,2990.44,0,0.0,1.0,0.0,0.6666666666666666,1.1547005383792515,AirTran Airways,3,0.3333333333333333,MRI-HOU,3,0.3333333333333333,5277.211413523283,137.73603311726166,1.0,1,73.0,0.0,0,0.0,0.0,0.0,0.0,73.0,2.0,0.0,1.0,0.0,Hyatt,1,1.0,False,True,False,False,True,False,True,True,3063.44,0.0,5,3,5,4.5,2666.421989552073,5,7350.566106553849,True,996.8133333333334
3023,540941,2002-06-21,21.0,F,False,True,usa,los angeles,LAX,33.942,-118.408,2023-01-19,190,8,11.375,0.25,83.875,1.1428571428571428,11.0,11.0,189.5,0.0,2,0,0.0,0,0.0,1,1,1.0,2569.93,0.0,0.0,0.0,0.0,2569.93,0,0.0,1.0,0.0,0.0,0.0,AirAsia,1,1.0,LAX-KUL,1,1.0,14162.699416499456,0.0,1.0,1,239.0,0.0,0,0.0,0.0,0.0,0.0,239.0,1.0,0.0,1.0,0.0,Crowne Plaza,1,1.0,False,True,False,True,True,False,True,True,2808.93,0.0,5,2,5,4.25,3667.3442530843613,5,10109.823753859535,False,2569.93
3027,541001,1982-10-26,40.0,F,False,True,canada,victoria,YYJ,48.647,-123.426,2023-01-19,190,8,17.625,0.25,131.125,1.3333333333333333,32.0,133.0,7.5,0.0,2,1,0.5,0,0.0,2,2,1.0,638.695,155.061446046398,0.0,0.0,0.0,1277.39,0,0.0,1.0,0.0,0.5,0.7071067811865476,American Airlines,2,0.5,YYJ-HOU,2,0.5,3574.9619345667543,535.9130755810334,0.0,1,141.0,0.0,0,0.0,0.0,0.0,0.0,141.0,3.0,0.0,1.0,0.0,Choice Hotels,1,1.0,False,True,False,False,True,False,True,True,1418.39,0.0,3,2,3,2.75,1851.8526325441815,5,5105.030354703331,True,638.695
3033,541083,1955-02-03,68.0,F,True,False,usa,san jose,SJC,37.362,-121.929,2023-01-19,190,8,13.125,0.125,97.25,1.3333333333333333,29.0,176.0,7.0,0.0,1,1,1.0,0,0.0,1,1,1.0,1395.27,0.0,0.0,0.0,0.0,1395.27,0,0.0,2.0,0.0,0.0,0.0,Austrian Airlines,1,1.0,SJC-IAD,1,1.0,3891.3857245379195,0.0,0.0,1,121.0,0.0,1,1.0,0.15,18.15,18.15,102.85,2.0,0.0,2.0,0.0,Rosewood,1,1.0,False,True,False,True,True,False,True,False,1498.12,18.15,3,1,3,2.5,3911.8965388462816,5,10783.984764399287,True,697.635
3067,541699,1977-06-20,46.0,F,True,False,usa,modesto,MOD,37.626,-120.954,2023-01-20,189,10,11.4,0.6,85.3,1.4285714285714286,25.0,25.0,8.0,0.0,6,2,0.3333333333333333,0,0.0,5,5,1.0,666.38,603.276872464045,0.0,0.0,0.0,3331.9,0,0.0,1.4,0.8944271909999159,0.0,0.0,American Airlines,3,0.6,MOD-DMA,5,0.2,2414.0116562818075,1524.602088831418,0.0,3,207.33333333333334,113.975143488979,1,0.3333333333333333,0.05,16.85,16.85,605.15,8.0,2.6457513110645907,2.0,1.0,Banyan Tree,3,0.3333333333333333,False,True,False,False,True,False,False,False,3937.05,16.85,4,5,5,4.6,1713.4066105368458,4,4723.37409738853,False,475.9857142857143
3069,541734,1985-06-22,38.0,F,False,False,usa,los angeles,LAX,33.942,-118.408,2023-01-20,189,8,20.625,0.375,153.625,1.3333333333333333,28.0,56.0,5.666666666666667,0.0,3,3,1.0,0,0.0,3,3,1.0,583.9266666666666,209.554252959307,0.0,0.0,0.0,1751.78,0,0.0,1.0,0.0,1.0,0.0,Delta Air Lines,2,0.6666666666666666,LAX-LGA,3,0.3333333333333333,3264.2494215186775,1129.1517083243875,0.0,3,130.33333333333334,93.62869930386374,2,0.6666666666666666,0.2,19.55,39.1,351.9,2.6666666666666665,1.5275252316519468,1.0,0.0,Hyatt,3,0.3333333333333333,False,True,False,False,True,False,False,False,2103.68,39.1,3,3,4,3.35,1831.0456907858172,5,5047.671541481211,False,583.9266666666666
3077,541921,1968-12-21,54.0,F,False,False,usa,san antonio,SAT,29.534,-98.47,2023-01-20,189,8,12.0,0.25,89.0,1.1428571428571428,17.0,121.0,6.0,0.0,2,1,0.5,0,0.0,1,1,1.0,1437.33,0.0,0.0,0.0,0.0,1437.33,0,0.0,3.0,0.0,0.0,0.0,United Airlines,1,1.0,SAT-YOW,1,1.0,2654.2234903954154,0.0,0.0,2,209.0,189.504617357995,0,0.0,0.0,0.0,0.0,418.0,2.0,1.414213562373095,2.0,1.414213562373095,Best Western,2,0.5,False,True,False,True,True,False,False,True,1855.33,0.0,4,2,4,3.5,2422.322312437479,5,6677.652809165131,True,479.10999999999996
3087,542012,1978-06-24,45.0,F,False,False,usa,nashville,BNA,36.124,-86.678,2023-01-20,189,8,17.375,0.375,130.375,1.3333333333333333,44.0,137.0,7.0,0.0,3,3,1.0,0,0.0,3,3,1.0,336.65,168.627232972613,0.05,14.7305,14.7305,995.2195,1,0.3333333333333333,1.0,0.0,1.0,1.0,AirTran Airways,3,0.3333333333333333,BNA-DEN,3,0.3333333333333333,1843.4526836699026,910.0920164884841,0.0,3,277.0,128.421182053429,0,0.0,0.0,0.0,0.0,831.0,3.3333333333333335,1.1547005383792515,1.0,0.0,Rosewood,2,0.6666666666666666,False,True,False,False,False,False,False,True,1826.2195,14.7305,2,3,4,2.95,1589.5437261865065,4,4381.919397744926,True,336.65
3097,542153,1975-08-04,47.0,F,False,False,usa,san jose,SJC,37.362,-121.929,2023-01-20,189,8,12.5,0.25,94.5,1.1428571428571428,18.0,120.0,7.5,0.0,2,2,1.0,0,0.0,2,2,1.0,517.445,369.852201899624,0.0,0.0,0.0,1034.89,0,0.0,1.0,0.0,0.5,0.7071067811865476,United Airlines,1,1.0,SJC-DEN,2,0.5,2823.805294782265,1839.8752499369346,0.0,2,248.0,55.154328932550705,0,0.0,0.0,0.0,0.0,496.0,3.0,2.8284271247461903,1.0,0.0,NH Hotel,2,0.5,False,True,False,False,True,False,False,True,1530.89,0.0,4,2,4,3.5,1998.7328426142049,5,5509.937266698004,True,517.445
3102,542230,1975-09-02,47.0,F,True,False,usa,philadelphia,PNE,40.082,-75.011,2023-01-20,189,10,12.4,0.1,92.2,1.6666666666666667,43.0,154.0,8.0,0.0,1,1,1.0,0,0.0,1,1,1.0,1311.98,0.0,0.0,0.0,0.0,1311.98,0,0.0,3.0,0.0,0.0,0.0,Conviasa,1,1.0,PNE-SVZ,1,1.0,2416.255081882277,0.0,0.0,1,250.0,0.0,0,0.0,0.0,0.0,0.0,250.0,5.0,0.0,3.0,0.0,Radisson,1,1.0,False,True,False,True,True,False,True,True,1561.98,0.0,2,1,4,2.45,4078.6480093364453,5,11243.671082621153,True,437.32666666666665
3111,542334,1969-02-13,54.0,F,True,True,canada,gatineau,YND,45.521,-75.564,2023-01-20,189,8,15.5,0.25,114.125,1.3333333333333333,45.0,166.0,6.5,0.0,2,1,0.5,0,0.0,1,1,1.0,644.53,0.0,0.0,0.0,0.0,644.53,0,0.0,1.0,0.0,1.0,0.0,Ryanair,1,1.0,YND-NZY,1,1.0,3814.927468231481,0.0,0.0,2,269.0,175.362481734264,0,0.0,0.0,0.0,0.0,538.0,5.0,2.8284271247461903,2.0,1.414213562373095,Conrad,2,0.5,False,True,False,True,True,False,False,True,1182.53,0.0,2,2,3,2.3499999999999996,1543.913376125375,4,4256.129516809431,True,644.53
3112,542358,1986-02-02,37.0,M,True,False,usa,columbus,CMH,39.998,-82.892,2023-01-20,189,8,16.5,0.375,123.0,1.3333333333333333,45.0,45.0,7.333333333333333,0.0,3,2,0.6666666666666666,0,0.0,2,2,1.0,369.395,416.606102271678,0.0,0.0,0.0,738.79,0,0.0,1.0,0.0,0.0,0.0,Air Canada,2,0.5,CMH-UGN,2,0.5,1879.9170167968587,2016.2207782705614,0.0,3,216.33333333333334,58.53488988059458,0,0.0,0.0,0.0,0.0,649.0,6.666666666666667,2.516611478423583,1.0,0.0,Conrad,2,0.6666666666666666,False,True,False,False,True,False,False,True,1387.79,0.0,2,3,3,2.5999999999999996,1207.9341436034233,3,3329.9304497605194,False,369.395
3124,542658,1998-01-21,25.0,F,False,False,usa,phoenix,PHX,33.434,-112.008,2023-01-20,189,8,21.75,0.375,162.625,1.1428571428571428,23.0,117.0,9.666666666666666,0.0,3,1,0.3333333333333333,0,0.0,3,3,1.0,727.7233333333334,275.132193923818,0.05,29.1515,29.1515,2154.0185,1,0.3333333333333333,1.3333333333333333,0.5773502691896257,0.6666666666666666,0.5773502691896257,American Airlines,3,0.3333333333333333,PHX-LGA,3,0.3333333333333333,3121.384034468932,303.32917295088987,0.0,1,137.0,0.0,0,0.0,0.0,0.0,0.0,137.0,1.0,0.0,2.0,0.0,Starwood,1,1.0,False,True,False,False,False,False,True,True,2291.0185,29.1515,4,3,5,4.1,1994.10535439591,5,5497.18059945285,True,545.7925
3126,542670,1968-03-22,55.0,F,False,False,usa,new york,LGA,40.777,-73.872,2023-01-20,189,8,18.625,0.375,138.625,1.1428571428571428,23.0,23.0,9.666666666666666,0.0,3,2,0.6666666666666666,0,0.0,2,2,1.0,970.2,1340.419898688467,0.0,0.0,0.0,1940.4,0,0.0,2.0,1.414213562373095,0.5,0.7071067811865476,American Airlines,2,0.5,LGA-LUF,2,0.5,1815.3576661609884,2350.073331034036,0.0,3,416.3333333333333,606.074527870404,0,0.0,0.0,0.0,0.0,1249.0,9.0,3.0,2.0,1.0,NH Hotel,2,0.6666666666666666,False,True,False,False,True,False,False,True,3189.4,0.0,4,3,5,4.1,2776.057730354563,5,7652.80062290851,False,485.1
3132,542796,1975-12-13,47.0,M,False,False,usa,long beach,LGB,33.818,-118.151,2023-01-20,189,7,18.285714285714285,0.42857142857142855,134.85714285714286,1.4,78.0,110.0,5.666666666666667,0.0,3,1,0.3333333333333333,0,0.0,3,3,1.0,1299.25,1086.834723451547,0.1,59.605,59.605,3838.145,1,0.3333333333333333,2.0,1.7320508075688772,0.6666666666666666,0.5773502691896257,Delta Air Lines,3,0.3333333333333333,LGB-JFK,3,0.3333333333333333,3783.6674627344128,302.33615716298095,0.0,1,95.0,0.0,0,0.0,0.0,0.0,0.0,95.0,2.0,0.0,1.0,0.0,Starwood,1,1.0,False,True,False,False,False,False,True,True,3933.145,59.605,1,3,5,2.9,3423.414304212515,5,9437.378348902455,True,649.625
3136,542825,1987-07-18,36.0,F,False,False,canada,winnipeg,YAV,50.056,-97.032,2023-01-20,189,7,16.857142857142858,0.42857142857142855,126.14285714285714,2.3333333333333335,121.0,147.0,5.666666666666667,0.0,3,3,1.0,0,0.0,3,3,1.0,371.50333333333333,27.34900424756509,0.0,0.0,0.0,1114.51,0,0.0,1.0,0.0,0.3333333333333333,0.5773502691896257,Air France,3,0.3333333333333333,YAV-JFK,3,0.3333333333333333,2025.6485952677306,142.540897213948,0.0,3,247.33333333333334,212.824653960328,0,0.0,0.0,0.0,0.0,742.0,2.6666666666666665,1.5275252316519468,1.0,0.0,Crowne Plaza,2,0.6666666666666666,False,True,False,False,True,False,False,True,1856.51,0.0,1,3,4,2.55,1615.9086150939202,4,4454.599888516924,True,371.50333333333333
3141,542914,1985-11-24,37.0,F,False,False,usa,seattle,BFI,47.53,-122.302,2023-01-20,189,8,13.0,0.375,97.25,1.6,60.0,60.0,8.0,0.0,3,1,0.3333333333333333,0,0.0,2,2,1.0,668.39,80.75159441150373,0.0,0.0,0.0,1336.78,0,0.0,1.0,0.0,0.5,0.7071067811865476,Delta Air Lines,1,1.0,BFI-LGA,2,0.5,3784.777574476912,141.74022492454168,0.0,2,195.0,46.66904755831214,0,0.0,0.0,0.0,0.0,390.0,11.5,2.1213203435596424,1.0,0.0,Conrad,2,0.5,False,True,False,False,True,False,False,True,1726.78,0.0,2,3,4,2.95,1502.9914615983105,4,4143.319451817256,False,668.39
3164,543352,1979-07-25,44.0,F,False,False,usa,wichita,ICT,37.65,-97.433,2023-01-21,188,8,16.25,0.5,120.125,1.1428571428571428,8.0,8.0,5.75,0.0,4,2,0.5,0,0.0,3,2,0.6666666666666666,220.32666666666665,30.20640715698134,0.2,50.14,50.14,610.84,1,0.3333333333333333,1.0,0.0,0.6666666666666666,0.5773502691896257,Air Europa,3,0.3333333333333333,ICT-CLT,3,0.3333333333333333,1614.3574872272711,400.639179385488,0.0,3,319.6666666666667,340.884633466123,0,0.0,0.0,0.0,0.0,959.0,2.3333333333333335,1.1547005383792515,1.0,0.0,Best Western,2,0.6666666666666666,False,True,False,False,False,False,False,True,1569.84,50.14,5,4,4,4.4,1024.7930176725574,2,2825.0625187809683,False,220.32666666666665
3195,543937,1979-06-18,44.0,F,False,False,usa,san francisco,SFO,37.619,-122.375,2023-01-21,188,8,10.375,0.375,77.75,1.6,76.0,143.0,6.333333333333333,0.0,3,2,0.6666666666666666,0,0.0,2,2,1.0,745.485,14.304770183403857,0.0,0.0,0.0,1490.97,0,0.0,1.0,0.0,1.0,0.0,AirTran Airways,2,0.5,SFO-LGA,2,0.5,3899.223663169803,357.15945944720266,0.0,3,190.33333333333334,121.857840672373,0,0.0,0.0,0.0,0.0,571.0,3.6666666666666665,2.0816659994661326,1.0,0.0,Hyatt,2,0.6666666666666666,False,True,False,False,True,False,False,True,2061.97,0.0,1,3,4,2.55,1794.7412548627317,5,4947.590550077964,True,745.485
3200,544008,1986-01-22,37.0,F,False,False,usa,oklahoma city,TIK,35.415,-97.386,2023-01-21,188,8,10.375,0.375,77.75,1.3333333333333333,42.0,126.0,7.666666666666667,0.0,3,2,0.6666666666666666,0,0.0,3,3,1.0,351.4033333333333,366.757735069532,0.0,0.0,0.0,1054.21,0,0.0,1.3333333333333333,0.5773502691896257,0.3333333333333333,0.5773502691896257,AirTran Airways,3,0.3333333333333333,TIK-CMH,3,0.3333333333333333,1267.0879675840004,929.7229627110182,0.0,2,207.5,60.10407640085654,0,0.0,0.0,0.0,0.0,415.0,3.5,0.7071067811865476,1.5,0.7071067811865476,Four Seasons,1,1.0,False,True,False,False,True,False,False,True,1469.21,0.0,2,3,3,2.5999999999999996,1278.8022129598755,3,3525.2935358322607,True,263.5525
3249,545070,1989-10-12,33.0,F,False,True,canada,toronto,YZD,43.742,-79.466,2023-01-22,187,9,18.22222222222222,0.3333333333333333,134.33333333333334,1.5,38.0,63.0,8.0,0.0,3,1,0.3333333333333333,0,0.0,1,1,1.0,543.08,0.0,0.0,0.0,0.0,543.08,0,0.0,1.0,0.0,0.0,0.0,Ryanair,1,1.0,YZD-LSQ,1,1.0,3507.7518120985983,0.0,0.0,3,214.66666666666666,72.66590213665096,0,0.0,0.0,0.0,0.0,644.0,7.0,5.0,1.0,0.0,Banyan Tree,3,0.3333333333333333,False,True,False,True,True,False,False,True,1187.08,0.0,3,3,3,3.0,1033.2359097476935,2,2848.337167944514,False,543.08
3279,545629,1975-09-16,47.0,F,False,False,usa,st. petersburg,PIE,27.911,-82.687,2023-01-22,187,9,23.0,0.5555555555555556,170.44444444444446,1.5,46.0,46.0,8.0,0.0,5,5,1.0,0,0.0,5,4,0.8,425.29,166.621925928132,0.0,0.0,0.0,2126.45,0,0.0,1.0,0.0,0.6,0.5477225575051661,Air Canada,4,0.4,PIE-DEN,5,0.2,2840.4341782063357,1106.5683042348453,0.0,5,212.4,79.726407168516,0,0.0,0.0,0.0,0.0,1062.0,2.2,0.4472135954999579,1.0,0.0,Crowne Plaza,2,0.8,False,True,False,False,True,False,False,True,3188.45,0.0,2,5,5,3.8,1665.1385095031676,4,4590.312688175702,False,425.29
3285,545745,1984-04-07,39.0,F,True,False,usa,jacksonville,NCA,34.708,-77.439,2023-01-22,187,8,10.75,0.25,79.375,1.3333333333333333,36.0,153.0,7.5,0.0,2,1,0.5,0,0.0,2,2,1.0,586.505,15.520993847044718,0.0,0.0,0.0,1173.01,0,0.0,1.0,0.0,0.5,0.7071067811865476,Air Canada,2,0.5,NCA-LUF,2,0.5,3322.249461627778,168.44587258817694,0.0,1,145.0,0.0,0,0.0,0.0,0.0,0.0,145.0,1.0,0.0,1.0,0.0,Best Western,1,1.0,False,True,False,False,True,False,True,True,1318.01,0.0,3,2,3,2.75,1720.7963171057017,4,4743.7454140275495,True,586.505
3286,545748,1973-07-19,50.0,F,True,True,canada,victoria,YYJ,48.647,-123.426,2023-01-22,187,8,19.125,0.25,142.625,1.3333333333333333,40.0,40.0,13.0,0.0,2,1,0.5,0,0.0,2,2,1.0,504.99,285.331728344396,0.0,0.0,0.0,1009.98,0,0.0,1.0,0.0,1.0,0.0,American Airlines,2,0.5,YYJ-LSQ,2,0.5,2710.6722152705192,1447.63206167326,0.0,1,241.0,0.0,0,0.0,0.0,0.0,0.0,241.0,6.0,0.0,1.0,0.0,Hyatt,1,1.0,False,True,False,False,True,False,True,True,1250.98,0.0,3,2,3,2.75,1633.2818239413139,4,4502.492877929746,False,504.99
3300,545939,1979-10-13,43.0,F,False,False,usa,newport news,PHF,37.132,-76.493,2023-01-22,187,9,13.666666666666666,0.4444444444444444,102.77777777777777,1.2857142857142858,12.0,137.0,9.75,0.0,4,3,0.75,0,0.0,4,4,1.0,341.615,296.294147371605,0.0,0.0,0.0,1366.46,0,0.0,1.0,0.0,0.5,0.5773502691896257,Air Canada,4,0.25,PHF-JFK,4,0.25,1874.2974681464063,1638.7534577410884,0.0,3,214.0,119.616052434445,0,0.0,0.0,0.0,0.0,642.0,2.0,1.0,1.0,0.0,InterContinental,2,0.6666666666666666,False,True,False,False,True,False,False,True,2008.46,0.0,5,4,4,4.4,1311.1245631877293,3,3614.397050954763,True,341.615
3305,546061,1977-02-15,46.0,F,False,True,usa,new york,JFK,40.64,-73.779,2023-01-22,187,8,16.125,0.5,120.375,2.6666666666666665,118.0,118.0,6.75,0.0,4,3,0.75,0,0.0,4,4,1.0,547.6325,135.558010060884,0.125,82.5805,165.161,2025.369,2,0.5,1.0,0.0,0.0,0.0,Bearskin Lake Air Service,4,0.25,JFK-IAH,4,0.25,3070.0179965629554,1023.1659952433272,0.0,3,145.33333333333334,50.212880153734794,1,0.3333333333333333,0.2,39.6,39.6,396.4,2.3333333333333335,1.5275252316519468,1.0,0.0,Hyatt,2,0.6666666666666666,False,True,False,False,False,False,False,False,2421.769,204.761,1,4,5,3.15,1580.9330642714235,4,4358.182254908568,True,547.6325
3311,546130,1974-09-07,48.0,F,True,True,usa,bakersfield,BFL,35.433,-119.057,2023-01-22,187,9,8.0,0.2222222222222222,60.22222222222222,1.2857142857142858,20.0,45.0,6.5,0.0,2,1,0.5,0,0.0,2,2,1.0,658.0,15.344217151748081,0.0,0.0,0.0,1316.0,0,0.0,1.0,0.0,1.0,1.414213562373095,AirTran Airways,2,0.5,BFL-BWI,2,0.5,3613.2472216713804,176.65461117862878,0.0,1,137.0,0.0,0,0.0,0.0,0.0,0.0,137.0,7.0,0.0,1.0,0.0,Extended Stay,1,1.0,False,True,False,False,True,False,True,True,1453.0,0.0,4,2,3,3.15,1897.039513171057,5,5229.597716695647,False,658.0
3333,546648,1985-02-18,38.0,F,True,True,usa,san jose,SJC,37.362,-121.929,2023-01-22,187,8,16.25,0.5,120.875,1.6,62.0,132.0,8.25,0.0,4,2,0.5,0,0.0,3,3,1.0,511.19,312.977135426855,0.075,50.203,100.406,1433.164,2,0.6666666666666666,1.0,0.0,0.6666666666666666,1.1547005383792515,American Airlines,2,0.6666666666666666,SJC-JFK,3,0.3333333333333333,2888.1063588848288,1725.8084378725016,0.0,3,161.33333333333334,59.21430007467228,0,0.0,0.0,0.0,0.0,484.0,5.0,2.0,1.3333333333333333,0.5773502691896257,Accor,3,0.3333333333333333,False,True,False,False,False,False,False,True,1917.164,100.406,2,4,4,3.2,1251.5264491497164,3,3450.1020223438036,True,511.19
3338,546702,1978-02-17,45.0,F,True,False,usa,chicago,ORD,41.979,-87.904,2023-01-22,187,8,17.5,0.375,129.0,1.6,63.0,63.0,6.0,0.0,3,3,1.0,0,0.0,3,3,1.0,292.7733333333333,82.85669093883325,0.0,0.0,0.0,878.32,0,0.0,1.3333333333333333,0.5773502691896257,0.0,0.0,Ryanair,2,0.6666666666666666,ORD-NIP,2,0.6666666666666666,1291.0508535677536,175.61401191918785,0.0,3,281.0,225.745431847468,0,0.0,0.0,0.0,0.0,843.0,2.6666666666666665,2.0816659994661326,1.3333333333333333,0.5773502691896257,Hilton,3,0.3333333333333333,False,True,False,False,True,False,False,True,1721.32,0.0,2,3,4,2.95,1498.2390708013781,4,4130.218463731384,False,219.57999999999998
3341,546756,1979-04-22,44.0,F,False,False,usa,fayetteville,FYV,36.005,-94.17,2023-01-22,187,8,17.875,0.25,133.25,1.3333333333333333,52.0,128.0,9.0,0.0,2,1,0.5,0,0.0,2,2,1.0,505.685,81.63547788798691,0.0,0.0,0.0,1011.37,0,0.0,1.5,0.7071067811865476,0.0,0.0,Air Transat,2,0.5,FYV-SFO,2,0.5,2019.4833392029082,690.687700912761,0.0,1,239.0,0.0,0,0.0,0.0,0.0,0.0,239.0,5.0,0.0,2.0,0.0,Best Western,1,1.0,False,True,False,False,True,False,True,True,1250.37,0.0,2,2,3,2.3499999999999996,1632.4854068022673,4,4500.297382673597,True,337.12333333333333
3350,546882,1999-04-10,24.0,F,False,False,usa,san diego,SAN,32.733,-117.189,2023-01-23,186,8,11.375,0.25,85.375,1.3333333333333333,55.0,55.0,102.0,0.0,2,1,0.5,0,0.0,2,2,1.0,1583.71,1290.286027902341,0.0,0.0,0.0,3167.42,0,0.0,1.0,0.0,0.0,0.0,Delta Air Lines,2,0.5,SAN-JHB,2,0.5,9124.517611255647,7279.658816174997,0.5,1,487.0,0.0,0,0.0,0.0,0.0,0.0,487.0,17.0,0.0,1.0,0.0,Marriott,1,1.0,False,True,False,False,True,False,True,True,3654.42,0.0,2,2,5,3.05,4771.217575858619,5,13152.888154058435,False,1583.71
3356,546972,1974-08-03,48.0,F,True,True,usa,los angeles,LAX,33.942,-118.408,2023-01-23,186,8,9.25,0.25,69.5,1.3333333333333333,35.0,35.0,7.0,0.0,2,1,0.5,0,0.0,1,1,1.0,756.94,0.0,0.2,151.388,151.388,605.552,1,1.0,1.0,0.0,1.0,0.0,Alaska Airlines,1,1.0,LAX-BOS,1,1.0,4193.0733474725275,0.0,0.0,2,323.5,40.30508652763321,0,0.0,0.0,0.0,0.0,647.0,2.5,0.7071067811865476,1.0,0.0,NH Hotel,2,0.5,False,True,False,True,False,False,False,True,1252.552,151.388,3,2,3,2.75,1635.3342300766922,4,4508.150777180018,False,756.94
3367,547181,1961-01-21,62.0,F,True,False,usa,tucson,TUS,32.116,-110.941,2023-01-23,186,8,12.375,0.375,92.75,1.1428571428571428,8.0,30.0,14.666666666666666,0.0,3,1,0.3333333333333333,0,0.0,1,1,1.0,1349.62,0.0,0.0,0.0,0.0,1349.62,0,0.0,2.0,0.0,1.0,0.0,KLM Royal Dutch Airlines,1,1.0,TUS-BOS,1,1.0,3676.2881005295776,0.0,0.0,3,91.33333333333333,45.21430452117265,0,0.0,0.0,0.0,0.0,274.0,3.3333333333333335,2.0816659994661326,1.3333333333333333,0.5773502691896257,Choice Hotels,3,0.3333333333333333,False,True,False,True,True,False,False,True,1623.62,0.0,5,3,4,4.15,1413.2008691786148,4,3895.7923582387634,False,674.81
3377,547458,1980-09-16,42.0,F,False,False,canada,gatineau,YND,45.521,-75.564,2023-01-23,186,8,16.375,0.5,122.25,1.3333333333333333,39.0,39.0,6.5,0.0,4,2,0.5,0,0.0,3,3,1.0,553.1166666666667,570.95257791986,0.0,0.0,0.0,1659.35,0,0.0,1.3333333333333333,0.5773502691896257,0.6666666666666666,0.5773502691896257,Air Canada,3,0.3333333333333333,YND-BIF,3,0.3333333333333333,1970.5848770542736,1689.5014468242405,0.0,3,254.0,112.280897752022,1,0.3333333333333333,0.2,31.0,31.0,731.0,5.333333333333333,4.163331998932265,1.3333333333333333,0.5773502691896257,Shangri-La,2,0.6666666666666666,False,True,False,False,True,False,False,False,2390.35,31.0,3,4,5,3.95,1560.4227117372457,4,4301.6410537176325,False,414.83750000000003
3386,547613,1983-11-06,39.0,F,False,False,usa,phoenix,LUF,33.535,-112.383,2023-01-23,186,8,14.0,0.5,103.75,1.1428571428571428,22.0,22.0,6.25,0.0,4,2,0.5,0,0.0,3,3,1.0,493.61333333333334,141.920606795959,0.0,0.0,0.0,1480.84,0,0.0,1.0,0.0,0.0,0.0,Aer Lingus,3,0.3333333333333333,LUF-JFK,3,0.3333333333333333,2724.0397557459733,658.8053494113864,0.0,3,110.33333333333333,59.87765303795176,0,0.0,0.0,0.0,0.0,331.0,4.666666666666667,4.041451884327381,1.0,0.0,Best Western,2,0.6666666666666666,False,True,False,False,True,False,False,True,1811.84,0.0,4,4,4,4.0,1182.770843614538,3,3260.562397459684,False,493.61333333333334
3404,547938,1997-11-24,25.0,M,False,True,usa,st. louis,STL,38.748,-90.36,2023-01-23,186,8,13.125,0.125,97.125,1.6,58.0,58.0,252.0,0.0,1,0,0.0,0,0.0,1,1,1.0,1867.87,0.0,0.0,0.0,0.0,1867.87,0,0.0,1.0,0.0,0.0,0.0,Cargo Plus Aviation,1,1.0,STL-DLC,1,1.0,10781.742821064643,0.0,1.0,0,0.0,0.0,0,0.0,0.0,0.0,0.0,0.0,0.0,0.0,0.0,0.0,MISSING,0,0.0,False,True,False,True,True,True,False,True,1867.87,0.0,2,1,4,2.45,4877.389119706569,5,13445.57286591094,False,1867.87
3412,548040,1986-10-17,36.0,F,True,False,usa,portland,PDX,45.589,-122.597,2023-01-23,186,8,12.875,0.375,96.125,1.1428571428571428,10.0,44.0,5.666666666666667,0.0,3,3,1.0,0,0.0,3,3,1.0,613.9366666666666,69.43428715939505,0.0,0.0,0.0,1841.81,0,0.0,1.3333333333333333,0.5773502691896257,0.3333333333333333,0.5773502691896257,American Airlines,2,0.6666666666666666,PDX-CLT,3,0.3333333333333333,3010.8513320985276,1307.2954289039671,0.0,3,212.0,53.225933528685054,0,0.0,0.0,0.0,0.0,636.0,2.3333333333333335,0.5773502691896257,1.3333333333333333,0.5773502691896257,Choice Hotels,3,0.3333333333333333,False,True,False,False,True,False,False,True,2477.81,0.0,5,3,5,4.5,2156.6889085250637,5,5945.377159167534,False,460.4525
3414,548109,1984-06-10,39.0,F,False,False,usa,los angeles,LAX,33.942,-118.408,2023-01-23,186,7,15.0,0.5714285714285714,111.0,2.3333333333333335,123.0,123.0,9.0,0.0,4,3,0.75,0,0.0,4,4,1.0,814.175,516.247297168066,0.0,0.0,0.0,3256.7,0,0.0,1.25,0.5,0.5,0.5773502691896257,Delta Air Lines,2,0.75,LAX-JFK,4,0.25,3312.505602600844,926.9863481510725,0.0,3,132.0,83.71977066380438,0,0.0,0.0,0.0,0.0,396.0,3.3333333333333335,0.5773502691896257,1.3333333333333333,0.5773502691896257,Best Western,3,0.3333333333333333,False,True,False,False,True,False,False,True,3652.7,0.0,1,4,5,3.15,2384.485970323441,5,6573.348788635303,True,651.3399999999999
3422,548222,1971-07-25,52.0,F,True,True,canada,calgary,YYC,51.114,-114.02,2023-01-23,186,8,16.875,0.5,126.0,1.1428571428571428,24.0,24.0,74.5,0.0,4,2,0.5,0,0.0,3,3,1.0,2052.7833333333333,2960.719307707729,0.05,2.514,2.514,6155.836,1,0.3333333333333333,2.0,1.7320508075688772,1.3333333333333333,1.5275252316519468,American Airlines,2,0.6666666666666666,YYC-JFK,3,0.3333333333333333,3578.161119262895,3452.197016328121,0.3333333333333333,3,202.66666666666666,54.30776494511014,0,0.0,0.0,0.0,0.0,608.0,6.0,2.0,1.0,0.0,Best Western,3,0.3333333333333333,False,True,False,False,False,False,False,True,6763.836,2.514,4,4,5,4.35,4415.438455818607,5,12172.10643554846,False,1026.3916666666667
3434,548448,1960-11-18,62.0,F,False,False,usa,sacramento,SAC,38.513,-121.493,2023-01-23,186,8,9.75,0.375,73.375,1.3333333333333333,41.0,41.0,9.0,0.0,3,1,0.3333333333333333,0,0.0,1,1,1.0,582.82,0.0,0.0,0.0,0.0,582.82,0,0.0,1.0,0.0,0.0,0.0,Ryanair,1,1.0,SAC-NCA,1,1.0,3724.2640855610443,0.0,0.0,3,316.3333333333333,294.235166717599,0,0.0,0.0,0.0,0.0,949.0,9.333333333333334,8.020806277010642,1.0,0.0,Best Western,3,0.3333333333333333,False,True,False,True,True,False,False,True,1531.82,0.0,2,3,4,2.95,1333.2980349005222,4,3675.5229981136617,False,582.82
3445,548672,1982-10-08,40.0,M,False,False,usa,chicago,ORD,41.979,-87.904,2023-01-23,186,7,21.285714285714285,0.42857142857142855,158.14285714285714,1.1666666666666667,35.0,35.0,8.0,0.0,3,3,1.0,0,0.0,3,3,1.0,380.50333333333333,165.288288857176,0.0,0.0,0.0,1141.51,0,0.0,1.3333333333333333,0.5773502691896257,0.6666666666666666,0.5773502691896257,American Airlines,3,0.3333333333333333,ORD-LGA,2,0.6666666666666666,1770.9067446552483,1010.0421077656789,0.0,3,232.66666666666666,74.57434768962672,1,0.3333333333333333,0.25,50.0,50.0,648.0,2.3333333333333335,0.5773502691896257,1.3333333333333333,0.5773502691896257,Accor,2,0.6666666666666666,False,True,False,False,True,False,False,False,1789.51,50.0,3,3,4,3.35,1557.5917316883406,4,4293.836847902743,False,285.3775
3446,548708,1985-07-15,38.0,M,True,False,usa,cleveland,CLE,41.412,-81.85,2023-01-23,186,8,19.375,0.375,144.0,1.1428571428571428,24.0,48.0,4.666666666666667,0.0,3,2,0.6666666666666666,0,0.0,2,2,1.0,227.01,159.551574106933,0.0,0.0,0.0,454.02,0,0.0,1.0,0.0,0.0,0.0,Air Canada,2,0.5,CLE-RND,2,0.5,1322.7612315638607,934.4056713392847,0.0,3,282.6666666666667,135.592526834385,1,0.3333333333333333,0.25,109.5,109.5,738.5,6.333333333333333,4.163331998932265,1.3333333333333333,0.5773502691896257,Choice Hotels,2,0.6666666666666666,False,True,False,False,True,False,False,False,1192.52,109.5,4,3,3,3.4,1037.9708925197287,2,2861.390167063039,False,227.01
3449,548859,1976-01-14,47.0,F,True,False,usa,new york,JFK,40.64,-73.779,2023-01-23,186,8,30.625,0.375,226.75,1.6,73.0,73.0,8.333333333333334,0.0,3,3,1.0,0,0.0,3,3,1.0,216.07,270.671765612891,0.0,0.0,0.0,648.21,0,0.0,1.0,0.0,0.6666666666666666,0.5773502691896257,Air Canada,2,0.6666666666666666,JFK-PHL,3,0.3333333333333333,1336.897467319754,1694.1241994579243,0.0,3,211.0,74.48489779814429,1,0.3333333333333333,0.1,26.9,26.9,606.1,3.6666666666666665,3.7859388972001824,1.0,0.0,Accor,3,0.3333333333333333,False,True,False,False,True,False,False,False,1254.31,26.9,1,3,3,2.1999999999999997,1091.752985439591,3,3009.652081683192,False,216.07
3453,548978,1987-03-17,36.0,F,True,False,canada,gatineau,YND,45.521,-75.564,2023-01-23,186,8,17.625,0.5,130.75,1.1428571428571428,12.0,12.0,8.75,0.0,4,1,0.25,0,0.0,1,1,1.0,780.46,0.0,0.0,0.0,0.0,780.46,0,0.0,1.0,0.0,1.0,0.0,United Airlines,1,1.0,YND-SFO,1,1.0,3933.759399967298,0.0,0.0,4,151.25,107.716835576741,1,0.25,0.2,58.6,58.6,546.4,8.0,4.242640687119285,1.5,0.5773502691896257,Accor,4,0.25,False,True,False,True,True,False,False,False,1326.86,58.6,5,4,3,4.05,866.1754468156051,2,2387.799045552232,False,780.46
3458,549116,1980-03-13,43.0,F,True,True,usa,columbus,LCK,39.814,-82.928,2023-01-24,185,8,17.0,0.375,127.5,1.6,58.0,58.0,5.0,0.0,3,3,1.0,0,0.0,3,3,1.0,200.21666666666667,78.2164748204196,0.0,0.0,0.0,600.65,0,0.0,1.3333333333333333,0.5773502691896257,0.0,0.0,Delta Air Lines,2,0.6666666666666666,LCK-JFK,3,0.3333333333333333,867.1448636381702,118.34565239616806,0.0,3,212.66666666666666,137.311082339822,0,0.0,0.0,0.0,0.0,638.0,6.0,3.605551275463989,1.3333333333333333,0.5773502691896257,Choice Hotels,3,0.3333333333333333,False,True,False,False,True,False,False,True,1238.65,0.0,2,3,3,2.5999999999999996,1078.1225019450928,3,2972.0767202500865,False,150.16250000000002
3466,549251,1993-08-14,29.0,F,False,True,usa,los angeles,LAX,33.942,-118.408,2023-01-24,185,8,17.75,0.25,131.75,1.6,79.0,79.0,131.5,0.0,2,1,0.5,0,0.0,2,2,1.0,688.78,13.067333316327398,0.0,0.0,0.0,1377.56,0,0.0,1.0,0.0,0.0,0.0,Air Canada,2,0.5,LAX-PHL,2,0.5,3838.868758029103,24.713779436104144,0.0,1,164.0,0.0,0,0.0,0.0,0.0,0.0,164.0,4.0,0.0,1.0,0.0,Wyndham,1,1.0,False,True,False,False,True,False,True,True,1541.56,0.0,1,2,4,2.3,2012.6636145381792,5,5548.340437817854,False,688.78
3470,549292,1978-02-19,45.0,F,False,True,canada,edmonton,YED,53.667,-113.467,2023-01-24,185,8,17.75,0.375,131.75,1.1428571428571428,12.0,12.0,8.666666666666666,0.0,3,3,1.0,0,0.0,3,3,1.0,557.06,208.080663445694,0.0,0.0,0.0,1671.18,0,0.0,1.3333333333333333,0.5773502691896257,0.6666666666666666,1.1547005383792515,Alaska Airlines,2,0.6666666666666666,YED-FTW,3,0.3333333333333333,2407.9635255306043,215.02780442667785,0.0,3,257.3333333333333,187.214671789722,0,0.0,0.0,0.0,0.0,772.0,2.6666666666666665,1.1547005383792515,1.3333333333333333,0.5773502691896257,Conrad,3,0.3333333333333333,False,True,False,False,True,False,False,True,2443.18,0.0,5,3,5,4.5,2126.546913415583,5,5862.2842622053095,False,417.79499999999996
3499,549733,1989-02-07,34.0,M,False,False,usa,chicago,ORD,41.979,-87.904,2023-01-24,185,8,13.25,0.25,97.625,1.6,70.0,70.0,144.0,0.0,2,1,0.5,0,0.0,2,2,1.0,1108.725,1463.590828903352,0.0,0.0,0.0,2217.45,0,0.0,1.0,0.0,0.5,0.7071067811865476,Delta Air Lines,2,0.5,ORD-DEL,2,0.5,6213.605807108155,8213.276437003797,0.5,1,355.0,0.0,0,0.0,0.0,0.0,0.0,355.0,5.0,0.0,1.0,0.0,Marriott,1,1.0,False,True,False,False,True,False,True,True,2572.45,0.0,1,2,5,2.65,3358.5955235078354,5,9258.691428983975,False,1108.725
3537,550460,1979-01-21,44.0,F,False,False,usa,las vegas,LAS,36.08,-115.152,2023-01-24,185,8,15.875,0.5,117.5,1.6,60.0,119.0,6.5,0.0,4,3,0.75,0,0.0,3,2,0.6666666666666666,539.2766666666666,184.296743414889,0.15,49.968,49.968,1567.862,1,0.3333333333333333,1.0,0.0,0.0,0.0,American Airlines,2,0.6666666666666666,LAS-JFK,2,0.6666666666666666,3570.9922354511777,66.30936251427731,0.0,4,138.75,71.48601261785413,1,0.25,0.2,48.4,48.4,506.6,5.0,4.242640687119285,1.0,0.0,Four Seasons,3,0.5,False,True,False,False,False,False,False,False,2074.462,98.368,2,4,4,3.2,1354.2107304101366,4,3733.1733443124176,True,539.2766666666666
3539,550506,1983-11-12,39.0,F,True,True,usa,montgomery,MXF,32.379,-86.362,2023-01-24,185,8,20.0,0.25,148.125,2.6666666666666665,128.0,128.0,6.0,0.0,2,1,0.5,0,0.0,1,1,1.0,847.81,0.0,0.0,0.0,0.0,847.81,0,0.0,3.0,0.0,1.0,0.0,Allegiant Air,1,1.0,MXF-YUL,1,1.0,1835.4666483587728,0.0,0.0,2,384.0,55.154328932550705,1,0.5,0.15,51.75,51.75,716.25,5.0,1.414213562373095,2.5,0.7071067811865476,Banyan Tree,2,0.5,False,True,False,True,True,False,False,False,1564.06,51.75,1,2,4,2.3,2042.039656552184,5,5629.321820216788,True,282.6033333333333
3544,550627,1952-12-27,70.0,F,True,False,usa,philadelphia,PNE,40.082,-75.011,2023-01-24,185,9,8.444444444444445,0.1111111111111111,62.77777777777778,2.25,98.0,98.0,253.0,0.0,1,0,0.0,0,0.0,1,1,1.0,5053.2,0.0,0.0,0.0,0.0,5053.2,0,0.0,2.0,0.0,1.0,0.0,IndiGo Airlines,1,1.0,PNE-BKK,1,1.0,13994.146663515183,0.0,1.0,0,0.0,0.0,0,0.0,0.0,0.0,0.0,0.0,0.0,0.0,0.0,0.0,MISSING,0,0.0,False,True,False,True,True,True,False,True,5053.2,0.0,1,1,5,2.4,13194.934711570522,5,36374.67747007081,True,2526.6
3564,551116,1984-08-09,38.0,F,False,False,canada,ottawa,YOW,45.323,-75.669,2023-01-25,184,8,8.375,0.25,63.0,1.3333333333333333,44.0,134.0,9.5,0.0,2,2,1.0,0,0.0,2,2,1.0,553.225,97.51709619343677,0.0,0.0,0.0,1106.45,0,0.0,1.0,0.0,1.0,0.0,Delta Air Lines,1,1.0,YOW-LSQ,2,0.5,3231.804392692005,833.8048792570353,0.0,2,220.0,175.362481734264,0,0.0,0.0,0.0,0.0,440.0,6.5,0.7071067811865476,1.0,0.0,Best Western,2,0.5,False,True,False,False,True,False,False,True,1546.45,0.0,2,2,4,2.7,2019.0480076692231,5,5565.940391592556,True,553.225
3589,551600,2006-06-10,17.0,F,False,False,usa,boston,BOS,42.364,-71.005,2023-01-25,184,8,10.75,0.125,80.0,2.0,116.0,156.0,6.0,0.0,1,1,1.0,0,0.0,1,1,1.0,847.06,0.0,0.0,0.0,0.0,847.06,0,0.0,2.0,0.0,1.0,0.0,Southwest Airlines,1,1.0,BOS-DAL,1,1.0,2497.5823247236876,0.0,0.0,1,366.0,0.0,0,0.0,0.0,0.0,0.0,366.0,8.0,0.0,2.0,0.0,Crowne Plaza,1,1.0,False,True,False,True,True,False,True,True,1213.06,0.0,1,1,3,1.6999999999999997,3167.546802267422,5,8732.024509586816,True,423.53
3604,551890,1991-11-19,31.0,F,False,False,canada,saskatoon,YXE,52.171,-106.7,2023-01-25,184,8,12.875,0.5,95.125,1.3333333333333333,30.0,109.0,9.0,0.0,4,2,0.5,0,0.0,3,3,1.0,512.03,201.550763580791,0.1,34.749,34.749,1501.341,1,0.3333333333333333,1.3333333333333333,0.5773502691896257,1.0,0.0,Delta Air Lines,2,0.6666666666666666,YXE-LAS,3,0.3333333333333333,2250.954501775246,351.44442464472877,0.0,3,445.6666666666667,282.684158263836,0,0.0,0.0,0.0,0.0,1337.0,3.0,1.0,1.0,0.0,Banyan Tree,3,0.3333333333333333,False,True,False,False,False,False,False,True,2838.341,34.749,3,4,5,3.95,1852.8716548016005,5,5107.839508879436,True,384.0225
3606,551914,1973-04-12,50.0,F,False,False,canada,calgary,YYC,51.114,-114.02,2023-01-25,184,8,11.75,0.25,88.375,1.3333333333333333,37.0,172.0,6.5,0.0,2,2,1.0,0,0.0,2,2,1.0,586.36,7.396336931211287,0.0,0.0,0.0,1172.72,0,0.0,1.0,0.0,1.0,1.414213562373095,AirTran Airways,1,1.0,YYC-BWI,2,0.5,3224.7641407109595,74.03072725474978,0.0,2,177.5,13.435028842544403,0,0.0,0.0,0.0,0.0,355.0,1.5,0.7071067811865476,1.0,0.0,Banyan Tree,2,0.5,False,True,False,False,True,False,False,True,1527.72,0.0,3,2,4,3.1,1994.5940846948984,5,5498.527889711132,True,586.36
3620,552313,1979-01-19,44.0,F,False,False,usa,los angeles,LAX,33.942,-118.408,2023-01-25,184,8,24.75,0.75,183.75,1.1428571428571428,19.0,19.0,7.5,0.0,6,5,0.8333333333333334,0,0.0,6,6,1.0,614.96,667.166987042974,0.0,0.0,0.0,3689.76,0,0.0,1.5,0.5477225575051661,0.6666666666666666,0.816496580927726,American Airlines,5,0.3333333333333333,LAX-BWI,6,0.16666666666666666,1859.3877579787388,1601.1345067689294,0.0,5,206.6,63.33877169633146,0,0.0,0.0,0.0,0.0,1033.0,4.0,2.1213203435596424,1.6,0.5477225575051661,Marriott,3,0.6,False,True,False,False,True,False,False,True,4722.76,0.0,4,5,5,4.6,2055.348091586084,5,5666.009385753965,False,409.97333333333336
3621,552314,1971-08-10,51.0,F,True,True,usa,san diego,SAN,32.733,-117.189,2023-01-25,184,8,10.125,0.5,76.125,1.3333333333333333,36.0,36.0,7.25,0.0,4,1,0.25,0,0.0,3,3,1.0,636.8433333333334,161.880005044889,0.15,95.5335,95.5335,1814.9965,1,0.3333333333333333,1.0,0.0,0.3333333333333333,0.5773502691896257,AeroMéxico,2,0.6666666666666666,SAN-BOS,3,0.3333333333333333,3557.631410084461,652.2640499508133,0.0,2,126.5,14.849242404917497,0,0.0,0.0,0.0,0.0,253.0,3.5,0.7071067811865476,1.0,0.0,Accor,2,0.5,False,True,False,False,False,False,False,True,2067.9965,95.5335,3,4,4,3.6,1349.990045973658,4,3721.5381192479667,False,636.8433333333334
3622,552345,1982-12-05,40.0,M,True,True,usa,san jose,SJC,37.362,-121.929,2023-01-25,184,8,13.375,0.375,100.375,1.3333333333333333,31.0,54.0,6.333333333333333,0.0,3,3,1.0,0,0.0,3,3,1.0,972.6833333333333,663.413178745594,0.0,0.0,0.0,2918.05,0,0.0,1.3333333333333333,0.5773502691896257,0.3333333333333333,0.5773502691896257,American Airlines,1,1.0,SJC-LGA,3,0.3333333333333333,3684.485449009764,483.2712043942037,0.0,3,217.0,20.808652046684813,0,0.0,0.0,0.0,0.0,651.0,2.0,0.0,1.3333333333333333,0.5773502691896257,Banyan Tree,3,0.3333333333333333,False,True,False,False,True,False,False,True,3569.05,0.0,3,3,5,3.7,3106.505562965433,5,8563.751195582749,False,729.5125
3628,552384,1965-08-23,57.0,F,False,False,usa,new york,LGA,40.777,-73.872,2023-01-25,184,8,15.0,0.375,112.0,1.3333333333333333,29.0,87.0,6.0,0.0,3,3,1.0,0,0.0,3,3,1.0,399.6166666666667,322.229968242144,0.1,4.68,4.68,1194.17,1,0.3333333333333333,1.0,0.0,0.6666666666666666,0.5773502691896257,Southwest Airlines,1,1.0,LGA-BWI,3,0.3333333333333333,2287.433479953475,1853.7729236809294,0.0,3,402.3333333333333,296.145797426425,0,0.0,0.0,0.0,0.0,1207.0,2.6666666666666665,2.8867513459481287,1.0,0.0,Extended Stay,2,0.6666666666666666,False,True,False,False,False,False,False,True,2401.17,4.68,3,3,5,3.7,2089.98135711904,5,5761.483436291851,False,399.6166666666667
3630,552432,1975-08-12,47.0,F,True,False,usa,new york,JFK,40.64,-73.779,2023-01-25,184,8,19.0,0.5,141.375,1.3333333333333333,44.0,44.0,82.5,0.0,4,3,0.75,0,0.0,4,3,0.75,628.3975,626.846428687548,0.0,0.0,0.0,2513.59,0,0.0,1.5,0.5773502691896257,0.75,0.5,Allegiant Air,4,0.25,JFK-IAH,4,0.25,2164.0201834535237,1419.221799638439,0.0,3,257.6666666666667,163.857661808453,0,0.0,0.0,0.0,0.0,773.0,3.3333333333333335,1.1547005383792515,1.3333333333333333,0.5773502691896257,Best Western,2,0.6666666666666666,False,True,False,False,True,False,False,True,3286.59,0.0,2,4,5,3.55,2145.4890205068355,5,5914.502257300326,False,418.9316666666667
3632,552473,1985-03-23,38.0,F,False,False,canada,montreal,YUL,45.468,-73.741,2023-01-25,184,8,19.625,0.375,145.875,2.0,111.0,111.0,7.333333333333333,0.0,3,1,0.3333333333333333,0,0.0,3,3,1.0,729.3633333333333,47.50579157674707,0.0,0.0,0.0,2188.09,0,0.0,1.0,0.0,0.3333333333333333,0.5773502691896257,United Airlines,2,0.6666666666666666,YUL-FAT,3,0.3333333333333333,3987.4769136579507,81.9749821766785,0.0,1,80.0,0.0,0,0.0,0.0,0.0,0.0,80.0,1.0,0.0,1.0,0.0,Best Western,1,1.0,False,True,False,False,True,False,True,True,2268.09,0.0,1,3,5,2.9,1974.1483594531512,5,5442.164847561474,True,729.3633333333333
3638,552573,1988-06-17,35.0,M,True,True,usa,st. petersburg,PIE,27.911,-82.687,2023-01-25,184,8,8.625,0.25,63.625,1.1428571428571428,19.0,19.0,101.5,0.0,2,1,0.5,0,0.0,2,2,1.0,5802.31,7555.846078911348,0.05,22.976,22.976,11581.644,1,0.5,2.5,2.1213203435596424,2.0,1.414213562373095,Delta Air Lines,2,0.5,PIE-LUF,2,0.5,10150.508129747572,10259.284625785205,0.5,1,262.0,0.0,0,0.0,0.0,0.0,0.0,262.0,2.0,0.0,1.0,0.0,Starwood,1,1.0,False,True,False,False,False,False,True,True,11843.644,22.976,4,2,5,3.85,15463.083721907302,5,42627.31838937103,False,2320.924
3642,552623,2006-07-21,17.0,F,False,True,usa,austin,AUS,30.194,-97.67,2023-01-25,184,8,9.0,0.125,67.125,1.6,57.0,57.0,309.0,0.0,1,1,1.0,0,0.0,1,1,1.0,6052.9,0.0,0.0,0.0,0.0,6052.9,0,0.0,2.0,0.0,2.0,0.0,Indonesia AirAsia,1,1.0,AUS-JHB,1,1.0,15813.840702491587,0.0,1.0,1,55.0,0.0,0,0.0,0.0,0.0,0.0,55.0,9.0,0.0,1.0,0.0,Four Seasons,1,1.0,False,True,False,True,True,False,True,True,6107.9,0.0,2,1,5,2.8,15948.971290430141,5,43966.77204928471,False,3026.45
3643,552642,1980-10-23,42.0,F,True,False,usa,phoenix,LUF,33.535,-112.383,2023-01-25,184,8,19.25,0.375,143.75,1.3333333333333333,49.0,84.0,6.666666666666667,0.0,3,3,1.0,0,0.0,3,3,1.0,317.87333333333333,94.10187369725075,0.15,63.9375,63.9375,889.6825,1,0.3333333333333333,1.0,0.0,0.6666666666666666,0.5773502691896257,United Airlines,2,0.6666666666666666,LUF-PWM,3,0.3333333333333333,1783.092559899822,494.7337368456668,0.0,3,412.6666666666667,337.159210660681,1,0.3333333333333333,0.15,48.75,48.75,1189.25,2.0,1.0,1.0,0.0,Accor,3,0.3333333333333333,False,True,False,False,False,False,False,False,2078.9325,112.6875,2,3,4,2.95,1809.5054359786593,5,4988.291193009577,False,317.87333333333333
3669,553339,1981-02-09,42.0,F,False,False,usa,riverside,RIV,33.881,-117.259,2023-01-26,183,8,18.75,0.5,139.875,1.6,83.0,83.0,6.75,0.0,4,3,0.75,0,0.0,4,3,0.75,377.06,210.714173388186,0.0,0.0,0.0,1508.24,0,0.0,1.0,0.0,1.0,0.0,Delta Air Lines,3,0.5,RIV-FTW,4,0.25,2339.261139986231,1028.0202344432882,0.0,3,397.3333333333333,361.779398713267,0,0.0,0.0,0.0,0.0,1192.0,5.333333333333333,2.516611478423583,1.0,0.0,Hyatt,2,0.6666666666666666,False,True,False,False,True,False,False,True,2700.24,0.0,1,4,5,3.15,1762.7191930643546,5,4859.314844642207,False,377.06
3681,553704,1999-08-02,23.0,F,False,False,usa,los angeles,LAX,33.942,-118.408,2023-01-26,183,8,23.25,0.25,172.25,1.1428571428571428,11.0,78.0,5.5,0.0,2,1,0.5,0,0.0,1,1,1.0,1029.99,0.0,0.1,102.999,102.999,926.991,1,1.0,2.0,0.0,1.0,0.0,United Airlines,1,1.0,LAX-ORD,1,1.0,2811.592049976628,0.0,0.0,2,121.5,34.64823227814083,0,0.0,0.0,0.0,0.0,243.0,4.5,4.949747468305833,1.5,0.7071067811865476,Aman Resorts,2,0.5,False,True,False,True,False,False,False,True,1169.991,102.999,5,2,3,3.55,1527.542434311437,4,4210.999492191643,False,514.995
3706,554217,1999-07-12,24.0,F,False,False,usa,boston,BOS,42.364,-71.005,2023-01-26,183,8,13.25,0.25,99.625,1.1428571428571428,13.0,13.0,6.5,0.0,2,1,0.5,0,0.0,2,2,1.0,991.225,463.557992542465,0.0,0.0,0.0,1982.45,0,0.0,1.5,0.7071067811865476,0.5,0.7071067811865476,Condor Flugdienst,2,0.5,BOS-LAS,2,0.5,3822.6947021124424,0.0,0.0,1,145.0,0.0,0,0.0,0.0,0.0,0.0,145.0,4.0,0.0,2.0,0.0,Radisson,1,1.0,False,True,False,False,True,False,True,True,2127.45,0.0,5,2,4,3.9,2777.6026925641877,5,7657.059643760601,False,660.8166666666667
3716,554532,1985-05-27,38.0,F,False,False,canada,vancouver,YVR,49.195,-123.182,2023-01-26,183,8,20.0,0.375,148.875,1.1428571428571428,17.0,17.0,7.666666666666667,0.0,3,3,1.0,0,0.0,3,3,1.0,505.87666666666667,179.530249354624,0.0,0.0,0.0,1517.63,0,0.0,1.0,0.0,0.3333333333333333,0.5773502691896257,United Airlines,2,0.6666666666666666,YVR-IND,3,0.3333333333333333,2951.1761960356307,1152.9782662569319,0.0,3,198.66666666666666,205.098350391546,0,0.0,0.0,0.0,0.0,596.0,4.0,3.0,1.0,0.0,Choice Hotels,3,0.3333333333333333,False,True,False,False,True,False,False,True,2113.63,0.0,4,3,4,3.75,1839.7061831721687,5,5071.546052736601,False,505.87666666666667
3734,555058,2006-07-03,17.0,F,False,False,usa,new york,JFK,40.64,-73.779,2023-01-26,183,8,13.75,0.25,102.875,1.3333333333333333,34.0,34.0,131.0,0.0,2,1,0.5,0,0.0,2,2,1.0,653.23,43.091087245508206,0.0,0.0,0.0,1306.46,0,0.0,1.0,0.0,0.5,0.7071067811865476,American Airlines,2,0.5,JFK-LSV,2,0.5,3547.01930557351,88.04421033922044,0.0,1,285.0,0.0,0,0.0,0.0,0.0,0.0,285.0,4.0,0.0,1.0,0.0,Choice Hotels,1,1.0,False,True,False,False,True,False,True,True,1591.46,0.0,3,2,4,3.1,2077.8131477159054,5,5727.939148115936,False,653.23
3751,555277,1965-04-02,58.0,F,True,True,usa,oakland,OAK,37.721,-122.221,2023-01-27,182,9,17.0,0.1111111111111111,125.33333333333333,1.2857142857142858,16.0,140.0,8.0,0.0,1,1,1.0,0,0.0,1,1,1.0,760.9,0.0,0.0,0.0,0.0,760.9,0,0.0,1.0,0.0,1.0,0.0,JetBlue Airways,1,1.0,OAK-LGA,1,1.0,4135.143759652739,0.0,0.0,1,428.0,0.0,0,0.0,0.0,0.0,0.0,428.0,2.0,0.0,1.0,0.0,Best Western,1,1.0,False,True,False,True,True,False,True,True,1188.9,0.0,4,1,3,2.9,3104.4601200400134,5,8558.112491919415,True,760.9
3791,556111,1974-07-01,49.0,M,False,True,usa,san antonio,RND,29.529,-98.279,2023-01-27,182,8,14.875,0.375,110.75,1.1428571428571428,8.0,8.0,5.333333333333333,0.0,3,2,0.6666666666666666,0,0.0,3,3,1.0,487.4433333333333,426.591499837178,0.05,46.5415,46.5415,1415.7885,1,0.3333333333333333,1.6666666666666667,1.1547005383792515,0.3333333333333333,0.5773502691896257,JetBlue Airways,2,0.6666666666666666,RND-CLT,3,0.3333333333333333,1557.5799496396228,1083.5506681072254,0.0,2,562.0,43.840620433565945,1,0.5,0.1,53.1,53.1,1070.9,8.0,8.48528137423857,2.0,1.414213562373095,Marriott,2,0.5,False,True,False,False,False,False,False,False,2486.6885,99.6415,5,3,5,4.5,2164.4167659775485,5,5966.680661497282,False,292.466
3799,556274,2006-07-26,17.0,M,False,False,usa,bakersfield,BFL,35.433,-119.057,2023-01-27,182,8,6.625,0.25,50.625,1.1428571428571428,18.0,18.0,171.0,0.0,2,0,0.0,0,0.0,1,1,1.0,1672.54,0.0,0.0,0.0,0.0,1672.54,0,0.0,1.0,0.0,0.0,0.0,Ariana Afghan Airlines,1,1.0,BFL-SVO,1,1.0,9609.572630306036,0.0,1.0,1,284.0,0.0,0,0.0,0.0,0.0,0.0,284.0,4.0,0.0,1.0,0.0,Marriott,1,1.0,False,True,False,True,True,False,True,True,1956.54,0.0,4,2,4,3.5,2554.4622774258087,5,7041.925063058295,False,1672.54
3800,556314,1984-10-25,38.0,F,True,False,usa,baton rouge,BTR,30.533,-91.149,2023-01-27,182,9,12.444444444444445,0.2222222222222222,93.33333333333333,1.5,54.0,54.0,101.5,0.0,2,1,0.5,0,0.0,2,2,1.0,3343.02,3862.698071452129,0.0,0.0,0.0,6686.04,0,0.0,1.5,0.7071067811865476,0.5,0.7071067811865476,Kenmore Air,2,0.5,BTR-BFI,2,0.5,9687.910610528754,9100.266236646181,0.5,1,715.0,0.0,0,0.0,0.0,0.0,0.0,715.0,7.0,0.0,1.0,0.0,Hilton,1,1.0,False,True,False,False,True,False,True,True,7401.04,0.0,2,2,5,3.05,9662.811643881294,5,26637.620017324953,False,2228.68
3808,556622,1971-01-27,52.0,F,True,False,usa,los angeles,LAX,33.942,-118.408,2023-01-27,182,8,19.625,0.5,144.625,1.1428571428571428,10.0,10.0,6.75,0.0,4,2,0.5,0,0.0,4,4,1.0,600.2275,643.757260224432,0.0,0.0,0.0,2400.91,0,0.0,1.5,1.0,0.5,0.5773502691896257,Ryanair,2,0.75,LAX-LOU,4,0.25,2173.55842383003,1203.9771446902869,0.0,2,206.0,70.71067811865476,0,0.0,0.0,0.0,0.0,412.0,4.0,0.0,2.0,1.414213562373095,Best Western,2,0.5,False,True,False,False,True,False,False,True,2812.91,0.0,5,4,5,4.75,1836.270274258086,5,5062.074230306384,False,400.15166666666664
3815,556827,1959-06-01,64.0,F,True,False,usa,phoenix,PHX,33.434,-112.008,2023-01-27,182,8,12.5,0.375,93.125,1.1428571428571428,25.0,25.0,10.0,0.0,3,0,0.0,0,0.0,2,2,1.0,497.56,150.93901351208,0.0,0.0,0.0,995.12,0,0.0,1.0,0.0,0.0,0.0,JetBlue Airways,2,0.5,PHX-JFK,2,0.5,2888.5841072907174,804.9749350828034,0.0,1,174.0,0.0,0,0.0,0.0,0.0,0.0,174.0,12.0,0.0,1.0,0.0,NH Hotel,1,1.0,False,True,False,False,True,False,True,True,1169.12,0.0,4,3,3,3.4,1017.6035033900188,2,2805.243075266444,False,497.56
3821,556906,1983-12-20,39.0,F,False,False,usa,portland,PDX,45.589,-122.597,2023-01-27,182,8,11.625,0.375,86.0,1.3333333333333333,35.0,35.0,9.666666666666666,0.0,3,2,0.6666666666666666,0,0.0,2,2,1.0,610.225,77.27970011587777,0.05,33.2435,33.2435,1187.2065,1,0.5,1.0,0.0,0.0,0.0,Porter Airlines,2,0.5,PDX-YKZ,2,0.5,3378.856328812951,0.0,0.0,3,249.66666666666666,215.81782441062,0,0.0,0.0,0.0,0.0,749.0,3.6666666666666665,2.0816659994661326,1.0,0.0,Hilton,2,0.6666666666666666,False,True,False,False,False,False,False,True,1936.2065,33.2435,3,3,4,3.35,1685.2765479048571,4,4645.827525327493,False,610.225
3825,557036,1977-06-04,46.0,M,False,False,usa,columbus,CMH,39.998,-82.892,2023-01-27,182,8,10.5,0.375,77.875,1.6,84.0,84.0,109.0,0.0,3,1,0.3333333333333333,0,0.0,3,3,1.0,576.8833333333333,685.698262090063,0.0,0.0,0.0,1730.65,0,0.0,1.0,0.0,0.0,0.0,Finnair,3,0.3333333333333333,CMH-CLT,3,0.3333333333333333,3097.5136633349684,3556.2065352802056,0.3333333333333333,1,106.0,0.0,0,0.0,0.0,0.0,0.0,106.0,2.0,0.0,1.0,0.0,Marriott,1,1.0,False,True,False,False,True,False,True,True,1836.65,0.0,1,3,4,2.55,1598.6224463710125,4,4406.94684394084,False,576.8833333333333
3830,557134,1967-05-02,56.0,F,True,False,usa,washington,IAD,38.944,-77.456,2023-01-28,181,8,15.75,0.625,117.25,1.1428571428571428,16.0,16.0,10.6,0.0,5,2,0.4,0,0.0,2,2,1.0,122.325,77.88781194769821,0.0,0.0,0.0,244.65,0,0.0,1.0,0.0,0.5,0.7071067811865476,Delta Air Lines,1,1.0,IAD-LGA,2,0.5,646.7128209941931,396.46802753434923,0.0,5,226.4,103.543710576741,1,0.2,0.1,37.0,37.0,1095.0,7.0,4.743416490252569,1.6,0.8944271909999159,Rosewood,4,0.4,False,True,False,False,True,False,False,False,1339.65,37.0,4,5,3,3.9,699.6198166055352,1,1928.652603213028,False,122.325
3842,557492,1998-07-21,25.0,M,False,True,usa,chicago,MDW,41.786,-87.752,2023-01-28,181,8,14.0,0.25,104.25,1.6,74.0,140.0,10.5,0.0,2,1,0.5,0,0.0,1,0,0.0,252.54,0.0,0.0,0.0,0.0,252.54,0,0.0,1.0,0.0,0.0,0.0,Alaska Airlines,1,1.0,MDW-SJC,1,1.0,2950.379568634588,0.0,0.0,2,606.0,244.658946290545,0,0.0,0.0,0.0,0.0,1212.0,5.5,4.949747468305833,1.0,0.0,Shangri-La,2,0.5,False,True,False,True,True,False,False,True,1464.54,0.0,1,2,3,1.9499999999999997,1912.1061587195732,5,5271.132167934923,True,252.54
3857,557851,1977-07-24,46.0,F,True,False,usa,philadelphia,PHL,39.872,-75.241,2023-01-28,181,8,14.875,0.5,110.875,1.3333333333333333,39.0,65.0,5.75,0.0,4,4,1.0,0,0.0,4,3,0.75,724.1475,958.481627866874,0.0,0.0,0.0,2896.59,0,0.0,1.75,0.9574271077563381,1.75,0.9574271077563381,Delta Air Lines,2,0.75,PHL-DMA,4,0.25,2061.2844417196516,1792.7476648160198,0.0,4,253.75,223.183594080449,3,0.75,0.08333333333333333,16.016666666666666,48.05,966.95,4.25,2.217355782608345,1.75,0.9574271077563381,Crowne Plaza,3,0.5,False,True,False,False,True,False,False,False,3863.54,48.05,3,4,5,3.95,2522.1225191730578,5,6952.773558968445,False,413.79857142857145
3865,557957,1976-04-09,47.0,F,True,False,canada,montreal,YHU,45.517,-73.417,2023-01-28,181,9,8.555555555555555,0.2222222222222222,65.0,1.5,55.0,163.0,5.5,0.0,2,1,0.5,0,0.0,2,2,1.0,619.425,201.659782926591,0.0,0.0,0.0,1238.85,0,0.0,1.0,0.0,1.0,0.0,American Airlines,2,0.5,YHU-IAH,2,0.5,3295.217880915622,994.0574856417674,0.0,1,415.0,0.0,0,0.0,0.0,0.0,0.0,415.0,6.0,0.0,1.0,0.0,Radisson,1,1.0,False,True,False,False,True,False,True,True,1653.85,0.0,2,2,4,2.7,2159.269648216072,5,5952.491523576804,True,619.425
3887,558466,1984-05-26,39.0,F,False,False,canada,ottawa,YOW,45.323,-75.669,2023-01-28,181,9,17.666666666666668,0.2222222222222222,132.0,1.8,71.0,133.0,9.0,0.0,2,2,1.0,0,0.0,2,2,1.0,336.41,219.839498270898,0.0,0.0,0.0,672.82,0,0.0,1.0,0.0,0.0,0.0,American Airlines,1,1.0,YOW-LOU,2,0.5,1892.4254926848403,1060.3629262894542,0.0,2,275.0,26.870057685088806,0,0.0,0.0,0.0,0.0,550.0,1.5,0.7071067811865476,1.0,0.0,Hyatt,2,0.5,False,True,False,False,True,False,False,True,1222.82,0.0,1,2,3,1.9499999999999997,1596.5160753584528,4,4401.14017889179,True,336.41
3919,559277,1994-03-17,29.0,F,False,False,canada,edmonton,YEG,53.31,-113.58,2023-01-29,180,8,23.125,0.5,169.875,1.6,87.0,87.0,7.0,0.0,4,1,0.25,0,0.0,1,1,1.0,568.65,0.0,0.0,0.0,0.0,568.65,0,0.0,1.0,0.0,0.0,0.0,Finnair,1,1.0,YEG-JFK,1,1.0,3277.238062506185,0.0,0.0,4,175.75,62.84571054044447,1,0.25,0.2,37.2,37.2,665.8,6.75,5.315072906367325,1.0,0.0,Choice Hotels,4,0.25,False,True,False,True,True,False,False,False,1234.45,37.2,1,4,3,2.4499999999999997,805.8501125375125,2,2221.499277830331,False,568.65
3922,559368,1976-02-12,47.0,F,False,True,usa,atlanta,ATL,33.64,-84.427,2023-01-29,180,8,16.625,0.375,123.25,1.1428571428571428,14.0,14.0,9.0,0.0,3,3,1.0,0,0.0,3,3,1.0,481.39,82.4089048586377,0.15,57.9675,57.9675,1386.2025,1,0.3333333333333333,1.0,0.0,1.3333333333333333,0.5773502691896257,AirTran Airways,2,0.6666666666666666,ATL-SAN,2,0.6666666666666666,2713.482573341591,566.8759423342259,0.0,3,220.0,99.03534722511958,0,0.0,0.0,0.0,0.0,660.0,3.0,1.0,1.0,0.0,Best Western,3,0.3333333333333333,False,True,False,False,False,False,False,True,2046.2025,57.9675,5,3,4,4.15,1781.0172032344115,5,4909.7572479453665,False,481.39
3963,560245,1980-10-26,42.0,F,False,True,usa,san jose,SJC,37.362,-121.929,2023-01-29,180,9,19.333333333333332,0.3333333333333333,144.44444444444446,1.2857142857142858,20.0,20.0,8.666666666666666,0.0,3,3,1.0,0,0.0,3,3,1.0,1533.65,1233.807264000338,0.0,0.0,0.0,4600.95,0,0.0,2.3333333333333335,1.1547005383792515,0.0,0.0,Allegiant Air,3,0.3333333333333333,SJC-NZY,3,0.3333333333333333,2904.054375614465,1932.2419747277595,0.0,3,161.66666666666666,96.57294307068275,0,0.0,0.0,0.0,0.0,485.0,3.3333333333333335,3.2145502536643185,2.3333333333333335,1.1547005383792515,Banyan Tree,2,0.6666666666666666,False,True,False,False,True,False,False,True,5085.95,0.0,4,3,5,4.1,4426.817211292653,5,12203.474424055163,False,657.2785714285715
3991,560870,1969-12-04,53.0,M,True,False,usa,spokane,SFF,47.683,-117.322,2023-01-29,180,8,14.25,0.25,106.125,2.0,113.0,129.0,6.0,0.0,2,1,0.5,0,0.0,2,2,1.0,541.76,109.3894190495589,0.0,0.0,0.0,1083.52,0,0.0,1.0,0.0,0.5,0.7071067811865476,Allegiant Air,2,0.5,SFF-LCK,2,0.5,3090.7857256297884,321.1614826986404,0.0,1,140.0,0.0,1,1.0,0.05,7.0,7.0,133.0,5.0,0.0,1.0,0.0,Hyatt,1,1.0,False,True,False,False,True,False,True,False,1216.52,7.0,1,2,3,1.9499999999999997,1588.2907835945314,4,4378.465391820088,True,541.76
3992,560888,1974-11-22,48.0,F,False,False,usa,cleveland,CLE,41.412,-81.85,2023-01-29,180,9,17.22222222222222,0.3333333333333333,129.11111111111111,1.5,28.0,91.0,7.666666666666667,0.0,3,2,0.6666666666666666,0,0.0,3,3,1.0,241.27333333333334,142.772942231129,0.0,0.0,0.0,723.82,0,0.0,1.3333333333333333,0.5773502691896257,0.6666666666666666,0.5773502691896257,Delta Air Lines,2,0.6666666666666666,CLE-AUS,3,0.3333333333333333,1021.3861915041807,757.7882109180237,0.0,2,363.5,6.363961030678928,0,0.0,0.0,0.0,0.0,727.0,3.0,0.0,1.5,0.7071067811865476,Choice Hotels,2,0.5,False,True,False,False,True,False,False,True,1450.82,0.0,3,3,3,3.0,1262.7955340669112,3,3481.167680356219,True,180.955
3998,560978,2006-07-13,17.0,F,False,True,usa,los angeles,LAX,33.942,-118.408,2023-01-29,180,8,19.0,0.25,142.125,1.1428571428571428,9.0,65.0,30.5,0.0,2,1,0.5,0,0.0,1,1,1.0,4589.44,0.0,0.0,0.0,0.0,4589.44,0,0.0,2.0,0.0,1.0,0.0,Ethiopian Airlines,1,1.0,LAX-SIN,1,1.0,14106.084705284515,0.0,1.0,2,169.5,183.140656327316,0,0.0,0.0,0.0,0.0,339.0,13.0,4.242640687119285,1.0,0.0,Choice Hotels,2,0.5,False,True,False,True,True,False,False,True,4928.44,0.0,5,2,5,4.25,6434.580466822274,5,17738.30596756469,False,2294.72
4022,561665,1978-10-12,44.0,F,False,False,canada,victoria,YYJ,48.647,-123.426,2023-01-30,179,8,18.0,0.125,135.0,2.0,117.0,178.0,7.0,0.0,1,1,1.0,0,0.0,1,1,1.0,1411.68,0.0,0.0,0.0,0.0,1411.68,0,0.0,2.0,0.0,0.0,0.0,Delta Air Lines,1,1.0,YYJ-LGA,1,1.0,3953.9097044366417,0.0,0.0,1,113.0,0.0,0,0.0,0.0,0.0,0.0,113.0,1.0,0.0,2.0,0.0,Conrad,1,1.0,False,True,False,True,True,False,True,True,1524.68,0.0,1,1,4,2.05,3981.250110036679,5,10975.172810311797,True,705.84
4039,562042,1980-10-07,42.0,M,True,True,canada,edmonton,YED,53.667,-113.467,2023-01-30,179,8,14.5,0.25,108.0,1.3333333333333333,32.0,32.0,7.0,0.0,2,2,1.0,0,0.0,2,2,1.0,501.395,11.730901499884823,0.15,76.4535,76.4535,926.3365,1,0.5,1.0,0.0,0.5,0.7071067811865476,Ryanair,2,0.5,YED-LGA,2,0.5,3114.243845476264,229.3744374200111,0.0,2,223.5,211.424927574778,0,0.0,0.0,0.0,0.0,447.0,1.5,0.7071067811865476,1.0,0.0,Shangri-La,1,1.0,False,True,False,False,False,False,False,True,1373.3365,76.4535,3,2,3,2.75,1793.030698816272,5,4942.875034173979,False,501.395
4050,562338,1979-03-22,44.0,F,True,False,usa,houston,EFD,29.607,-95.159,2023-01-30,179,8,14.75,0.375,109.0,1.1428571428571428,13.0,100.0,6.666666666666667,0.0,3,1,0.3333333333333333,0,0.0,1,0,0.0,245.51,0.0,0.0,0.0,0.0,245.51,0,0.0,1.0,0.0,1.0,0.0,Air Canada,1,1.0,EFD-YYC,1,1.0,2857.87161893567,0.0,0.0,3,310.6666666666667,87.37467215007638,0,0.0,0.0,0.0,0.0,932.0,7.666666666666667,7.234178138070235,1.3333333333333333,0.5773502691896257,Accor,3,0.3333333333333333,False,True,False,True,True,False,False,True,1177.51,0.0,5,3,3,3.8,1024.9061698343892,2,2825.3744470687275,True,245.51
4056,562490,1971-08-15,51.0,F,True,False,usa,new york,JFK,40.64,-73.779,2023-01-30,179,8,18.125,0.375,134.5,1.1428571428571428,18.0,18.0,125.0,0.0,3,1,0.3333333333333333,0,0.0,3,3,1.0,1337.4,1412.823199236196,0.0,0.0,0.0,4012.2,0,0.0,1.3333333333333333,0.5773502691896257,1.0,0.0,Aeroflot Russian Airlines,3,0.3333333333333333,JFK-AYT,3,0.3333333333333333,4854.48920672861,3257.1538915330448,0.3333333333333333,1,86.0,0.0,1,1.0,0.15,12.9,12.9,73.1,2.0,0.0,1.0,0.0,Banyan Tree,1,1.0,False,True,False,False,True,False,True,False,4085.3,12.9,4,3,5,4.1,3555.850205624097,5,9802.466415240526,False,1003.0500000000001
4059,562576,1975-08-16,47.0,F,True,False,usa,chicago,UGN,42.422,-87.868,2023-01-30,179,8,10.625,0.375,79.5,1.1428571428571428,22.0,22.0,99.33333333333333,0.0,3,0,0.0,0,0.0,1,1,1.0,985.65,0.0,0.0,0.0,0.0,985.65,0,0.0,2.0,0.0,1.0,0.0,United Airlines,1,1.0,UGN-LAX,1,1.0,2812.813772164563,0.0,0.0,2,232.5,204.353859762912,1,0.5,0.15,13.2,13.2,451.8,5.0,2.8284271247461903,1.0,0.0,Accor,2,0.5,False,True,False,True,True,False,False,False,1437.45,13.2,4,3,3,3.4,1251.158269423141,3,3449.087055684404,False,492.825
4072,562894,1985-03-03,38.0,M,False,True,usa,miami,MIA,25.793,-80.291,2023-01-30,179,8,16.75,0.25,125.125,1.3333333333333333,35.0,35.0,7.5,0.0,2,1,0.5,0,0.0,2,2,1.0,562.64,95.06343566271944,0.0,0.0,0.0,1125.28,0,0.0,1.0,0.0,0.5,0.7071067811865476,American Airlines,2,0.5,MIA-DEN,2,0.5,2901.861299267218,217.54605969001932,0.0,1,61.0,0.0,0,0.0,0.0,0.0,0.0,61.0,2.0,0.0,1.0,0.0,Rosewood,1,1.0,False,True,False,False,True,False,True,True,1186.28,0.0,3,2,3,2.75,1548.8093831277092,4,4269.626413875921,False,562.64
4079,563162,1989-08-17,33.0,F,False,True,canada,toronto,YKZ,43.862,-79.37,2023-01-31,178,8,16.625,0.375,124.75,1.1428571428571428,10.0,25.0,6.333333333333333,0.0,3,3,1.0,0,0.0,3,3,1.0,529.9233333333333,176.865365838915,0.0,0.0,0.0,1589.77,0,0.0,1.0,0.0,0.0,0.0,United Airlines,2,0.6666666666666666,YKZ-LAX,2,0.6666666666666666,2993.8251286105638,905.3578455705804,0.0,3,68.66666666666667,3.0550504633038935,1,0.3333333333333333,0.05,3.4,3.4,202.6,3.0,1.0,1.0,0.0,Crowne Plaza,3,0.3333333333333333,False,True,False,False,True,False,False,False,1792.37,3.4,5,3,4,4.15,1560.0810792486382,4,4300.699270233437,False,529.9233333333333
4081,563201,1996-10-15,26.0,F,False,False,usa,los angeles,LAX,33.942,-118.408,2023-01-31,178,8,14.625,0.375,109.375,1.3333333333333333,29.0,60.0,7.666666666666667,0.0,3,2,0.6666666666666666,0,0.0,3,3,1.0,1027.7333333333333,748.08545643752,0.0,0.0,0.0,3083.2,0,0.0,1.6666666666666667,1.1547005383792515,0.0,0.0,Delta Air Lines,2,0.6666666666666666,LAX-CLT,3,0.3333333333333333,3328.8222701331383,691.0696588277743,0.0,2,117.5,27.577164466275352,0,0.0,0.0,0.0,0.0,235.0,8.5,7.7781745930520225,2.0,1.414213562373095,Best Western,2,0.5,False,True,False,False,True,False,False,True,3318.2,0.0,3,3,5,3.7,2888.165410692453,5,7961.849572626518,False,616.64
4118,564052,1974-02-22,49.0,F,False,True,usa,wichita,ICT,37.65,-97.433,2023-01-31,178,8,12.375,0.375,92.875,1.3333333333333333,41.0,53.0,10.0,0.0,3,3,1.0,0,0.0,3,3,1.0,349.1533333333333,55.73021113662978,0.0,0.0,0.0,1047.46,0,0.0,1.3333333333333333,0.5773502691896257,0.6666666666666666,0.5773502691896257,United Airlines,2,0.6666666666666666,ICT-AUS,3,0.3333333333333333,1555.1407786713773,677.1023360310307,0.0,3,217.66666666666666,94.64847243000456,0,0.0,0.0,0.0,0.0,653.0,2.3333333333333335,0.5773502691896257,1.3333333333333333,0.5773502691896257,Best Western,3,0.3333333333333333,False,True,False,False,True,False,False,True,1700.46,0.0,2,3,4,2.95,1480.0825008336112,4,4080.1659707879244,False,261.865
4127,564258,2006-10-16,16.0,F,False,False,usa,rochester,ROC,43.119,-77.672,2023-01-31,178,8,12.0,0.375,89.375,1.1428571428571428,25.0,25.0,7.333333333333333,0.0,3,1,0.3333333333333333,0,0.0,1,1,1.0,817.32,0.0,0.0,0.0,0.0,817.32,0,0.0,2.0,0.0,0.0,0.0,United Airlines,1,1.0,ROC-IAH,1,1.0,2161.6086430688924,0.0,0.0,3,211.33333333333334,58.157831229623184,0,0.0,0.0,0.0,0.0,634.0,7.666666666666667,2.309401076758503,1.6666666666666667,0.5773502691896257,Choice Hotels,3,0.3333333333333333,False,True,False,True,True,False,False,True,1451.32,0.0,4,3,3,3.4,1263.2307346893408,3,3482.3674045399066,False,408.66
4158,565109,1994-08-05,28.0,F,False,False,usa,chicago,UGN,42.422,-87.868,2023-01-31,178,7,14.428571428571429,0.42857142857142855,107.28571428571429,1.75,83.0,83.0,8.666666666666666,0.0,3,2,0.6666666666666666,0,0.0,3,2,0.6666666666666666,273.82666666666665,230.979896599971,0.13333333333333333,32.11483333333333,96.3445,725.1355,3,1.0,1.0,0.0,0.6666666666666666,0.5773502691896257,JetBlue Airways,2,0.6666666666666666,UGN-CLT,3,0.3333333333333333,1666.319398591391,995.4222735941923,0.0,2,219.5,156.270598642227,0,0.0,0.0,0.0,0.0,439.0,4.0,0.0,1.0,0.0,Fairmont,2,0.5,False,True,False,False,False,False,False,True,1164.1355,96.3445,1,3,3,2.1999999999999997,1013.2649883850173,2,2793.2830248792598,False,273.82666666666665
4166,565280,2003-07-28,20.0,F,False,False,usa,new york,JFK,40.64,-73.779,2023-02-01,177,8,15.625,0.25,116.25,1.6,30.0,30.0,147.0,0.0,2,1,0.5,0,0.0,2,2,1.0,1643.25,1714.691517970507,0.0,0.0,0.0,3286.5,0,0.0,1.0,0.0,0.5,0.7071067811865476,Conviasa,2,0.5,JFK-DPS,2,0.5,9448.239682240295,9775.15797228751,0.5,1,116.0,0.0,0,0.0,0.0,0.0,0.0,116.0,3.0,0.0,1.0,0.0,Four Seasons,1,1.0,False,True,False,False,True,False,True,True,3402.5,0.0,3,2,5,3.45,4442.31035345115,5,12246.184604994452,False,1643.25
4172,565387,2002-10-06,20.0,F,False,False,usa,new york,JFK,40.64,-73.779,2023-02-01,177,8,10.0,0.25,74.625,1.3333333333333333,24.0,24.0,132.5,0.0,2,1,0.5,0,0.0,2,2,1.0,2301.355,3086.811013659566,0.0,0.0,0.0,4602.71,0,0.0,1.5,0.7071067811865476,0.5,0.7071067811865476,Allegiant Air,2,0.5,JFK-JNB,2,0.5,6794.235491731773,8511.71017481661,0.5,1,176.0,0.0,0,0.0,0.0,0.0,0.0,176.0,1.0,0.0,1.0,0.0,Choice Hotels,1,1.0,False,True,False,False,True,False,True,True,4778.71,0.0,4,2,5,3.85,6239.092699233078,5,17199.401861493916,False,1534.2366666666667
4174,565459,1995-01-10,28.0,F,False,False,usa,new york,LGA,40.777,-73.872,2023-02-01,177,8,19.0,0.375,142.375,1.6,52.0,52.0,8.666666666666666,0.0,3,3,1.0,0,0.0,3,3,1.0,609.8666666666667,142.286549024612,0.15,103.899,103.899,1725.701,1,0.3333333333333333,1.0,0.0,0.3333333333333333,0.5773502691896257,Delta Air Lines,2,0.6666666666666666,LGA-LSQ,2,0.6666666666666666,3488.4303750910644,826.1333218577339,0.0,3,98.0,10.583005244258363,2,0.6666666666666666,0.15,15.7,31.4,262.6,2.6666666666666665,0.5773502691896257,1.0,0.0,Four Seasons,2,0.6666666666666666,False,True,False,False,False,False,False,False,1988.301,135.299,2,3,4,2.95,1730.6196655551848,5,4770.825588301754,False,609.8666666666667
4199,565935,1970-09-04,52.0,F,True,False,usa,new york,LGA,40.777,-73.872,2023-02-01,177,8,15.5,0.375,115.5,1.3333333333333333,24.0,24.0,8.666666666666666,0.0,3,3,1.0,0,0.0,3,2,0.6666666666666666,770.7,693.034660677228,0.3,226.221,226.221,2085.879,1,0.3333333333333333,1.3333333333333333,0.5773502691896257,0.6666666666666666,1.1547005383792515,American Airlines,3,0.3333333333333333,LGA-IND,3,0.3333333333333333,2983.005094655304,1665.5588451546987,0.0,3,75.0,59.10160742314882,1,0.3333333333333333,0.2,7.2,7.2,217.8,4.666666666666667,0.5773502691896257,1.3333333333333333,0.5773502691896257,Radisson,2,0.6666666666666666,False,True,False,False,False,False,False,False,2303.679,233.421,4,3,5,4.1,2005.125069356452,5,5527.558815508012,False,578.0250000000001
4210,566173,1978-07-22,45.0,F,False,True,usa,san francisco,SFO,37.619,-122.375,2023-02-01,177,8,13.625,0.25,102.125,1.6,27.0,154.0,14.5,0.0,2,1,0.5,0,0.0,1,1,1.0,727.25,0.0,0.0,0.0,0.0,727.25,0,0.0,1.0,0.0,0.0,0.0,JetBlue Airways,1,1.0,SFO-JFK,1,1.0,4151.773538909842,0.0,0.0,2,244.0,193.747258045114,0,0.0,0.0,0.0,0.0,488.0,8.5,7.7781745930520225,1.0,0.0,Aman Resorts,2,0.5,False,True,False,True,True,False,False,True,1215.25,0.0,3,2,3,2.75,1586.6326692230743,4,4373.894442680238,True,727.25
4223,566489,1974-09-14,48.0,M,False,False,usa,phoenix,LUF,33.535,-112.383,2023-02-01,177,8,15.75,0.375,117.75,2.0,60.0,60.0,9.333333333333334,0.0,3,2,0.6666666666666666,0,0.0,3,3,1.0,232.68333333333334,231.346104858788,0.0,0.0,0.0,698.05,0,0.0,1.0,0.0,1.0,1.0,United Airlines,2,0.6666666666666666,LUF-BIF,3,0.3333333333333333,1404.062331094525,1435.2299171463699,0.0,2,355.0,203.646752981726,0,0.0,0.0,0.0,0.0,710.0,4.5,4.949747468305833,1.0,0.0,Conrad,2,0.5,False,True,False,False,True,False,False,True,1408.05,0.0,2,3,3,2.5999999999999996,1225.5684728242745,3,3378.5432736835537,False,232.68333333333334
4267,567547,1990-05-06,33.0,F,False,False,usa,san jose,SJC,37.362,-121.929,2023-02-02,176,8,13.5,0.25,100.875,1.6,36.0,36.0,6.5,0.0,2,1,0.5,0,0.0,2,2,1.0,999.485,446.205592132147,0.0,0.0,0.0,1998.97,0,0.0,1.5,0.7071067811865476,1.0,0.0,Air China,2,0.5,SJC-IAD,2,0.5,3826.3068934875255,92.03536549485449,0.0,1,129.0,0.0,0,0.0,0.0,0.0,0.0,129.0,5.0,0.0,2.0,0.0,Conrad,1,1.0,False,True,False,False,True,False,True,True,2127.97,0.0,3,2,4,3.1,2778.281605535178,5,7658.931213487155,False,666.3233333333334
4282,567961,1997-02-20,26.0,F,False,False,usa,philadelphia,PHL,39.872,-75.241,2023-02-02,176,8,17.0,0.375,126.625,1.6,31.0,31.0,6.666666666666667,0.0,3,2,0.6666666666666666,0,0.0,3,3,1.0,777.2666666666667,647.017225530614,0.0,0.0,0.0,2331.8,0,0.0,1.3333333333333333,0.5773502691896257,0.6666666666666666,0.5773502691896257,Delta Air Lines,2,0.6666666666666666,PHL-SFO,3,0.3333333333333333,3046.765180450673,1709.4695855160378,0.0,2,185.5,208.596500450032,0,0.0,0.0,0.0,0.0,371.0,3.5,0.7071067811865476,1.5,0.7071067811865476,Extended Stay,2,0.5,False,True,False,False,True,False,False,True,2702.8,0.0,3,3,5,3.7,2352.52048460598,5,6485.229047343426,False,582.95
4287,568078,1987-01-12,36.0,F,True,True,usa,san jose,SJC,37.362,-121.929,2023-02-02,176,8,23.125,0.25,171.875,2.0,71.0,71.0,7.5,0.0,2,1,0.5,0,0.0,2,2,1.0,703.345,52.813805486823235,0.0,0.0,0.0,1406.69,0,0.0,1.0,0.0,0.5,0.7071067811865476,Air Canada,2,0.5,SJC-PHL,2,0.5,3962.692353338046,80.52878015033774,0.0,1,206.0,0.0,0,0.0,0.0,0.0,0.0,206.0,7.0,0.0,1.0,0.0,Wyndham,1,1.0,False,True,False,False,True,False,True,True,1612.69,0.0,1,2,4,2.3,2105.5310753584527,5,5804.34958137502,False,703.345
4322,569180,1979-07-14,44.0,F,False,True,usa,washington,IAD,38.944,-77.456,2023-02-02,176,8,15.5,0.375,115.25,1.3333333333333333,23.0,23.0,8.333333333333334,0.0,3,1,0.3333333333333333,0,0.0,2,2,1.0,674.825,120.5122087176233,0.0,0.0,0.0,1349.65,0,0.0,1.0,0.0,1.5,0.7071067811865476,United Airlines,1,1.0,IAD-LSQ,2,0.5,3421.8171176803303,356.69323526058156,0.0,2,411.0,152.735064736294,0,0.0,0.0,0.0,0.0,822.0,4.5,3.5355339059327378,1.0,0.0,Choice Hotels,2,0.5,False,True,False,False,True,False,False,True,2171.65,0.0,4,3,4,3.75,1890.2068633989106,5,5210.762047011746,False,674.825
4325,569239,1979-12-26,43.0,F,False,False,usa,phoenix,LUF,33.535,-112.383,2023-02-02,176,8,34.5,0.375,254.875,2.0,69.0,69.0,7.0,0.0,3,3,1.0,0,0.0,3,3,1.0,835.75,937.675034380248,0.35,41.741,41.741,2465.509,1,0.3333333333333333,2.0,1.0,0.6666666666666666,0.5773502691896257,American Airlines,2,0.6666666666666666,LUF-ELP,3,0.3333333333333333,1825.291617025356,1492.7010612048432,0.0,3,210.66666666666666,90.5612131838644,1,0.3333333333333333,0.15,43.5,43.5,588.5,3.0,1.7320508075688772,2.0,1.0,Four Seasons,2,0.6666666666666666,False,True,False,False,False,False,False,False,3054.009,85.241,1,3,5,2.9,2658.213235411804,5,7327.936909001128,False,417.875
4329,569342,1987-08-03,35.0,F,True,True,canada,ottawa,YOW,45.323,-75.669,2023-02-02,176,8,20.25,0.375,151.0,1.6,32.0,137.0,6.666666666666667,0.0,3,1,0.3333333333333333,0,0.0,3,3,1.0,513.2066666666667,184.214117899072,0.0,0.0,0.0,1539.62,0,0.0,1.0,0.0,0.6666666666666666,0.5773502691896257,American Airlines,3,0.3333333333333333,YOW-LRF,3,0.3333333333333333,2976.7003227952246,1102.0544921768007,0.0,1,156.0,0.0,0,0.0,0.0,0.0,0.0,156.0,2.0,0.0,1.0,0.0,Best Western,1,1.0,False,True,False,False,True,False,True,True,1695.62,0.0,3,3,4,3.35,1475.8697588084915,4,4068.5526406898243,True,513.2066666666667
4347,569883,1973-01-05,50.0,F,True,False,usa,nashville,BNA,36.124,-86.678,2023-02-03,175,9,20.333333333333332,0.4444444444444444,151.44444444444446,2.25,69.0,69.0,8.0,0.0,4,3,0.75,0,0.0,3,3,1.0,288.2366666666667,191.007112258506,0.0,0.0,0.0,864.71,0,0.0,1.3333333333333333,0.5773502691896257,0.3333333333333333,0.5773502691896257,United Airlines,2,0.6666666666666666,BNA-HOU,3,0.3333333333333333,1276.8410316809288,993.8191424946322,0.0,4,247.75,282.28162651272,1,0.25,0.15,100.5,100.5,890.5,3.5,1.7320508075688772,1.25,0.5,Radisson,3,0.5,False,True,False,False,True,False,False,False,1755.21,100.5,1,4,4,2.8,1145.8027267422474,3,3158.6518266763137,False,216.1775
4365,570418,1984-08-01,38.0,F,False,False,canada,toronto,YKZ,43.862,-79.37,2023-02-03,175,9,26.11111111111111,0.4444444444444444,194.33333333333334,1.8,32.0,32.0,67.25,0.0,4,3,0.75,0,0.0,4,4,1.0,491.105,147.703787471186,0.0,0.0,0.0,1964.42,0,0.0,1.0,0.0,0.5,0.5773502691896257,JetBlue Airways,3,0.5,YKZ-AUS,4,0.25,2755.5342817875435,685.3702306306325,0.0,3,175.33333333333334,49.21720566360237,0,0.0,0.0,0.0,0.0,526.0,4.0,1.0,1.0,0.0,InterContinental,2,0.6666666666666666,False,True,False,False,True,False,False,True,2490.42,0.0,3,4,5,3.95,1625.7485011670558,4,4481.725652310109,False,491.105
4368,570600,1957-05-21,66.0,F,True,False,usa,richmond,RIC,37.505,-77.319,2023-02-03,175,10,12.3,0.1,92.5,2.0,52.0,52.0,169.0,0.0,1,1,1.0,0,0.0,1,1,1.0,5009.3,0.0,0.0,0.0,0.0,5009.3,0,0.0,2.0,0.0,1.0,0.0,American Airlines,1,1.0,RIC-XSP,1,1.0,15685.435288361703,0.0,1.0,1,283.0,0.0,0,0.0,0.0,0.0,0.0,283.0,11.0,0.0,1.0,0.0,Starwood,1,1.0,False,True,False,True,True,False,True,True,5292.3,0.0,2,1,5,2.8,13819.27352450817,5,38095.801783989504,False,2504.65
4371,570626,1975-03-12,48.0,F,True,False,usa,new york,LGA,40.777,-73.872,2023-02-03,175,7,19.857142857142858,0.42857142857142855,146.57142857142858,1.4,48.0,48.0,8.0,0.0,3,3,1.0,0,0.0,3,3,1.0,477.68,159.920514006177,0.0,0.0,0.0,1433.04,0,0.0,1.0,0.0,1.0,0.0,Alaska Airlines,3,0.3333333333333333,LGA-DAL,3,0.3333333333333333,2783.987952980793,941.5833310891121,0.0,3,174.0,107.25203960764568,0,0.0,0.0,0.0,0.0,522.0,2.6666666666666665,2.0816659994661326,1.0,0.0,Wyndham,2,0.6666666666666666,False,True,False,False,True,False,False,True,1955.04,0.0,2,3,4,2.95,1701.6692497499164,4,4691.017536154465,False,477.68
4380,570713,1973-09-09,49.0,F,False,False,usa,new york,JFK,40.64,-73.779,2023-02-03,175,8,20.75,0.25,154.625,2.0,60.0,129.0,8.0,0.0,2,1,0.5,0,0.0,2,2,1.0,1500.21,1124.540198392214,0.0,0.0,0.0,3000.42,0,0.0,2.0,1.414213562373095,1.5,0.7071067811865476,American Airlines,2,0.5,JFK-FAT,2,0.5,3947.877125986964,22.735155572559503,0.0,1,153.0,0.0,0,0.0,0.0,0.0,0.0,153.0,2.0,0.0,1.0,0.0,Conrad,1,1.0,False,True,False,False,True,False,True,True,3153.42,0.0,2,2,5,3.05,4117.111040346782,5,11349.702705975491,True,750.105
4386,570837,1985-08-04,37.0,F,False,False,canada,gatineau,YND,45.521,-75.564,2023-02-03,175,8,14.875,0.625,110.375,1.3333333333333333,20.0,47.0,6.0,0.0,5,4,0.8,0,0.0,5,5,1.0,361.886,296.952818188345,0.0,0.0,0.0,1809.43,0,0.0,1.2,0.4472135954999579,0.4,0.5477225575051661,American Airlines,3,0.6,YND-LAX,5,0.2,1834.7792267948284,1726.6003460761983,0.0,4,220.0,176.657861415789,0,0.0,0.0,0.0,0.0,880.0,3.25,2.217355782608345,1.25,0.5,Banyan Tree,4,0.25,False,True,False,False,True,False,False,True,2689.43,0.0,4,5,5,4.6,1404.5299319773258,4,3871.889053602966,False,301.5716666666667
4390,570945,1968-07-02,55.0,F,True,False,usa,phoenix,PHX,33.434,-112.008,2023-02-03,175,8,15.625,0.25,117.0,1.3333333333333333,19.0,79.0,6.5,0.0,2,2,1.0,0,0.0,2,2,1.0,532.455,181.832508782121,0.0,0.0,0.0,1064.91,0,0.0,1.0,0.0,0.0,0.0,Delta Air Lines,1,1.0,PHX-MEM,2,0.5,2780.9396254040194,1063.4570042461817,0.0,2,132.0,80.61017305526642,0,0.0,0.0,0.0,0.0,264.0,3.5,2.1213203435596424,1.0,0.0,Best Western,2,0.5,False,True,False,False,True,False,False,True,1328.91,0.0,4,2,3,3.15,1735.027377459153,5,4782.976394834145,False,532.455
4391,570961,1947-07-20,76.0,F,True,False,usa,columbus,LCK,39.814,-82.928,2023-02-03,175,8,12.5,0.375,93.25,1.6,35.0,35.0,70.66666666666667,0.0,3,1,0.3333333333333333,0,0.0,1,1,1.0,2640.91,0.0,0.0,0.0,0.0,2640.91,0,0.0,2.0,0.0,1.0,0.0,easyJet,1,1.0,LCK-NAP,1,1.0,7755.712650232078,0.0,1.0,3,207.33333333333334,42.61846235299126,0,0.0,0.0,0.0,0.0,622.0,6.666666666666667,5.686240703077327,1.6666666666666667,1.1547005383792515,Four Seasons,3,0.3333333333333333,False,True,False,True,True,False,False,True,3262.91,0.0,3,3,5,3.7,2840.0409258641766,5,7829.184072394308,False,1320.455
4444,572728,1968-03-06,55.0,F,False,True,usa,jacksonville,LRF,34.918,-92.146,2023-02-04,174,7,18.857142857142858,0.5714285714285714,139.71428571428572,2.3333333333333335,94.0,94.0,48.0,0.0,4,2,0.5,0,0.0,3,3,1.0,410.11,245.076323417828,0.0,0.0,0.0,1230.33,0,0.0,1.3333333333333333,0.5773502691896257,1.0,1.0,Delta Air Lines,2,0.6666666666666666,LRF-LAX,3,0.3333333333333333,1655.5030240179992,789.0791452181566,0.0,3,229.33333333333334,27.31910198621714,0,0.0,0.0,0.0,0.0,688.0,3.6666666666666665,1.5275252316519468,1.3333333333333333,0.5773502691896257,Conrad,3,0.3333333333333333,False,True,False,False,True,False,False,True,1918.33,0.0,1,4,4,2.8,1252.287615038346,3,3452.200339941074,True,307.58250000000004
4445,572744,1992-10-25,30.0,F,True,False,canada,ottawa,YOW,45.323,-75.669,2023-02-04,174,8,24.375,0.5,180.25,1.6,49.0,49.0,6.5,0.0,4,3,0.75,0,0.0,3,3,1.0,449.03333333333336,309.689887199006,0.0,0.0,0.0,1347.1,0,0.0,1.0,0.0,0.0,0.0,American Airlines,2,0.6666666666666666,YOW-LSV,2,0.6666666666666666,2477.498160460687,1675.4075738989243,0.0,4,356.75,320.309615840674,2,0.5,0.1,12.3,24.6,1402.4,4.25,2.217355782608345,1.0,0.0,Accor,4,0.25,False,True,False,False,True,False,False,False,2749.5,24.6,2,4,5,3.55,1794.876167055685,5,4947.962464574907,False,449.03333333333336
4463,573249,1975-12-27,47.0,M,False,False,canada,edmonton,YED,53.667,-113.467,2023-02-04,174,8,15.625,0.375,116.75,1.3333333333333333,11.0,11.0,7.666666666666667,0.0,3,3,1.0,0,0.0,3,3,1.0,466.25333333333333,128.736402906611,0.0,0.0,0.0,1398.76,0,0.0,1.0,0.0,0.0,0.0,Delta Air Lines,2,0.6666666666666666,YED-CMH,3,0.3333333333333333,2564.799339631569,817.1409554435855,0.0,3,170.33333333333334,53.25723737984663,1,0.3333333333333333,0.15,27.9,27.9,483.1,9.0,11.269427669584644,1.0,0.0,Accor,3,0.3333333333333333,False,True,False,False,True,False,False,False,1881.86,27.9,5,3,4,4.15,1637.9732866511058,4,4515.425904629901,False,466.25333333333333
4473,573518,1980-08-06,42.0,F,True,False,usa,los angeles,LAX,33.942,-118.408,2023-02-04,174,8,11.375,0.25,83.75,1.6,46.0,138.0,9.5,0.0,2,1,0.5,0,0.0,2,2,1.0,699.62,35.05835421122902,0.0,0.0,0.0,1399.24,0,0.0,1.0,0.0,0.0,0.0,Delta Air Lines,2,0.5,LAX-LGA,2,0.5,3745.3717837317226,323.6258870040081,0.0,1,131.0,0.0,0,0.0,0.0,0.0,0.0,131.0,2.0,0.0,1.0,0.0,Crowne Plaza,1,1.0,False,True,False,False,True,False,True,True,1530.24,0.0,2,2,4,2.7,1997.8842014004667,5,5507.597804539812,True,699.62
4512,574680,1982-11-19,40.0,F,False,False,canada,toronto,YYZ,43.677,-79.631,2023-02-05,173,8,28.0,0.25,208.125,1.6,30.0,148.0,8.0,0.0,2,1,0.5,0,0.0,1,1,1.0,574.26,0.0,0.05,28.713,28.713,545.547,1,1.0,1.0,0.0,1.0,0.0,Kenmore Air,1,1.0,YYZ-BFI,1,1.0,3304.7436664604807,0.0,0.0,2,309.5,58.68986283848344,0,0.0,0.0,0.0,0.0,619.0,4.5,0.7071067811865476,1.0,0.0,Accor,2,0.5,False,True,False,True,False,False,False,True,1164.547,28.713,3,2,3,2.75,1520.4347377459153,4,4191.405596823652,True,574.26
4514,574840,1985-03-05,38.0,F,False,True,usa,new york,JFK,40.64,-73.779,2023-02-05,173,8,12.125,0.375,90.375,1.6,42.0,119.0,7.333333333333333,0.0,3,2,0.6666666666666666,0,0.0,3,3,1.0,394.05,157.919080861054,0.25,94.5125,94.5125,1087.6375,1,0.3333333333333333,1.0,0.0,1.0,0.0,Southwest Airlines,2,0.6666666666666666,JFK-DAL,3,0.3333333333333333,2278.0307458471902,972.4982270980693,0.0,2,364.0,280.014285349873,0,0.0,0.0,0.0,0.0,728.0,4.5,2.1213203435596424,1.0,0.0,Four Seasons,2,0.5,False,True,False,False,False,False,False,True,1815.6375,94.5125,2,3,4,2.95,1580.3331402134045,4,4356.528435121355,True,394.05
4516,574909,1980-07-06,43.0,F,True,True,usa,orlando,MCO,28.429,-81.316,2023-02-05,173,8,15.5,0.375,116.125,2.6666666666666665,91.0,91.0,7.333333333333333,0.0,3,3,1.0,0,0.0,3,3,1.0,290.1066666666667,27.266140785474818,0.0,0.0,0.0,870.32,0,0.0,1.0,0.0,1.0,0.0,American Airlines,1,1.0,MCO-JFK,3,0.3333333333333333,1587.1688319134628,113.33979234316084,0.0,3,264.0,71.84010022264724,1,0.3333333333333333,0.05,17.2,17.2,774.8,1.6666666666666667,1.1547005383792515,1.0,0.0,Hyatt,3,0.3333333333333333,False,True,False,False,True,False,False,False,1645.12,17.2,1,3,4,2.55,1431.914495943092,4,3947.380498137345,True,290.1066666666667
4527,575433,1967-10-10,55.0,F,True,False,usa,los angeles,LAX,33.942,-118.408,2023-02-05,173,8,20.875,0.375,154.5,1.3333333333333333,8.0,8.0,9.0,0.0,3,2,0.6666666666666666,0,0.0,2,2,1.0,545.165,186.386276452962,0.0,0.0,0.0,1090.33,0,0.0,1.0,0.0,1.0,0.0,Delta Air Lines,1,1.0,LAX-DCA,2,0.5,3155.3402549525376,785.7928040369255,0.0,3,346.3333333333333,130.27023195394,0,0.0,0.0,0.0,0.0,1039.0,3.3333333333333335,1.5275252316519468,1.0,0.0,NH Hotel,2,0.6666666666666666,False,True,False,False,True,False,False,True,2129.33,0.0,5,3,4,4.15,1853.3714827164608,5,5109.2173921044005,False,545.165
4541,575823,1981-12-26,41.0,F,True,False,usa,new york,JFK,40.64,-73.779,2023-02-06,172,9,18.22222222222222,0.1111111111111111,134.66666666666666,1.8,28.0,111.0,9.0,0.0,1,1,1.0,0,0.0,1,1,1.0,1427.64,0.0,0.05,71.382,71.382,1356.258,1,1.0,2.0,0.0,0.0,0.0,AirTran Airways,1,1.0,JFK-LAX,1,1.0,3974.209842999768,0.0,0.0,1,121.0,0.0,0,0.0,0.0,0.0,0.0,121.0,1.0,0.0,2.0,0.0,Four Seasons,1,1.0,False,True,False,True,False,False,True,True,1477.258,71.382,3,1,3,2.5,3857.4216065355117,5,10633.812888878703,True,713.82
4574,576962,1979-02-25,44.0,F,False,False,usa,chicago,UGN,42.422,-87.868,2023-02-06,172,8,18.25,0.375,136.125,1.3333333333333333,16.0,16.0,96.33333333333333,0.0,3,0,0.0,0,0.0,1,1,1.0,2547.78,0.0,0.0,0.0,0.0,2547.78,0,0.0,1.0,0.0,0.0,0.0,Malaysia Airlines,1,1.0,UGN-KUL,1,1.0,14900.947322784448,0.0,1.0,2,93.5,50.204581464244875,0,0.0,0.0,0.0,0.0,187.0,7.0,2.8284271247461903,1.0,0.0,Crowne Plaza,2,0.5,False,True,False,True,True,False,False,True,2734.78,0.0,4,3,5,4.1,2380.355916416583,5,6561.963406132104,False,2547.78
4600,577625,1982-04-25,41.0,F,False,True,usa,austin,AUS,30.194,-97.67,2023-02-06,172,8,13.25,0.25,99.25,1.6,33.0,48.0,6.5,0.0,2,1,0.5,0,0.0,2,2,1.0,467.875,113.6108465332426,0.0,0.0,0.0,935.75,0,0.0,1.0,0.0,0.5,0.7071067811865476,Air Canada,2,0.5,AUS-PDX,2,0.5,2483.4470508638824,387.84578757105743,0.0,1,334.0,0.0,0,0.0,0.0,0.0,0.0,334.0,1.0,0.0,1.0,0.0,Starwood,1,1.0,False,True,False,False,True,False,True,True,1269.75,0.0,3,2,3,2.75,1657.78797099033,4,4570.049346713213,False,467.875
4601,577626,1979-02-05,44.0,F,True,True,usa,indianapolis,IND,39.717,-86.294,2023-02-06,172,9,20.333333333333332,0.4444444444444444,149.55555555555554,1.8,35.0,35.0,7.5,0.0,4,4,1.0,0,0.0,4,4,1.0,245.81,46.32733750173865,0.05,11.8895,11.8895,971.3505,1,0.25,1.0,0.0,0.5,0.5773502691896257,United Airlines,2,0.75,IND-DEN,4,0.25,1360.359562528709,251.93925176117946,0.0,4,223.0,120.208152801713,2,0.5,0.125,20.5,41.0,851.0,3.25,2.0615528128088303,1.0,0.0,Banyan Tree,4,0.25,False,True,False,False,False,False,False,False,1822.3505,52.8895,3,4,4,3.6,1189.6321078276092,3,3279.476949008662,False,245.81
4617,578396,1968-08-12,54.0,F,True,True,usa,riverside,RIV,33.881,-117.259,2023-02-07,171,8,9.0,0.375,67.0,1.3333333333333333,18.0,70.0,5.666666666666667,0.0,3,1,0.3333333333333333,0,0.0,1,1,1.0,690.99,0.0,0.0,0.0,0.0,690.99,0,0.0,1.0,0.0,1.0,0.0,American Airlines,1,1.0,RIV-JFK,1,1.0,3880.210668298057,0.0,0.0,3,225.66666666666666,115.084027272829,0,0.0,0.0,0.0,0.0,677.0,5.333333333333333,2.0816659994661326,1.0,0.0,Aman Resorts,3,0.3333333333333333,False,True,False,True,True,False,False,True,1367.99,0.0,4,3,3,3.4,1190.7001989552073,3,3282.4213720864777,False,690.99
4621,578511,1970-03-06,53.0,F,True,True,usa,buffalo,BUF,42.94,-78.732,2023-02-07,171,9,9.555555555555555,0.1111111111111111,71.55555555555556,1.5,19.0,147.0,7.0,0.0,1,1,1.0,0,0.0,1,1,1.0,1321.25,0.0,0.0,0.0,0.0,1321.25,0,0.0,2.0,0.0,0.0,0.0,Alaska Airlines,1,1.0,BUF-SEA,1,1.0,3403.956118855334,0.0,0.0,1,75.0,0.0,0,0.0,0.0,0.0,0.0,75.0,3.0,0.0,2.0,0.0,Hilton,1,1.0,False,True,False,True,True,False,True,True,1396.25,0.0,4,1,3,2.9,3645.8932144048017,5,10050.689348845559,True,660.625
4630,578938,1977-12-24,45.0,F,True,False,usa,new york,JFK,40.64,-73.779,2023-02-07,171,8,15.75,0.625,117.875,1.6,35.0,98.0,7.6,0.0,5,3,0.6,0,0.0,4,4,1.0,486.5925,294.545144290311,0.0,0.0,0.0,1946.37,0,0.0,1.0,0.0,1.25,0.5,American Airlines,2,0.75,JFK-BOS,4,0.25,2922.733889104099,1762.3447446090472,0.0,4,207.0,70.743668739094,1,0.25,0.05,10.05,10.05,817.95,5.0,2.160246899469287,1.0,0.0,Aman Resorts,4,0.25,False,True,False,False,True,False,False,False,2764.32,10.05,3,5,5,4.2,1443.640541513838,4,3979.705866542632,True,486.5925
4657,580212,1978-08-24,44.0,F,False,False,usa,baltimore,BWI,39.175,-76.668,2023-02-08,170,8,19.25,0.5,144.125,1.3333333333333333,11.0,58.0,6.75,0.0,4,3,0.75,0,0.0,3,3,1.0,300.96666666666664,99.54450127120701,0.05,9.455,9.455,893.445,1,0.3333333333333333,1.0,0.0,0.3333333333333333,0.5773502691896257,Southwest Airlines,2,0.6666666666666666,BWI-AUS,3,0.3333333333333333,1709.449808101557,598.6255728237182,0.0,4,232.5,48.74764951598521,1,0.25,0.1,28.0,28.0,902.0,3.25,2.629955639676583,1.0,0.0,Fairmont,4,0.25,False,True,False,False,False,False,False,False,1795.445,37.455,5,4,4,4.4,1172.0681723074358,3,3231.058180472339,False,300.96666666666664
4668,580944,1982-08-10,40.0,F,True,True,canada,winnipeg,YWG,49.91,-97.234,2023-02-08,170,8,14.0,0.375,106.375,1.6,31.0,77.0,6.333333333333333,0.0,3,1,0.3333333333333333,0,0.0,2,2,1.0,397.66,149.708647712816,0.0,0.0,0.0,795.32,0,0.0,1.0,0.0,0.5,0.7071067811865476,Delta Air Lines,1,1.0,YWG-NIP,2,0.5,2066.9071791523493,639.8138765861158,0.0,2,251.5,137.885822331377,1,0.5,0.2,30.8,30.8,472.2,7.0,7.0710678118654755,1.0,0.0,Banyan Tree,2,0.5,False,True,False,False,True,False,False,False,1267.52,30.8,3,3,3,3.0,1103.2509858841836,3,3041.348794616227,False,397.66
4672,581086,1980-10-22,42.0,F,False,False,usa,los angeles,LAX,33.942,-118.408,2023-02-08,170,8,11.125,0.125,83.375,1.3333333333333333,23.0,164.0,4.0,0.0,1,1,1.0,0,0.0,1,1,1.0,2198.61,0.0,0.1,219.861,219.861,1978.749,1,1.0,3.0,0.0,0.0,0.0,Cape Air,1,1.0,LAX-BOS,1,1.0,4193.0733474725275,0.0,0.0,1,162.0,0.0,1,1.0,0.2,32.4,32.4,129.6,3.0,0.0,3.0,0.0,NH Hotel,1,1.0,False,True,False,True,False,False,True,False,2108.349,252.261,4,1,4,3.25,5505.328782594198,5,15176.623697725467,True,732.87
4705,582227,1993-05-07,30.0,F,False,True,canada,halifax,YHZ,44.881,-63.509,2023-02-09,169,8,18.5,0.5,138.25,1.6,29.0,57.0,9.25,0.0,4,2,0.5,0,0.0,3,3,1.0,550.3933333333333,110.110486482139,0.125,69.88975,139.7795,1511.4005,2,0.6666666666666666,1.0,0.0,0.3333333333333333,0.5773502691896257,Delta Air Lines,2,0.6666666666666666,YHZ-DEN,3,0.3333333333333333,3184.2159849472396,615.9038935161412,0.0,3,236.0,285.79013278978,0,0.0,0.0,0.0,0.0,708.0,6.333333333333333,2.516611478423583,1.0,0.0,Crowne Plaza,3,0.3333333333333333,False,True,False,False,False,False,False,True,2219.4005,139.7795,3,4,5,3.95,1448.8267185311772,4,3994.0026797085957,False,550.3933333333333
4719,582664,1969-10-13,53.0,F,True,True,usa,anchorage,MRI,61.214,-149.846,2023-02-09,169,8,14.125,0.125,104.75,1.6,35.0,35.0,11.0,0.0,1,1,1.0,0,0.0,1,1,1.0,933.5,0.0,0.0,0.0,0.0,933.5,0,0.0,1.0,0.0,0.0,0.0,American Airlines,1,1.0,MRI-DET,1,1.0,4785.290114472207,0.0,0.0,1,343.0,0.0,0,0.0,0.0,0.0,0.0,343.0,4.0,0.0,1.0,0.0,Fairmont,1,1.0,False,True,False,True,True,False,True,True,1276.5,0.0,3,1,3,2.5,3333.201567189063,5,9188.687522865786,False,933.5
4726,582828,1993-07-02,30.0,F,False,False,usa,san antonio,SAT,29.534,-98.47,2023-02-09,169,8,14.75,0.375,108.875,1.3333333333333333,10.0,137.0,7.666666666666667,0.0,3,1,0.3333333333333333,0,0.0,3,3,1.0,410.6666666666667,123.263551925674,0.0,0.0,0.0,1232.0,0,0.0,1.0,0.0,0.6666666666666666,0.5773502691896257,American Airlines,3,0.3333333333333333,SAT-UGN,3,0.3333333333333333,2284.1365551528747,639.5680485642271,0.0,1,832.0,0.0,1,1.0,0.1,83.2,83.2,748.8,3.0,0.0,1.0,0.0,Hyatt,1,1.0,False,True,False,False,True,False,True,False,1980.8,83.2,5,3,4,4.15,1724.0907858174946,5,4752.827326098068,True,410.6666666666667
4735,583070,1997-10-10,25.0,F,False,True,usa,new york,LGA,40.777,-73.872,2023-02-09,169,8,16.75,0.375,123.5,1.3333333333333333,26.0,26.0,7.333333333333333,0.0,3,1,0.3333333333333333,0,0.0,3,3,1.0,559.47,339.634273447189,0.0,0.0,0.0,1678.41,0,0.0,1.3333333333333333,0.5773502691896257,0.6666666666666666,0.5773502691896257,United Airlines,2,0.6666666666666666,LGA-DEN,3,0.3333333333333333,2413.5038431400476,1167.7364316798685,0.0,1,525.0,0.0,0,0.0,0.0,0.0,0.0,525.0,2.0,0.0,1.0,0.0,Hyatt,1,1.0,False,True,False,False,True,False,True,True,2203.41,0.0,4,3,5,4.1,1917.8508069356449,5,5286.968527159603,False,419.6025
4741,583200,1983-07-20,40.0,F,True,False,usa,new york,LGA,40.777,-73.872,2023-02-09,169,8,12.875,0.25,97.0,2.6666666666666665,98.0,98.0,8.5,0.0,2,1,0.5,0,0.0,2,2,1.0,556.805,187.715637201593,0.1,68.954,68.954,1044.656,1,0.5,1.0,0.0,1.0,0.0,Alaska Airlines,2,0.5,LGA-AUS,2,0.5,3157.3039994309765,1009.2529951033821,0.0,1,162.0,0.0,0,0.0,0.0,0.0,0.0,162.0,5.0,0.0,1.0,0.0,Crowne Plaza,1,1.0,False,True,False,False,False,False,True,True,1206.656,68.954,1,2,3,1.9499999999999997,1575.4123267755917,4,4342.963153776395,True,556.805
4776,584531,1979-08-14,43.0,M,True,True,usa,shreveport,BAD,32.502,-93.663,2023-02-10,168,8,14.125,0.25,104.75,2.0,65.0,65.0,8.5,0.0,2,2,1.0,0,0.0,2,2,1.0,227.675,214.76954264979,0.1,37.954,37.954,417.396,1,0.5,1.0,0.0,0.5,0.7071067811865476,Delta Air Lines,1,1.0,BAD-MEM,2,0.5,1350.6894418987622,1284.3984600439287,0.0,2,401.0,490.732106143464,0,0.0,0.0,0.0,0.0,802.0,3.0,2.8284271247461903,1.0,0.0,Accor,2,0.5,False,True,False,False,False,False,False,True,1219.396,37.954,1,2,3,1.9499999999999997,1592.0456945648548,4,4388.816612076947,False,227.675
4784,584875,1983-10-13,39.0,F,True,False,usa,las vegas,LAS,36.08,-115.152,2023-02-10,168,8,20.625,0.375,152.625,1.6,32.0,65.0,9.0,0.0,3,3,1.0,0,0.0,3,3,1.0,744.38,247.821767203771,0.0,0.0,0.0,2233.14,0,0.0,1.3333333333333333,0.5773502691896257,0.6666666666666666,0.5773502691896257,Allegiant Air,2,0.6666666666666666,LAS-PHL,2,0.6666666666666666,3494.4247788563566,1.3127425272378462e-13,0.0,3,329.6666666666667,234.350876536303,0,0.0,0.0,0.0,0.0,989.0,4.666666666666667,0.5773502691896257,1.3333333333333333,0.5773502691896257,Extended Stay,3,0.3333333333333333,False,True,False,False,True,False,False,True,3222.14,0.0,3,3,5,3.7,2804.5546671112593,5,7731.358562456395,False,558.2850000000001
4794,585310,1989-01-24,34.0,F,False,False,canada,toronto,YZD,43.742,-79.466,2023-02-10,168,8,13.625,0.375,101.375,1.3333333333333333,10.0,63.0,6.333333333333333,0.0,3,3,1.0,0,0.0,3,3,1.0,375.50333333333333,230.295164155336,0.0,0.0,0.0,1126.51,0,0.0,1.0,0.0,0.6666666666666666,0.5773502691896257,Delta Air Lines,2,0.6666666666666666,YZD-BIF,3,0.3333333333333333,2096.569104455735,1322.0247905624335,0.0,3,285.0,155.038704844952,0,0.0,0.0,0.0,0.0,855.0,2.6666666666666665,1.5275252316519468,1.0,0.0,Aman Resorts,3,0.3333333333333333,False,True,False,False,True,False,False,True,1981.51,0.0,5,3,4,4.15,1724.7087707013447,5,4754.530934438904,False,375.50333333333333
4800,585595,1980-06-18,43.0,F,False,False,usa,washington,IAD,38.944,-77.456,2023-02-10,168,8,14.25,0.25,106.125,1.3333333333333333,22.0,22.0,177.0,0.0,2,1,0.5,0,0.0,2,2,1.0,1452.525,1232.861886202181,0.0,0.0,0.0,2905.05,0,0.0,1.0,0.0,0.5,0.7071067811865476,All Nippon Airways,2,0.5,IAD-ITM,2,0.5,7155.671924157111,5643.418754418284,0.5,1,270.0,0.0,0,0.0,0.0,0.0,0.0,270.0,3.0,0.0,1.0,0.0,InterContinental,1,1.0,False,True,False,False,True,False,True,True,3175.05,0.0,4,2,5,3.85,4145.351208736245,5,11427.552808254999,False,1452.525
4815,586077,1975-10-22,47.0,F,True,False,usa,new york,JFK,40.64,-73.779,2023-02-10,168,8,15.25,0.375,112.875,2.0,63.0,99.0,7.333333333333333,0.0,3,3,1.0,0,0.0,3,3,1.0,327.87666666666667,387.72627127051,0.0,0.0,0.0,983.63,0,0.0,1.0,0.0,0.0,0.0,American Airlines,2,0.6666666666666666,JFK-DCA,3,0.3333333333333333,1703.0604615527066,1979.735200679477,0.0,3,282.3333333333333,125.165224137271,0,0.0,0.0,0.0,0.0,847.0,3.0,1.7320508075688772,1.0,0.0,Accor,3,0.3333333333333333,False,True,False,False,True,False,False,True,1830.63,0.0,2,3,4,2.95,1593.382630876959,4,4392.502164769237,True,327.87666666666667
4845,586876,1989-09-18,33.0,F,False,True,canada,toronto,YZD,43.742,-79.466,2023-02-11,167,8,17.625,0.5,131.25,1.6,33.0,75.0,7.5,0.0,4,3,0.75,0,0.0,3,3,1.0,118.9,18.891720408686975,0.15,20.196,20.196,336.504,1,0.3333333333333333,1.0,0.0,0.6666666666666666,0.5773502691896257,Delta Air Lines,2,0.6666666666666666,YZD-IND,3,0.3333333333333333,702.2709456391386,112.28035283248143,0.0,4,212.75,126.857860090208,0,0.0,0.0,0.0,0.0,851.0,5.25,3.593976442141304,1.25,0.5,Aman Resorts,4,0.25,False,True,False,False,False,False,False,True,1187.504,20.196,3,4,3,3.25,775.2037199066355,2,2137.015900539211,False,118.9
4846,586887,1985-09-22,37.0,F,True,False,usa,santa ana,SNA,33.676,-117.868,2023-02-11,167,7,23.714285714285715,0.5714285714285714,175.71428571428572,1.1666666666666667,18.0,18.0,8.0,0.0,4,4,1.0,0,0.0,4,4,1.0,570.8375,237.805134003312,0.0,0.0,0.0,2283.35,0,0.0,1.25,0.5,0.25,0.5,American Airlines,2,0.75,SNA-EFD,3,0.5,2577.265480374623,936.6778089914081,0.0,4,227.75,68.72347973339728,0,0.0,0.0,0.0,0.0,911.0,2.25,1.2583057392117916,1.25,0.5,Crowne Plaza,4,0.25,False,True,False,False,True,False,False,True,3194.35,0.0,4,4,5,4.35,2085.2746623874623,5,5748.508419245265,False,456.66999999999996
4871,588048,1980-04-28,43.0,F,True,False,usa,san antonio,SKF,29.384,-98.581,2023-02-11,167,8,12.875,0.375,95.5,1.6,31.0,31.0,8.666666666666666,0.0,3,1,0.3333333333333333,0,0.0,3,3,1.0,403.05333333333334,64.27855344773506,0.0,0.0,0.0,1209.16,0,0.0,1.0,0.0,1.3333333333333333,0.5773502691896257,American Airlines,3,0.3333333333333333,SKF-LSQ,3,0.3333333333333333,2220.377865954251,243.43499992130228,0.0,1,238.0,0.0,0,0.0,0.0,0.0,0.0,238.0,3.0,0.0,1.0,0.0,Wyndham,1,1.0,False,True,False,False,True,False,True,True,1447.16,0.0,3,3,3,3.0,1259.609865510726,3,3472.385699331624,False,403.05333333333334
4893,589140,1994-03-02,29.0,F,False,True,usa,los angeles,LAX,33.942,-118.408,2023-02-12,166,8,8.75,0.125,65.625,2.6666666666666665,99.0,163.0,8.0,0.0,1,1,1.0,0,0.0,1,1,1.0,780.45,0.0,0.0,0.0,0.0,780.45,0,0.0,1.0,0.0,0.0,0.0,Ethiopian Airlines,1,1.0,LAX-JFK,1,1.0,3974.209842999768,0.0,0.0,1,458.0,0.0,0,0.0,0.0,0.0,0.0,458.0,2.0,0.0,1.0,0.0,Crowne Plaza,1,1.0,False,True,False,True,True,False,True,True,1238.45,0.0,1,1,3,1.6999999999999997,3233.845265088363,5,8914.790491729835,True,780.45
4894,589154,1986-06-10,37.0,F,True,True,usa,washington,DCA,38.852,-77.037,2023-02-12,166,8,18.25,0.5,135.125,1.3333333333333333,10.0,10.0,5.0,0.0,4,3,0.75,0,0.0,3,3,1.0,345.1433333333333,298.975638862656,0.05,16.119,16.119,1019.311,1,0.3333333333333333,1.0,0.0,0.3333333333333333,0.5773502691896257,JetBlue Airways,2,0.6666666666666666,DCA-LAX,3,0.3333333333333333,1970.7533906618075,1687.1720996628953,0.0,4,208.75,80.88417645003256,0,0.0,0.0,0.0,0.0,835.0,13.75,19.517086531208154,1.25,0.5,Aman Resorts,4,0.25,False,True,False,False,False,False,False,True,1854.311,16.119,5,4,4,4.4,1210.4959520673558,3,3336.992626167799,False,345.1433333333333
4899,589259,1985-12-26,37.0,M,True,True,usa,los angeles,LAX,33.942,-118.408,2023-02-12,166,8,19.5,0.25,144.875,2.6666666666666665,92.0,143.0,7.5,0.0,2,1,0.5,0,0.0,1,1,1.0,736.89,0.0,0.0,0.0,0.0,736.89,0,0.0,1.0,0.0,2.0,0.0,JetBlue Airways,1,1.0,LAX-JFK,1,1.0,3974.209842999768,0.0,0.0,2,277.0,190.918830920368,0,0.0,0.0,0.0,0.0,554.0,4.5,2.1213203435596424,1.0,0.0,Conrad,2,0.5,False,True,False,True,True,False,False,True,1290.89,0.0,1,2,3,1.9499999999999997,1685.3883944648217,4,4646.135854442701,True,736.89
4922,590123,1964-07-09,59.0,F,True,False,usa,minneapolis,MSP,44.88,-93.217,2023-02-12,166,8,11.625,0.125,87.5,4.0,120.0,120.0,112.0,0.0,1,1,1.0,0,0.0,1,1,1.0,2360.17,0.0,0.0,0.0,0.0,2360.17,0,0.0,2.0,0.0,1.0,0.0,Ryanair,1,1.0,MSP-TOJ,1,1.0,6953.332884010388,0.0,1.0,1,104.0,0.0,0,0.0,0.0,0.0,0.0,104.0,12.0,0.0,1.0,0.0,Rosewood,1,1.0,False,True,False,True,True,False,True,True,2464.17,0.0,1,1,5,2.4,6434.449906635546,5,17737.946050309587,True,1180.085
4939,590471,1969-02-06,54.0,F,True,False,canada,toronto,YTZ,43.627,-79.396,2023-02-12,166,9,13.666666666666666,0.3333333333333333,100.44444444444444,1.8,27.0,27.0,90.66666666666667,0.0,3,1,0.3333333333333333,0,0.0,3,3,1.0,2054.4566666666665,2018.702777041071,0.0,0.0,0.0,6163.37,0,0.0,1.6666666666666667,0.5773502691896257,1.0,0.0,Alaska Airlines,3,0.3333333333333333,YTZ-FAT,3,0.3333333333333333,6440.285329946118,5269.309718068555,0.3333333333333333,1,166.0,0.0,0,0.0,0.0,0.0,0.0,166.0,2.0,0.0,1.0,0.0,InterContinental,1,1.0,False,True,False,False,True,False,True,True,6329.37,0.0,3,3,5,3.7,5509.091527175725,5,15186.996513017632,False,1232.6739999999998
4959,591381,2000-10-04,22.0,F,False,False,usa,des moines,DSM,41.534,-93.663,2023-02-13,165,8,14.75,0.25,110.0,1.3333333333333333,7.0,117.0,9.0,0.0,2,1,0.5,0,0.0,1,1,1.0,144.33,0.0,0.0,0.0,0.0,144.33,0,0.0,1.0,0.0,1.0,0.0,American Airlines,1,1.0,DSM-MEM,1,1.0,790.107336320074,0.0,0.0,2,569.0,571.34227919873,0,0.0,0.0,0.0,0.0,1138.0,6.0,5.656854249492381,1.5,0.7071067811865476,Marriott,2,0.5,False,True,False,True,True,False,False,True,1282.33,0.0,5,2,3,3.55,1674.212442480827,4,4615.326937405595,True,144.33
4974,592158,1980-06-17,43.0,F,True,True,usa,washington,IAD,38.944,-77.456,2023-02-13,165,8,13.125,0.25,97.375,2.0,68.0,68.0,8.0,0.0,2,2,1.0,0,0.0,2,2,1.0,688.37,11.780398974567882,0.0,0.0,0.0,1376.74,0,0.0,1.0,0.0,0.0,0.0,Air New Zealand,2,0.5,IAD-LAX,2,0.5,3705.107607069591,43.94001692502205,0.0,2,116.5,28.991378028648448,0,0.0,0.0,0.0,0.0,233.0,2.0,1.414213562373095,1.0,0.0,Marriott,1,1.0,False,True,False,False,True,False,False,True,1609.74,0.0,1,2,4,2.3,2101.67954984995,5,5793.732022349382,False,688.37
4975,592221,1987-04-01,36.0,F,False,False,usa,bakersfield,BFL,35.433,-119.057,2023-02-13,165,8,13.375,0.375,101.0,1.6,33.0,33.0,6.333333333333333,0.0,3,3,1.0,0,0.0,3,3,1.0,1019.4266666666666,995.158441522421,0.0,0.0,0.0,3058.28,0,0.0,1.6666666666666667,1.1547005383792515,0.6666666666666666,0.5773502691896257,Delta Air Lines,3,0.3333333333333333,BFL-JFK,2,0.6666666666666666,3164.521026451806,1383.6860265231383,0.0,3,217.33333333333334,190.694345310325,0,0.0,0.0,0.0,0.0,652.0,2.3333333333333335,1.5275252316519468,1.6666666666666667,1.1547005383792515,Best Western,2,0.6666666666666666,False,True,False,False,True,False,False,True,3710.28,0.0,3,3,5,3.7,3229.4323307769255,5,8902.625288507239,False,611.656
4978,592372,2006-12-06,16.0,M,False,False,usa,charlotte,CLT,35.214,-80.943,2023-02-13,165,8,14.625,0.25,110.625,1.6,29.0,29.0,157.0,0.0,2,1,0.5,0,0.0,2,2,1.0,3769.69,5149.349570499171,0.0,0.0,0.0,7539.38,0,0.0,2.0,1.414213562373095,1.0,1.414213562373095,American Airlines,2,0.5,CLT-HKG,2,0.5,7075.612888185859,8986.099625380912,0.5,1,394.0,0.0,0,0.0,0.0,0.0,0.0,394.0,2.0,0.0,1.0,0.0,InterContinental,1,1.0,False,True,False,False,True,False,True,True,7933.38,0.0,3,2,5,3.45,10357.835741913972,5,28553.603533158235,False,1884.845
4982,592445,1987-02-28,36.0,M,False,True,usa,new york,JFK,40.64,-73.779,2023-02-13,165,8,11.25,0.375,84.125,1.6,35.0,87.0,9.0,0.0,3,2,0.6666666666666666,0,0.0,2,2,1.0,1005.48,1388.135464282935,0.0,0.0,0.0,2010.96,0,0.0,2.0,1.414213562373095,0.5,0.7071067811865476,American Airlines,2,0.5,JFK-LSQ,2,0.5,2062.4108246712617,2703.6921002517424,0.0,3,141.0,58.92367945062494,0,0.0,0.0,0.0,0.0,423.0,4.666666666666667,2.8867513459481287,1.6666666666666667,1.1547005383792515,Hilton,2,0.6666666666666666,False,True,False,False,True,False,False,True,2433.96,0.0,3,3,5,3.7,2118.5218139379795,5,5840.161348258104,False,502.74
5002,593672,1992-02-28,31.0,F,False,False,usa,brownsville,BRO,25.907,-97.426,2023-02-14,164,8,13.875,0.375,103.625,1.6,34.0,34.0,7.333333333333333,0.0,3,1,0.3333333333333333,0,0.0,1,1,1.0,1175.03,0.0,0.25,293.7575,293.7575,881.2725,1,1.0,2.0,0.0,1.0,0.0,United Airlines,1,1.0,BRO-PWM,1,1.0,3128.953654141543,0.0,0.0,3,363.3333333333333,309.406420963323,1,0.3333333333333333,0.1,71.3,71.3,1018.7,5.666666666666667,5.507570547286102,1.3333333333333333,0.5773502691896257,Accor,3,0.3333333333333333,False,True,False,True,False,False,False,False,1899.9725,365.0575,3,3,4,3.35,1653.7384291986216,4,4558.885913183996,False,587.515
5018,594410,1956-01-04,67.0,F,True,False,canada,calgary,YYC,51.114,-114.02,2023-02-14,164,8,14.0,0.375,104.0,1.3333333333333333,25.0,25.0,128.66666666666666,0.0,3,0,0.0,0,0.0,1,1,1.0,3210.08,0.0,0.0,0.0,0.0,3210.08,0,0.0,2.0,0.0,1.0,0.0,Aeroflot Russian Airlines,1,1.0,YYC-SVO,1,1.0,7820.565991553695,0.0,1.0,2,136.0,84.8528137423857,1,0.5,0.1,7.6,7.6,264.4,4.5,3.5355339059327378,1.0,0.0,NH Hotel,2,0.5,False,True,False,True,True,False,False,False,3474.48,7.6,4,3,5,4.1,3024.19171723908,5,8336.835363480015,False,1605.04
5037,595126,1991-09-05,31.0,F,False,False,canada,gatineau,YND,45.521,-75.564,2023-02-15,163,9,12.555555555555555,0.2222222222222222,93.0,2.25,63.0,63.0,74.0,0.0,2,1,0.5,0,0.0,1,1,1.0,2003.98,0.0,0.15,300.597,300.597,1703.383,1,1.0,2.0,0.0,1.0,0.0,Delta Air Lines,1,1.0,YND-LBG,1,1.0,5633.90356798509,0.0,1.0,2,192.5,84.14570696119915,0,0.0,0.0,0.0,0.0,385.0,8.5,4.949747468305833,1.0,0.0,Aman Resorts,2,0.5,False,True,False,True,False,False,False,True,2088.383,300.597,2,2,4,2.7,2726.5967444148046,5,7516.450769708194,False,1001.99
5049,595527,1992-11-22,30.0,F,True,False,usa,kansas city,MCI,39.297,-94.714,2023-02-15,163,8,10.75,0.375,80.75,1.6,48.0,48.0,78.66666666666667,0.0,3,2,0.6666666666666666,0,0.0,2,2,1.0,1259.845,1518.363320174062,0.0,0.0,0.0,2519.69,0,0.0,1.5,0.7071067811865476,0.5,0.7071067811865476,American Airlines,1,1.0,MCI-EFD,2,0.5,3668.1566381499197,3662.685778878814,0.5,3,129.66666666666666,71.93283904680347,1,0.3333333333333333,0.05,8.9,8.9,380.1,5.666666666666667,4.725815626252609,1.3333333333333333,0.5773502691896257,Best Western,3,0.3333333333333333,False,True,False,False,True,False,False,False,2899.79,8.9,2,3,5,3.3,2523.9808258308326,5,6957.896381232793,False,839.8966666666666
5051,595624,1988-04-01,35.0,F,False,False,usa,anchorage,ANC,61.174,-149.996,2023-02-15,163,9,14.444444444444445,0.1111111111111111,108.0,1.5,9.0,155.0,12.0,0.0,1,1,1.0,0,0.0,1,1,1.0,944.73,0.0,0.0,0.0,0.0,944.73,0,0.0,1.0,0.0,0.0,0.0,Porter Airlines,1,1.0,ANC-YTZ,1,1.0,4864.5873621851,0.0,1.0,1,364.0,0.0,0,0.0,0.0,0.0,0.0,364.0,3.0,0.0,1.0,0.0,Fairmont,1,1.0,False,True,False,True,True,False,True,True,1308.73,0.0,5,1,3,3.3,3417.360663554518,5,9420.690185507356,True,944.73
5056,595861,1983-08-15,39.0,F,False,False,usa,new york,LGA,40.777,-73.872,2023-02-15,163,8,11.625,0.125,85.5,1.3333333333333333,17.0,112.0,7.0,0.0,1,1,1.0,0,0.0,1,1,1.0,833.72,0.0,0.0,0.0,0.0,833.72,0,0.0,1.0,0.0,0.0,0.0,Cebu Pacific,1,1.0,LGA-SJI,1,1.0,4114.217346476927,0.0,0.0,1,383.0,0.0,0,0.0,0.0,0.0,0.0,383.0,2.0,0.0,1.0,0.0,Starwood,1,1.0,False,True,False,True,True,False,True,True,1216.72,0.0,4,1,3,2.9,3177.1038079359787,5,8758.370452660603,True,833.72
5085,597510,1970-10-15,52.0,F,False,True,canada,montreal,YHU,45.517,-73.417,2023-02-16,162,8,17.25,0.375,128.875,1.3333333333333333,20.0,37.0,8.0,0.0,3,3,1.0,0,0.0,3,3,1.0,313.3333333333333,255.355548663688,0.0,0.0,0.0,940.0,0,0.0,1.0,0.0,0.6666666666666666,0.5773502691896257,American Airlines,2,0.6666666666666666,YHU-FAT,3,0.3333333333333333,1959.8999387510648,1744.4969985318476,0.0,3,320.6666666666667,87.64892089086626,1,0.3333333333333333,0.1,22.6,22.6,939.4,3.3333333333333335,0.5773502691896257,1.0,0.0,Aman Resorts,3,0.3333333333333333,False,True,False,False,True,False,False,False,1879.4,22.6,4,3,4,3.75,1635.8320995887518,4,4509.523261646157,False,313.3333333333333
5100,598306,1975-08-04,47.0,F,True,False,usa,miami,TNT,25.862,-80.897,2023-02-16,162,8,27.25,0.25,202.375,1.6,47.0,104.0,7.0,0.0,2,2,1.0,0,0.0,2,1,0.5,768.205,872.364707017656,0.0,0.0,0.0,1536.41,0,0.0,1.5,0.7071067811865476,2.5,2.1213203435596424,Delta Air Lines,1,1.0,TNT-LSQ,2,0.5,2730.5733568213154,1376.3496755128524,0.0,2,175.5,45.96194077712559,0,0.0,0.0,0.0,0.0,351.0,5.0,2.8284271247461903,1.5,0.7071067811865476,Conrad,2,0.5,False,True,False,False,True,False,False,True,1887.41,0.0,2,2,4,2.7,2464.2060203401134,5,6793.114264603257,True,512.1366666666667
5137,600351,1976-07-15,47.0,F,True,False,usa,portland,PDX,45.589,-122.597,2023-02-17,161,8,15.0,0.25,112.5,2.0,63.0,74.0,7.5,0.0,2,1,0.5,0,0.0,2,2,1.0,523.34,27.81758077187878,0.0,0.0,0.0,1046.68,0,0.0,1.0,0.0,0.5,0.7071067811865476,AirTran Airways,2,0.5,PDX-CMH,2,0.5,3121.115689505897,202.4283360685859,0.0,1,260.0,0.0,0,0.0,0.0,0.0,0.0,260.0,5.0,0.0,1.0,0.0,NH Hotel,1,1.0,False,True,False,False,True,False,True,True,1306.68,0.0,2,2,3,2.3499999999999996,1706.0038479493164,4,4702.966789023998,False,523.34
5142,600605,1968-03-24,55.0,F,True,False,usa,oakland,OAK,37.721,-122.221,2023-02-17,161,8,15.625,0.375,115.875,1.3333333333333333,17.0,39.0,9.666666666666666,0.0,3,2,0.6666666666666666,0,0.0,2,2,1.0,546.65,237.941431869273,0.15,107.235,107.235,986.065,1,0.5,1.0,0.0,0.0,0.0,Delta Air Lines,1,1.0,OAK-LGA,2,0.5,3015.37329978637,1583.594571087778,0.0,3,136.33333333333334,47.077949544700154,0,0.0,0.0,0.0,0.0,409.0,6.333333333333333,7.571877794400365,1.0,0.0,Radisson,2,0.6666666666666666,False,True,False,False,False,False,False,True,1395.065,107.235,4,3,3,3.4,1214.2663126597756,3,3347.386436633179,False,546.65
5155,601158,1993-08-13,29.0,F,False,False,usa,new york,LGA,40.777,-73.872,2023-02-17,161,8,19.125,0.25,142.875,1.3333333333333333,23.0,123.0,7.0,0.0,2,1,0.5,0,0.0,2,2,1.0,658.45,12.091525958289962,0.05,33.35,33.35,1283.55,1,0.5,1.0,0.0,0.5,0.7071067811865476,AirTran Airways,2,0.5,LGA-LAS,1,1.0,3600.0347225602104,0.0,0.0,1,201.0,0.0,0,0.0,0.0,0.0,0.0,201.0,4.0,0.0,1.0,0.0,NH Hotel,1,1.0,False,True,False,False,False,False,True,True,1484.55,33.35,4,2,3,3.15,1938.2312520840278,5,5343.151610681709,True,658.45
5178,602946,1977-02-13,46.0,M,False,False,usa,phoenix,LUF,33.535,-112.383,2023-02-18,160,8,14.375,0.5,106.5,1.6,29.0,29.0,8.0,0.0,4,3,0.75,0,0.0,3,3,1.0,637.96,561.466707205334,0.0,0.0,0.0,1913.88,0,0.0,1.3333333333333333,0.5773502691896257,0.3333333333333333,0.5773502691896257,Delta Air Lines,2,0.6666666666666666,LUF-JFK,3,0.3333333333333333,2509.4653363147822,1689.2644952821913,0.0,4,112.25,25.889186931999237,0,0.0,0.0,0.0,0.0,449.0,5.0,3.162277660168379,1.25,0.5,Banyan Tree,4,0.25,False,True,False,False,True,False,False,True,2362.88,0.0,3,4,5,3.95,1542.49027009003,4,4252.2064187287715,False,478.47
5184,603160,1987-07-06,36.0,F,False,False,usa,los angeles,LAX,33.942,-118.408,2023-02-18,160,8,18.375,0.75,136.25,1.3333333333333333,15.0,15.0,7.0,0.0,6,5,0.8333333333333334,0,0.0,6,6,1.0,487.1066666666667,179.03652037131,0.0,0.0,0.0,2922.64,0,0.0,1.0,0.0,0.6666666666666666,0.5163977794943223,Air Canada,6,0.16666666666666666,LAX-BNA,6,0.16666666666666666,2743.7132049077586,841.8288217217931,0.0,5,189.4,134.474161086805,1,0.2,0.1,6.0,6.0,941.0,2.8,1.0954451150103321,1.0,0.0,Shangri-La,3,0.6,False,True,False,False,True,False,False,False,3863.64,6.0,5,5,5,5.0,1681.4585328442813,4,4635.3023450639985,False,487.1066666666667
5220,605619,1980-01-16,43.0,F,True,True,usa,miami,OPF,25.907,-80.278,2023-02-19,159,8,17.125,0.25,128.0,1.6,50.0,50.0,7.5,0.0,2,2,1.0,0,0.0,2,2,1.0,503.19,182.461833817377,0.0,0.0,0.0,1006.38,0,0.0,1.0,0.0,2.0,1.414213562373095,Delta Air Lines,1,1.0,OPF-DTW,2,0.5,2805.312660636383,1348.47834962861,0.0,2,119.0,28.284271247461902,0,0.0,0.0,0.0,0.0,238.0,3.5,0.7071067811865476,1.0,0.0,Four Seasons,2,0.5,False,True,False,False,True,False,False,True,1244.38,0.0,2,2,3,2.3499999999999996,1624.6648516172058,4,4478.738339092725,False,503.19
5224,605943,2006-06-25,17.0,F,False,False,usa,nashville,BNA,36.124,-86.678,2023-02-19,159,8,15.375,0.125,116.0,2.0,58.0,58.0,224.0,0.0,1,0,0.0,0,0.0,1,1,1.0,2017.47,0.0,0.0,0.0,0.0,2017.47,0,0.0,1.0,0.0,0.0,0.0,China Eastern Airlines,1,1.0,BNA-TAO,1,1.0,11494.791465377675,0.0,1.0,0,0.0,0.0,0,0.0,0.0,0.0,0.0,0.0,0.0,0.0,0.0,0.0,MISSING,0,0.0,False,True,False,True,True,True,False,True,2017.47,0.0,2,1,4,2.45,5268.025198399467,5,14522.44529318922,False,2017.47
5226,606041,1968-02-20,55.0,F,False,True,canada,vancouver,YVR,49.195,-123.182,2023-02-19,159,8,11.5,0.25,85.375,1.3333333333333333,19.0,77.0,6.0,0.0,2,1,0.5,0,0.0,2,2,1.0,631.015,64.11337185018427,0.0,0.0,0.0,1262.03,0,0.0,1.0,0.0,0.5,0.7071067811865476,AirTran Airways,2,0.5,YVR-CMH,2,0.5,3617.9068390676057,441.66799965113347,0.0,1,246.0,0.0,0,0.0,0.0,0.0,0.0,246.0,5.0,0.0,1.0,0.0,InterContinental,1,1.0,False,True,False,False,True,False,True,True,1508.03,0.0,4,2,3,3.15,1968.886783927976,5,5427.660182180686,False,631.015
5229,606161,1977-05-01,46.0,F,True,True,usa,orlando,MCO,28.429,-81.316,2023-02-19,159,8,11.875,0.375,87.875,1.3333333333333333,11.0,11.0,6.333333333333333,0.0,3,1,0.3333333333333333,0,0.0,1,1,1.0,297.15,0.0,0.0,0.0,0.0,297.15,0,0.0,1.0,0.0,1.0,0.0,American Airlines,1,1.0,MCO-ORD,1,1.0,1595.2061208619393,0.0,0.0,3,544.3333333333334,722.155338783377,0,0.0,0.0,0.0,0.0,1633.0,5.666666666666667,1.1547005383792515,1.3333333333333333,0.5773502691896257,Shangri-La,2,0.6666666666666666,False,True,False,True,True,False,False,True,1930.15,0.0,5,3,4,4.15,1680.0049627653661,4,4631.295266290481,False,297.15
5231,606290,1985-10-20,37.0,F,True,False,usa,new york,JFK,40.64,-73.779,2023-02-19,159,10,12.0,0.4,89.2,1.6666666666666667,19.0,30.0,6.0,0.0,4,3,0.75,0,0.0,3,3,1.0,603.17,154.179783694231,0.0,0.0,0.0,1809.51,0,0.0,1.0,0.0,1.0,0.0,United Airlines,2,0.6666666666666666,JFK-IAH,3,0.3333333333333333,3398.535929654612,960.6033450683565,0.0,4,187.25,100.1577921748145,0,0.0,0.0,0.0,0.0,749.0,3.25,1.707825127659933,1.25,0.5,Crowne Plaza,4,0.25,False,True,False,False,True,False,False,True,2558.51,0.0,4,4,5,4.35,1670.197716738913,4,4604.259481811074,False,603.17
5247,607350,1986-08-16,36.0,F,False,True,canada,victoria,YYJ,48.647,-123.426,2023-02-20,158,8,16.0,0.375,119.5,1.6,56.0,56.0,7.0,0.0,3,2,0.6666666666666666,0,0.0,3,3,1.0,496.63,265.741320836636,0.0,0.0,0.0,1489.89,0,0.0,1.0,0.0,1.0,1.0,American Airlines,2,0.6666666666666666,YYJ-EFD,3,0.3333333333333333,2793.03679499742,1406.3506618055576,0.0,2,126.0,53.74011537017761,1,0.5,0.1,16.4,16.4,235.6,3.5,3.5355339059327378,1.0,0.0,Accor,2,0.5,False,True,False,False,True,False,False,False,1725.49,16.4,2,3,4,2.95,1501.8686439924418,4,4140.224163423341,False,496.63
5273,609051,1976-01-11,47.0,F,True,True,usa,new york,JFK,40.64,-73.779,2023-02-21,157,8,10.125,0.25,75.875,1.6,35.0,94.0,6.5,0.0,2,1,0.5,0,0.0,2,2,1.0,938.715,391.574522217674,0.05,60.78,60.78,1816.65,1,0.5,1.5,0.7071067811865476,0.0,0.0,Delta Air Lines,2,0.5,JFK-LSQ,2,0.5,3625.6608064843667,492.9227745921565,0.0,1,473.0,0.0,0,0.0,0.0,0.0,0.0,473.0,2.0,0.0,2.0,0.0,Marriott,1,1.0,False,True,False,False,False,False,True,True,2289.65,60.78,3,2,5,3.45,2989.3713154384795,5,8240.845431543145,True,625.8100000000001
5300,610474,1971-09-12,51.0,F,True,False,usa,indianapolis,IND,39.717,-86.294,2023-02-21,157,8,18.0,0.375,133.5,1.3333333333333333,18.0,18.0,5.666666666666667,0.0,3,3,1.0,0,0.0,3,3,1.0,156.73,167.939745444609,0.0,0.0,0.0,470.19,0,0.0,1.0,0.0,0.3333333333333333,0.5773502691896257,Delta Air Lines,2,0.6666666666666666,IND-BIF,3,0.3333333333333333,889.1939551356027,969.598399565905,0.0,3,277.3333333333333,280.453798928332,0,0.0,0.0,0.0,0.0,832.0,6.0,3.605551275463989,1.0,0.0,Hyatt,3,0.3333333333333333,False,True,False,False,True,False,False,True,1302.19,0.0,4,3,3,3.4,1133.427797043459,3,3124.5376695131476,False,156.73
5339,613442,1988-08-08,34.0,M,False,False,usa,fresno,FAT,36.776,-119.718,2023-02-23,155,8,20.125,0.5,149.0,1.3333333333333333,24.0,43.0,8.75,0.0,4,3,0.75,0,0.0,3,3,1.0,372.55333333333334,301.179364222274,0.0,0.0,0.0,1117.66,0,0.0,1.0,0.0,1.0,0.0,United Airlines,2,0.6666666666666666,FAT-EFD,3,0.3333333333333333,2173.522435525324,1812.7452732410093,0.0,4,276.25,164.000762193351,2,0.5,0.1,16.2,32.4,1072.6,2.25,0.9574271077563381,1.0,0.0,Accor,4,0.25,False,True,False,False,True,False,False,False,2190.26,32.4,4,4,5,4.35,1429.8037729243083,4,3941.561835846459,False,372.55333333333334
5350,614549,1996-01-12,27.0,F,False,False,usa,el paso,BIF,31.849,-106.38,2023-02-23,155,8,17.5,0.375,129.125,1.3333333333333333,14.0,14.0,10.666666666666666,0.0,3,2,0.6666666666666666,0,0.0,2,2,1.0,850.355,443.561012770509,0.0,0.0,0.0,1700.71,0,0.0,1.5,0.7071067811865476,1.0,1.414213562373095,Air Canada,2,0.5,BIF-JFK,1,1.0,3062.2046199096585,0.0,0.0,3,118.33333333333333,89.77935917199083,1,0.3333333333333333,0.1,6.6,6.6,348.4,2.6666666666666665,0.5773502691896257,1.3333333333333333,0.5773502691896257,Marriott,2,0.6666666666666666,False,True,False,False,True,False,False,False,2049.11,6.6,5,3,4,4.15,1783.5478948538403,5,4916.733644073512,False,566.9033333333333
5382,616752,2006-03-15,17.0,F,False,True,usa,honolulu,HNL,21.316,-157.927,2023-02-24,154,9,11.777777777777779,0.2222222222222222,87.55555555555556,1.5,23.0,23.0,9.0,0.0,2,1,0.5,0,0.0,1,1,1.0,1046.34,0.0,0.0,0.0,0.0,1046.34,0,0.0,1.0,0.0,1.0,0.0,Delta Air Lines,1,1.0,HNL-SKF,1,1.0,5996.864083672993,0.0,1.0,2,289.5,180.31222920257,0,0.0,0.0,0.0,0.0,579.0,6.5,2.1213203435596424,1.0,0.0,Accor,2,0.5,False,True,False,True,True,False,False,True,1625.34,0.0,4,2,4,3.5,2122.04693897966,5,5849.879114145976,False,1046.34
5392,617407,1982-10-02,40.0,F,True,True,usa,honolulu,HNL,21.316,-157.927,2023-02-24,154,8,21.0,0.25,156.375,1.3333333333333333,22.0,77.0,6.5,0.0,2,2,1.0,0,0.0,2,2,1.0,1476.69,1088.350473331086,0.05,112.3135,112.3135,2841.0665,1,0.5,1.5,0.7071067811865476,0.0,0.0,American Airlines,1,1.0,HNL-FTW,2,0.5,5080.270302399777,1373.9899491913366,0.5,2,99.5,9.192388155425117,0,0.0,0.0,0.0,0.0,199.0,4.0,1.414213562373095,1.5,0.7071067811865476,Shangri-La,1,1.0,False,True,False,False,False,False,False,True,3040.0665,112.3135,4,2,5,3.85,3969.1164990830275,5,10941.723900208484,False,984.46
5405,618201,1974-11-05,48.0,F,True,False,usa,san diego,NZY,32.699,-117.215,2023-02-25,153,8,11.5,0.25,86.5,1.6,32.0,119.0,7.5,0.0,2,1,0.5,0,0.0,2,2,1.0,1036.72,621.60342920547,0.1,59.718,59.718,2013.722,1,0.5,1.5,0.7071067811865476,0.0,0.0,AirTran Airways,2,0.5,NZY-CMH,2,0.5,3569.579953198588,582.0504203263325,0.0,1,209.0,0.0,0,0.0,0.0,0.0,0.0,209.0,3.0,0.0,2.0,0.0,Marriott,1,1.0,False,True,False,False,False,False,True,True,2222.722,59.718,3,2,5,3.45,2901.989993664555,5,7999.96001104555,True,691.1466666666666
5427,619615,1975-02-21,48.0,F,False,False,usa,nashville,BNA,36.124,-86.678,2023-02-25,153,7,12.428571428571429,0.42857142857142855,92.14285714285714,1.1666666666666667,26.0,26.0,8.333333333333334,0.0,3,3,1.0,0,0.0,3,3,1.0,374.30333333333334,165.428315089447,0.0,0.0,0.0,1122.91,0,0.0,1.0,0.0,0.3333333333333333,0.5773502691896257,Delta Air Lines,2,0.6666666666666666,BNA-LSQ,3,0.3333333333333333,2227.1752774369493,1012.7443616076075,0.0,3,209.66666666666666,104.41423913113256,0,0.0,0.0,0.0,0.0,629.0,3.0,2.0,1.0,0.0,Aman Resorts,3,0.3333333333333333,False,True,False,False,True,False,False,True,1751.91,0.0,4,3,4,3.75,1524.8646448816273,4,4203.617589289412,False,374.30333333333334
5458,622293,1995-06-25,28.0,F,False,False,usa,las vegas,LAS,36.08,-115.152,2023-02-26,152,10,11.2,0.3,84.6,1.6666666666666667,12.0,12.0,100.33333333333333,0.0,3,1,0.3333333333333333,0,0.0,3,3,1.0,1189.67,395.500406194482,0.1,103.7925,207.585,3361.425,2,0.6666666666666666,1.6666666666666667,0.5773502691896257,0.6666666666666666,0.5773502691896257,Delta Air Lines,3,0.3333333333333333,LAS-JFK,2,0.6666666666666666,3609.2759637485883,2.6254850544756925e-13,0.0,1,226.0,0.0,0,0.0,0.0,0.0,0.0,226.0,4.0,0.0,2.0,0.0,Choice Hotels,1,1.0,False,True,False,False,False,False,True,True,3587.425,207.585,5,3,5,4.5,3122.4991858397243,5,8607.84105933328,False,713.802
5467,623142,1983-07-07,40.0,F,True,True,usa,baltimore,BWI,39.175,-76.668,2023-02-27,151,8,21.5,0.25,160.875,1.6,30.0,30.0,116.5,0.0,2,1,0.5,0,0.0,2,1,0.5,2362.83,3302.825064244245,0.1,2.738,2.738,4722.922,1,0.5,1.5,0.7071067811865476,0.5,0.7071067811865476,Air India Limited,2,0.5,BWI-HKG,2,0.5,6692.819060626268,9047.359615423633,0.5,1,164.0,0.0,0,0.0,0.0,0.0,0.0,164.0,3.0,0.0,1.0,0.0,Wyndham,1,1.0,False,True,False,False,False,False,True,True,4886.922,2.738,3,2,5,3.45,6380.374488496164,5,17588.875521589624,False,1575.22
5473,623935,1965-02-01,58.0,F,True,True,usa,new york,LGA,40.777,-73.872,2023-02-27,151,9,23.11111111111111,0.2222222222222222,170.66666666666666,1.5,24.0,24.0,114.5,0.0,2,0,0.0,0,0.0,1,1,1.0,4688.71,0.0,0.0,0.0,0.0,4688.71,0,0.0,2.0,0.0,1.0,0.0,Japan Airlines,1,1.0,LGA-HKG,1,1.0,12954.181577369762,0.0,1.0,1,93.0,0.0,0,0.0,0.0,0.0,0.0,93.0,8.0,0.0,3.0,0.0,Wyndham,1,1.0,False,True,False,True,True,False,True,True,4781.71,0.0,4,2,5,3.85,6243.009504834945,5,17210.199379147107,False,2344.355
5477,624198,1982-04-18,41.0,F,False,False,usa,new york,JFK,40.64,-73.779,2023-02-27,151,8,14.625,0.375,108.625,1.3333333333333333,8.0,98.0,8.333333333333334,0.0,3,3,1.0,0,0.0,3,3,1.0,775.3566666666667,657.969737095357,0.0,0.0,0.0,2326.07,0,0.0,1.3333333333333333,0.5773502691896257,0.6666666666666666,0.5773502691896257,Cebu Pacific,3,0.3333333333333333,JFK-SJC,3,0.3333333333333333,2944.18531558249,2044.8734641183896,0.0,3,77.33333333333333,24.33789911502908,0,0.0,0.0,0.0,0.0,232.0,4.333333333333333,4.932882862316247,1.3333333333333333,0.5773502691896257,Extended Stay,2,0.6666666666666666,False,True,False,False,True,False,False,True,2558.07,0.0,5,3,5,4.5,2226.5473124374794,5,6137.9568851331205,True,581.5175
5487,625398,2006-01-10,17.0,F,False,False,usa,los angeles,LAX,33.942,-118.408,2023-02-28,150,8,14.25,0.25,106.5,1.3333333333333333,21.0,125.0,5.5,0.0,2,2,1.0,0,0.0,2,2,1.0,335.66,346.666170544517,0.0,0.0,0.0,671.32,0,0.0,1.0,0.0,0.5,0.7071067811865476,Allegiant Air,2,0.5,LAX-CLT,2,0.5,1985.7134234683465,2017.8603108947395,0.0,2,301.0,18.384776310850235,1,0.5,0.05,14.4,14.4,587.6,6.5,0.7071067811865476,1.0,0.0,Best Western,1,1.0,False,True,False,False,True,False,False,False,1258.92,14.4,4,2,3,3.15,1643.6483027675893,4,4531.070307985193,True,335.66
5504,626645,1967-08-28,55.0,M,False,False,usa,salt lake city,SLC,40.788,-111.978,2023-02-28,150,8,20.125,0.375,149.25,2.6666666666666665,99.0,99.0,7.333333333333333,0.0,3,3,1.0,0,0.0,3,3,1.0,919.0733333333334,402.265848703731,0.175,204.40625,408.8125,2348.4075,2,0.6666666666666666,2.0,1.0,0.6666666666666666,0.5773502691896257,Delta Air Lines,3,0.3333333333333333,SLC-BWI,3,0.3333333333333333,2648.353901141165,364.75937825940986,0.0,3,224.0,74.54528824815154,0,0.0,0.0,0.0,0.0,672.0,5.0,1.0,2.0,1.0,Choice Hotels,2,0.6666666666666666,False,True,False,False,False,False,False,True,3020.4075,408.8125,1,3,5,2.9,2628.9664479826606,5,7247.3118446847475,True,459.5366666666667
5518,628023,1976-08-06,46.0,F,True,False,usa,el paso,BIF,31.849,-106.38,2023-03-01,149,8,16.625,0.375,124.0,2.0,33.0,33.0,9.0,0.0,3,2,0.6666666666666666,0,0.0,3,3,1.0,534.7633333333333,109.663371429723,0.0,0.0,0.0,1604.29,0,0.0,1.0,0.0,0.3333333333333333,0.5773502691896257,Delta Air Lines,2,0.6666666666666666,BIF-LGA,3,0.3333333333333333,2824.674206294552,542.8044632628865,0.0,2,462.0,533.158513014657,0,0.0,0.0,0.0,0.0,924.0,2.0,0.0,1.0,0.0,Radisson,2,0.5,False,True,False,False,True,False,False,True,2528.29,0.0,3,3,5,3.7,2200.626763365566,5,6066.501312752667,False,534.7633333333333
5545,631174,1991-03-23,32.0,F,False,False,usa,new york,JFK,40.64,-73.779,2023-03-02,148,8,13.875,0.25,102.875,1.6,21.0,56.0,12.0,0.0,2,1,0.5,0,0.0,1,1,1.0,1081.06,0.0,0.0,0.0,0.0,1081.06,0,0.0,2.0,0.0,0.0,0.0,WestJet,1,1.0,JFK-YYC,1,1.0,3277.111769968965,0.0,0.0,2,143.5,153.442171517481,1,0.5,0.1,25.2,25.2,261.8,3.0,1.414213562373095,1.5,0.7071067811865476,Hyatt,2,0.5,False,True,False,True,True,False,False,False,1342.86,25.2,4,2,3,3.15,1753.2405235078359,5,4833.184851921485,False,540.53
5546,631201,1998-09-12,24.0,F,False,False,usa,st. petersburg,PIE,27.911,-82.687,2023-03-02,148,8,17.0,0.25,126.5,2.0,30.0,90.0,6.0,0.0,2,1,0.5,0,0.0,1,1,1.0,676.8,0.0,0.0,0.0,0.0,676.8,0,0.0,1.0,0.0,0.0,0.0,Alaska Airlines,1,1.0,PIE-PDX,1,1.0,4006.185545000446,0.0,0.0,2,416.5,109.60155108391487,2,1.0,0.15,66.35,132.7,700.3,5.0,2.8284271247461903,1.5,0.7071067811865476,Marriott,2,0.5,False,True,False,True,True,False,False,False,1377.1,132.7,3,2,3,2.75,1797.9443314438145,5,4956.420520069907,False,676.8
5565,632749,1996-09-09,26.0,F,True,True,usa,detroit,DET,42.409,-83.01,2023-03-03,147,8,25.0,0.25,186.25,1.6,13.0,33.0,5.0,0.0,2,2,1.0,0,0.0,2,2,1.0,605.33,29.090372978014564,0.05,29.238,29.238,1181.422,1,0.5,1.0,0.0,0.5,0.7071067811865476,American Airlines,1,1.0,DET-LSQ,2,0.5,3273.042572463461,91.76381527420637,0.0,2,166.5,109.60155108391487,1,0.5,0.2,17.8,17.8,315.2,3.0,1.414213562373095,1.0,0.0,Fairmont,2,0.5,False,True,False,False,False,False,False,False,1496.622,47.038,5,2,3,3.55,1953.992477825942,5,5386.600821718151,False,605.33
5583,635303,1980-10-24,42.0,F,False,True,usa,los angeles,LAX,33.942,-118.408,2023-03-04,146,7,17.142857142857142,0.42857142857142855,128.42857142857142,1.75,39.0,39.0,8.666666666666666,0.0,3,2,0.6666666666666666,0,0.0,3,3,1.0,1120.9733333333334,737.872023682517,0.0,0.0,0.0,3362.92,0,0.0,2.0,1.0,1.3333333333333333,0.5773502691896257,Ryanair,2,0.6666666666666666,LAX-DET,3,0.3333333333333333,3382.4594805577544,526.6934476182014,0.0,2,384.0,206.475180106472,0,0.0,0.0,0.0,0.0,768.0,4.0,0.0,2.0,1.414213562373095,Fairmont,1,1.0,False,True,False,False,True,False,False,True,4130.92,0.0,3,3,5,3.7,3595.5579104145827,5,9911.929249760213,False,560.4866666666667
5591,635949,1981-08-17,41.0,F,False,True,usa,chicago,UGN,42.422,-87.868,2023-03-04,146,7,19.857142857142858,0.42857142857142855,147.42857142857142,1.4,23.0,23.0,15.333333333333334,0.0,3,2,0.6666666666666666,0,0.0,2,2,1.0,321.225,161.298127856463,0.0,0.0,0.0,642.45,0,0.0,1.0,0.0,1.0,0.0,American Airlines,2,0.5,UGN-JFK,2,0.5,1770.8661424275176,824.3654511759863,0.0,3,210.33333333333334,30.03886371574886,0,0.0,0.0,0.0,0.0,631.0,3.3333333333333335,2.0816659994661326,1.0,0.0,NH Hotel,2,0.6666666666666666,False,True,False,False,True,False,False,True,1273.45,0.0,4,3,3,3.4,1108.4124652662,3,3055.577523434766,False,321.225
5595,636520,1972-12-21,50.0,F,False,False,usa,rochester,ROC,43.119,-77.672,2023-03-04,146,8,9.875,0.125,74.375,1.6,12.0,145.0,8.0,0.0,1,1,1.0,0,0.0,1,1,1.0,1253.01,0.0,0.05,62.6505,62.6505,1190.3595,1,1.0,2.0,0.0,1.0,0.0,Delta Air Lines,1,1.0,ROC-LUF,1,1.0,3183.115253052601,0.0,0.0,1,345.0,0.0,0,0.0,0.0,0.0,0.0,345.0,7.0,0.0,2.0,0.0,Shangri-La,1,1.0,False,True,False,True,False,False,True,True,1535.3595,62.6505,5,1,4,3.65,4009.136460320107,5,11052.047536829967,True,626.505
5620,639458,1981-04-01,42.0,F,False,False,usa,stockton,SCK,37.894,-121.239,2023-03-05,145,8,13.0,0.375,97.625,1.6,15.0,49.0,8.0,0.0,3,3,1.0,0,0.0,3,3,1.0,443.82,273.154034200485,0.15,64.305,64.305,1267.155,1,0.3333333333333333,1.0,0.0,0.3333333333333333,0.5773502691896257,Delta Air Lines,2,0.6666666666666666,SCK-LGA,3,0.3333333333333333,2442.367272193827,1558.8290009122793,0.0,3,212.33333333333334,141.736845362571,0,0.0,0.0,0.0,0.0,637.0,2.0,1.0,1.0,0.0,Choice Hotels,3,0.3333333333333333,False,True,False,False,False,False,False,True,1904.155,64.305,5,3,4,4.15,1657.3788824052463,4,4568.921605980547,False,443.82
5622,639554,2006-04-20,17.0,F,False,False,usa,los angeles,LAX,33.942,-118.408,2023-03-05,145,8,15.0,0.25,113.75,1.6,14.0,110.0,6.5,0.0,2,2,1.0,0,0.0,2,1,0.5,451.345,466.626835972815,0.0,0.0,0.0,902.69,0,0.0,1.0,0.0,0.5,0.7071067811865476,Air Canada,2,0.5,LAX-DEN,2,0.5,2772.8670915357743,1962.0770155484329,0.0,2,232.0,84.8528137423857,0,0.0,0.0,0.0,0.0,464.0,3.0,2.8284271247461903,1.0,0.0,Four Seasons,1,1.0,False,True,False,False,True,False,False,True,1366.69,0.0,5,2,3,3.55,1784.3530160053351,5,4918.953133813334,True,451.345
5654,643929,1983-02-02,40.0,F,True,False,usa,new york,LGA,40.777,-73.872,2023-03-07,143,8,18.375,0.25,137.0,1.6,9.0,114.0,12.0,0.0,2,1,0.5,0,0.0,1,1,1.0,941.99,0.0,0.0,0.0,0.0,941.99,0,0.0,2.0,0.0,1.0,0.0,JetBlue Airways,1,1.0,LGA-SAT,1,1.0,2534.4937835688997,0.0,0.0,2,202.5,86.97413408594535,0,0.0,0.0,0.0,0.0,405.0,4.0,2.8284271247461903,2.5,0.7071067811865476,Aman Resorts,2,0.5,False,True,False,True,True,False,False,True,1346.99,0.0,5,2,3,3.55,1758.63265921974,5,4848.049434557378,True,470.995
5659,644870,1975-12-16,47.0,F,False,False,usa,bakersfield,BFL,35.433,-119.057,2023-03-07,143,9,18.333333333333332,0.5555555555555556,135.11111111111111,1.8,15.0,15.0,8.0,0.0,5,2,0.4,0,0.0,3,3,1.0,513.1166666666667,40.33306873191443,0.0,0.0,0.0,1539.35,0,0.0,1.0,0.0,1.3333333333333333,0.5773502691896257,Southwest Airlines,2,0.6666666666666666,BFL-BNA,2,0.6666666666666666,3101.6758884083642,334.8553559292971,0.0,4,131.25,54.83535963834528,2,0.5,0.2,15.05,30.1,494.9,4.75,1.2583057392117916,1.0,0.0,Choice Hotels,4,0.25,False,True,False,False,True,False,False,False,2034.25,30.1,5,5,4,4.65,1062.3682394131376,2,2928.646704800584,False,513.1166666666667
5676,646933,1988-06-10,35.0,M,True,False,usa,new york,JFK,40.64,-73.779,2023-03-08,142,8,15.875,0.25,118.5,1.6,15.0,15.0,7.5,0.0,2,2,1.0,0,0.0,2,2,1.0,1748.35,1911.111639648506,0.0,0.0,0.0,3496.7,0,0.0,2.5,2.1213203435596424,1.0,0.0,United Airlines,1,1.0,JFK-IAH,2,0.5,3220.685270781817,1316.7576565531297,0.0,2,243.0,144.249783362056,0,0.0,0.0,0.0,0.0,486.0,4.5,2.1213203435596424,2.5,2.1213203435596424,Marriott,2,0.5,False,True,False,False,True,False,False,True,3982.7,0.0,5,2,5,4.25,5199.8205568522835,5,14334.424519121647,False,699.3399999999999
5680,647597,1980-01-03,43.0,F,False,False,usa,santa ana,SNA,33.676,-117.868,2023-03-09,141,8,14.0,0.125,104.125,1.6,14.0,14.0,7.0,0.0,1,0,0.0,0,0.0,1,1,1.0,1392.18,0.0,0.0,0.0,0.0,1392.18,0,0.0,2.0,0.0,1.0,0.0,Southwest Airlines,1,1.0,SNA-BWI,1,1.0,3704.3399652076673,0.0,0.0,0,0.0,0.0,0,0.0,0.0,0.0,0.0,0.0,0.0,0.0,0.0,0.0,MISSING,0,0.0,False,True,False,True,True,True,False,True,1392.18,0.0,5,1,3,3.3,3635.2656152050686,5,10021.3920842799,False,696.09
5694,649378,1971-09-27,51.0,F,False,False,usa,washington,DCA,38.852,-77.037,2023-03-09,141,8,18.625,0.625,138.5,1.6,7.0,7.0,8.8,0.0,5,5,1.0,0,0.0,5,5,1.0,724.742,521.482241039903,0.0,0.0,0.0,3623.71,0,0.0,1.4,0.5477225575051661,0.8,0.4472135954999579,Delta Air Lines,3,0.6,DCA-DMA,5,0.2,2571.527739054952,1207.7805051245602,0.0,5,185.8,164.113375445148,1,0.2,0.1,13.2,13.2,915.8,2.2,1.3038404810405297,1.4,0.5477225575051661,Marriott,4,0.4,False,True,False,False,True,False,False,False,4539.51,13.2,5,5,5,5.0,2370.7170930310103,5,6535.391914911785,False,517.6728571428572
5714,651828,1981-10-11,41.0,F,True,True,usa,phoenix,PHX,33.434,-112.008,2023-03-10,140,9,12.444444444444445,0.2222222222222222,92.22222222222223,2.25,27.0,62.0,11.0,0.0,2,1,0.5,0,0.0,1,1,1.0,2081.78,0.0,0.0,0.0,0.0,2081.78,0,0.0,3.0,0.0,0.0,0.0,American Airlines,1,1.0,PHX-LGA,1,1.0,3457.7873425729686,0.0,0.0,2,57.0,2.8284271247461903,0,0.0,0.0,0.0,0.0,114.0,5.0,0.0,2.5,0.7071067811865476,Radisson,2,0.5,False,True,False,True,True,False,False,True,2195.78,0.0,3,2,5,3.45,2866.814468156052,5,7902.991104174789,False,693.9266666666667
5720,652359,1985-06-08,38.0,F,False,False,usa,buffalo,BUF,42.94,-78.732,2023-03-11,139,9,12.0,0.3333333333333333,90.55555555555556,2.25,38.0,38.0,12.333333333333334,0.0,3,3,1.0,0,0.0,3,3,1.0,109.79333333333334,78.0067627410171,0.0,0.0,0.0,329.38,0,0.0,1.0,0.0,0.0,0.0,American Airlines,2,0.6666666666666666,BUF-CLT,3,0.3333333333333333,582.1410952779594,409.8184449054117,0.0,3,287.3333333333333,150.789035852523,0,0.0,0.0,0.0,0.0,862.0,4.333333333333333,4.163331998932265,1.0,0.0,Accor,3,0.3333333333333333,False,True,False,False,True,False,False,True,1191.38,0.0,3,3,3,3.0,1036.9786351005891,2,2858.6547959242307,False,109.79333333333334
5721,652416,1982-03-14,41.0,F,True,True,usa,honolulu,HNL,21.316,-157.927,2023-03-11,139,7,13.428571428571429,0.14285714285714285,101.14285714285714,2.3333333333333335,74.0,89.0,11.0,0.0,1,1,1.0,0,0.0,1,1,1.0,1063.68,0.0,0.0,0.0,0.0,1063.68,0,0.0,1.0,0.0,0.0,0.0,Southwest Airlines,1,1.0,HNL-SAT,1,1.0,5996.864083672993,0.0,1.0,1,317.0,0.0,0,0.0,0.0,0.0,0.0,317.0,3.0,0.0,1.0,0.0,Wyndham,1,1.0,False,True,False,True,True,False,True,True,1380.68,0.0,1,1,3,1.6999999999999997,3605.236772257419,5,9938.611115605432,False,1063.68
5741,655499,1956-10-26,66.0,F,False,False,usa,baltimore,BWI,39.175,-76.668,2023-03-12,138,8,13.625,0.25,102.125,1.6,19.0,77.0,8.0,0.0,2,1,0.5,0,0.0,1,1,1.0,1313.88,0.0,0.1,131.388,131.388,1182.492,1,1.0,2.0,0.0,0.0,0.0,Ryanair,1,1.0,BWI-LSQ,1,1.0,3739.9626910811735,0.0,0.0,2,102.5,2.1213203435596424,1,0.5,0.1,10.4,10.4,194.6,4.5,2.1213203435596424,1.5,0.7071067811865476,Shangri-La,2,0.5,False,True,False,True,False,False,False,False,1377.092,141.788,4,2,3,3.15,1797.9338866288763,5,4956.3917266895,False,656.94
5751,656920,1987-07-15,36.0,F,True,False,usa,jacksonville,NIP,30.236,-81.681,2023-03-12,138,8,17.75,0.375,132.375,2.0,44.0,68.0,7.0,0.0,3,0,0.0,0,0.0,2,2,1.0,611.465,474.009030768402,0.15,141.996,141.996,1080.934,1,0.5,2.5,2.1213203435596424,0.5,0.7071067811865476,Ryanair,2,0.5,NIP-FTW,1,1.0,1512.2617063925595,0.0,0.0,1,366.0,0.0,0,0.0,0.0,0.0,0.0,366.0,2.0,0.0,2.0,0.0,Fairmont,1,1.0,False,True,False,False,False,False,True,True,1446.934,141.996,2,3,3,2.5999999999999996,1259.4131548293876,3,3471.8434240005968,False,244.586
5777,662010,1981-10-20,41.0,F,True,False,usa,denver,DEN,39.858,-104.667,2023-03-14,136,8,16.625,0.5,123.125,2.0,51.0,51.0,6.75,0.0,4,4,1.0,0,0.0,4,4,1.0,534.5875,197.073626913902,0.3,236.43,236.43,1901.92,1,0.25,1.75,0.5,0.5,0.5773502691896257,United Airlines,2,0.75,DEN-LSQ,4,0.25,1686.343418502783,347.77625767715244,0.0,4,242.5,150.905047408406,0,0.0,0.0,0.0,0.0,970.0,2.5,3.0,1.75,0.5,Banyan Tree,4,0.25,False,True,False,False,False,False,False,True,2871.92,236.43,2,4,5,3.55,1874.792057352451,5,5168.267816425521,False,305.4785714285714
5788,664617,1964-08-26,58.0,F,True,False,usa,memphis,MEM,35.042,-89.977,2023-03-15,135,8,21.5,0.5,162.5,1.6,11.0,11.0,7.75,0.0,4,1,0.25,0,0.0,1,1,1.0,478.77,0.0,0.0,0.0,0.0,478.77,0,0.0,1.0,0.0,0.0,0.0,Delta Air Lines,1,1.0,MEM-LSQ,1,1.0,2599.700834610436,0.0,0.0,4,190.25,45.065692790266375,0,0.0,0.0,0.0,0.0,761.0,5.5,3.6968455021364726,1.0,0.0,Aman Resorts,4,0.25,False,True,False,True,True,False,False,True,1239.77,0.0,5,4,3,4.05,809.3230135045014,2,2231.0730768161607,False,478.77
5791,665329,1984-04-22,39.0,F,False,False,usa,new york,LGA,40.777,-73.872,2023-03-15,135,8,13.25,0.25,98.875,1.6,8.0,62.0,6.5,0.0,2,2,1.0,0,0.0,2,2,1.0,716.405,842.369237359722,0.0,0.0,0.0,1432.81,0,0.0,1.5,0.7071067811865476,0.0,0.0,Allegiant Air,1,1.0,LGA-LCK,2,0.5,2346.898728301604,2232.1997192892186,0.0,2,225.0,240.416305603426,1,0.5,0.1,39.5,39.5,410.5,2.0,0.0,1.5,0.7071067811865476,Rosewood,2,0.5,False,True,False,False,True,False,False,False,1843.31,39.5,5,2,4,3.9,2406.628977992664,5,6634.390755101344,False,477.6033333333333
5798,665892,1992-06-13,31.0,F,False,True,usa,knoxville,TYS,35.812,-83.993,2023-03-16,134,7,17.857142857142858,0.5714285714285714,132.42857142857142,1.4,7.0,7.0,8.5,0.0,4,3,0.75,0,0.0,3,2,0.6666666666666666,342.5466666666667,233.540739558077,0.15,26.088,26.088,1001.552,1,0.3333333333333333,1.0,0.0,0.3333333333333333,0.5773502691896257,Delta Air Lines,2,0.6666666666666666,TYS-JFK,3,0.3333333333333333,2400.6174205104217,1212.7772017591756,0.0,4,218.25,70.2109915421605,2,0.5,0.1,24.3,48.6,824.4,4.5,1.2909944487358056,1.0,0.0,Conrad,4,0.25,False,True,False,False,False,False,False,False,1825.952,74.688,5,4,4,4.4,1191.98317039013,3,3285.95815897999,False,342.5466666666667
5818,669329,1991-12-01,31.0,F,False,False,canada,vancouver,YVR,49.195,-123.182,2023-03-17,133,8,11.875,0.25,88.625,1.6,25.0,25.0,11.5,0.0,2,1,0.5,0,0.0,1,1,1.0,968.62,0.0,0.0,0.0,0.0,968.62,0,0.0,3.0,0.0,0.0,0.0,Allegiant Air,1,1.0,YVR-PHX,1,1.0,1956.1207275027698,0.0,0.0,2,368.0,325.269119345812,0,0.0,0.0,0.0,0.0,736.0,9.0,4.242640687119285,2.0,1.414213562373095,InterContinental,2,0.5,False,True,False,True,True,False,False,True,1704.62,0.0,4,2,4,3.5,2225.5550550183393,5,6135.221513994311,False,322.87333333333333
5823,670626,1970-05-20,53.0,F,True,False,canada,victoria,YYJ,48.647,-123.426,2023-03-17,133,8,25.625,0.5,191.875,1.6,15.0,15.0,8.25,0.0,4,2,0.5,0,0.0,3,3,1.0,508.72333333333336,269.30424325163,0.0,0.0,0.0,1526.17,0,0.0,1.0,0.0,0.6666666666666666,0.5773502691896257,AirTran Airways,3,0.3333333333333333,YYJ-DAL,3,0.3333333333333333,2632.933832313025,1288.685575693829,0.0,3,180.0,40.92676385936225,0,0.0,0.0,0.0,0.0,540.0,3.0,1.0,1.3333333333333333,0.5773502691896257,Fairmont,2,0.6666666666666666,False,True,False,False,True,False,False,True,2066.17,0.0,5,4,4,4.4,1348.7977050683562,4,3718.251174915708,False,508.72333333333336
5844,676707,1974-10-24,48.0,F,True,False,usa,los angeles,LAX,33.942,-118.408,2023-03-19,131,8,10.625,0.125,78.25,1.6,23.0,130.0,5.0,0.0,1,0,0.0,0,0.0,1,1,1.0,1287.14,0.0,0.0,0.0,0.0,1287.14,0,0.0,2.0,0.0,1.0,0.0,Delta Air Lines,1,1.0,LAX-YYZ,1,1.0,3516.5337244636776,0.0,0.0,0,0.0,0.0,0,0.0,0.0,0.0,0.0,0.0,0.0,0.0,0.0,0.0,MISSING,0,0.0,False,True,False,True,True,True,False,True,1287.14,0.0,4,1,3,2.9,3360.984774924975,5,9265.277914752423,True,643.57
5884,688600,1989-11-15,33.0,F,True,False,usa,orlando,MCO,28.429,-81.316,2023-03-24,126,8,8.0,0.25,60.0,2.0,43.0,43.0,8.0,0.0,2,1,0.5,0,0.0,1,1,1.0,571.54,0.0,0.0,0.0,0.0,571.54,0,0.0,2.0,0.0,1.0,0.0,United Airlines,1,1.0,MCO-YIP,1,1.0,1561.971146618265,0.0,0.0,2,368.5,109.60155108391487,0,0.0,0.0,0.0,0.0,737.0,5.0,2.8284271247461903,1.5,0.7071067811865476,Extended Stay,2,0.5,False,True,False,True,True,False,False,True,1308.54,0.0,2,2,3,2.3499999999999996,1708.432267422474,4,4709.661249968976,False,285.77
5896,692510,1966-06-13,57.0,F,True,False,usa,new york,LGA,40.777,-73.872,2023-03-25,125,8,14.25,0.375,104.5,1.6,17.0,56.0,7.666666666666667,0.0,3,2,0.6666666666666666,0,0.0,3,3,1.0,870.55,322.401979057201,0.0,0.0,0.0,2611.65,0,0.0,1.3333333333333333,0.5773502691896257,0.6666666666666666,0.5773502691896257,Delta Air Lines,2,0.6666666666666666,LGA-FAT,3,0.3333333333333333,3726.64274478982,403.57561657184624,0.0,2,163.0,29.698484809834994,1,0.5,0.15,27.6,27.6,298.4,4.0,0.0,1.0,0.0,Banyan Tree,2,0.5,False,True,False,False,True,False,False,False,2910.05,27.6,4,3,5,4.1,2532.91114260309,5,6982.514721482069,False,652.9125
5918,702877,1994-03-08,29.0,F,False,True,usa,phoenix,LUF,33.535,-112.383,2023-03-29,121,8,8.75,0.25,65.0,1.6,23.0,23.0,5.0,0.0,2,1,0.5,0,0.0,2,2,1.0,1142.17,884.689578213737,0.0,0.0,0.0,2284.34,0,0.0,2.0,1.414213562373095,1.0,0.0,AirTran Airways,2,0.5,LUF-LGA,2,0.5,3272.9873295204225,299.49552671895566,0.0,1,225.0,0.0,1,1.0,0.1,22.5,22.5,202.5,5.0,0.0,3.0,0.0,Starwood,1,1.0,False,True,False,False,True,False,True,False,2486.84,22.5,4,2,5,3.85,3246.8229476492165,5,8950.566266887408,False,571.085
5927,707525,1978-11-08,44.0,F,True,True,usa,indianapolis,IND,39.717,-86.294,2023-03-31,119,8,19.125,0.375,142.25,1.6,21.0,21.0,117.66666666666667,0.0,3,3,1.0,0,0.0,3,2,0.6666666666666666,259.3066666666667,100.98067257318766,0.0,0.0,0.0,777.92,0,0.0,1.6666666666666667,1.1547005383792515,1.0,1.0,United Airlines,1,1.0,IND-EFD,3,0.3333333333333333,1172.980674812109,183.10131530661823,0.0,3,235.33333333333334,138.58330827821,0,0.0,0.0,0.0,0.0,706.0,7.0,5.5677643628300215,1.3333333333333333,0.5773502691896257,Radisson,2,0.6666666666666666,False,True,False,False,True,False,False,True,1483.92,0.0,4,3,3,3.4,1291.6058152717574,3,3560.5894213163597,False,155.584
