,user_id,birthdate,age_in_years,gender,married,has_children,home_country,home_city,home_airport,home_airport_lat,home_airport_lon,sign_up_date,days_as_customer,total_sessions,avg_clicks_per_session,proportion_planning_sessions,avg_session_duration_seconds,avg_sessions_per_month,days_since_last_session,days_since_last_booking,avg_booking_lead_time_days,avg_cancellation_lead_time_days,total_trips,trips_with_flight_and_hotel,proportion_trips_with_flight_and_hotel,total_trips_cancelled,trip_cancellation_rate,total_flights,flights_with_return,proportion_flights_with_return,avg_flight_price,stddev_flight_price,avg_flight_discount_pct,avg_flight_discount_savings,total_flight_discount_savings,total_flight_spend,flights_with_discount,proportion_flights_with_discount,avg_seats_booked,stddev_seats,avg_bags_checked,stddev_checked_bags,top_airline,airline_variety,airline_concentration,top_flight_route,flight_route_variety,flight_route_concentration,avg_distance_flown,stddev_distance_flown_km,proportion_longhaul_flights,total_hotels_booked,avg_hotel_price_per_room,stddev_hotel_per_room_usd,hotels_with_discount,proportion_hotels_with_discount,avg_hotel_discount_pct,avg_hotel_discount_savings,total_hotel_discount_savings,total_hotel_spend,avg_trip_length_nights,stddev_stay_in_nights,avg_rooms_booked,stddev_rooms,top_hotel_chain,hotel_chain_variety,hotel_chain_concentration,never_booked_trips,never_cancelled_trips,never_booked_flights,booked_only_one_flight,never_booked_flights_with_discounts,never_booked_hotels,booked_only_one_hotel,never_booked_hotels_with_discounts,total_spend,total_savings,R_score,F_score,M_score,RFM_score,CV,CV_quantile,CLV,is_churned,avg_flight_price_per_seat
2,101486,1972-12-07,50.0,F,True,True,usa,tacoma,TCM,47.138,-122.476,2022-02-17,526,8,16.375,0.25,122.25,1.1428571428571428,9.0,40.0,8.0,0.0,2,1,0.5,0,0.0,1,1,1.0,189.91,0.0,0.0,0.0,0.0,189.91,0,0.0,1.0,0.0,0.0,0.0,United Airlines,1,1.0,TCM-YED,1,1.0,965.3405679141879,0.0,0.0,2,198.5,77.07463914933368,0,0.0,0.0,0.0,0.0,397.0,4.5,0.7071067811865476,1.5,0.7071067811865476,Banyan Tree,2,0.5,False,True,False,True,True,False,False,True,586.91,0.0,5,2,1,2.85,766.2707919306434,2,2112.390361944833,False,189.91
4,106907,1978-11-17,44.0,F,True,True,usa,miami,TNT,25.862,-80.897,2022-02-24,519,8,30.0,0.25,758.915066125,1.1428571428571428,0.0,51.0,224.0,173.0,1,1,1.0,1,1.0,1,1,1.0,0.0,0.0,0.0,0.0,0.0,0.0,1,1.0,6.0,0.0,5.0,0.0,Air Mauritius,1,1.0,TNT-DUR,1,1.0,0.0,0.0,0.0,1,0.0,0.0,1,1.0,0.0,0.0,0.0,0.0,11.0,0.0,3.0,0.0,Shangri-La,1,1.0,False,False,True,True,True,True,True,True,0.0,0.0,5,1,0,2.25,0.0,1,0.0,False,0.0
5,118043,1972-05-04,51.0,F,False,True,usa,los angeles,LAX,33.942,-118.408,2022-03-10,505,8,20.5,0.625,153.125,1.3333333333333333,12.0,12.0,8.6,0.0,5,2,0.4,0,0.0,3,3,1.0,779.7633333333333,372.595257931892,0.0,0.0,0.0,2339.29,0,0.0,2.0,1.0,1.0,0.0,American Airlines,3,0.3333333333333333,LAX-BIF,3,0.3333333333333333,2455.0245088864162,1425.717263051663,0.0,4,227.25,147.101722174374,2,0.5,0.15,16.8,33.6,875.4,6.0,3.162277660168379,1.25,0.5,Fairmont,2,0.75,False,True,False,False,True,False,False,False,3214.69,33.6,5,5,5,5.0,1678.842106702234,4,4628.089603271667,False,389.88166666666666
6,120851,1972-09-25,50.0,F,True,True,usa,santa ana,SNA,33.676,-117.868,2022-03-13,502,8,6.875,0.125,51.75,1.3333333333333333,45.0,111.0,8.0,0.0,1,1,1.0,0,0.0,1,1,1.0,384.68,0.0,0.0,0.0,0.0,384.68,0,0.0,1.0,0.0,0.0,0.0,Delta Air Lines,1,1.0,SNA-YXD,1,1.0,2249.8338724512255,0.0,0.0,1,182.0,0.0,0,0.0,0.0,0.0,0.0,182.0,11.0,0.0,1.0,0.0,Best Western,1,1.0,False,True,False,True,True,False,True,True,566.68,0.0,2,1,1,1.4,1479.71693231077,4,4079.158202473626,True,384.68
9,149058,1973-01-22,50.0,F,False,True,usa,birmingham,BHM,33.563,-86.753,2022-04-14,470,8,17.75,0.625,131.75,1.3333333333333333,38.0,102.0,6.6,0.0,5,5,1.0,0,0.0,5,5,1.0,385.732,177.882292738766,0.05,9.5275,9.5275,1919.1325,1,0.2,1.2,0.4472135954999579,0.4,0.5477225575051661,Alaska Airlines,5,0.2,BHM-AUS,5,0.2,1904.755752310463,940.451814978497,0.0,5,168.6,147.593360284262,0,0.0,0.0,0.0,0.0,843.0,6.0,4.0,1.2,0.4472135954999579,Accor,5,0.2,False,True,False,False,False,False,False,True,2762.1325,9.5275,3,5,5,4.2,1442.49813987996,4,3976.5565905604517,True,321.4433333333334
17,175032,1994-11-05,28.0,F,False,False,usa,houston,IAH,29.98,-95.34,2022-05-10,444,9,14.11111111111111,0.3333333333333333,104.33333333333333,1.2857142857142858,7.0,7.0,8.0,0.0,3,2,0.6666666666666666,0,0.0,2,2,1.0,554.625,569.878568161674,0.0,0.0,0.0,1109.25,0,0.0,2.0,1.414213562373095,0.5,0.7071067811865476,American Airlines,2,0.5,IAH-LAS,2,0.5,1358.8176419889678,854.6099043837403,0.0,3,139.0,50.08991914547278,1,0.3333333333333333,0.15,22.65,22.65,394.35,4.333333333333333,3.511884584284246,2.0,1.0,Conrad,3,0.3333333333333333,False,True,False,False,True,False,False,False,1503.6,22.65,5,3,3,3.8,1308.7353117705902,3,3607.810565186316,False,277.3125
21,189676,1988-01-10,35.0,F,False,True,usa,fort worth,FTW,32.82,-97.362,2022-05-23,431,8,11.625,0.25,86.375,1.6,85.0,85.0,4.5,0.0,2,1,0.5,0,0.0,1,1,1.0,1244.31,0.0,0.0,0.0,0.0,1244.31,0,0.0,3.0,0.0,2.0,0.0,American Airlines,1,1.0,FTW-SJC,1,1.0,2284.548320487928,0.0,0.0,2,180.5,37.476659402887016,0,0.0,0.0,0.0,0.0,361.0,9.5,4.949747468305833,2.0,1.414213562373095,Choice Hotels,2,0.5,False,True,False,True,True,False,False,True,1605.31,0.0,1,2,4,2.3,2095.895733577859,5,5777.787687948168,False,414.77
26,205044,1983-08-25,39.0,F,True,True,canada,toronto,YKZ,43.862,-79.37,2022-06-06,417,9,14.88888888888889,0.3333333333333333,110.33333333333333,1.5,50.0,83.0,7.0,0.0,3,3,1.0,0,0.0,3,3,1.0,916.1166666666667,928.4046450408,0.05,27.6525,27.6525,2720.6975,1,0.3333333333333333,2.0,1.0,0.3333333333333333,0.5773502691896257,American Airlines,3,0.3333333333333333,YKZ-LAX,3,0.3333333333333333,2531.010073625867,1706.9770353118586,0.0,3,249.33333333333334,126.476611803659,0,0.0,0.0,0.0,0.0,748.0,5.333333333333333,3.2145502536643185,2.0,1.0,Accor,3,0.3333333333333333,False,True,False,False,False,False,False,True,3468.6975,27.6525,2,3,5,3.3,3019.1586220406803,5,8322.960553295665,False,458.05833333333334
43,264470,1978-11-05,44.0,F,False,True,usa,bakersfield,BFL,35.433,-119.057,2022-07-27,366,8,14.75,0.25,111.0,1.3333333333333333,53.0,124.0,9.0,0.0,2,2,1.0,0,0.0,2,2,1.0,436.51,451.897801720699,0.05,37.8025,37.8025,835.2175,1,0.5,1.0,0.0,0.5,0.7071067811865476,Delta Air Lines,2,0.5,BFL-LGA,2,0.5,2305.1605246210547,2345.09418639041,0.0,2,200.0,154.149278298667,0,0.0,0.0,0.0,0.0,400.0,5.0,1.414213562373095,1.0,0.0,Four Seasons,2,0.5,False,True,False,False,False,False,False,True,1235.2175,37.8025,2,2,3,2.3499999999999996,1612.7022745081692,4,4445.760920593603,True,436.51
59,328590,1968-07-23,55.0,F,False,False,usa,san diego,NZY,32.699,-117.215,2022-09-18,313,8,47.875,0.5,1085.5,1.1428571428571428,24.0,70.0,7.666666666666667,3.0,3,2,0.6666666666666666,1,0.3333333333333333,3,3,1.0,1101.975,705.770349370105,0.0,0.0,0.0,2203.95,1,0.3333333333333333,1.5,1.1547005383792515,0.3333333333333333,0.5773502691896257,WestJet,3,0.3333333333333333,NZY-LGA,3,0.3333333333333333,3042.6233875192374,530.7262857011366,0.0,2,155.0,0.0,1,0.5,0.15,23.25,23.25,286.75,5.5,0.7071067811865476,2.0,1.414213562373095,Rosewood,2,0.5,False,False,False,False,True,False,False,False,2490.7,23.25,4,3,5,4.1,2167.908380571301,5,5976.306048623009,False,734.65
62,331039,1979-08-02,43.0,F,True,True,canada,london,YXU,43.036,-81.154,2022-09-20,311,8,24.75,0.25,610.045213,2.0,95.0,112.0,252.0,235.0,1,1,1.0,1,1.0,1,1,1.0,0.0,0.0,0.0,0.0,0.0,0.0,1,1.0,4.0,0.0,3.0,0.0,American Airlines,1,1.0,YXU-LAX,1,1.0,0.0,0.0,0.0,1,0.0,0.0,1,1.0,0.1,0.0,0.0,0.0,8.0,0.0,2.0,0.0,Aman Resorts,1,1.0,False,False,True,True,True,True,True,True,0.0,0.0,1,1,0,0.65,0.0,1,0.0,True,0.0
74,353694,1984-06-17,39.0,F,False,True,usa,new york,LGA,40.777,-73.872,2022-10-07,294,8,12.5,0.25,92.5,1.1428571428571428,22.0,22.0,8.0,0.0,2,2,1.0,0,0.0,2,1,0.5,230.685,30.356094116338486,0.0,0.0,0.0,461.37,0,0.0,1.5,0.7071067811865476,0.5,0.7071067811865476,Southwest Airlines,2,0.5,LGA-MDW,2,0.5,1355.4870461114147,270.872585704893,0.0,2,124.0,24.041630560342615,0,0.0,0.0,0.0,0.0,248.0,5.0,0.0,1.5,0.7071067811865476,Choice Hotels,2,0.5,False,True,False,False,True,False,False,True,709.37,0.0,4,2,2,2.8,926.1547965988663,2,2553.1450325481014,False,153.79
90,373489,1986-12-08,36.0,F,True,True,usa,wichita,ICT,37.65,-97.433,2022-10-21,280,9,13.11111111111111,0.1111111111111111,96.44444444444444,1.8,27.0,27.0,224.0,0.0,1,1,1.0,0,0.0,1,1,1.0,7451.31,0.0,0.25,1862.8275,1862.8275,5588.4825,1,1.0,4.0,0.0,3.0,0.0,Japan Airlines,1,1.0,ICT-ITM,1,1.0,10288.139989253057,0.0,1.0,1,51.0,0.0,0,0.0,0.0,0.0,0.0,51.0,13.0,0.0,2.0,0.0,Aman Resorts,1,1.0,False,True,False,True,False,False,True,True,5639.4825,1862.8275,3,1,5,3.2,14725.837765088363,5,40594.94123240889,False,1862.8275
91,374331,1981-12-01,41.0,M,False,False,usa,milwaukee,MKE,42.947,-87.896,2022-10-22,279,8,42.25,0.375,1031.25,1.3333333333333333,28.0,147.0,6.0,3.0,2,0,0.0,1,0.5,1,1,1.0,0.0,0.0,0.0,0.0,0.0,0.0,1,1.0,1.0,0.0,1.0,0.0,Southwest Airlines,1,1.0,MKE-DAL,1,1.0,0.0,0.0,0.0,1,280.0,0.0,0,0.0,0.0,0.0,0.0,280.0,12.0,0.0,2.0,0.0,Best Western,1,1.0,False,False,True,True,True,False,True,True,280.0,0.0,3,2,1,2.0500000000000003,365.56852284094697,1,1007.7683142978535,True,0.0
93,374341,1998-07-15,25.0,F,False,False,usa,detroit,YIP,42.238,-83.53,2022-10-22,279,8,13.125,0.375,98.125,1.6,57.0,57.0,11.666666666666666,0.0,3,0,0.0,0,0.0,0,0,0.0,0.0,0.0,0.0,0.0,0.0,0.0,0,0.0,0.0,0.0,0.0,0.0,MISSING,0,0.0,MISSING,0,0.0,0.0,0.0,0.0,3,152.33333333333334,61.435603141283906,0,0.0,0.0,0.0,0.0,457.0,7.333333333333333,1.5275252316519468,2.0,1.0,Banyan Tree,3,0.3333333333333333,False,True,True,False,True,False,False,True,457.0,0.0,2,3,1,1.9,397.7733689007447,1,1096.5479038907597,False,
100,378565,1983-09-27,39.0,F,True,True,usa,nashville,BNA,36.124,-86.678,2022-10-25,276,8,17.0,0.625,127.125,1.3333333333333333,27.0,27.0,6.0,0.0,5,2,0.4,0,0.0,2,2,1.0,354.815,195.055405590309,0.1,21.689,21.689,687.941,1,0.5,1.0,0.0,0.5,0.7071067811865476,JetBlue Airways,2,0.5,BNA-SAN,2,0.5,2061.293716608364,1066.4925181108088,0.0,5,144.6,88.56805293106538,0,0.0,0.0,0.0,0.0,723.0,9.0,6.782329983125268,1.2,0.4472135954999579,Aman Resorts,5,0.2,False,True,False,False,False,False,False,True,1410.941,21.689,3,5,3,3.5,736.8508816938979,1,2031.2880473481825,False,354.815
104,380757,1977-12-19,45.0,F,False,True,usa,los angeles,LAX,33.942,-118.408,2022-10-26,275,8,15.25,0.375,114.125,1.1428571428571428,22.0,22.0,8.333333333333334,0.0,3,3,1.0,0,0.0,3,2,0.6666666666666666,165.20666666666668,176.324937922386,0.0,0.0,0.0,495.62,0,0.0,1.0,0.0,0.3333333333333333,0.5773502691896257,Delta Air Lines,3,0.3333333333333333,LAX-LUF,3,0.3333333333333333,1578.05482778379,2104.5118007117385,0.0,3,169.66666666666666,90.13508380943202,1,0.3333333333333333,0.05,12.65,12.65,496.35,5.0,6.082762530298219,1.0,0.0,Hyatt,3,0.3333333333333333,False,True,False,False,True,False,False,False,991.97,12.65,4,3,2,3.05,863.4119228631766,2,2380.180796985814,False,165.20666666666668
112,385689,1974-10-08,48.0,F,False,True,usa,nashville,BNA,36.124,-86.678,2022-10-29,272,8,11.5,0.5,85.75,1.3333333333333333,48.0,48.0,12.5,0.0,4,3,0.75,0,0.0,3,3,1.0,431.43666666666667,206.608298316726,0.1,55.467,55.467,1238.843,1,0.3333333333333333,1.3333333333333333,0.5773502691896257,0.3333333333333333,0.5773502691896257,Cape Air,3,0.3333333333333333,BNA-BOS,3,0.3333333333333333,1900.3657528116094,1085.1149411736285,0.0,4,187.0,95.90620417887469,0,0.0,0.0,0.0,0.0,748.0,4.25,3.304037933599835,1.25,0.5,Banyan Tree,4,0.25,False,True,False,False,False,False,False,True,1986.843,55.467,2,4,4,3.2,1297.012965405135,3,3575.49539443659,False,323.57750000000004
113,386255,1992-04-05,31.0,F,False,True,usa,mobile,BFM,30.626,-88.068,2022-10-30,271,8,8.0,0.125,59.5,1.1428571428571428,16.0,138.0,14.0,0.0,1,0,0.0,0,0.0,0,0,0.0,0.0,0.0,0.0,0.0,0.0,0.0,0,0.0,0.0,0.0,0.0,0.0,MISSING,0,0.0,MISSING,0,0.0,0.0,0.0,0.0,1,268.0,0.0,0,0.0,0.0,0.0,0.0,268.0,4.0,0.0,2.0,0.0,Choice Hotels,1,1.0,False,True,True,False,True,False,True,True,268.0,0.0,4,1,1,2.2,699.8026008669557,1,1929.156487370177,True,
116,387282,1993-12-18,29.0,F,False,True,usa,amarillo,AMA,35.219,-101.706,2022-10-30,271,8,10.875,0.125,80.125,1.1428571428571428,12.0,123.0,3.0,0.0,1,0,0.0,0,0.0,0,0,0.0,0.0,0.0,0.0,0.0,0.0,0.0,0,0.0,0.0,0.0,0.0,0.0,MISSING,0,0.0,MISSING,0,0.0,0.0,0.0,0.0,1,330.0,0.0,1,1.0,0.1,33.0,33.0,297.0,4.0,0.0,3.0,0.0,Four Seasons,1,1.0,False,True,True,False,True,False,True,False,297.0,33.0,5,1,1,2.6,775.5275091697232,2,2137.908495331875,True,
117,387783,1970-08-23,52.0,M,True,True,usa,oakland,OAK,37.721,-122.221,2022-10-31,270,7,9.0,0.2857142857142857,66.71428571428571,2.3333333333333335,125.0,169.0,8.0,0.0,2,0,0.0,0,0.0,0,0,0.0,0.0,0.0,0.0,0.0,0.0,0.0,0,0.0,0.0,0.0,0.0,0.0,MISSING,0,0.0,MISSING,0,0.0,0.0,0.0,0.0,2,208.5,61.518289963229634,0,0.0,0.0,0.0,0.0,417.0,7.0,8.48528137423857,1.5,0.7071067811865476,Hyatt,2,0.5,False,True,True,False,True,False,False,True,417.0,0.0,1,2,1,1.25,544.4359786595531,1,1500.854953793589,True,
118,388328,1973-11-28,49.0,F,True,True,canada,toronto,YYZ,43.677,-79.631,2022-10-31,270,9,15.0,0.5555555555555556,110.44444444444444,1.8,63.0,63.0,7.8,0.0,5,3,0.6,0,0.0,3,3,1.0,413.56666666666666,273.753536111104,0.0,0.0,0.0,1240.7,0,0.0,1.0,0.0,1.0,1.0,AeroMéxico,3,0.3333333333333333,YYZ-FAT,3,0.3333333333333333,2469.187087814434,1629.2344794819285,0.0,5,165.6,83.63492093617354,1,0.2,0.1,16.1,16.1,811.9,5.0,3.872983346207417,1.0,0.0,Aman Resorts,4,0.4,False,True,False,False,True,False,False,False,2052.6,16.1,2,5,4,3.4499999999999997,1071.9513571190396,3,2955.0646313253915,False,413.56666666666666
119,388767,1979-09-13,43.0,F,True,True,usa,tallahassee,TLH,30.396,-84.35,2022-10-31,270,8,13.0,0.125,97.125,1.3333333333333333,47.0,185.0,6.0,0.0,1,1,1.0,0,0.0,1,1,1.0,372.34,0.0,0.0,0.0,0.0,372.34,0,0.0,1.0,0.0,1.0,0.0,Southwest Airlines,1,1.0,TLH-ELP,1,1.0,2099.655873888845,0.0,0.0,1,189.0,0.0,0,0.0,0.0,0.0,0.0,189.0,10.0,0.0,1.0,0.0,Fairmont,1,1.0,False,True,False,True,True,False,True,True,561.34,0.0,2,1,1,1.4,1465.7731043681229,4,4040.719039628266,True,372.34
132,400275,1968-05-27,55.0,F,True,True,usa,phoenix,LUF,33.535,-112.383,2022-11-07,263,8,12.375,0.25,92.25,1.1428571428571428,10.0,112.0,9.5,0.0,2,1,0.5,0,0.0,2,2,1.0,536.525,125.631661813414,0.175,100.5545,201.109,871.941,2,1.0,1.0,0.0,0.5,0.7071067811865476,American Airlines,2,0.5,LUF-DET,2,0.5,3050.239022567338,438.2218133688998,0.0,1,263.0,0.0,0,0.0,0.0,0.0,0.0,263.0,5.0,0.0,1.0,0.0,Crowne Plaza,1,1.0,False,True,False,False,False,False,True,True,1134.941,201.109,5,2,3,3.55,1481.7810888629542,4,4084.8484942768578,True,536.525
141,406210,2002-12-02,20.0,F,False,True,usa,anchorage,ANC,61.174,-149.996,2022-11-11,259,8,11.625,0.25,86.5,1.6,8.0,8.0,157.5,0.0,2,2,1.0,0,0.0,2,1,0.5,595.405,83.14868639972612,0.0,0.0,0.0,1190.81,0,0.0,1.0,0.0,0.5,0.7071067811865476,All Nippon Airways,2,0.5,ANC-ITM,2,0.5,4784.911513385227,1529.3934360820813,0.5,2,167.0,91.92388155425118,0,0.0,0.0,0.0,0.0,334.0,7.0,8.48528137423857,1.0,0.0,Accor,2,0.5,False,True,False,False,True,False,False,True,1524.81,0.0,5,2,4,3.9,1990.7947832610869,5,5488.054297587536,False,595.405
145,407434,1971-09-09,51.0,F,True,True,canada,halifax,YAW,44.64,-63.499,2022-11-11,259,8,7.75,0.125,57.625,1.3333333333333333,45.0,201.0,3.0,0.0,1,0,0.0,0,0.0,0,0,0.0,0.0,0.0,0.0,0.0,0.0,0.0,0,0.0,0.0,0.0,0.0,0.0,MISSING,0,0.0,MISSING,0,0.0,0.0,0.0,0.0,1,177.0,0.0,0,0.0,0.0,0.0,0.0,177.0,9.0,0.0,2.0,0.0,Four Seasons,1,1.0,False,True,True,False,True,False,True,True,177.0,0.0,2,1,1,1.4,462.1830610203401,1,1274.107083076572,True,
152,413340,1976-09-06,46.0,F,True,True,usa,nashville,BNA,36.124,-86.678,2022-11-15,255,8,15.0,0.375,112.25,1.3333333333333333,31.0,31.0,9.333333333333334,0.0,3,1,0.3333333333333333,0,0.0,3,3,1.0,177.35333333333332,63.16270286595827,0.0,0.0,0.0,532.06,0,0.0,1.0,0.0,0.6666666666666666,0.5773502691896257,Delta Air Lines,3,0.3333333333333333,BNA-EFD,3,0.3333333333333333,1005.4192271847636,340.41848651288996,0.0,1,137.0,0.0,0,0.0,0.0,0.0,0.0,137.0,8.0,0.0,1.0,0.0,Hilton,1,1.0,False,True,False,False,True,False,True,True,669.06,0.0,3,3,2,2.6500000000000004,582.3506568856285,1,1605.3749246764808,False,177.35333333333332
156,415282,1982-05-19,41.0,F,True,True,usa,portland,PWM,43.646,-70.309,2022-11-16,254,8,11.625,0.25,87.0,1.6,87.0,132.0,8.5,0.0,2,2,1.0,0,0.0,2,2,1.0,1140.94,1516.079365270829,0.0,0.0,0.0,2281.88,0,0.0,2.0,1.414213562373095,0.0,0.0,Alaska Airlines,2,0.5,PWM-LAX,2,0.5,2301.3828939909163,2746.0585829280312,0.0,2,152.0,96.16652224137046,0,0.0,0.0,0.0,0.0,304.0,4.5,0.7071067811865476,2.0,1.414213562373095,Extended Stay,2,0.5,False,True,False,False,True,False,False,True,2585.88,0.0,1,2,5,2.65,3376.1297565855284,5,9307.028316344762,True,570.47
162,418329,1974-09-14,48.0,M,False,True,usa,detroit,DET,42.409,-83.01,2022-11-17,253,8,21.125,0.375,156.5,1.1428571428571428,8.0,8.0,7.333333333333333,0.0,3,3,1.0,0,0.0,3,3,1.0,148.50666666666666,2.382946355529921,0.1,14.7665,29.533,415.987,2,0.6666666666666666,1.0,0.0,0.6666666666666666,0.5773502691896257,AeroMéxico,3,0.3333333333333333,DET-JFK,3,0.3333333333333333,825.1074162042793,27.98802150876121,0.0,3,118.33333333333333,2.0816659994661326,1,0.3333333333333333,0.15,17.85,17.85,337.15,9.333333333333334,7.571877794400365,1.0,0.0,Banyan Tree,3,0.3333333333333333,False,True,False,False,False,False,False,False,753.137,47.383,5,3,2,3.45,655.5313823496721,1,1807.1133450603393,False,148.50666666666666
165,420648,1971-06-21,52.0,F,True,True,usa,portland,PDX,45.589,-122.597,2022-11-18,252,8,11.875,0.375,87.875,1.6,59.0,59.0,6.333333333333333,0.0,3,1,0.3333333333333333,0,0.0,2,2,1.0,721.575,19.028243481729994,0.075,54.4545,108.909,1334.241,2,1.0,1.0,0.0,0.0,0.0,Air Canada,2,0.5,PDX-BWI,2,0.5,3829.269678728875,61.36226532816136,0.0,2,254.0,166.877200360025,0,0.0,0.0,0.0,0.0,508.0,6.0,1.414213562373095,1.0,0.0,Hyatt,1,1.0,False,True,False,False,False,False,False,True,1842.241,108.909,2,3,4,2.95,1603.4888597310214,4,4420.362159762838,False,721.575
166,420669,1973-02-04,50.0,F,True,True,canada,calgary,YYC,51.114,-114.02,2022-11-18,252,8,63.5,0.75,1361.370826,1.1428571428571428,20.0,43.0,7.5,6.0,4,2,0.5,2,0.5,3,3,1.0,597.15,0.0,0.0,0.0,0.0,597.15,2,0.6666666666666666,1.0,0.0,0.6666666666666666,0.5773502691896257,American Airlines,3,0.3333333333333333,YYC-LGA,2,0.6666666666666666,3277.111769968965,30.195922446985335,0.0,3,123.0,12.727922061357855,1,0.3333333333333333,0.0,0.0,0.0,246.0,6.0,4.58257569495584,1.0,0.0,Aman Resorts,3,0.3333333333333333,False,False,False,False,True,False,False,True,843.15,0.0,4,4,2,3.3,550.4091072024007,1,1517.3211682147055,False,597.15
170,421700,1983-06-02,40.0,F,False,True,usa,richmond,RIC,37.505,-77.319,2022-11-19,251,8,17.625,0.375,130.375,1.1428571428571428,16.0,16.0,8.333333333333334,0.0,3,3,1.0,0,0.0,3,3,1.0,393.64666666666665,261.119785985921,0.2,137.418,137.418,1043.522,1,0.3333333333333333,1.3333333333333333,0.5773502691896257,0.0,0.0,Delta Air Lines,2,0.6666666666666666,RIC-NCA,3,0.3333333333333333,1902.8434554719408,1661.779890248509,0.0,3,116.66666666666667,98.28699473141567,1,0.3333333333333333,0.15,32.85,32.85,317.15,5.666666666666667,1.5275252316519468,1.3333333333333333,0.5773502691896257,Choice Hotels,3,0.3333333333333333,False,True,False,False,False,False,False,False,1360.672,170.268,4,3,3,3.4,1184.3306026453263,3,3264.8622089340215,False,295.235
172,422066,1968-09-22,54.0,F,True,True,usa,cincinnati,CVG,39.046,-84.662,2022-11-19,251,8,17.75,0.5,131.25,1.1428571428571428,18.0,18.0,9.0,0.0,4,4,1.0,0,0.0,4,4,1.0,410.245,422.667814601491,0.1,16.815,16.815,1624.165,1,0.25,1.25,0.5,1.25,1.2583057392117916,United Airlines,3,0.5,CVG-IAH,4,0.25,1654.7330238784352,1073.6301686727022,0.0,4,139.75,89.63397793247826,0,0.0,0.0,0.0,0.0,559.0,5.5,5.066228051190222,1.25,0.5,Crowne Plaza,4,0.25,False,True,False,False,False,False,False,True,2183.165,16.815,4,4,4,4.0,1425.1721503001,4,3928.79377122156,False,328.196
175,423413,2006-06-27,17.0,F,False,False,usa,new york,LGA,40.777,-73.872,2022-11-20,250,8,16.625,0.125,123.875,1.6,73.0,73.0,8.0,0.0,1,0,0.0,0,0.0,0,0,0.0,0.0,0.0,0.0,0.0,0.0,0.0,0,0.0,0.0,0.0,0.0,0.0,MISSING,0,0.0,MISSING,0,0.0,0.0,0.0,0.0,1,269.0,0.0,0,0.0,0.0,0.0,0.0,269.0,20.0,0.0,2.0,0.0,InterContinental,1,1.0,False,True,True,False,True,False,True,True,269.0,0.0,1,1,1,1.0,702.4138046015338,1,1936.3548324723042,False,
187,429345,1958-02-05,65.0,M,True,True,usa,tallahassee,TLH,30.396,-84.35,2022-11-23,247,8,17.0,0.125,127.625,1.3333333333333333,36.0,128.0,9.0,0.0,1,0,0.0,0,0.0,0,0,0.0,0.0,0.0,0.0,0.0,0.0,0.0,0,0.0,0.0,0.0,0.0,0.0,MISSING,0,0.0,MISSING,0,0.0,0.0,0.0,0.0,1,119.0,0.0,0,0.0,0.0,0.0,0.0,119.0,6.0,0.0,1.0,0.0,Radisson,1,1.0,False,True,True,False,True,False,True,True,119.0,0.0,3,1,1,1.8000000000000003,310.7332444148049,1,856.6030671531755,True,
196,432333,1974-06-23,49.0,F,True,True,usa,milwaukee,MKE,42.947,-87.896,2022-11-25,245,8,15.0,0.25,112.125,1.3333333333333333,8.0,48.0,9.0,0.0,2,1,0.5,0,0.0,1,1,1.0,515.36,0.0,0.0,0.0,0.0,515.36,0,0.0,1.0,0.0,1.0,0.0,United Airlines,1,1.0,MKE-SFO,1,1.0,2962.4101834238877,0.0,0.0,2,174.5,65.76093065034893,1,0.5,0.1,12.8,12.8,336.2,5.0,0.0,1.0,0.0,Aman Resorts,2,0.5,False,True,False,True,True,False,False,False,851.56,12.8,5,2,2,3.2,1111.798326108703,3,3064.9113775838578,False,515.36
200,433339,1998-06-10,25.0,F,False,True,usa,detroit,DET,42.409,-83.01,2022-11-26,244,8,15.625,0.25,114.875,1.3333333333333333,28.0,28.0,6.0,0.0,2,1,0.5,0,0.0,1,1,1.0,54.64,0.0,0.0,0.0,0.0,54.64,0,0.0,1.0,0.0,1.0,0.0,United Airlines,1,1.0,DET-YYZ,1,1.0,336.6174603720938,0.0,0.0,2,210.0,100.40916292848975,0,0.0,0.0,0.0,0.0,420.0,7.5,6.363961030678928,1.0,0.0,Hyatt,2,0.5,False,True,False,True,True,False,False,True,474.64,0.0,3,2,1,2.0500000000000003,619.6908702900967,1,1708.3112596369042,False,54.64
201,433905,1998-05-26,25.0,F,False,False,usa,new york,LGA,40.777,-73.872,2022-11-26,244,8,14.125,0.125,105.25,1.1428571428571428,25.0,136.0,4.0,0.0,1,0,0.0,0,0.0,0,0,0.0,0.0,0.0,0.0,0.0,0.0,0.0,0,0.0,0.0,0.0,0.0,0.0,MISSING,0,0.0,MISSING,0,0.0,0.0,0.0,0.0,1,140.0,0.0,0,0.0,0.0,0.0,0.0,140.0,14.0,0.0,2.0,0.0,NH Hotel,1,1.0,False,True,True,False,True,False,True,True,140.0,0.0,4,1,1,2.2,365.56852284094697,1,1007.7683142978535,True,
218,438551,1987-08-04,35.0,F,True,True,usa,charlotte,CLT,35.214,-80.943,2022-11-29,241,8,45.125,0.5,1047.75,1.6,57.0,123.0,69.66666666666667,131.0,3,1,0.3333333333333333,1,0.3333333333333333,1,1,1.0,0.0,0.0,0.0,0.0,0.0,0.0,1,1.0,6.0,0.0,5.0,0.0,Air India Limited,1,1.0,CLT-AGR,1,1.0,0.0,0.0,0.0,3,128.0,9.899494936611665,2,0.6666666666666666,0.25,30.25,30.25,225.75,5.666666666666667,6.3508529610858835,1.6666666666666667,1.1547005383792515,Crowne Plaza,3,0.3333333333333333,False,False,True,True,True,False,False,False,225.75,30.25,2,3,1,1.9,196.493081027009,1,541.6754689350963,True,0.0
220,438839,1974-05-09,49.0,F,False,True,usa,new york,JFK,40.64,-73.779,2022-11-29,241,8,16.375,0.375,121.0,1.6,86.0,86.0,6.333333333333333,0.0,3,3,1.0,0,0.0,3,2,0.6666666666666666,210.77666666666667,300.517843785246,0.1,55.756,55.756,576.574,1,0.3333333333333333,1.0,0.0,0.6666666666666666,0.5773502691896257,AirTran Airways,3,0.3333333333333333,JFK-PHL,3,0.3333333333333333,1372.5254886672628,1787.3242888924008,0.0,3,162.66666666666666,31.069813860616115,0,0.0,0.0,0.0,0.0,488.0,7.666666666666667,5.507570547286102,1.0,0.0,Conrad,3,0.3333333333333333,False,True,False,False,False,False,False,True,1064.574,55.756,1,3,3,2.1999999999999997,926.6065348449483,2,2554.3903462507697,False,210.77666666666667
229,441200,1988-07-06,35.0,F,False,True,canada,ottawa,YOW,45.323,-75.669,2022-11-30,240,8,14.25,0.375,106.0,1.1428571428571428,11.0,134.0,11.0,0.0,3,1,0.3333333333333333,0,0.0,2,2,1.0,272.62,243.99426591623,0.0,0.0,0.0,545.24,0,0.0,1.0,0.0,1.0,1.414213562373095,American Airlines,2,0.5,YOW-IAH,2,0.5,1523.268619290318,1295.6122010765803,0.0,2,96.0,39.59797974644666,0,0.0,0.0,0.0,0.0,192.0,4.0,1.414213562373095,1.0,0.0,Hilton,2,0.5,False,True,False,False,True,False,False,True,737.24,0.0,5,3,2,3.45,641.6946137601423,1,1768.9693143641657,True,272.62
235,442718,1975-06-05,48.0,F,True,True,usa,new york,JFK,40.64,-73.779,2022-12-01,239,8,16.25,0.5,121.25,1.3333333333333333,54.0,93.0,8.5,0.0,4,2,0.5,0,0.0,4,4,1.0,727.8325,377.222516328228,0.15,102.4005,102.4005,2808.9295,1,0.25,1.25,0.5,0.25,0.5,AirTran Airways,4,0.25,JFK-ELP,4,0.25,3193.832724260007,701.0789156314175,0.0,2,73.0,21.213203435596427,1,0.5,0.1,5.8,5.8,140.2,6.0,1.414213562373095,1.5,0.7071067811865476,Accor,2,0.5,False,True,False,False,False,False,False,False,2949.1295,108.2005,2,4,5,3.55,1925.1944910386794,5,5307.212972966199,True,582.266
236,442812,1969-02-24,54.0,F,True,True,usa,boston,BOS,42.364,-71.005,2022-12-01,239,8,10.5,0.125,78.25,1.3333333333333333,45.0,124.0,10.0,0.0,1,0,0.0,0,0.0,0,0,0.0,0.0,0.0,0.0,0.0,0.0,0.0,0,0.0,0.0,0.0,0.0,0.0,MISSING,0,0.0,MISSING,0,0.0,0.0,0.0,0.0,1,85.0,0.0,0,0.0,0.0,0.0,0.0,85.0,10.0,0.0,1.0,0.0,Accor,1,1.0,False,True,True,False,True,False,True,True,85.0,0.0,2,1,1,1.4,221.95231743914638,1,611.8593336808397,True,
245,445351,1970-11-14,52.0,F,True,True,usa,des moines,DSM,41.534,-93.663,2022-12-02,238,8,14.125,0.5,106.25,1.1428571428571428,12.0,83.0,5.5,0.0,4,3,0.75,0,0.0,4,4,1.0,240.5275,128.597975975518,0.0,0.0,0.0,962.11,0,0.0,1.0,0.0,0.0,0.0,United Airlines,3,0.5,DSM-DAL,4,0.25,1329.1792777736891,718.7946135254816,0.0,3,109.0,19.519221295943137,1,0.3333333333333333,0.2,21.6,21.6,305.4,4.666666666666667,1.5275252316519468,1.0,0.0,Conrad,3,0.3333333333333333,False,True,False,False,True,False,False,False,1267.51,21.6,5,4,3,4.05,827.4317114038013,2,2280.993600099415,False,240.5275
256,448154,1968-07-26,55.0,F,False,False,usa,los angeles,LAX,33.942,-118.408,2022-12-04,236,8,16.75,0.25,124.125,2.6666666666666665,119.0,119.0,7.0,0.0,2,1,0.5,0,0.0,2,2,1.0,1416.8,222.964910243742,0.0,0.0,0.0,2833.6,0,0.0,3.0,1.414213562373095,0.0,0.0,American Airlines,1,1.0,LAX-FTW,2,0.5,3057.4840100673164,1559.5679092802877,0.0,1,129.0,0.0,0,0.0,0.0,0.0,0.0,129.0,8.0,0.0,2.0,0.0,Rosewood,1,1.0,False,True,False,False,True,False,True,True,2962.6,0.0,1,2,5,2.65,3867.9760920306767,5,10662.908599781504,True,472.26666666666665
273,452594,1980-01-14,43.0,F,False,True,usa,las vegas,LSV,36.236,-115.034,2022-12-06,234,8,22.625,0.5,166.75,1.3333333333333333,32.0,32.0,11.5,0.0,4,3,0.75,0,0.0,3,3,1.0,351.6766666666667,273.276881080953,0.1,29.149,29.149,1025.881,1,0.3333333333333333,1.0,0.0,0.3333333333333333,0.5773502691896257,Avianca - Aerovias Nacionales de Colombia,3,0.3333333333333333,LSV-FTW,3,0.3333333333333333,1959.9673945209386,1505.9477955413988,0.0,4,152.25,81.72463928746744,0,0.0,0.0,0.0,0.0,609.0,5.5,1.9148542155126762,1.25,0.5,Extended Stay,3,0.5,False,True,False,False,False,False,False,True,1634.881,29.149,3,4,4,3.6,1067.2518431977326,3,2942.109409727838,False,351.6766666666667
274,452612,1981-05-05,42.0,F,True,True,usa,rochester,ROC,43.119,-77.672,2022-12-06,234,8,34.875,0.375,846.110514375,1.1428571428571428,23.0,23.0,12.5,13.0,2,2,1.0,1,0.5,2,2,1.0,341.65,0.0,0.0,0.0,0.0,341.65,1,0.5,1.0,0.0,1.5,0.7071067811865476,Allegiant Air,2,0.5,ROC-SAN,2,0.5,2024.5582254593126,1127.620041976469,0.0,2,148.0,0.0,1,0.5,0.1,0.0,0.0,148.0,4.5,0.7071067811865476,1.0,0.0,Wyndham,2,0.5,False,False,False,False,True,False,False,True,489.65,0.0,4,2,1,2.45,639.287954318106,1,1762.3348396283714,False,341.65
294,458762,1984-05-04,39.0,F,True,True,canada,montreal,YHU,45.517,-73.417,2022-12-09,231,9,12.222222222222221,0.4444444444444444,91.66666666666667,1.5,34.0,34.0,5.25,0.0,4,0,0.0,0,0.0,3,3,1.0,240.24,214.38162071409,0.0,0.0,0.0,720.72,0,0.0,1.0,0.0,1.0,0.0,Southwest Airlines,2,0.6666666666666666,YHU-DAL,3,0.3333333333333333,1293.867637728172,1120.5200622447503,0.0,1,85.0,0.0,0,0.0,0.0,0.0,0.0,85.0,5.0,0.0,1.0,0.0,NH Hotel,1,1.0,False,True,False,False,True,False,True,True,805.72,0.0,3,4,2,2.9000000000000004,525.9747682560853,1,1449.9626539215474,False,240.24
298,459229,1982-06-20,41.0,F,True,False,usa,new york,LGA,40.777,-73.872,2022-12-09,231,8,12.375,0.5,91.5,2.0,93.0,93.0,6.75,0.0,4,3,0.75,0,0.0,4,4,1.0,886.5475,1514.033948923097,0.175,16.123,32.246,3513.944,2,0.5,1.75,1.5,0.5,0.5773502691896257,American Airlines,3,0.5,LGA-LAX,4,0.25,1583.1728728393723,1651.157707236611,0.0,3,155.33333333333334,68.53709457901854,1,0.3333333333333333,0.1,8.0,8.0,458.0,7.333333333333333,3.2145502536643185,2.0,1.7320508075688772,Aman Resorts,3,0.3333333333333333,False,True,False,False,False,False,False,False,3971.944,40.246,1,4,5,3.15,2592.888751583861,5,7147.8559095812025,True,506.59857142857146
300,459645,1994-01-17,29.0,F,False,False,usa,wichita,ICT,37.65,-97.433,2022-12-09,231,9,11.444444444444445,0.1111111111111111,85.88888888888889,2.25,112.0,166.0,8.0,0.0,1,1,1.0,0,0.0,1,1,1.0,695.78,0.0,0.0,0.0,0.0,695.78,0,0.0,2.0,0.0,1.0,0.0,First Air,1,1.0,ICT-YOW,1,1.0,1995.1454586628831,0.0,0.0,1,119.0,0.0,0,0.0,0.0,0.0,0.0,119.0,5.0,0.0,2.0,0.0,Four Seasons,1,1.0,False,True,False,True,True,False,True,True,814.78,0.0,1,1,2,1.35,2127.5565788596195,5,5865.067622311464,True,347.89
303,460553,1969-06-09,54.0,F,True,True,usa,laredo,LRD,27.544,-99.461,2022-12-10,230,8,31.5,0.375,234.375,1.3333333333333333,41.0,41.0,7.666666666666667,0.0,3,1,0.3333333333333333,0,0.0,1,1,1.0,513.07,0.0,0.0,0.0,0.0,513.07,0,0.0,1.0,0.0,1.0,0.0,British Airways,1,1.0,LRD-JFK,1,1.0,2761.4346017004245,0.0,0.0,3,121.66666666666667,73.41888948583555,0,0.0,0.0,0.0,0.0,365.0,9.0,4.358898943540674,1.0,0.0,Four Seasons,3,0.3333333333333333,False,True,False,True,True,False,False,True,878.07,0.0,2,3,2,2.25,764.2732210736912,2,2106.8836279417055,False,513.07
304,460625,1977-10-22,45.0,F,True,True,usa,baltimore,BWI,39.175,-76.668,2022-12-10,230,9,29.333333333333332,0.6666666666666666,511.2835908888889,1.5,29.0,29.0,8.4,4.0,5,3,0.6,1,0.2,3,3,1.0,299.3433333333333,137.986860364795,0.15,21.033,21.033,876.997,1,0.3333333333333333,1.0,0.0,0.3333333333333333,0.5773502691896257,American Airlines,2,0.6666666666666666,BWI-IAH,3,0.3333333333333333,1665.855836350643,799.6017914263277,0.0,5,134.0,50.603030212297234,2,0.4,0.05,5.2,5.2,530.8,6.2,6.058052492344384,1.2,0.4472135954999579,Accor,4,0.4,False,False,False,False,False,False,False,False,1407.797,26.233,3,5,3,3.5,735.2089567855951,1,2026.7617279479646,False,299.3433333333333
317,464160,1975-04-15,48.0,F,True,True,usa,los angeles,LAX,33.942,-118.408,2022-12-12,228,8,6.875,0.25,52.0,1.1428571428571428,25.0,25.0,5.5,0.0,2,1,0.5,0,0.0,1,1,1.0,705.31,0.0,0.1,70.531,70.531,634.779,1,1.0,1.0,0.0,1.0,0.0,Norwegian Air Shuttle,1,1.0,LAX-JFK,1,1.0,3974.209842999768,0.0,0.0,2,135.5,7.7781745930520225,0,0.0,0.0,0.0,0.0,271.0,9.0,5.656854249492381,1.0,0.0,Best Western,2,0.5,False,True,False,True,False,False,False,True,905.779,70.531,4,2,2,2.8,1182.5867537512504,3,3260.054914129984,False,705.31
320,464597,1964-12-03,58.0,F,True,True,usa,richmond,RIC,37.505,-77.319,2022-12-12,228,8,7.5,0.125,56.375,1.3333333333333333,44.0,44.0,8.0,0.0,1,0,0.0,0,0.0,0,0,0.0,0.0,0.0,0.0,0.0,0.0,0.0,0,0.0,0.0,0.0,0.0,0.0,MISSING,0,0.0,MISSING,0,0.0,0.0,0.0,0.0,1,227.0,0.0,0,0.0,0.0,0.0,0.0,227.0,9.0,0.0,3.0,0.0,Crowne Plaza,1,1.0,False,True,True,False,True,False,True,True,227.0,0.0,2,1,1,1.4,592.7432477492497,1,1634.0243381829482,False,
322,464673,1974-07-12,49.0,M,True,True,usa,louisville,LOU,38.228,-85.664,2022-12-12,228,8,15.5,0.5,115.125,1.1428571428571428,21.0,21.0,11.25,0.0,4,1,0.25,0,0.0,3,3,1.0,402.7266666666667,196.403193032428,0.15,27.1815,27.1815,1180.9985,1,0.3333333333333333,2.0,1.0,1.0,1.0,Air Canada,3,0.3333333333333333,LOU-CMH,3,0.3333333333333333,1579.6964979768647,1433.2850299824756,0.0,2,193.0,0.0,0,0.0,0.0,0.0,0.0,386.0,5.5,0.7071067811865476,2.5,0.7071067811865476,Marriott,1,1.0,False,True,False,False,False,False,False,True,1566.9985,27.1815,4,4,4,4.0,1022.9380838196065,2,2819.948994379045,False,201.36333333333334
324,464855,1995-07-18,28.0,F,False,True,canada,victoria,YYJ,48.647,-123.426,2022-12-12,228,8,29.25,0.375,1002.0,1.1428571428571428,17.0,50.0,102.0,164.0,2,2,1.0,1,0.5,2,2,1.0,693.83,0.0,0.1,69.383,69.383,624.447,2,1.0,1.6666666666666667,0.7071067811865476,1.0,0.0,All Nippon Airways,2,0.5,YYJ-BKK,2,0.5,3953.9097044366417,5561.804239984552,0.0,2,176.0,0.0,1,0.5,0.0,0.0,0.0,176.0,9.5,3.5355339059327378,1.0,0.0,Best Western,2,0.5,False,False,False,False,False,False,False,True,800.447,69.383,4,2,2,2.8,1045.0650978659553,2,2880.946870981336,False,416.298
326,465343,1971-07-12,52.0,F,True,True,usa,los angeles,LAX,33.942,-118.408,2022-12-12,228,8,13.625,0.25,101.625,1.6,61.0,74.0,8.5,0.0,2,2,1.0,0,0.0,2,2,1.0,864.295,690.510985032099,0.05,18.8015,18.8015,1709.7885,1,0.5,1.5,0.7071067811865476,1.0,0.0,American Airlines,2,0.5,LAX-HOU,2,0.5,3109.4690968351592,1222.92809116262,0.0,2,319.5,147.785317267988,0,0.0,0.0,0.0,0.0,639.0,4.0,0.0,1.5,0.7071067811865476,Crowne Plaza,2,0.5,False,True,False,False,False,False,False,True,2348.7885,18.8015,2,2,5,3.05,3066.5826514671558,5,8453.695097454229,False,576.1966666666666
330,466205,1985-02-28,38.0,F,True,True,usa,new york,LGA,40.777,-73.872,2022-12-13,227,8,14.0,0.5,106.5,1.1428571428571428,10.0,53.0,6.75,0.0,4,2,0.5,0,0.0,2,2,1.0,674.93,97.90600492308937,0.0,0.0,0.0,1349.86,0,0.0,1.0,0.0,1.0,0.0,Alaska Airlines,2,0.5,LGA-LUF,2,0.5,3795.66390064887,450.50260343072085,0.0,4,139.25,31.80539786472311,0,0.0,0.0,0.0,0.0,557.0,5.75,6.898067362191625,1.0,0.0,Crowne Plaza,4,0.25,False,True,False,False,True,False,False,True,1906.86,0.0,5,4,4,4.4,1244.799988329443,3,3431.559085360723,False,674.93
333,467007,1975-02-20,48.0,M,True,True,usa,riverside,RAL,33.952,-117.445,2022-12-13,227,8,16.625,0.5,122.25,1.3333333333333333,52.0,52.0,47.0,0.0,4,1,0.25,0,0.0,3,3,1.0,3654.0033333333336,5682.760717198405,0.1,74.387,74.387,10887.623,1,0.3333333333333333,2.3333333333333335,2.309401076758503,2.0,2.6457513110645907,Delta Air Lines,3,0.3333333333333333,RAL-LGA,3,0.3333333333333333,5078.946413994101,5676.987083534938,0.3333333333333333,2,210.0,202.232539419353,0,0.0,0.0,0.0,0.0,420.0,6.0,1.414213562373095,1.5,0.7071067811865476,Banyan Tree,2,0.5,False,True,False,False,False,False,False,True,11307.623,74.387,2,4,5,3.55,7381.6268517005665,5,20349.043159688637,False,1566.0014285714285
334,467092,2006-04-07,17.0,F,False,True,usa,los angeles,LAX,33.942,-118.408,2022-12-13,227,8,35.125,0.25,976.5,1.3333333333333333,34.0,36.0,169.0,167.0,1,1,1.0,1,1.0,1,1,1.0,0.0,0.0,0.0,0.0,0.0,0.0,1,1.0,1.0,0.0,0.0,0.0,JetBlue Airways,1,1.0,LAX-MEM,1,1.0,0.0,0.0,0.0,1,0.0,0.0,1,1.0,0.0,0.0,0.0,0.0,10.0,0.0,1.0,0.0,Accor,1,1.0,False,False,True,True,True,True,True,True,0.0,0.0,3,1,0,1.4500000000000002,0.0,1,0.0,False,0.0
355,471500,1997-07-27,26.0,F,False,True,usa,houston,IAH,29.98,-95.34,2022-12-15,225,8,12.375,0.375,91.375,1.3333333333333333,46.0,103.0,8.333333333333334,0.0,3,1,0.3333333333333333,0,0.0,1,1,1.0,250.81,0.0,0.0,0.0,0.0,250.81,0,0.0,1.0,0.0,0.0,0.0,AirTran Airways,1,1.0,IAH-DEN,1,1.0,1387.326667388902,0.0,0.0,3,203.0,121.651140561854,1,0.3333333333333333,0.1,7.8,7.8,601.2,5.666666666666667,1.5275252316519468,1.0,0.0,Marriott,2,0.6666666666666666,False,True,False,True,True,False,False,False,852.01,7.8,2,3,2,2.25,741.5905646326553,1,2044.3540034878909,True,250.81
356,471565,1993-11-13,29.0,F,False,True,usa,nashville,BNA,36.124,-86.678,2022-12-15,225,8,10.75,0.25,79.875,2.0,89.0,89.0,8.0,0.0,2,1,0.5,0,0.0,1,1,1.0,194.76,0.0,0.0,0.0,0.0,194.76,0,0.0,1.0,0.0,1.0,0.0,Ryanair,1,1.0,BNA-PNE,1,1.0,1084.3201419079858,0.0,0.0,2,134.5,30.405591591021544,0,0.0,0.0,0.0,0.0,269.0,7.0,8.48528137423857,1.0,0.0,Marriott,2,0.5,False,True,False,True,True,False,False,True,463.76,0.0,1,2,1,1.25,605.4859219739913,1,1669.1522622813304,False,194.76
357,471649,1976-07-26,47.0,F,True,True,usa,fort worth,FTW,32.82,-97.362,2022-12-16,224,8,9.625,0.125,70.875,1.3333333333333333,48.0,48.0,15.0,0.0,1,0,0.0,0,0.0,0,0,0.0,0.0,0.0,0.0,0.0,0.0,0.0,0,0.0,0.0,0.0,0.0,0.0,MISSING,0,0.0,MISSING,0,0.0,0.0,0.0,0.0,1,24.0,0.0,0,0.0,0.0,0.0,0.0,24.0,4.0,0.0,1.0,0.0,Aman Resorts,1,1.0,False,True,True,False,True,False,True,True,24.0,0.0,2,1,1,1.4,62.668889629876624,1,172.76028245106062,False,
366,472713,1983-03-23,40.0,F,True,True,usa,nashville,BNA,36.124,-86.678,2022-12-16,224,8,18.875,0.375,137.875,1.3333333333333333,42.0,42.0,62.0,0.0,3,3,1.0,0,0.0,3,3,1.0,365.82,216.361747774416,0.0,0.0,0.0,1097.46,0,0.0,1.3333333333333333,0.5773502691896257,1.0,1.0,United Airlines,2,0.6666666666666666,BNA-IAH,3,0.3333333333333333,1551.602391104174,1105.1400843781066,0.0,3,202.33333333333334,14.047538337136984,0,0.0,0.0,0.0,0.0,607.0,4.666666666666667,4.618802153517006,1.0,0.0,Banyan Tree,3,0.3333333333333333,False,True,False,False,True,False,False,True,1704.46,0.0,2,3,4,2.95,1483.5641058130486,4,4089.763764257427,False,274.365
375,473847,1992-08-04,30.0,F,False,True,usa,chicago,MDW,41.786,-87.752,2022-12-17,223,8,10.5,0.125,78.375,1.3333333333333333,31.0,196.0,10.0,0.0,1,1,1.0,0,0.0,1,1,1.0,806.08,0.0,0.3,241.824,241.824,564.256,1,1.0,2.0,0.0,1.0,0.0,Ryanair,1,1.0,MDW-DMA,1,1.0,2306.204729706472,0.0,0.0,1,110.0,0.0,1,1.0,0.05,5.5,5.5,104.5,5.0,0.0,2.0,0.0,Best Western,1,1.0,False,True,False,True,False,False,True,False,668.756,247.324,3,1,2,2.1500000000000004,1746.2581647215738,5,4813.9364771183955,True,403.04
377,474120,1980-11-17,42.0,M,False,True,canada,quebec,YQB,46.788,-71.398,2022-12-17,223,8,53.625,0.625,1111.5,1.1428571428571428,21.0,21.0,9.0,1.0,4,4,1.0,1,0.25,4,4,1.0,796.93,635.890292739243,0.0,0.0,0.0,2390.79,1,0.25,1.6,0.5773502691896257,0.5,0.5773502691896257,Southwest Airlines,4,0.25,YQB-DAL,4,0.25,3051.203402395158,1158.2868125258256,0.0,4,220.66666666666666,151.017659011565,1,0.25,0.0,0.0,0.0,662.0,4.25,0.9574271077563381,1.5,0.5773502691896257,Aman Resorts,3,0.5,False,False,False,False,True,False,False,True,3052.79,0.0,4,4,5,4.35,1992.8641622207401,5,5493.758986080972,False,498.08124999999995
383,474546,1971-04-25,52.0,F,True,False,usa,memphis,MEM,35.042,-89.977,2022-12-17,223,8,16.625,0.625,122.625,1.3333333333333333,31.0,54.0,7.6,0.0,5,4,0.8,0,0.0,5,5,1.0,422.196,128.325222501268,0.075,32.52325,65.0465,2045.9335,2,0.4,1.8,1.3038404810405297,0.2,0.4472135954999579,AirTran Airways,5,0.2,MEM-LGA,4,0.4,1720.7946999715507,739.2349485335956,0.0,4,120.75,49.277276710467675,2,0.5,0.175,25.1,50.2,432.8,4.25,2.8722813232690143,2.0,1.414213562373095,Hilton,3,0.5,False,True,False,False,False,False,False,False,2478.7335,115.2465,3,5,5,4.2,1294.4956344448149,3,3568.5558298408837,False,234.55333333333334
401,476742,1975-07-28,48.0,M,False,True,usa,orlando,ORL,28.545,-81.333,2022-12-18,222,8,12.0,0.25,90.5,1.1428571428571428,23.0,54.0,8.0,0.0,2,0,0.0,0,0.0,1,1,1.0,209.8,0.0,0.0,0.0,0.0,209.8,0,0.0,1.0,0.0,1.0,0.0,Ryanair,1,1.0,ORL-EFD,1,1.0,1348.0060142058196,0.0,0.0,1,294.0,0.0,1,1.0,0.15,44.1,44.1,249.9,9.0,0.0,1.0,0.0,Extended Stay,1,1.0,False,True,False,True,True,False,True,False,459.7,44.1,4,2,1,2.45,600.1851783927975,1,1654.5396217240116,False,209.8
429,480796,1983-08-10,39.0,F,False,True,usa,anchorage,MRI,61.214,-149.846,2022-12-20,220,8,11.375,0.375,86.5,1.3333333333333333,42.0,107.0,9.0,0.0,3,2,0.6666666666666666,0,0.0,2,2,1.0,790.605,146.873149520258,0.0,0.0,0.0,1581.21,0,0.0,1.0,0.0,0.5,0.7071067811865476,Air Transat,2,0.5,MRI-FAT,2,0.5,4228.802278322375,1125.4825753529824,0.5,3,102.66666666666667,47.077949544700154,0,0.0,0.0,0.0,0.0,308.0,4.0,1.7320508075688772,1.3333333333333333,0.5773502691896257,Choice Hotels,3,0.3333333333333333,False,True,False,False,True,False,False,True,1889.21,0.0,2,3,4,2.95,1644.3707358008226,4,4533.061850130114,True,790.605
431,480895,1982-04-07,41.0,F,False,False,usa,san antonio,SKF,29.384,-98.581,2022-12-20,220,8,50.0,0.5,1086.125,1.1428571428571428,15.0,15.0,7.666666666666667,2.0,3,3,1.0,1,0.3333333333333333,3,3,1.0,497.455,46.859966389232504,0.0,0.0,0.0,994.91,1,0.3333333333333333,2.5,1.7320508075688772,0.3333333333333333,0.5773502691896257,United Airlines,3,0.3333333333333333,SKF-FAT,3,0.3333333333333333,2652.6307724978087,314.12967029609143,0.0,3,129.0,72.12489168102785,1,0.3333333333333333,0.0,0.0,0.0,258.0,5.0,2.6457513110645907,2.0,1.7320508075688772,Choice Hotels,1,1.0,False,False,False,False,True,False,False,True,1252.91,0.0,5,3,3,3.8,1090.5344236967878,3,3006.292853968866,False,198.982
433,481050,1977-01-12,46.0,F,True,True,usa,houston,EFD,29.607,-95.159,2022-12-20,220,7,21.428571428571427,0.14285714285714285,160.42857142857142,1.0,25.0,201.0,12.0,0.0,1,0,0.0,0,0.0,0,0,0.0,0.0,0.0,0.0,0.0,0.0,0.0,0,0.0,0.0,0.0,0.0,0.0,MISSING,0,0.0,MISSING,0,0.0,0.0,0.0,0.0,1,117.0,0.0,0,0.0,0.0,0.0,0.0,117.0,8.0,0.0,1.0,0.0,Rosewood,1,1.0,False,True,True,False,True,False,True,True,117.0,0.0,4,1,1,2.2,305.5108369456485,1,842.2063769489205,True,
441,482264,1981-07-09,42.0,F,True,True,usa,wichita,IAB,37.623,-97.267,2022-12-21,219,8,15.875,0.5,117.25,2.0,104.0,104.0,9.0,0.0,4,3,0.75,0,0.0,3,3,1.0,278.37666666666667,62.98739265387426,0.0,0.0,0.0,835.13,0,0.0,1.0,0.0,0.6666666666666666,0.5773502691896257,Delta Air Lines,3,0.3333333333333333,IAB-CMH,3,0.3333333333333333,1585.8525581507474,408.16593295666735,0.0,4,127.0,61.59545437773797,1,0.25,0.1,12.8,12.8,495.2,4.5,2.516611478423583,1.0,0.0,Fairmont,4,0.25,False,True,False,False,True,False,False,False,1330.33,12.8,1,4,3,2.4499999999999997,868.4406660553517,2,2394.0436099283274,True,278.37666666666667
444,482548,1995-06-04,28.0,F,False,True,usa,houston,HOU,29.645,-95.279,2022-12-21,219,7,13.428571428571429,0.5714285714285714,174.85714285714286,1.0,0.0,57.0,72.0,139.0,3,2,0.6666666666666666,1,0.3333333333333333,3,3,1.0,292.25,96.7322076663197,0.0,0.0,0.0,584.5,1,0.3333333333333333,1.5,0.5773502691896257,0.6666666666666666,0.5773502691896257,Dragonair,3,0.3333333333333333,HOU-HKG,3,0.3333333333333333,1713.0275718443138,6787.19219807445,0.0,2,158.5,16.263455967290593,0,0.0,0.0,0.0,0.0,317.0,5.5,0.7071067811865476,1.0,0.0,Hilton,2,0.5,False,False,False,False,True,False,False,True,901.5,0.0,5,3,2,3.45,784.6667222407469,2,2163.1027031893213,False,194.83333333333334
446,482621,1976-09-28,46.0,F,True,True,usa,new york,LGA,40.777,-73.872,2022-12-21,219,8,11.625,0.25,84.875,1.3333333333333333,38.0,38.0,5.5,0.0,2,1,0.5,0,0.0,1,1,1.0,1287.2,0.0,0.0,0.0,0.0,1287.2,0,0.0,2.0,0.0,1.0,0.0,Southwest Airlines,1,1.0,LGA-TUS,1,1.0,3417.157045255459,0.0,0.0,2,201.0,113.13708498984761,0,0.0,0.0,0.0,0.0,402.0,6.5,4.949747468305833,1.5,0.7071067811865476,Banyan Tree,2,0.5,False,True,False,True,True,False,False,True,1689.2,0.0,3,2,4,3.1,2205.4226742247415,5,6079.722273256908,False,643.6
469,485544,1982-12-10,40.0,F,True,False,usa,las vegas,LAS,36.08,-115.152,2022-12-23,217,8,23.0,1.0,172.75,1.3333333333333333,42.0,42.0,7.5,0.0,8,7,0.875,0,0.0,8,8,1.0,935.215,941.633361861945,0.125,57.91175,115.8235,7365.8965,2,0.25,1.875,1.3562026818605375,0.375,0.5175491695067657,Air Canada,6,0.25,LAS-IAH,8,0.125,2647.1989972580814,1091.9569692600162,0.0,7,192.71428571428572,65.46427597225397,0,0.0,0.0,0.0,0.0,1349.0,4.428571428571429,3.101458950082625,2.0,1.414213562373095,Best Western,4,0.5714285714285714,False,True,False,False,False,False,False,True,8714.8965,115.8235,2,5,5,3.8,2844.546285907803,5,7841.604067040415,False,498.78133333333335
472,485780,1984-05-22,39.0,F,False,True,usa,el paso,BIF,31.849,-106.38,2022-12-23,217,8,20.0,0.375,148.25,1.3333333333333333,27.0,133.0,7.0,0.0,3,2,0.6666666666666666,0,0.0,2,1,0.5,247.3,212.669435509666,0.0,0.0,0.0,494.6,0,0.0,1.0,0.0,0.5,0.7071067811865476,Ryanair,2,0.5,BIF-IND,2,0.5,1575.9984582260236,607.9182616743823,0.0,3,283.0,174.673982035104,1,0.3333333333333333,0.1,48.4,48.4,800.6,5.333333333333333,4.041451884327381,1.0,0.0,Extended Stay,3,0.3333333333333333,False,True,False,False,True,False,False,False,1295.2,48.4,3,3,3,3.0,1127.3436923418917,3,3107.7655254251904,True,247.3
474,485891,1991-01-12,32.0,F,False,True,usa,knoxville,TYS,35.812,-83.993,2022-12-23,217,8,39.5,0.375,754.053159375,1.6,80.0,146.0,4.5,1.0,2,1,0.5,1,0.5,1,1,1.0,227.86,0.0,0.0,0.0,0.0,227.86,0,0.0,1.0,0.0,0.0,0.0,Ryanair,1,1.0,TYS-FTW,1,1.0,1270.9101629548354,0.0,0.0,2,98.0,0.0,2,1.0,0.1,9.8,9.8,88.2,7.0,7.0710678118654755,1.5,0.7071067811865476,Hilton,2,0.5,False,False,False,True,True,False,False,False,316.06,9.8,1,2,1,1.25,412.6485261753918,1,1137.554476489213,True,227.86
475,485894,1981-10-06,41.0,F,False,True,canada,toronto,YKZ,43.862,-79.37,2022-12-23,217,8,14.25,0.375,105.875,1.1428571428571428,16.0,16.0,6.0,0.0,3,2,0.6666666666666666,0,0.0,2,2,1.0,359.735,233.818999334956,0.1,52.507,52.507,666.963,1,0.5,1.5,0.7071067811865476,0.5,0.7071067811865476,American Airlines,2,0.5,YKZ-JFK,2,0.5,1862.7163859048057,1809.836356129703,0.0,3,297.6666666666667,199.935823036627,0,0.0,0.0,0.0,0.0,893.0,5.666666666666667,4.041451884327381,1.3333333333333333,0.5773502691896257,Marriott,2,0.6666666666666666,False,True,False,False,False,False,False,True,1559.963,52.507,4,3,4,3.75,1357.7937371346004,4,3743.0506735167205,False,239.82333333333335
479,486261,1986-08-07,36.0,F,False,False,usa,kansas city,MCI,39.297,-94.714,2022-12-23,217,8,9.625,0.25,71.25,1.1428571428571428,7.0,7.0,5.0,0.0,2,1,0.5,0,0.0,1,1,1.0,1230.45,0.0,0.05,61.5225,61.5225,1168.9275,1,1.0,3.0,0.0,0.0,0.0,Southwest Airlines,1,1.0,MCI-SAN,1,1.0,2146.0710019764056,0.0,0.0,2,45.0,12.727922061357855,0,0.0,0.0,0.0,0.0,90.0,4.5,2.1213203435596424,2.0,1.414213562373095,Crowne Plaza,2,0.5,False,True,False,True,False,False,False,True,1258.9275,61.5225,5,2,3,3.55,1643.6580947815937,4,4531.097301779325,False,410.15000000000003
494,487352,2006-05-11,17.0,F,False,True,usa,phoenix,PHX,33.434,-112.008,2022-12-23,217,8,10.375,0.25,78.25,1.6,76.0,141.0,4.5,0.0,2,1,0.5,0,0.0,1,0,0.0,295.39,0.0,0.0,0.0,0.0,295.39,0,0.0,1.0,0.0,0.0,0.0,American Airlines,1,1.0,PHX-LGA,1,1.0,3457.7873425729686,0.0,0.0,2,90.0,12.727922061357855,1,0.5,0.05,4.95,4.95,175.05,4.0,0.0,1.5,0.7071067811865476,InterContinental,2,0.5,False,True,False,True,True,False,False,False,470.44,4.95,1,2,1,1.25,614.2073424474825,1,1693.1947349224365,True,295.39
503,488246,2006-01-26,17.0,F,False,False,canada,edmonton,YEG,53.31,-113.58,2022-12-24,216,8,9.75,0.125,72.75,1.1428571428571428,12.0,12.0,4.0,0.0,1,0,0.0,0,0.0,0,0,0.0,0.0,0.0,0.0,0.0,0.0,0.0,0,0.0,0.0,0.0,0.0,0.0,MISSING,0,0.0,MISSING,0,0.0,0.0,0.0,0.0,1,167.0,0.0,1,1.0,0.05,8.35,8.35,158.65,5.0,0.0,2.0,0.0,NH Hotel,1,1.0,False,True,True,False,True,False,True,False,158.65,8.35,5,1,1,2.6,414.2674724908303,1,1142.017450452532,False,
515,488870,1966-02-23,57.0,F,True,True,usa,new york,LGA,40.777,-73.872,2022-12-24,216,9,49.666666666666664,0.4444444444444444,1004.7777777777778,1.8,84.0,84.0,6.333333333333333,3.0,3,2,0.6666666666666666,1,0.3333333333333333,2,2,1.0,689.745,28.220631637155112,0.0,0.0,0.0,1379.49,0,0.0,1.0,0.0,1.0,0.0,CAL Cargo Air Lines,2,0.5,LGA-LUF,2,0.5,3795.66390064887,450.50260343072085,0.0,3,192.0,36.76955262170047,1,0.3333333333333333,0.0,0.0,0.0,384.0,10.333333333333334,7.371114795831994,1.0,0.0,Marriott,3,0.3333333333333333,False,False,False,False,True,False,False,True,1763.49,0.0,1,3,4,2.55,1534.943891297099,4,4231.403201383623,False,689.745
524,489785,1986-09-16,36.0,F,True,True,usa,atlanta,ATL,33.64,-84.427,2022-12-25,215,9,15.777777777777779,0.3333333333333333,116.0,1.5,32.0,119.0,10.333333333333334,0.0,3,3,1.0,0,0.0,3,2,0.6666666666666666,191.57,53.67874532810915,0.15,32.7015,32.7015,542.0085,1,0.3333333333333333,1.3333333333333333,0.5773502691896257,0.3333333333333333,0.5773502691896257,AirTran Airways,3,0.3333333333333333,ATL-JFK,2,0.6666666666666666,1046.4810035556304,303.62009616231086,0.0,3,128.66666666666666,83.29065573840401,1,0.3333333333333333,0.1,9.2,9.2,376.8,6.0,2.6457513110645907,1.3333333333333333,0.5773502691896257,InterContinental,2,0.6666666666666666,False,True,False,False,False,False,False,False,918.8085,41.9015,3,3,2,2.6500000000000004,799.7320621873957,2,2204.6335552560463,True,143.6775
527,489844,1975-09-27,47.0,F,True,True,canada,toronto,YYZ,43.677,-79.631,2022-12-25,215,8,10.75,0.375,80.375,1.3333333333333333,42.0,42.0,7.333333333333333,0.0,3,2,0.6666666666666666,0,0.0,2,2,1.0,536.025,79.20303056070519,0.0,0.0,0.0,1072.05,0,0.0,1.0,0.0,1.0,0.0,Air Canada,2,0.5,YYZ-TUS,2,0.5,3173.51122956738,242.99623137142336,0.0,3,167.33333333333334,101.49055785309949,2,0.6666666666666666,0.075,7.525,15.05,486.95,5.666666666666667,4.725815626252609,1.0,0.0,Best Western,3,0.3333333333333333,False,True,False,False,True,False,False,False,1559.0,15.05,2,3,4,2.95,1356.9555407358007,4,3740.7400047389374,False,536.025
529,489949,1976-04-04,47.0,F,False,True,usa,tampa,TPA,27.975,-82.533,2022-12-25,215,8,37.625,0.5,994.0,1.1428571428571428,6.0,106.0,99.33333333333333,181.0,3,2,0.6666666666666666,1,0.3333333333333333,3,3,1.0,1400.505,875.504261126124,0.1,0.0,0.0,2801.01,1,0.3333333333333333,1.5,1.1547005383792515,0.0,0.0,Aegean Airlines,3,0.3333333333333333,TPA-HER,3,0.3333333333333333,3948.58632623267,3307.9378253474338,0.0,2,82.0,9.899494936611665,0,0.0,0.0,0.0,0.0,164.0,5.5,2.1213203435596424,2.0,1.414213562373095,Hilton,1,1.0,False,False,False,False,True,False,False,True,2965.01,0.0,5,3,5,4.5,2580.7483950205624,5,7114.388403753045,True,933.6700000000001
531,489992,1995-03-19,28.0,M,False,False,usa,bakersfield,BFL,35.433,-119.057,2022-12-25,215,8,16.875,0.375,126.375,1.1428571428571428,21.0,21.0,8.333333333333334,0.0,3,2,0.6666666666666666,0,0.0,2,2,1.0,622.155,29.776266555765517,0.05,30.055,30.055,1214.255,1,0.5,2.0,1.414213562373095,0.5,0.7071067811865476,American Airlines,2,0.5,BFL-BIF,2,0.5,2363.2883664283186,1591.0541543144582,0.0,3,287.0,163.367683462795,1,0.3333333333333333,0.15,53.85,53.85,807.15,4.0,4.358898943540674,2.3333333333333335,1.1547005383792515,Crowne Plaza,3,0.3333333333333333,False,True,False,False,False,False,False,False,2021.405,83.905,4,3,4,3.75,1759.4334283650103,5,4850.256927055363,False,311.0775
534,490133,1974-05-11,49.0,F,True,True,usa,lubbock,LBB,33.664,-101.823,2022-12-25,215,8,20.375,0.625,151.25,1.1428571428571428,18.0,18.0,7.6,0.0,5,3,0.6,0,0.0,3,3,1.0,366.77,128.517633420477,0.0,0.0,0.0,1100.31,0,0.0,1.0,0.0,1.0,0.0,American Airlines,2,0.6666666666666666,LBB-LGA,3,0.3333333333333333,2097.0195733398828,741.6356365920217,0.0,5,165.2,79.32338873245394,1,0.2,0.05,4.1,4.1,821.9,5.2,2.7748873851023217,1.2,0.4472135954999579,Best Western,5,0.2,False,True,False,False,True,False,False,False,1922.21,4.1,4,5,4,4.25,1003.8563861287096,2,2767.3461877521104,False,366.77
535,490201,1982-03-24,41.0,F,False,True,usa,columbus,LCK,39.814,-82.928,2022-12-25,215,8,13.625,0.25,100.75,1.1428571428571428,17.0,17.0,10.0,0.0,2,2,1.0,0,0.0,2,2,1.0,367.825,259.557686170146,0.0,0.0,0.0,735.65,0,0.0,1.0,0.0,1.0,0.0,Alaska Airlines,2,0.5,LCK-BOS,2,0.5,2095.625620837178,1496.1825011100534,0.0,2,67.5,9.192388155425117,1,0.5,0.15,9.15,9.15,125.85,4.0,1.414213562373095,1.0,0.0,Banyan Tree,2,0.5,False,True,False,False,True,False,False,False,861.5,9.15,4,2,2,2.8,1124.7760086695564,3,3100.6871527414314,False,367.825
541,490629,1986-10-28,36.0,F,False,True,usa,new york,LGA,40.777,-73.872,2022-12-25,215,7,22.142857142857142,0.42857142857142855,163.57142857142858,1.1666666666666667,37.0,37.0,8.666666666666666,0.0,3,3,1.0,0,0.0,3,2,0.6666666666666666,153.36333333333334,167.495179731637,0.1,9.366,9.366,450.724,1,0.3333333333333333,1.0,0.0,0.6666666666666666,0.5773502691896257,Air Canada,3,0.3333333333333333,LGA-LUF,3,0.3333333333333333,1385.611790904717,1820.8423552076224,0.0,3,171.0,115.23454343208,0,0.0,0.0,0.0,0.0,513.0,4.0,2.6457513110645907,1.0,0.0,Accor,3,0.3333333333333333,False,True,False,False,False,False,False,True,963.724,9.366,3,3,2,2.6500000000000004,838.8265693008781,2,2312.405978400916,False,153.36333333333334
542,490671,1987-10-25,35.0,F,False,True,usa,indianapolis,IND,39.717,-86.294,2022-12-25,215,9,19.77777777777778,0.4444444444444444,147.11111111111111,1.5,37.0,37.0,5.75,0.0,4,3,0.75,0,0.0,4,3,0.75,124.1925,89.1914765640006,0.0,0.0,0.0,496.77,0,0.0,1.0,0.0,1.0,0.816496580927726,American Airlines,4,0.25,IND-FTW,4,0.25,826.0607812883461,574.1626985986452,0.0,3,213.33333333333334,6.3508529610858835,1,0.3333333333333333,0.05,10.85,10.85,629.15,4.333333333333333,3.0550504633038935,1.0,0.0,Hilton,3,0.3333333333333333,False,True,False,False,True,False,False,False,1125.92,10.85,3,4,3,3.25,735.0016272090697,1,2026.190179346856,False,124.1925
549,491266,1981-06-04,42.0,F,True,False,usa,sacramento,SMF,38.695,-121.591,2022-12-25,215,8,25.5,0.375,187.625,1.6,87.0,154.0,8.666666666666666,0.0,3,1,0.3333333333333333,0,0.0,3,3,1.0,566.42,175.468894109469,0.0,0.0,0.0,1699.26,0,0.0,1.3333333333333333,0.5773502691896257,1.0,1.0,Air Canada,3,0.3333333333333333,SMF-BWI,3,0.3333333333333333,2571.384551745317,1184.8335101505559,0.0,1,145.0,0.0,0,0.0,0.0,0.0,0.0,145.0,4.0,0.0,2.0,0.0,Aman Resorts,1,1.0,False,True,False,False,True,False,True,True,1844.26,0.0,1,3,4,2.55,1605.2461998443925,4,4425.20664601657,True,424.815
568,493718,1970-06-10,53.0,F,True,True,usa,san antonio,SAT,29.534,-98.47,2022-12-27,213,9,17.77777777777778,0.4444444444444444,131.77777777777777,2.25,92.0,117.0,5.75,0.0,4,3,0.75,0,0.0,3,3,1.0,858.92,307.699993012675,0.25,128.1025,128.1025,2448.6575,1,0.3333333333333333,2.0,1.0,0.0,0.0,Air France,3,0.3333333333333333,SAT-HLZ,3,0.3333333333333333,2681.008812731017,385.3349241054134,0.0,4,265.0,214.729286932795,2,0.5,0.075,35.075,70.15,989.85,5.5,1.7320508075688772,1.75,0.9574271077563381,Extended Stay,4,0.25,False,True,False,False,False,False,False,False,3438.5075,198.2525,1,4,5,3.15,2244.6609063437813,5,6187.890905313441,True,429.46
571,494382,1984-10-05,38.0,F,False,True,canada,ottawa,YOW,45.323,-75.669,2022-12-27,213,8,21.625,0.625,160.625,1.1428571428571428,9.0,9.0,10.4,0.0,5,3,0.6,0,0.0,4,4,1.0,225.655,148.501236021792,0.0,0.0,0.0,902.62,0,0.0,1.5,1.0,0.25,0.5,American Airlines,4,0.25,YOW-JFK,2,0.75,977.9538187496984,870.0993717495496,0.0,4,157.75,92.01947257691349,0,0.0,0.0,0.0,0.0,631.0,5.0,5.354126134736337,1.5,1.0,Banyan Tree,4,0.25,False,True,False,False,True,False,False,True,1533.62,0.0,5,5,4,4.65,800.9188542847616,2,2207.905203104963,False,150.43666666666667
576,494630,2006-03-03,17.0,F,False,False,usa,modesto,MOD,37.626,-120.954,2022-12-27,213,9,14.222222222222221,0.1111111111111111,107.33333333333333,1.8,82.0,197.0,13.0,0.0,1,0,0.0,0,0.0,0,0,0.0,0.0,0.0,0.0,0.0,0.0,0.0,0,0.0,0.0,0.0,0.0,0.0,MISSING,0,0.0,MISSING,0,0.0,0.0,0.0,0.0,1,32.0,0.0,0,0.0,0.0,0.0,0.0,32.0,6.0,0.0,2.0,0.0,Marriott,1,1.0,False,True,True,False,True,False,True,True,32.0,0.0,1,1,1,1.0,83.55851950650217,1,230.34704326808082,True,
605,497615,1978-01-25,45.0,F,False,True,canada,toronto,YYZ,43.677,-79.631,2022-12-29,211,8,17.125,0.375,127.0,1.1428571428571428,8.0,45.0,6.333333333333333,0.0,3,2,0.6666666666666666,0,0.0,2,2,1.0,250.14,286.731799771145,0.0,0.0,0.0,500.28,0,0.0,1.0,0.0,1.0,0.0,Allegiant Air,2,0.5,YYZ-DET,2,0.5,1901.2937874966892,2252.344750631082,0.0,3,192.33333333333334,213.94002274781,0,0.0,0.0,0.0,0.0,577.0,5.0,3.0,1.0,0.0,Best Western,3,0.3333333333333333,False,True,False,False,True,False,False,True,1077.28,0.0,5,3,3,3.8,937.6658530621318,2,2584.877737206647,False,250.14
616,498500,1974-02-02,49.0,F,True,True,usa,sacramento,SAC,38.513,-121.493,2022-12-29,211,7,18.142857142857142,0.42857142857142855,133.85714285714286,1.1666666666666667,34.0,97.0,7.333333333333333,0.0,3,2,0.6666666666666666,0,0.0,2,2,1.0,656.26,784.605684404593,0.1,121.106,121.106,1191.414,1,0.5,1.5,0.7071067811865476,0.0,0.0,Ryanair,2,0.5,SAC-LSQ,2,0.5,2057.115870102673,2090.9083396300853,0.0,3,121.66666666666667,37.20663023351259,2,0.6666666666666666,0.15,19.45,38.9,326.1,4.0,3.4641016151377544,1.3333333333333333,0.5773502691896257,InterContinental,3,0.3333333333333333,False,True,False,False,False,False,False,False,1517.514,160.006,3,3,4,3.35,1320.8460746915637,3,3641.1964897699827,True,437.50666666666666
621,498931,1965-07-07,58.0,F,True,True,usa,baltimore,BWI,39.175,-76.668,2022-12-29,211,8,10.25,0.25,77.125,1.1428571428571428,12.0,183.0,6.5,0.0,2,2,1.0,0,0.0,2,2,1.0,130.65,32.96531813891684,0.1,10.734,10.734,250.566,1,0.5,1.0,0.0,0.0,0.0,Ryanair,2,0.5,BWI-BOS,2,0.5,787.3044386130837,273.2939247502275,0.0,2,164.0,114.5512985522207,0,0.0,0.0,0.0,0.0,328.0,6.5,7.7781745930520225,1.0,0.0,Aman Resorts,2,0.5,False,True,False,False,False,False,False,True,578.566,10.734,5,2,1,2.85,755.3768499499834,2,2082.358866178757,True,130.65
633,499659,1965-10-23,57.0,F,True,True,usa,san diego,NZY,32.699,-117.215,2022-12-30,210,8,31.125,0.125,230.875,1.1428571428571428,17.0,151.0,6.0,0.0,1,0,0.0,0,0.0,0,0,0.0,0.0,0.0,0.0,0.0,0.0,0.0,0,0.0,0.0,0.0,0.0,0.0,MISSING,0,0.0,MISSING,0,0.0,0.0,0.0,0.0,1,159.0,0.0,1,1.0,0.1,15.9,15.9,143.1,8.0,0.0,2.0,0.0,Crowne Plaza,1,1.0,False,True,True,False,True,False,True,False,143.1,15.9,4,1,1,2.2,373.66325441813933,1,1030.0831841144488,True,
649,500493,1982-05-18,41.0,F,False,True,usa,chicago,UGN,42.422,-87.868,2022-12-30,210,8,11.375,0.375,84.875,1.6,83.0,107.0,10.666666666666666,0.0,3,1,0.3333333333333333,0,0.0,2,2,1.0,447.55,8.725697679841996,0.0,0.0,0.0,895.1,0,0.0,1.5,0.7071067811865476,0.5,0.7071067811865476,Ryanair,2,0.5,UGN-NZY,2,0.5,1966.662982063629,1158.4247394415652,0.0,2,327.5,229.809703885628,0,0.0,0.0,0.0,0.0,655.0,4.5,3.5355339059327378,1.5,0.7071067811865476,Extended Stay,2,0.5,False,True,False,False,True,False,False,True,1550.1,0.0,1,3,4,2.55,1349.208969656552,4,3719.384914269292,True,298.3666666666667
659,501125,1977-12-20,45.0,M,True,True,usa,kansas city,MCI,39.297,-94.714,2022-12-30,210,8,12.75,0.25,95.75,1.3333333333333333,32.0,153.0,7.0,0.0,2,2,1.0,0,0.0,2,2,1.0,204.0,106.61756046730764,0.0,0.0,0.0,408.0,0,0.0,1.0,0.0,0.5,0.7071067811865476,Delta Air Lines,2,0.5,MCI-IND,2,0.5,1130.023280104671,574.7554527937875,0.0,2,382.0,432.749350086167,0,0.0,0.0,0.0,0.0,764.0,5.0,4.242640687119285,1.0,0.0,Aman Resorts,2,0.5,False,True,False,False,True,False,False,True,1172.0,0.0,3,2,3,2.75,1530.1653884628208,4,4218.230229846729,True,204.0
660,501184,1968-06-25,55.0,F,True,True,usa,reno,RNO,39.498,-119.768,2022-12-31,209,8,32.75,0.5,242.625,1.3333333333333333,37.0,119.0,8.25,0.0,4,3,0.75,0,0.0,3,3,1.0,596.0633333333334,87.6466453056438,0.0,0.0,0.0,1788.19,0,0.0,1.0,0.0,0.6666666666666666,1.1547005383792515,Air Canada,3,0.3333333333333333,RNO-IND,3,0.3333333333333333,3336.863845318687,476.73684200951766,0.0,4,228.75,141.431667835272,0,0.0,0.0,0.0,0.0,915.0,7.75,4.856267428111155,1.25,0.5,Hilton,4,0.25,False,True,False,False,True,False,False,True,2703.19,0.0,3,4,5,3.95,1764.6449558186061,5,4864.623624155027,True,596.0633333333334
664,501512,1989-03-16,34.0,F,True,True,usa,fort worth,FTW,32.82,-97.362,2022-12-31,209,7,8.571428571428571,0.14285714285714285,64.57142857142857,1.75,75.0,75.0,10.0,0.0,1,1,1.0,0,0.0,1,1,1.0,423.97,0.0,0.0,0.0,0.0,423.97,0,0.0,1.0,0.0,1.0,0.0,JetBlue Airways,1,1.0,FTW-JFK,1,1.0,2265.463532355596,0.0,0.0,1,54.0,0.0,1,1.0,0.25,13.5,13.5,40.5,6.0,0.0,1.0,0.0,Best Western,1,1.0,False,True,False,True,True,False,True,False,464.47,13.5,1,1,1,1.0,1212.8257985995333,3,3343.4153495851724,False,423.97
671,501830,1990-01-12,33.0,F,True,True,canada,toronto,YYZ,43.677,-79.631,2022-12-31,209,9,8.666666666666666,0.2222222222222222,63.888888888888886,1.5,49.0,123.0,16.5,0.0,2,1,0.5,0,0.0,1,1,1.0,422.97,0.0,0.0,0.0,0.0,422.97,0,0.0,1.0,0.0,0.0,0.0,Conviasa,1,1.0,YYZ-SVZ,1,1.0,2280.265150337623,0.0,0.0,2,272.0,214.96046148071,0,0.0,0.0,0.0,0.0,544.0,5.0,1.414213562373095,1.5,0.7071067811865476,Choice Hotels,2,0.5,False,True,False,True,True,False,False,True,966.97,0.0,2,2,2,2.0,1262.4778376125375,3,3480.291881702127,True,422.97
672,501897,1979-10-14,43.0,F,True,True,usa,new york,LGA,40.777,-73.872,2022-12-31,209,8,9.75,0.125,73.625,1.1428571428571428,25.0,120.0,9.0,0.0,1,0,0.0,0,0.0,0,0,0.0,0.0,0.0,0.0,0.0,0.0,0.0,0,0.0,0.0,0.0,0.0,0.0,MISSING,0,0.0,MISSING,0,0.0,0.0,0.0,0.0,1,104.0,0.0,0,0.0,0.0,0.0,0.0,104.0,9.0,0.0,1.0,0.0,Aman Resorts,1,1.0,False,True,True,False,True,False,True,True,104.0,0.0,4,1,1,2.2,271.56518839613204,1,748.6278906212626,True,
679,502412,1968-10-02,54.0,F,True,True,usa,new york,JFK,40.64,-73.779,2022-12-31,209,8,15.5,0.375,114.75,1.3333333333333333,38.0,86.0,8.333333333333334,0.0,3,2,0.6666666666666666,0,0.0,2,2,1.0,433.11,6.788225099390856,0.2,87.582,87.582,778.638,1,0.5,1.0,0.0,0.5,0.7071067811865476,Southwest Airlines,2,0.5,JFK-AUS,2,0.5,2527.4291247588076,115.86092245737892,0.0,3,68.0,34.77067730142742,0,0.0,0.0,0.0,0.0,204.0,6.333333333333333,4.163331998932265,1.0,0.0,Choice Hotels,3,0.3333333333333333,False,True,False,False,False,False,False,True,982.638,87.582,3,3,2,2.6500000000000004,855.2893384461487,2,2357.7891448214623,False,433.11
680,502435,1984-04-03,39.0,F,True,True,usa,oklahoma city,TIK,35.415,-97.386,2022-12-31,209,7,13.714285714285714,0.14285714285714285,102.0,1.1666666666666667,20.0,163.0,5.0,0.0,1,1,1.0,0,0.0,1,1,1.0,401.86,0.0,0.0,0.0,0.0,401.86,0,0.0,1.0,0.0,0.0,0.0,Delta Air Lines,1,1.0,TIK-JFK,1,1.0,2140.449613348758,0.0,0.0,1,129.0,0.0,0,0.0,0.0,0.0,0.0,129.0,6.0,0.0,1.0,0.0,Conrad,1,1.0,False,True,False,True,True,False,True,True,530.86,0.0,4,1,1,2.2,1386.1836145381794,4,3821.3134809154185,True,401.86
708,504133,1978-12-22,44.0,F,True,False,usa,lincoln,LNK,40.851,-96.759,2023-01-01,208,8,17.5,0.375,130.0,1.3333333333333333,34.0,34.0,9.333333333333334,0.0,3,3,1.0,0,0.0,3,2,0.6666666666666666,540.6233333333333,192.7198387124,0.0,0.0,0.0,1621.87,0,0.0,2.0,1.0,0.6666666666666666,0.5773502691896257,AeroMéxico,3,0.3333333333333333,LNK-LAS,3,0.3333333333333333,1961.9700595380057,246.0649331778385,0.0,3,288.3333333333333,305.703014923526,0,0.0,0.0,0.0,0.0,865.0,6.333333333333333,4.041451884327381,2.0,1.0,Aman Resorts,3,0.3333333333333333,False,True,False,False,True,False,False,True,2486.87,0.0,3,3,5,3.7,2164.5747438034896,5,5967.116161375959,False,270.31166666666667
712,504371,1973-03-12,50.0,F,False,True,usa,new york,LGA,40.777,-73.872,2023-01-01,208,8,23.375,0.625,174.0,1.1428571428571428,10.0,10.0,67.8,0.0,5,4,0.8,0,0.0,5,5,1.0,1361.132,1874.36767120808,0.0,0.0,0.0,6805.66,0,0.0,1.8,0.4472135954999579,0.4,0.5477225575051661,Southwest Airlines,4,0.4,LGA-MKE,4,0.4,3669.2708739536224,4653.638524703863,0.2,4,155.0,65.67089664887078,0,0.0,0.0,0.0,0.0,620.0,5.25,3.4034296427770228,1.5,0.5773502691896257,Marriott,4,0.25,False,True,False,False,True,False,False,True,7425.66,0.0,5,5,5,5.0,3877.9822247415805,5,10690.492658212856,False,756.1844444444445
720,504859,1997-07-14,26.0,F,False,True,usa,phoenix,PHX,33.434,-112.008,2023-01-02,207,8,10.5,0.25,78.5,2.6666666666666665,118.0,175.0,10.5,0.0,2,1,0.5,0,0.0,1,1,1.0,234.11,0.0,0.0,0.0,0.0,234.11,0,0.0,1.0,0.0,0.0,0.0,Delta Air Lines,1,1.0,PHX-FTW,1,1.0,1364.4371991304508,0.0,0.0,2,207.5,24.748737341529164,0,0.0,0.0,0.0,0.0,415.0,4.5,0.7071067811865476,1.5,0.7071067811865476,Radisson,2,0.5,False,True,False,True,True,False,False,True,649.11,0.0,1,2,2,1.6,847.4792280760254,2,2336.2588946209994,True,234.11
721,504892,1993-07-02,30.0,F,False,False,usa,dallas,DAL,32.847,-96.852,2023-01-02,207,8,16.875,0.375,125.625,1.3333333333333333,41.0,89.0,8.0,0.0,3,1,0.3333333333333333,0,0.0,2,2,1.0,267.03,171.360257352748,0.0,0.0,0.0,534.06,0,0.0,1.5,0.7071067811865476,0.0,0.0,Allegiant Air,2,0.5,DAL-IAH,2,0.5,1308.5329856423289,1292.5221869324516,0.0,2,170.5,74.24621202458749,1,0.5,0.2,44.6,44.6,296.4,11.5,7.7781745930520225,2.0,0.0,Best Western,2,0.5,False,True,False,False,True,False,False,False,830.46,44.6,2,3,2,2.25,722.8334178059353,1,1992.6458911709415,False,178.01999999999998
725,505062,1987-01-21,36.0,F,False,True,usa,philadelphia,PHL,39.872,-75.241,2023-01-02,207,8,12.375,0.375,91.5,1.1428571428571428,18.0,18.0,9.333333333333334,0.0,3,3,1.0,0,0.0,3,3,1.0,457.0833333333333,315.836758521445,0.0,0.0,0.0,1371.25,0,0.0,1.0,0.0,0.3333333333333333,0.5773502691896257,American Airlines,2,0.6666666666666666,PHL-SEA,3,0.3333333333333333,2556.87752195684,1748.9681888396904,0.0,3,143.0,19.078784028338912,1,0.3333333333333333,0.25,38.75,38.75,390.25,4.0,2.0,1.0,0.0,Hilton,3,0.3333333333333333,False,True,False,False,True,False,False,False,1761.5,38.75,4,3,4,3.75,1533.2117928198286,4,4226.628299132545,False,457.0833333333333
727,505172,1993-01-05,30.0,M,True,True,usa,tampa,MCF,27.849,-82.521,2023-01-02,207,8,40.25,0.375,1013.625,1.6,69.0,131.0,115.5,162.0,2,2,1.0,1,0.5,2,2,1.0,529.14,0.0,0.05,0.0,0.0,529.14,1,0.5,2.3333333333333335,1.414213562373095,2.0,1.414213562373095,Cathay Pacific,2,0.5,MCF-HKG,2,0.5,2913.786922279749,7955.969378786603,0.0,2,168.0,0.0,1,0.5,0.0,0.0,0.0,168.0,10.5,13.435028842544403,1.5,0.7071067811865476,Hyatt,2,0.5,False,False,False,False,True,False,False,True,697.14,0.0,1,2,2,1.6,910.1872857619206,2,2509.1271522485918,True,226.7742857142857
734,505617,1976-04-01,47.0,F,False,True,canada,vancouver,YVR,49.195,-123.182,2023-01-02,207,8,30.75,0.375,502.058266875,1.1428571428571428,9.0,14.0,6.5,0.0,2,2,1.0,1,0.5,2,2,1.0,1169.74,0.0,0.0,0.0,0.0,1169.74,1,0.5,1.3333333333333333,0.7071067811865476,0.5,0.7071067811865476,WestJet,2,0.5,YVR-YYC,2,0.5,3010.2099245643853,1643.3280287233526,0.0,2,453.0,0.0,1,0.5,0.0,0.0,0.0,453.0,4.0,2.8284271247461903,1.5,0.7071067811865476,Fairmont,2,0.5,False,False,False,False,True,False,False,True,1622.74,0.0,5,2,4,3.9,2118.6523741247083,5,5840.521265513211,False,877.3050000000001
753,506675,1975-11-14,47.0,F,False,True,usa,detroit,DTW,42.212,-83.353,2023-01-02,207,8,14.125,0.5,105.375,1.3333333333333333,38.0,122.0,7.25,0.0,4,3,0.75,0,0.0,3,3,1.0,486.30333333333334,176.13958820587,0.1,28.305,28.305,1430.605,1,0.3333333333333333,1.0,0.0,0.6666666666666666,0.5773502691896257,AeroMéxico,3,0.3333333333333333,DTW-LAX,2,0.6666666666666666,2644.7379417019347,923.7976794297191,0.0,4,99.5,34.81857741685225,1,0.25,0.05,7.55,7.55,390.45,4.75,4.349329450233296,1.0,0.0,Aman Resorts,4,0.25,False,True,False,False,False,False,False,False,1821.055,35.855,3,4,4,3.6,1188.7864042180727,3,3277.14558498871,True,486.30333333333334
758,506837,1976-09-05,46.0,F,False,True,usa,cleveland,CLE,41.412,-81.85,2023-01-03,206,8,13.625,0.375,101.0,1.3333333333333333,55.0,55.0,8.0,0.0,3,3,1.0,0,0.0,3,3,1.0,274.12666666666667,237.616459096026,0.1,12.412,12.412,809.968,1,0.3333333333333333,1.0,0.0,1.0,0.0,American Airlines,3,0.3333333333333333,CLE-JFK,3,0.3333333333333333,1599.1478797591856,1471.4797317702612,0.0,3,296.3333333333333,219.527522951755,1,0.3333333333333333,0.1,10.5,10.5,878.5,6.666666666666667,3.2145502536643185,1.0,0.0,Choice Hotels,3,0.3333333333333333,False,True,False,False,False,False,False,False,1688.468,22.912,2,3,4,2.95,1469.6446491052573,4,4051.391785966353,False,274.12666666666667
763,507207,2006-04-28,17.0,F,False,True,usa,new york,LGA,40.777,-73.872,2023-01-03,206,8,16.125,0.25,120.375,1.3333333333333333,38.0,138.0,10.5,0.0,2,0,0.0,0,0.0,0,0,0.0,0.0,0.0,0.0,0.0,0.0,0.0,0,0.0,0.0,0.0,0.0,0.0,MISSING,0,0.0,MISSING,0,0.0,0.0,0.0,0.0,2,246.5,99.7020561473032,0,0.0,0.0,0.0,0.0,493.0,7.5,4.949747468305833,1.5,0.7071067811865476,Banyan Tree,2,0.5,False,True,True,False,True,False,False,True,493.0,0.0,3,2,1,2.0500000000000003,643.6617205735245,1,1774.3920676744349,True,
769,507505,1974-05-19,49.0,F,True,True,usa,newark,EWR,40.692,-74.169,2023-01-03,206,9,9.11111111111111,0.2222222222222222,67.22222222222223,1.2857142857142858,22.0,122.0,7.5,0.0,2,2,1.0,0,0.0,2,2,1.0,374.6,450.328024666465,0.0,0.0,0.0,749.2,0,0.0,1.0,0.0,1.0,0.0,Alaska Airlines,2,0.5,EWR-DCA,2,0.5,2086.2365145454723,2498.9000446743194,0.0,2,397.0,268.700576850888,0,0.0,0.0,0.0,0.0,794.0,7.0,5.656854249492381,1.0,0.0,Best Western,2,0.5,False,True,False,False,True,False,False,True,1543.2,0.0,4,2,4,3.5,2014.8048016005334,5,5554.243080801599,True,374.6
772,507557,1965-03-26,58.0,F,True,True,usa,baton rouge,BTR,30.533,-91.149,2023-01-03,206,8,17.0,0.25,127.25,1.3333333333333333,49.0,49.0,8.0,0.0,2,1,0.5,0,0.0,1,0,0.0,53.13,0.0,0.0,0.0,0.0,53.13,0,0.0,1.0,0.0,1.0,0.0,KLM Royal Dutch Airlines,1,1.0,BTR-DAL,1,1.0,597.6771231726588,0.0,0.0,2,114.0,104.65180361560904,0,0.0,0.0,0.0,0.0,228.0,4.5,3.5355339059327378,1.0,0.0,Fairmont,2,0.5,False,True,False,True,True,False,False,True,281.13,0.0,2,2,1,1.65,367.04385295098365,1,1011.8353792805556,False,53.13
777,507753,1999-09-09,23.0,F,False,True,usa,nashville,BNA,36.124,-86.678,2023-01-03,206,8,15.75,0.125,117.0,1.3333333333333333,50.0,166.0,6.0,0.0,1,1,1.0,0,0.0,1,1,1.0,188.11,0.0,0.0,0.0,0.0,188.11,0,0.0,1.0,0.0,1.0,0.0,Allegiant Air,1,1.0,BNA-LGA,1,1.0,1229.7711374054747,0.0,0.0,1,213.0,0.0,0,0.0,0.0,0.0,0.0,213.0,8.0,0.0,1.0,0.0,NH Hotel,1,1.0,False,True,False,True,True,False,True,True,401.11,0.0,2,1,1,1.4,1047.3799299766588,2,2887.3282039143714,True,188.11
780,507805,1981-01-10,42.0,F,True,True,usa,san jose,SJC,37.362,-121.929,2023-01-03,206,8,36.125,0.75,1032.055466125,1.1428571428571428,7.0,45.0,41.2,131.0,5,5,1.0,1,0.2,5,5,1.0,568.7025,301.882773426485,0.0,0.0,0.0,2274.81,1,0.2,1.8333333333333333,0.8944271909999159,0.8,0.8366600265340756,JetBlue Airways,5,0.2,SJC-AUS,5,0.2,2685.4525524886444,1379.388449904698,0.0,5,233.25,194.799683435746,2,0.4,0.1,24.1,24.1,908.9,8.8,5.805170109479997,1.4,0.5477225575051661,Shangri-La,5,0.2,False,False,False,False,True,False,False,False,3183.71,24.1,5,5,5,5.0,1662.6630883627874,4,4583.488657018885,False,310.2013636363636
793,508625,1980-09-21,42.0,F,False,False,usa,new york,JFK,40.64,-73.779,2023-01-03,206,8,47.25,0.625,1078.125,1.3333333333333333,27.0,27.0,7.25,12.0,4,2,0.5,1,0.25,3,3,1.0,364.07,339.397112833919,0.0,0.0,0.0,728.14,1,0.3333333333333333,2.25,1.0,1.0,0.0,United Airlines,2,0.6666666666666666,JFK-SAT,3,0.3333333333333333,1913.4722781784208,1611.893220919,0.0,3,191.5,37.476659402887016,1,0.3333333333333333,0.0,0.0,0.0,383.0,6.333333333333333,5.8594652770823155,2.0,1.0,InterContinental,3,0.3333333333333333,False,False,False,False,True,False,False,True,1111.14,0.0,3,4,3,3.25,725.3532294098034,1,1999.592294194495,False,161.80888888888887
798,508848,1970-12-05,52.0,F,True,True,usa,st. louis,STL,38.748,-90.36,2023-01-04,205,8,17.875,0.25,132.625,2.0,104.0,104.0,8.5,0.0,2,2,1.0,0,0.0,2,2,1.0,172.765,143.521463377434,0.0,0.0,0.0,345.53,0,0.0,1.0,0.0,1.0,0.0,Air France,2,0.5,STL-BNA,2,0.5,934.3742055428128,703.7416586732007,0.0,2,127.5,6.363961030678928,0,0.0,0.0,0.0,0.0,255.0,5.5,2.1213203435596424,1.0,0.0,Accor,1,1.0,False,True,False,False,True,False,False,True,600.53,0.0,1,2,2,1.6,784.053089363121,2,2161.4110920903213,True,172.765
804,508877,1971-09-26,51.0,F,True,True,usa,phoenix,PHX,33.434,-112.008,2023-01-04,205,9,22.333333333333332,0.6666666666666666,165.88888888888889,2.25,99.0,99.0,7.666666666666667,0.0,6,5,0.8333333333333334,0,0.0,6,6,1.0,593.5083333333333,381.584271657869,0.0,0.0,0.0,3561.05,0,0.0,1.1666666666666667,0.408248290463863,0.8333333333333334,0.752772652709081,American Airlines,6,0.16666666666666666,PHX-LGA,5,0.3333333333333333,2733.5906396504174,1336.094340768809,0.0,5,130.4,81.87368319551771,1,0.2,0.1,20.0,20.0,632.0,4.6,2.8809720581775866,1.2,0.4472135954999579,Aman Resorts,5,0.2,False,True,False,False,True,False,False,False,4193.05,20.0,1,5,5,3.4,1824.8179698788485,5,5030.503488412637,True,508.72142857142853
819,509036,1983-11-02,39.0,F,False,True,usa,new york,JFK,40.64,-73.779,2023-01-04,205,8,13.75,0.25,102.375,2.6666666666666665,129.0,129.0,6.5,0.0,2,1,0.5,0,0.0,2,2,1.0,492.835,360.47596598109,0.0,0.0,0.0,985.67,0,0.0,1.0,0.0,1.0,0.0,AirTran Airways,2,0.5,JFK-ORD,2,0.5,2556.594858278812,1954.686060965228,0.0,1,37.0,0.0,0,0.0,0.0,0.0,0.0,37.0,4.0,0.0,1.0,0.0,Banyan Tree,1,1.0,False,True,False,False,True,False,True,True,1022.67,0.0,1,2,2,1.6,1335.19986162054,4,3680.7657927963783,True,492.835
821,509061,1993-07-06,30.0,F,False,True,canada,vancouver,YVR,49.195,-123.182,2023-01-04,205,8,27.25,0.375,203.5,1.3333333333333333,48.0,171.0,7.0,0.0,3,2,0.6666666666666666,0,0.0,3,3,1.0,640.9366666666666,36.316069904841484,0.1,66.627,66.627,1856.183,1,0.3333333333333333,1.0,0.0,0.3333333333333333,0.5773502691896257,Delta Air Lines,3,0.3333333333333333,YVR-DTW,3,0.3333333333333333,3555.2993937810784,342.0654738271888,0.0,2,92.0,19.79898987322333,1,0.5,0.05,3.9,3.9,180.1,7.0,2.8284271247461903,1.0,0.0,Best Western,2,0.5,False,True,False,False,False,False,False,False,2036.283,70.527,2,3,4,2.95,1772.3832580860285,5,4885.955919865181,True,640.9366666666666
826,509157,1996-03-24,27.0,F,False,True,usa,san antonio,RND,29.529,-98.279,2023-01-04,205,8,15.5,0.25,114.125,1.1428571428571428,14.0,14.0,10.5,0.0,2,2,1.0,0,0.0,2,2,1.0,273.01,63.52647322179943,0.0,0.0,0.0,546.02,0,0.0,1.0,0.0,0.0,0.0,Alaska Airlines,2,0.5,RND-LAX,2,0.5,1599.9045383209202,512.3552111468778,0.0,2,115.5,60.10407640085654,0,0.0,0.0,0.0,0.0,231.0,12.5,12.020815280171307,1.0,0.0,InterContinental,1,1.0,False,True,False,False,True,False,False,True,777.02,0.0,5,2,2,3.2,1014.4787629209736,2,2796.629055627565,False,273.01
832,509272,2003-08-14,19.0,F,False,True,usa,dallas,DAL,32.847,-96.852,2023-01-04,205,8,12.125,0.125,90.0,1.3333333333333333,56.0,167.0,3.0,0.0,1,0,0.0,0,0.0,0,0,0.0,0.0,0.0,0.0,0.0,0.0,0.0,0,0.0,0.0,0.0,0.0,0.0,MISSING,0,0.0,MISSING,0,0.0,0.0,0.0,0.0,1,97.0,0.0,0,0.0,0.0,0.0,0.0,97.0,9.0,0.0,1.0,0.0,Rosewood,1,1.0,False,True,True,False,True,False,True,True,97.0,0.0,2,1,1,1.4,253.2867622540847,1,698.23947490637,True,
833,509278,1973-10-20,49.0,F,True,False,canada,edmonton,YED,53.667,-113.467,2023-01-04,205,8,38.25,0.5,998.0,1.1428571428571428,11.0,91.0,69.66666666666667,117.0,3,1,0.3333333333333333,1,0.3333333333333333,2,2,1.0,1296.85,0.0,0.0,0.0,0.0,1296.85,1,0.5,2.0,0.0,1.5,0.7071067811865476,Southwest Airlines,2,0.5,YED-DAL,2,0.5,3621.0126410766998,677.5475820211155,0.0,2,135.0,42.42640687119285,0,0.0,0.0,0.0,0.0,270.0,5.5,2.1213203435596424,2.0,0.0,Aman Resorts,1,1.0,False,False,False,False,True,False,False,True,1566.85,0.0,5,3,4,4.15,1363.7881905079469,4,3759.5756744228374,True,648.425
835,509302,1965-04-27,58.0,F,False,True,canada,toronto,YZD,43.742,-79.466,2023-01-04,205,8,10.875,0.125,82.125,1.1428571428571428,26.0,204.0,9.0,0.0,1,1,1.0,0,0.0,1,1,1.0,101.78,0.0,0.25,25.445,25.445,76.335,1,1.0,1.0,0.0,0.0,0.0,United Airlines,1,1.0,YZD-IAD,1,1.0,580.2996264810968,0.0,0.0,1,205.0,0.0,0,0.0,0.0,0.0,0.0,205.0,4.0,0.0,1.0,0.0,Hilton,1,1.0,False,True,False,True,False,False,True,True,281.335,25.445,4,1,1,2.2,734.6230026675557,1,2025.1464193070472,True,101.78
840,509353,1993-12-08,29.0,F,False,False,usa,dallas,DAL,32.847,-96.852,2023-01-04,205,9,8.444444444444445,0.1111111111111111,63.44444444444444,1.2857142857142858,12.0,204.0,8.0,0.0,1,1,1.0,0,0.0,1,1,1.0,668.68,0.0,0.0,0.0,0.0,668.68,0,0.0,2.0,0.0,0.0,0.0,American Airlines,1,1.0,DAL-SAN,1,1.0,1900.950090320428,0.0,0.0,1,204.0,0.0,0,0.0,0.0,0.0,0.0,204.0,4.0,0.0,2.0,0.0,Conrad,1,1.0,False,True,False,True,True,False,True,True,872.68,0.0,5,1,2,2.95,2278.745275091697,5,6281.851803724648,True,334.34
852,509454,1984-01-24,39.0,F,False,True,usa,tampa,MCF,27.849,-82.521,2023-01-04,205,8,13.125,0.25,98.75,1.1428571428571428,15.0,163.0,8.5,0.0,2,1,0.5,0,0.0,1,1,1.0,559.49,0.0,0.0,0.0,0.0,559.49,0,0.0,1.0,0.0,1.0,0.0,Southwest Airlines,1,1.0,MCF-PHX,1,1.0,2913.786922279749,0.0,0.0,2,295.5,127.986327394765,0,0.0,0.0,0.0,0.0,591.0,14.5,14.849242404917497,1.5,0.7071067811865476,Hyatt,2,0.5,False,True,False,True,True,False,False,True,1150.49,0.0,5,2,3,3.55,1502.0818922974324,4,4140.812028273348,True,559.49
853,509459,2006-11-27,16.0,F,False,False,usa,new york,JFK,40.64,-73.779,2023-01-04,205,8,12.5,0.25,92.125,1.1428571428571428,15.0,196.0,7.0,0.0,2,0,0.0,0,0.0,1,1,1.0,444.68,0.0,0.0,0.0,0.0,444.68,0,0.0,1.0,0.0,1.0,0.0,Ryanair,1,1.0,JFK-BIF,1,1.0,3062.2046199096585,0.0,0.0,1,858.0,0.0,0,0.0,0.0,0.0,0.0,858.0,5.0,0.0,2.0,0.0,Crowne Plaza,1,1.0,False,True,False,True,True,False,True,True,1302.68,0.0,5,2,3,3.55,1700.7814404801602,4,4688.570098819743,True,444.68
854,509467,1996-03-09,27.0,M,False,False,usa,seattle,SEA,47.449,-122.309,2023-01-04,205,8,12.75,0.25,96.375,1.3333333333333333,29.0,114.0,6.0,0.0,2,2,1.0,0,0.0,2,2,1.0,1026.485,1266.336321223552,0.0,0.0,0.0,2052.97,0,0.0,2.0,1.414213562373095,1.5,0.7071067811865476,Ryanair,2,0.5,SEA-LSV,2,0.5,2356.6540260961415,1359.8151059727898,0.0,2,299.0,82.02438661763951,0,0.0,0.0,0.0,0.0,598.0,6.5,0.7071067811865476,2.0,1.414213562373095,Fairmont,2,0.5,False,True,False,False,True,False,False,True,2650.97,0.0,3,2,5,3.45,3461.1113821273752,5,9541.298457693501,True,513.2425
855,509498,1984-09-06,38.0,F,False,False,usa,milwaukee,MKE,42.947,-87.896,2023-01-04,205,8,12.25,0.25,90.625,1.1428571428571428,11.0,119.0,6.5,0.0,2,2,1.0,0,0.0,2,2,1.0,687.8,347.443988003822,0.0,0.0,0.0,1375.6,0,0.0,3.0,1.414213562373095,0.0,0.0,United Airlines,2,0.5,MKE-SAN,2,0.5,1746.6447306295956,1485.9397631092436,0.0,2,214.5,232.638131010374,1,0.5,0.05,18.95,18.95,410.05,7.5,4.949747468305833,3.0,1.414213562373095,InterContinental,1,1.0,False,True,False,False,True,False,False,False,1785.65,18.95,5,2,4,3.9,2331.347974324775,5,6426.862465807008,True,229.26666666666665
856,509515,1994-10-14,28.0,F,False,True,usa,memphis,MEM,35.042,-89.977,2023-01-04,205,9,11.333333333333334,0.2222222222222222,84.66666666666667,1.2857142857142858,7.0,7.0,5.5,0.0,2,1,0.5,0,0.0,1,1,1.0,297.45,0.0,0.0,0.0,0.0,297.45,0,0.0,1.0,0.0,1.0,0.0,Air Canada,1,1.0,MEM-YWG,1,1.0,1764.7093803722603,0.0,0.0,2,229.5,78.48885271170677,1,0.5,0.25,43.5,43.5,415.5,6.0,2.8284271247461903,1.0,0.0,Accor,2,0.5,False,True,False,True,True,False,False,False,712.95,43.5,5,2,2,3.2,930.8288512837613,2,2566.03007028091,False,297.45
861,509603,2006-04-10,17.0,F,False,False,usa,memphis,MEM,35.042,-89.977,2023-01-04,205,8,16.0,0.25,118.75,1.3333333333333333,39.0,183.0,12.0,0.0,2,1,0.5,0,0.0,1,0,0.0,145.43,0.0,0.0,0.0,0.0,145.43,0,0.0,1.0,0.0,1.0,0.0,Southwest Airlines,1,1.0,MEM-DEN,1,1.0,1400.8012098972777,0.0,0.0,2,119.0,22.627416997969522,1,0.5,0.25,33.75,33.75,204.25,8.5,9.192388155425117,2.0,1.414213562373095,Radisson,2,0.5,False,True,False,True,True,False,False,False,349.68,33.75,3,2,1,2.0500000000000003,456.5428609536512,1,1258.5586576559765,True,145.43
862,509626,1972-05-15,51.0,F,False,True,usa,brownsville,BRO,25.907,-97.426,2023-01-04,205,8,17.875,0.375,132.75,1.1428571428571428,23.0,23.0,117.33333333333333,0.0,3,3,1.0,0,0.0,3,3,1.0,509.34,359.872986065917,0.0,0.0,0.0,1528.02,0,0.0,1.3333333333333333,0.5773502691896257,1.0,1.0,American Airlines,1,1.0,BRO-FTW,3,0.3333333333333333,2111.105514764447,1297.987514489175,0.0,3,88.33333333333333,21.221058723196006,1,0.3333333333333333,0.2,22.4,22.4,242.6,6.666666666666667,3.511884584284246,1.0,0.0,Banyan Tree,3,0.3333333333333333,False,True,False,False,True,False,False,False,1770.62,22.4,4,3,4,3.75,1541.1498521729463,4,4248.511268243013,False,382.005
866,509681,1981-05-12,42.0,F,False,True,usa,milwaukee,MKE,42.947,-87.896,2023-01-04,205,8,15.75,0.5,117.25,1.6,60.0,60.0,11.75,0.0,4,3,0.75,0,0.0,3,3,1.0,344.8666666666667,205.615207203488,0.0,0.0,0.0,1034.6,0,0.0,1.3333333333333333,0.5773502691896257,0.3333333333333333,0.5773502691896257,AirTran Airways,3,0.3333333333333333,MKE-CMH,3,0.3333333333333333,1391.2680634999567,973.0964942770504,0.0,4,209.75,97.59226403767872,0,0.0,0.0,0.0,0.0,839.0,5.5,2.8867513459481287,1.25,0.5,Accor,4,0.25,False,True,False,False,True,False,False,True,1873.6,0.0,2,4,4,3.2,1223.0878292764253,3,3371.7048458365325,False,258.65000000000003
875,509826,1960-03-07,63.0,F,True,True,usa,miami,TNT,25.862,-80.897,2023-01-04,205,9,9.0,0.1111111111111111,66.55555555555556,1.2857142857142858,16.0,16.0,12.0,0.0,1,1,1.0,0,0.0,1,1,1.0,215.25,0.0,0.0,0.0,0.0,215.25,0,0.0,1.0,0.0,0.0,0.0,American Airlines,1,1.0,TNT-BNA,1,1.0,1266.4735915904052,0.0,0.0,1,54.0,0.0,0,0.0,0.0,0.0,0.0,54.0,5.0,0.0,1.0,0.0,Aman Resorts,1,1.0,False,True,False,True,True,False,True,True,269.25,0.0,4,1,1,2.2,703.0666055351784,1,1938.1544187478362,False,215.25
883,509933,1979-03-07,44.0,M,True,True,usa,louisville,LOU,38.228,-85.664,2023-01-04,205,8,9.75,0.375,72.75,1.3333333333333333,35.0,54.0,9.666666666666666,0.0,3,2,0.6666666666666666,0,0.0,2,2,1.0,254.76,227.108555981495,0.0,0.0,0.0,509.52,0,0.0,1.0,0.0,0.5,0.7071067811865476,Allegiant Air,2,0.5,LOU-CLT,2,0.5,1575.4889662905696,1467.5133139370946,0.0,3,238.66666666666666,110.464172170588,1,0.3333333333333333,0.05,15.75,15.75,700.25,6.0,8.660254037844387,1.0,0.0,Banyan Tree,3,0.3333333333333333,False,True,False,False,True,False,False,False,1209.77,15.75,3,3,3,3.0,1052.9853139935533,2,2902.780651400272,False,254.76
886,510003,1977-10-09,45.0,F,True,True,usa,tulsa,TUL,36.198,-95.888,2023-01-04,205,8,10.0,0.125,74.625,2.0,96.0,203.0,7.0,0.0,1,1,1.0,0,0.0,1,1,1.0,650.5,0.0,0.0,0.0,0.0,650.5,0,0.0,2.0,0.0,1.0,0.0,American Airlines,1,1.0,TUL-PNE,1,1.0,1849.348080274997,0.0,0.0,1,63.0,0.0,0,0.0,0.0,0.0,0.0,63.0,5.0,0.0,2.0,0.0,Banyan Tree,1,1.0,False,True,False,True,True,False,True,True,713.5,0.0,1,1,2,1.35,1863.0938646215404,5,5136.01923036799,True,325.25
889,510048,1992-06-24,31.0,F,False,True,usa,dallas,DAL,32.847,-96.852,2023-01-04,205,8,13.0,0.25,97.875,2.0,97.0,153.0,8.0,0.0,2,2,1.0,0,0.0,2,2,1.0,331.465,113.72398361823244,0.0,0.0,0.0,662.93,0,0.0,1.0,0.0,1.5,0.7071067811865476,AirTran Airways,2,0.5,DAL-LGA,2,0.5,1749.8889400541568,668.3506103691233,0.0,2,144.0,98.99494936611666,0,0.0,0.0,0.0,0.0,288.0,5.5,3.5355339059327378,1.0,0.0,Choice Hotels,2,0.5,False,True,False,False,True,False,False,True,950.93,0.0,1,2,2,1.6,1241.5359836612204,3,3422.561153983064,True,331.465
891,510067,1976-01-26,47.0,F,True,True,usa,new york,LGA,40.777,-73.872,2023-01-04,205,9,13.11111111111111,0.4444444444444444,96.88888888888889,1.8,81.0,81.0,7.75,0.0,4,3,0.75,0,0.0,3,2,0.6666666666666666,404.53,353.548513785591,0.1,6.587,6.587,1207.003,1,0.3333333333333333,1.0,0.0,0.0,0.0,Air Transat,3,0.3333333333333333,LGA-EFD,3,0.3333333333333333,2375.8125949184196,1723.572052193196,0.0,4,190.0,159.338214709048,0,0.0,0.0,0.0,0.0,760.0,4.0,3.3665016461206925,1.0,0.0,Crowne Plaza,4,0.25,False,True,False,False,False,False,False,True,1967.003,6.587,1,4,4,2.8,1284.0613948816272,3,3539.791602730037,False,404.53
892,510070,1966-09-24,56.0,F,True,True,usa,boston,BOS,42.364,-71.005,2023-01-04,205,8,24.375,0.5,179.5,1.1428571428571428,11.0,11.0,86.5,0.0,4,2,0.5,0,0.0,2,2,1.0,350.44,39.11714713523981,0.0,0.0,0.0,700.88,0,0.0,3.0,2.8284271247461903,2.0,2.8284271247461903,Ryanair,2,0.5,BOS-CIA,2,0.5,1267.6995280209087,1266.85011319838,0.0,4,132.0,67.44380376777889,1,0.25,0.15,34.8,34.8,493.2,8.5,4.795831523312719,1.75,0.9574271077563381,Hilton,3,0.5,False,True,False,False,True,False,False,False,1194.08,34.8,5,4,3,4.05,779.4965388462821,2,2148.849979887109,False,116.81333333333333
904,510155,1979-04-02,44.0,M,True,True,usa,dallas,DAL,32.847,-96.852,2023-01-04,205,8,12.875,0.5,95.125,1.6,70.0,70.0,7.25,0.0,4,1,0.25,0,0.0,2,2,1.0,496.835,295.111015128206,0.0,0.0,0.0,993.67,0,0.0,1.5,0.7071067811865476,0.0,0.0,JetBlue Airways,2,0.5,DAL-LSQ,2,0.5,1723.551712578305,392.67717733699277,0.0,3,221.66666666666666,25.106440076867397,0,0.0,0.0,0.0,0.0,665.0,9.333333333333334,8.386497083606082,1.6666666666666667,1.1547005383792515,Hyatt,3,0.3333333333333333,False,True,False,False,True,False,False,True,1658.67,0.0,1,4,4,2.8,1082.7813246082028,3,2984.919767636466,False,331.2233333333333
906,510163,1972-02-25,51.0,F,True,True,usa,las vegas,LSV,36.236,-115.034,2023-01-04,205,8,17.875,0.5,131.25,1.6,57.0,105.0,5.75,0.0,4,3,0.75,0,0.0,3,3,1.0,438.71666666666664,316.347122214401,0.0,0.0,0.0,1316.15,0,0.0,1.0,0.0,1.0,1.0,Air Transat,3,0.3333333333333333,LSV-LGA,3,0.3333333333333333,2386.517090020916,1700.90222222542,0.0,4,200.75,120.411447407074,0,0.0,0.0,0.0,0.0,803.0,9.0,6.582805886043833,1.0,0.0,Aman Resorts,4,0.25,False,True,False,False,True,False,False,True,2119.15,0.0,2,4,4,3.2,1383.3830985328443,4,3813.5932557933866,True,438.71666666666664
907,510164,1989-09-11,33.0,F,True,True,canada,montreal,YMX,45.68,-74.039,2023-01-04,205,8,15.125,0.25,112.0,1.3333333333333333,33.0,33.0,5.5,0.0,2,2,1.0,0,0.0,2,2,1.0,401.95,438.575909963144,0.075,37.89925,75.7985,728.1015,2,1.0,1.0,0.0,0.5,0.7071067811865476,Korean Air,2,0.5,YMX-LAX,2,0.5,2208.7442627022433,2463.572402186935,0.0,2,134.0,24.041630560342615,0,0.0,0.0,0.0,0.0,268.0,7.0,2.8284271247461903,1.0,0.0,Crowne Plaza,2,0.5,False,True,False,False,False,False,False,True,996.1015,75.7985,3,2,2,2.4000000000000004,1300.5119784094697,3,3585.1411768734406,False,401.95
920,510239,1968-07-09,55.0,F,True,True,usa,santa ana,SNA,33.676,-117.868,2023-01-04,205,8,14.375,0.25,106.75,1.1428571428571428,21.0,155.0,5.5,0.0,2,1,0.5,0,0.0,1,1,1.0,23.55,0.0,0.0,0.0,0.0,23.55,0,0.0,1.0,0.0,0.0,0.0,Southwest Airlines,1,1.0,SNA-SAN,1,1.0,124.47662224157071,0.0,0.0,2,384.0,148.492424049175,1,0.5,0.05,13.95,13.95,754.05,6.0,2.8284271247461903,1.0,0.0,Marriott,2,0.5,False,True,False,True,True,False,False,False,777.6,13.95,4,2,2,2.8,1015.2360120040013,2,2798.716575707182,True,23.55
926,510316,2006-07-13,17.0,F,False,True,usa,phoenix,PHX,33.434,-112.008,2023-01-04,205,8,19.125,0.125,143.0,1.1428571428571428,12.0,12.0,5.0,0.0,1,0,0.0,0,0.0,0,0,0.0,0.0,0.0,0.0,0.0,0.0,0.0,0,0.0,0.0,0.0,0.0,0.0,MISSING,0,0.0,MISSING,0,0.0,0.0,0.0,0.0,1,121.0,0.0,0,0.0,0.0,0.0,0.0,121.0,17.0,0.0,1.0,0.0,Banyan Tree,1,1.0,False,True,True,False,True,False,True,True,121.0,0.0,5,1,1,2.6,315.9556518839613,1,870.9997573574306,False,
936,510423,1971-08-10,51.0,M,True,True,usa,oakland,OAK,37.721,-122.221,2023-01-04,205,8,13.75,0.25,102.75,1.1428571428571428,25.0,147.0,5.5,0.0,2,0,0.0,0,0.0,1,1,1.0,105.21,0.0,0.0,0.0,0.0,105.21,0,0.0,1.0,0.0,1.0,0.0,United Airlines,1,1.0,OAK-LSQ,1,1.0,542.7776294019363,0.0,0.0,1,149.0,0.0,1,1.0,0.1,14.9,14.9,134.1,7.0,0.0,1.0,0.0,Aman Resorts,1,1.0,False,True,False,True,True,False,True,False,239.31,14.9,4,2,1,2.45,312.44358286095365,1,861.3179831950691,True,105.21
944,510537,1976-01-19,47.0,F,True,True,usa,austin,AUS,30.194,-97.67,2023-01-04,205,10,17.0,0.5,126.2,1.4285714285714286,25.0,25.0,50.2,0.0,5,3,0.6,0,0.0,4,4,1.0,1995.0475,3191.438316124095,0.0,0.0,0.0,7980.19,0,0.0,1.5,1.0,1.25,1.2583057392117916,JetBlue Airways,4,0.25,AUS-LGA,4,0.25,4708.930420799441,4890.826144988323,0.25,4,116.5,22.218610817660647,1,0.25,0.1,10.8,10.8,455.2,6.0,1.414213562373095,1.0,0.0,Banyan Tree,4,0.25,False,True,False,False,True,False,False,False,8435.39,10.8,4,5,5,4.6,4405.304374124708,5,12144.169658207102,False,1330.0316666666665
949,510571,2003-09-14,19.0,F,True,True,usa,new york,LGA,40.777,-73.872,2023-01-04,205,8,11.375,0.5,85.375,2.6666666666666665,121.0,121.0,63.25,0.0,4,1,0.25,0,0.0,1,1,1.0,9135.13,0.0,0.0,0.0,0.0,9135.13,0,0.0,4.0,0.0,3.0,0.0,Empresa Ecuatoriana De Aviacion,1,1.0,LGA-CTU,1,1.0,12077.597521854848,0.0,1.0,4,209.0,96.53324125225811,2,0.5,0.1,26.0,52.0,784.0,7.5,3.109126351029605,1.5,0.5773502691896257,Aman Resorts,4,0.25,False,True,False,True,True,False,False,False,9919.13,52.0,1,4,5,3.15,6475.217324941646,5,17850.330213216548,True,2283.7825
953,510585,2006-10-01,16.0,F,False,True,canada,montreal,YUL,45.468,-73.741,2023-01-04,205,8,12.5,0.125,93.25,1.3333333333333333,36.0,36.0,224.0,0.0,1,1,1.0,0,0.0,1,1,1.0,1134.86,0.0,0.0,0.0,0.0,1134.86,0,0.0,2.0,0.0,1.0,0.0,Air Canada,1,1.0,YUL-YYC,1,1.0,3005.6505765581314,0.0,0.0,1,239.0,0.0,0,0.0,0.0,0.0,0.0,239.0,13.0,0.0,1.0,0.0,Choice Hotels,1,1.0,False,True,False,True,True,False,True,True,1373.86,0.0,3,1,3,2.5,3587.4283627875957,5,9889.518402008922,False,567.43
962,510719,1987-12-17,35.0,F,True,True,canada,montreal,YMX,45.68,-74.039,2023-01-05,204,9,12.11111111111111,0.1111111111111111,90.11111111111111,1.2857142857142858,10.0,57.0,3.0,0.0,1,0,0.0,0,0.0,0,0,0.0,0.0,0.0,0.0,0.0,0.0,0.0,0,0.0,0.0,0.0,0.0,0.0,MISSING,0,0.0,MISSING,0,0.0,0.0,0.0,0.0,1,97.0,0.0,0,0.0,0.0,0.0,0.0,97.0,20.0,0.0,1.0,0.0,Wyndham,1,1.0,False,True,True,False,True,False,True,True,97.0,0.0,5,1,1,2.6,253.2867622540847,1,698.23947490637,False,
967,510815,1968-05-23,55.0,F,True,True,usa,san antonio,SKF,29.384,-98.581,2023-01-05,204,9,18.666666666666668,0.4444444444444444,138.66666666666666,1.2857142857142858,26.0,26.0,7.25,0.0,4,4,1.0,0,0.0,4,3,0.75,356.8875,161.130949101448,0.1,27.836,27.836,1399.714,1,0.25,1.0,0.0,0.25,0.5,Allegiant Air,4,0.25,SKF-BFI,4,0.25,2231.9430273401977,573.8519030530765,0.0,4,225.25,100.29415071013197,0,0.0,0.0,0.0,0.0,901.0,6.0,2.160246899469287,1.0,0.0,Accor,4,0.25,False,True,False,False,False,False,False,True,2300.714,27.836,4,4,5,4.35,1501.908247249083,4,4140.333338324057,False,356.8875
988,511142,1982-08-06,40.0,F,True,True,usa,new york,JFK,40.64,-73.779,2023-01-05,204,8,16.5,0.375,122.75,1.6,63.0,63.0,6.0,0.0,3,3,1.0,0,0.0,3,3,1.0,232.08333333333334,170.674223400411,0.0,0.0,0.0,696.25,0,0.0,1.3333333333333333,0.5773502691896257,1.3333333333333333,0.5773502691896257,Air France,3,0.3333333333333333,JFK-IND,3,0.3333333333333333,928.2608362250585,337.8412075406901,0.0,3,123.66666666666667,29.93882651897588,0,0.0,0.0,0.0,0.0,371.0,5.0,5.291502622129181,1.3333333333333333,0.5773502691896257,Best Western,3,0.3333333333333333,False,True,False,False,True,False,False,True,1067.25,0.0,2,3,3,2.5999999999999996,928.935728576192,2,2560.811270081867,False,174.06250000000003
989,511145,1993-01-10,30.0,F,False,True,usa,wichita,IAB,37.623,-97.267,2023-01-05,204,8,12.25,0.375,91.25,2.0,90.0,90.0,8.0,0.0,3,1,0.3333333333333333,0,0.0,1,1,1.0,43.19,0.0,0.3999999999999999,17.275999999999996,17.275999999999996,25.914000000000005,1,1.0,1.0,0.0,1.0,0.0,Virgin Atlantic Airways,1,1.0,IAB-OKC,1,1.0,249.75447119269984,0.0,0.0,3,147.66666666666666,104.71071260063763,1,0.3333333333333333,0.1,6.7,6.7,436.3,6.333333333333333,5.8594652770823155,2.0,1.0,Choice Hotels,3,0.3333333333333333,False,True,False,True,False,False,False,False,462.214,23.975999999999996,1,3,1,1.5,402.3116409914416,1,1109.0586276782574,False,43.19
990,511148,1979-04-14,44.0,F,True,True,usa,new york,LGA,40.777,-73.872,2023-01-05,204,8,13.5,0.375,100.875,1.6,59.0,59.0,5.666666666666667,0.0,3,2,0.6666666666666666,0,0.0,2,2,1.0,650.425,13.300678554118958,0.0,0.0,0.0,1300.85,0,0.0,1.0,0.0,0.0,0.0,Southwest Airlines,2,0.5,LGA-NZY,2,0.5,3700.3964262379727,315.7740490657983,0.0,3,219.66666666666666,126.934366242296,2,0.6666666666666666,0.1,28.95,57.9,601.1,5.333333333333333,4.932882862316247,1.0,0.0,Best Western,3,0.3333333333333333,False,True,False,False,True,False,False,False,1901.95,57.9,2,3,4,2.95,1655.4596476603313,4,4563.630822330482,False,650.425
996,511223,1978-12-13,44.0,F,True,True,canada,ottawa,YOW,45.323,-75.669,2023-01-05,204,10,43.0,0.5,891.1,2.0,79.0,128.0,5.75,5.0,4,3,0.75,1,0.25,4,4,1.0,304.9,370.552099305887,0.0,0.0,0.0,914.7,1,0.25,1.4,0.5,1.0,0.816496580927726,American Airlines,3,0.5,YOW-JFK,3,0.5,1635.7339142503108,1708.9393186953316,0.0,3,125.5,88.38834764831844,2,0.6666666666666666,0.15,28.2,28.2,222.8,7.333333333333333,6.110100926607787,1.3333333333333333,0.5773502691896257,NH Hotel,3,0.3333333333333333,False,False,False,False,True,False,False,False,1137.5,28.2,1,4,3,2.4499999999999997,742.5610620206735,1,2047.0293884175148,True,217.78571428571428
998,511260,1988-06-20,35.0,F,False,True,usa,san jose,SJC,37.362,-121.929,2023-01-05,204,8,19.0,0.25,140.5,1.3333333333333333,56.0,174.0,6.0,0.0,2,1,0.5,0,0.0,1,1,1.0,720.0,0.0,0.0,0.0,0.0,720.0,0,0.0,1.0,0.0,1.0,0.0,Delta Air Lines,1,1.0,SJC-LGA,1,1.0,4124.793560549965,0.0,0.0,2,253.0,156.977705423414,0,0.0,0.0,0.0,0.0,506.0,6.0,1.414213562373095,1.0,0.0,Rosewood,1,1.0,False,True,False,True,True,False,False,True,1226.0,0.0,2,2,3,2.3499999999999996,1600.6678892964321,4,4412.585547604173,True,720.0
1002,511328,1990-04-16,33.0,M,True,True,usa,phoenix,LUF,33.535,-112.383,2023-01-05,204,8,11.375,0.25,84.375,1.6,66.0,120.0,4.5,0.0,2,1,0.5,0,0.0,1,1,1.0,407.38,0.0,0.0,0.0,0.0,407.38,0,0.0,1.0,0.0,0.0,0.0,Southwest Airlines,1,1.0,LUF-BNA,1,1.0,2356.8773430529754,0.0,0.0,2,90.0,11.313708498984761,1,0.5,0.05,4.9,4.9,175.1,7.0,7.0710678118654755,1.0,0.0,Hilton,1,1.0,False,True,False,True,True,False,False,False,582.48,4.9,1,2,1,1.25,760.4869756585529,2,2096.4460275436204,True,407.38
1009,511399,1975-12-23,47.0,F,True,True,usa,san diego,NZY,32.699,-117.215,2023-01-05,204,9,12.666666666666666,0.2222222222222222,94.44444444444444,1.5,45.0,134.0,8.5,0.0,2,1,0.5,0,0.0,2,2,1.0,660.355,109.79246991483524,0.0,0.0,0.0,1320.71,0,0.0,1.0,0.0,0.5,0.7071067811865476,AirTran Airways,2,0.5,NZY-LGA,2,0.5,3364.5818784345747,802.1688943838013,0.0,1,65.0,0.0,0,0.0,0.0,0.0,0.0,65.0,7.0,0.0,1.0,0.0,Crowne Plaza,1,1.0,False,True,False,False,True,False,True,True,1385.71,0.0,2,2,3,2.3499999999999996,1809.1855635211737,5,4987.409395734567,True,660.355
1010,511418,1971-12-07,51.0,F,True,True,usa,new york,JFK,40.64,-73.779,2023-01-05,204,8,12.625,0.25,94.125,1.6,73.0,168.0,9.5,0.0,2,1,0.5,0,0.0,2,2,1.0,736.58,0.9475230867899737,0.25,183.9775,183.9775,1289.1825,1,0.5,1.0,0.0,0.5,0.7071067811865476,American Airlines,2,0.5,JFK-LAX,2,0.5,3974.209842999768,0.0,0.0,1,128.0,0.0,1,1.0,0.1,12.8,12.8,115.2,5.0,0.0,1.0,0.0,Choice Hotels,1,1.0,False,True,False,False,False,False,True,False,1404.3825,196.7775,1,2,3,1.9499999999999997,1833.5644143881293,5,5054.614945194305,True,736.58
1017,511502,1977-06-27,46.0,M,True,True,usa,milwaukee,MKE,42.947,-87.896,2023-01-05,204,10,20.3,0.2,150.5,1.6666666666666667,35.0,129.0,7.0,0.0,2,2,1.0,0,0.0,2,2,1.0,307.235,241.370899758028,0.0,0.0,0.0,614.47,0,0.0,1.0,0.0,1.0,0.0,Porter Airlines,2,0.5,MKE-LSQ,2,0.5,1758.2942033512206,1502.4146054266607,0.0,2,255.5,238.294985259867,0,0.0,0.0,0.0,0.0,511.0,6.0,5.656854249492381,1.0,0.0,Accor,2,0.5,False,True,False,False,True,False,False,True,1125.47,0.0,3,2,3,2.75,1469.4157335778593,4,4050.7607310457333,True,307.235
1019,511535,1972-05-22,51.0,F,True,True,usa,chicago,ORD,41.979,-87.904,2023-01-05,204,8,19.375,0.375,143.5,1.1428571428571428,8.0,8.0,4.666666666666667,0.0,3,2,0.6666666666666666,0,0.0,3,3,1.0,348.48333333333335,175.301179783062,0.05,13.8705,13.8705,1031.5795,1,0.3333333333333333,1.0,0.0,0.6666666666666666,0.5773502691896257,Air France,3,0.3333333333333333,ORD-IAH,3,0.3333333333333333,1827.264140580515,835.1381882107429,0.0,2,162.0,120.20815280171308,1,0.5,0.1,24.7,24.7,299.3,4.0,2.8284271247461903,1.0,0.0,Four Seasons,2,0.5,False,True,False,False,False,False,False,False,1330.8795,38.5705,5,3,3,3.8,1158.3991735578527,3,3193.376643448977,False,348.48333333333335
1027,511570,1972-09-10,50.0,F,True,True,canada,ottawa,YOW,45.323,-75.669,2023-01-05,204,8,20.625,0.375,152.875,1.3333333333333333,38.0,92.0,10.0,0.0,3,2,0.6666666666666666,0,0.0,2,2,1.0,653.035,71.59456159513793,0.0,0.0,0.0,1306.07,0,0.0,1.0,0.0,0.0,0.0,Delta Air Lines,1,1.0,YOW-LAX,2,0.5,3600.000475963455,313.09698468189805,0.0,3,444.0,167.687208814507,0,0.0,0.0,0.0,0.0,1332.0,6.0,3.4641016151377544,1.0,0.0,Extended Stay,3,0.3333333333333333,False,True,False,False,True,False,False,True,2638.07,0.0,3,3,5,3.7,2296.179412026231,5,6329.912754523188,True,653.035
1029,511578,1972-05-15,51.0,F,True,True,usa,wichita,ICT,37.65,-97.433,2023-01-05,204,8,19.625,0.625,146.0,1.1428571428571428,19.0,77.0,5.6,0.0,5,5,1.0,0,0.0,5,5,1.0,354.3,286.050750479701,0.05,27.44475,54.8895,1716.6105,2,0.4,1.4,0.8944271909999159,1.2,0.4472135954999579,United Airlines,4,0.4,ICT-EFD,5,0.2,1393.1057860715714,442.0696951847904,0.0,5,140.4,72.11657229791221,0,0.0,0.0,0.0,0.0,702.0,4.6,2.701851217221259,1.4,0.8944271909999159,Fairmont,4,0.4,False,True,False,False,False,False,False,True,2418.6105,54.8895,4,5,5,4.6,1263.0969540180058,3,3481.998609325841,False,253.07142857142858
1036,511665,1977-08-17,45.0,M,False,True,usa,nashville,BNA,36.124,-86.678,2023-01-05,204,8,46.5,0.375,1060.0,1.6,70.0,73.0,6.0,3.0,2,2,1.0,1,0.5,2,2,1.0,1006.35,0.0,0.25,251.5875,251.5875,754.7625,2,1.0,1.3333333333333333,0.7071067811865476,1.0,0.0,United Airlines,2,0.5,BNA-LAX,2,0.5,2815.417808249233,50.160347515038566,0.0,2,227.0,0.0,1,0.5,0.0,0.0,0.0,227.0,4.0,1.414213562373095,1.5,0.7071067811865476,Marriott,2,0.5,False,False,False,False,False,False,False,True,981.7625,251.5875,1,2,2,1.6,1281.7909532344115,3,3533.5326416637376,False,754.7625
1046,511764,1969-03-06,54.0,M,True,True,usa,long beach,LGB,33.818,-118.151,2023-01-05,204,8,14.5,0.125,108.125,2.0,88.0,88.0,7.0,0.0,1,1,1.0,0,0.0,1,1,1.0,613.96,0.0,0.0,0.0,0.0,613.96,0,0.0,1.0,0.0,0.0,0.0,Ryanair,1,1.0,LGB-YKZ,1,1.0,3502.9229669244396,0.0,0.0,1,167.0,0.0,0,0.0,0.0,0.0,0.0,167.0,5.0,0.0,1.0,0.0,Best Western,1,1.0,False,True,False,True,True,False,True,True,780.96,0.0,1,1,2,1.35,2039.2456685561854,5,5621.619590957513,False,613.96
1052,511803,1986-08-23,36.0,F,True,True,usa,detroit,YIP,42.238,-83.53,2023-01-05,204,8,16.5,0.5,123.25,1.1428571428571428,11.0,91.0,6.5,0.0,4,2,0.5,0,0.0,3,3,1.0,797.2566666666667,632.987680317187,0.0,0.0,0.0,2391.77,0,0.0,2.0,1.0,0.3333333333333333,0.5773502691896257,Allegiant Air,3,0.3333333333333333,YIP-ELP,3,0.3333333333333333,1956.7034716527426,1426.0833950438293,0.0,3,339.6666666666667,149.386523265432,1,0.3333333333333333,0.1,24.7,24.7,994.3,4.666666666666667,1.5275252316519468,1.6666666666666667,1.1547005383792515,Choice Hotels,3,0.3333333333333333,False,True,False,False,True,False,False,False,3386.07,24.7,5,4,5,4.75,2210.4296573857955,5,6093.525099990238,True,398.62833333333333
1060,511860,1983-10-09,39.0,F,False,True,usa,detroit,YIP,42.238,-83.53,2023-01-05,204,6,15.5,0.3333333333333333,116.5,1.0,45.0,156.0,4.0,0.0,2,1,0.5,0,0.0,1,1,1.0,588.83,0.0,0.0,0.0,0.0,588.83,0,0.0,1.0,0.0,1.0,0.0,American Airlines,1,1.0,YIP-LSQ,1,1.0,3163.8417588240727,0.0,0.0,2,183.5,164.755880016466,0,0.0,0.0,0.0,0.0,367.0,5.0,4.242640687119285,1.0,0.0,Hilton,2,0.5,False,True,False,True,True,False,False,True,955.83,0.0,2,2,2,2.0,1247.933432810937,3,3440.1970994832764,True,588.83
1065,511910,2006-05-16,17.0,F,False,True,usa,los angeles,LAX,33.942,-118.408,2023-01-05,204,8,10.0,0.125,75.0,1.3333333333333333,56.0,145.0,2.0,0.0,1,0,0.0,0,0.0,0,0,0.0,0.0,0.0,0.0,0.0,0.0,0.0,0,0.0,0.0,0.0,0.0,0.0,MISSING,0,0.0,MISSING,0,0.0,0.0,0.0,0.0,1,86.0,0.0,0,0.0,0.0,0.0,0.0,86.0,9.0,0.0,1.0,0.0,NH Hotel,1,1.0,False,True,True,False,True,False,True,True,86.0,0.0,2,1,1,1.4,224.56352117372458,1,619.0576787829672,True,
1069,511943,1992-03-05,31.0,F,True,True,usa,columbus,LCK,39.814,-82.928,2023-01-05,204,7,14.428571428571429,0.2857142857142857,107.0,1.4,63.0,147.0,6.0,0.0,2,1,0.5,0,0.0,1,1,1.0,135.53,0.0,0.0,0.0,0.0,135.53,0,0.0,1.0,0.0,0.0,0.0,Delta Air Lines,1,1.0,LCK-LGA,1,1.0,781.7656115097197,0.0,0.0,2,220.5,187.383297014435,1,0.5,0.1,35.3,35.3,405.7,5.0,2.8284271247461903,1.5,0.7071067811865476,Aman Resorts,2,0.5,False,True,False,True,True,False,False,False,541.23,35.3,2,2,1,1.65,706.6308986328776,1,1947.9801598122401,True,135.53
1074,512009,1979-10-27,43.0,M,False,True,usa,new york,JFK,40.64,-73.779,2023-01-05,204,8,13.125,0.375,96.875,1.6,69.0,69.0,6.666666666666667,0.0,3,2,0.6666666666666666,0,0.0,3,3,1.0,447.02,273.954936622796,0.0,0.0,0.0,1341.06,0,0.0,1.3333333333333333,0.5773502691896257,1.0,1.0,AirTran Airways,3,0.3333333333333333,JFK-LAX,3,0.3333333333333333,2238.4891724871127,1697.5397745211706,0.0,2,82.5,12.020815280171307,0,0.0,0.0,0.0,0.0,165.0,6.5,7.7781745930520225,1.5,0.7071067811865476,Best Western,2,0.5,False,True,False,False,True,False,False,True,1506.06,0.0,1,3,3,2.1999999999999997,1310.8764988329442,3,3613.71320817006,False,335.265
1075,512010,1965-08-20,57.0,F,True,True,usa,los angeles,LAX,33.942,-118.408,2023-01-05,204,8,14.875,0.375,110.625,1.6,75.0,75.0,8.0,0.0,3,2,0.6666666666666666,0,0.0,2,2,1.0,416.255,435.259579159379,0.0,0.0,0.0,832.51,0,0.0,1.5,0.7071067811865476,0.5,0.7071067811865476,American Airlines,2,0.5,LAX-EFD,2,0.5,1401.7995324090157,1192.0813669005881,0.0,3,176.66666666666666,162.164525508304,1,0.3333333333333333,0.2,23.6,23.6,506.4,5.666666666666667,7.234178138070235,1.3333333333333333,0.5773502691896257,Four Seasons,3,0.3333333333333333,False,True,False,False,True,False,False,False,1338.91,23.6,1,3,3,2.1999999999999997,1165.388930754696,3,3212.6454135631884,False,277.50333333333333
1076,512016,1979-07-01,44.0,F,False,True,usa,santa ana,SNA,33.676,-117.868,2023-01-05,204,9,13.11111111111111,0.2222222222222222,97.55555555555556,2.25,92.0,92.0,7.0,0.0,2,0,0.0,0,0.0,1,1,1.0,322.26,0.0,0.0,0.0,0.0,322.26,0,0.0,1.0,0.0,0.0,0.0,JetBlue Airways,1,1.0,SNA-YVR,1,1.0,1780.440733258976,0.0,0.0,1,260.0,0.0,1,1.0,0.05,13.0,13.0,247.0,8.0,0.0,2.0,0.0,NH Hotel,1,1.0,False,True,False,True,True,False,True,False,569.26,13.0,1,2,1,1.25,743.2269189729909,2,2048.8649664185573,True,322.26
1077,512024,1991-09-28,31.0,F,True,False,usa,new york,JFK,40.64,-73.779,2023-01-05,204,8,20.5,0.25,152.0,1.6,65.0,158.0,7.5,0.0,2,1,0.5,0,0.0,1,1,1.0,2038.42,0.0,0.0,0.0,0.0,2038.42,0,0.0,3.0,0.0,0.0,0.0,Ryanair,1,1.0,JFK-NZY,1,1.0,3931.800943310276,0.0,0.0,2,162.0,4.242640687119285,0,0.0,0.0,0.0,0.0,324.0,6.0,4.242640687119285,2.0,1.414213562373095,Fairmont,2,0.5,False,True,False,True,True,False,False,True,2362.42,0.0,1,2,5,2.65,3084.379963321107,5,8502.757218084054,True,679.4733333333334
1081,512069,1983-05-05,40.0,F,False,True,usa,philadelphia,PHL,39.872,-75.241,2023-01-05,204,8,22.5,0.625,166.125,1.6,61.0,61.0,7.0,0.0,5,5,1.0,0,0.0,5,5,1.0,529.226,484.587178513836,0.075,40.9,81.8,2564.33,2,0.4,1.4,0.5477225575051661,0.4,0.5477225575051661,Delta Air Lines,4,0.4,PHL-FAT,5,0.2,2100.4868124636982,1611.827051669941,0.0,5,168.4,54.030546915610614,1,0.2,0.1,18.7,18.7,823.3,4.2,1.9235384061671346,1.4,0.5477225575051661,Starwood,4,0.4,False,True,False,False,False,False,False,False,3387.63,100.5,2,5,5,3.8,1769.1584214738248,5,4877.065963664055,False,378.0185714285715
1086,512147,1979-04-24,44.0,M,False,False,canada,calgary,YYC,51.114,-114.02,2023-01-05,204,9,41.22222222222222,0.4444444444444444,943.5555555555555,1.5,48.0,113.0,4.666666666666667,0.0,3,1,0.3333333333333333,1,0.3333333333333333,1,1,1.0,0.0,0.0,0.0,0.0,0.0,0.0,1,1.0,3.0,0.0,1.0,0.0,American Airlines,1,1.0,YYC-UGN,1,1.0,0.0,0.0,0.0,3,116.0,55.154328932550705,1,0.3333333333333333,0.0,0.0,0.0,232.0,4.666666666666667,2.0816659994661326,2.0,1.0,Aman Resorts,3,0.3333333333333333,False,False,True,True,True,False,False,True,232.0,0.0,2,3,1,1.9,201.93308880738022,1,556.6720212311952,True,0.0
1090,512190,1959-11-01,63.0,F,True,False,usa,sacramento,SMF,38.695,-121.591,2023-01-05,204,8,17.375,0.125,128.875,1.1428571428571428,25.0,25.0,35.0,0.0,1,0,0.0,0,0.0,0,0,0.0,0.0,0.0,0.0,0.0,0.0,0.0,0,0.0,0.0,0.0,0.0,0.0,MISSING,0,0.0,MISSING,0,0.0,0.0,0.0,0.0,1,84.0,0.0,0,0.0,0.0,0.0,0.0,84.0,22.0,0.0,2.0,0.0,Extended Stay,1,1.0,False,True,True,False,True,False,True,True,84.0,0.0,4,1,1,2.2,219.3411137045682,1,604.6609885787121,False,
1091,512193,1986-11-13,36.0,F,False,True,usa,tulsa,TUL,36.198,-95.888,2023-01-05,204,8,8.125,0.125,61.25,1.1428571428571428,26.0,171.0,7.0,0.0,1,1,1.0,0,0.0,1,1,1.0,354.05,0.0,0.0,0.0,0.0,354.05,0,0.0,1.0,0.0,0.0,0.0,JetBlue Airways,1,1.0,TUL-JFK,1,1.0,1982.5928991487647,0.0,0.0,1,42.0,0.0,0,0.0,0.0,0.0,0.0,42.0,8.0,0.0,1.0,0.0,Accor,1,1.0,False,True,False,True,True,False,True,True,396.05,0.0,4,1,1,2.2,1034.1672390796932,2,2850.9045776976063,True,354.05
1098,512271,1987-10-08,35.0,F,False,False,usa,sacramento,SAC,38.513,-121.493,2023-01-05,204,9,16.555555555555557,0.6666666666666666,122.77777777777777,1.5,29.0,29.0,7.0,0.0,6,2,0.3333333333333333,0,0.0,5,5,1.0,661.8,555.44559107981,0.1,11.383,11.383,3297.617,1,0.2,1.6,1.3416407864998738,0.6,0.5477225575051661,AirTran Airways,5,0.2,SAC-FTW,5,0.2,2403.3815014680777,1088.5750741627505,0.0,3,106.0,53.32916650389353,0,0.0,0.0,0.0,0.0,318.0,8.0,4.358898943540674,2.0,1.7320508075688772,Best Western,3,0.3333333333333333,False,True,False,False,False,False,False,True,3615.617,11.383,3,5,5,4.2,1573.5187688674002,4,4337.74315385317,False,413.62499999999994
1105,512303,1974-03-10,49.0,F,False,True,usa,denver,DEN,39.858,-104.667,2023-01-05,204,8,15.625,0.5,116.875,1.3333333333333333,29.0,29.0,6.5,0.0,4,2,0.5,0,0.0,3,3,1.0,528.8766666666667,196.514653991333,0.0,0.0,0.0,1586.63,0,0.0,2.0,1.0,0.6666666666666666,1.1547005383792515,Delta Air Lines,3,0.3333333333333333,DEN-JFK,3,0.3333333333333333,1676.4037109170833,839.2555808380895,0.0,3,140.33333333333334,54.04936015655813,2,0.6666666666666666,0.125,12.075,24.15,396.85,4.666666666666667,4.041451884327381,1.3333333333333333,0.5773502691896257,Conrad,3,0.3333333333333333,False,True,False,False,True,False,False,False,1983.48,24.15,3,4,4,3.6,1294.8175958652885,3,3569.443385791976,False,264.43833333333333
1110,512377,1983-11-26,39.0,F,False,True,usa,new york,LGA,40.777,-73.872,2023-01-05,204,9,26.444444444444443,0.3333333333333333,492.9041212222222,2.25,106.0,124.0,7.0,5.0,2,2,1.0,1,0.5,2,2,1.0,202.92,0.0,0.0,0.0,0.0,202.92,1,0.5,1.0,0.0,1.0,0.0,American Airlines,2,0.5,LGA-DCA,2,0.5,1163.9512039219505,579.2498789617257,0.0,2,131.0,0.0,1,0.5,0.0,0.0,0.0,131.0,6.0,0.0,1.0,0.0,Marriott,2,0.5,False,False,False,False,True,False,False,True,333.92,0.0,1,2,1,1.25,435.9665755251751,1,1201.8356982512116,True,202.92
1115,512418,1974-03-11,49.0,F,False,True,usa,seattle,SEA,47.449,-122.309,2023-01-05,204,8,17.125,0.25,126.625,1.3333333333333333,28.0,51.0,8.0,0.0,2,2,1.0,0,0.0,2,2,1.0,816.48,212.414877068439,0.0,0.0,0.0,1632.96,0,0.0,3.0,0.0,0.0,0.0,Allegiant Air,2,0.5,SEA-LSQ,2,0.5,2201.633454656765,939.9842271672295,0.0,2,199.0,63.63961030678928,0,0.0,0.0,0.0,0.0,398.0,6.0,0.0,3.0,0.0,Starwood,2,0.5,False,True,False,False,True,False,False,True,2030.96,0.0,3,2,4,3.1,2651.625168389463,5,7309.775484308459,False,272.16
1116,512419,1969-04-11,54.0,F,True,True,canada,ottawa,YOW,45.323,-75.669,2023-01-05,204,8,10.625,0.375,79.25,1.1428571428571428,10.0,57.0,6.333333333333333,0.0,3,3,1.0,0,0.0,3,3,1.0,386.39,79.22229673519949,0.0,0.0,0.0,1159.17,0,0.0,2.0,1.0,2.0,1.0,Air Canada,3,0.3333333333333333,YOW-JFK,3,0.3333333333333333,1490.083057674411,1228.7525121816313,0.0,3,187.0,61.61168720299745,0,0.0,0.0,0.0,0.0,561.0,4.333333333333333,5.773502691896257,2.0,1.0,Extended Stay,3,0.3333333333333333,False,True,False,False,True,False,False,True,1720.17,0.0,5,3,4,4.15,1497.2381093697898,4,4127.459098108901,False,193.195
1119,512447,2003-01-08,20.0,F,False,False,usa,stockton,SCK,37.894,-121.239,2023-01-05,204,8,9.0,0.25,67.625,1.1428571428571428,24.0,67.0,6.0,0.0,2,1,0.5,0,0.0,1,1,1.0,1748.52,0.0,0.25,437.13,437.13,1311.39,1,1.0,3.0,0.0,1.0,0.0,Lufthansa,1,1.0,SCK-CLT,1,1.0,3583.756077214799,0.0,0.0,2,98.5,27.577164466275352,0,0.0,0.0,0.0,0.0,197.0,7.5,6.363961030678928,2.0,1.414213562373095,Accor,2,0.5,False,True,False,True,False,False,False,True,1508.39,437.13,4,2,3,3.15,1969.3568006002001,5,5428.955884299069,False,582.84
1123,512536,1970-11-15,52.0,F,True,True,usa,los angeles,LAX,33.942,-118.408,2023-01-05,204,8,21.25,0.25,158.75,1.6,85.0,85.0,7.0,0.0,2,2,1.0,0,0.0,2,2,1.0,486.62,295.556492400353,0.0,0.0,0.0,973.24,0,0.0,1.5,0.7071067811865476,0.5,0.7071067811865476,Kenmore Air,2,0.5,LAX-BFI,2,0.5,1743.852224940992,280.3792471650023,0.0,2,106.5,85.55992052357225,0,0.0,0.0,0.0,0.0,213.0,4.5,3.5355339059327378,1.5,0.7071067811865476,Banyan Tree,2,0.5,False,True,False,False,True,False,False,True,1186.24,0.0,1,2,3,1.9499999999999997,1548.7571590530176,4,4269.482446973878,False,324.41333333333336
1138,512680,1959-11-03,63.0,F,True,True,canada,montreal,YMX,45.68,-74.039,2023-01-05,204,8,12.625,0.125,95.75,1.1428571428571428,25.0,25.0,8.0,0.0,1,1,1.0,0,0.0,1,1,1.0,585.09,0.0,0.0,0.0,0.0,585.09,0,0.0,1.0,0.0,0.0,0.0,WestJet,1,1.0,YMX-YYC,1,1.0,2974.3670566655474,0.0,0.0,1,154.0,0.0,0,0.0,0.0,0.0,0.0,154.0,4.0,0.0,1.0,0.0,Best Western,1,1.0,False,True,False,True,True,False,True,True,739.09,0.0,4,1,2,2.55,1929.9145681893965,5,5320.224881531433,False,585.09
1144,512706,1970-08-14,52.0,F,True,True,usa,las vegas,LSV,36.236,-115.034,2023-01-06,203,11,12.818181818181818,0.36363636363636365,95.54545454545455,1.8333333333333333,37.0,37.0,8.25,0.0,4,3,0.75,0,0.0,3,3,1.0,581.8133333333334,534.823403501879,0.35,22.848,22.848,1722.592,1,0.3333333333333333,1.6666666666666667,1.1547005383792515,0.6666666666666666,0.5773502691896257,Air New Zealand,3,0.3333333333333333,LSV-HLZ,3,0.3333333333333333,1861.3162023771154,1355.4127289285116,0.0,4,248.75,113.781589020368,1,0.25,0.3,62.1,62.1,932.9,4.5,5.066228051190222,1.5,1.0,Accor,4,0.25,False,True,False,False,False,False,False,False,2655.492,84.948,3,4,5,3.95,1733.5076568856286,5,4778.786957984707,False,349.088
1165,512976,1987-10-10,35.0,F,False,False,usa,los angeles,LAX,33.942,-118.408,2023-01-06,203,8,19.875,0.625,148.25,1.3333333333333333,39.0,39.0,7.2,0.0,5,4,0.8,0,0.0,4,4,1.0,963.1775,355.339982774713,0.0,0.0,0.0,3852.71,0,0.0,2.0,0.816496580927726,0.5,0.5773502691896257,Ryanair,3,0.5,LAX-JFK,4,0.25,3104.4876980551408,866.1188893467423,0.0,5,177.0,83.06322892832905,0,0.0,0.0,0.0,0.0,885.0,5.0,3.24037034920393,2.0,0.7071067811865476,Starwood,4,0.4,False,True,False,False,True,False,False,True,4737.71,0.0,3,5,5,4.2,2474.2252090696898,5,6820.73431476012,False,481.58875
1173,513031,1977-07-19,46.0,F,True,True,usa,detroit,DTW,42.212,-83.353,2023-01-06,203,9,10.0,0.3333333333333333,74.77777777777777,1.5,36.0,36.0,12.333333333333334,0.0,3,1,0.3333333333333333,0,0.0,2,2,1.0,350.4,296.574726165262,0.0,0.0,0.0,700.8,0,0.0,1.0,0.0,1.0,0.0,Alaska Airlines,2,0.5,DTW-JFK,2,0.5,2077.0254816961183,1782.4129081648891,0.0,2,201.5,3.5355339059327378,0,0.0,0.0,0.0,0.0,403.0,4.5,3.5355339059327378,1.5,0.7071067811865476,NH Hotel,2,0.5,False,True,False,False,True,False,False,True,1103.8,0.0,3,3,3,3.0,960.748894075803,2,2648.5111079094545,False,350.4
1174,513058,1972-05-07,51.0,F,False,True,usa,new york,JFK,40.64,-73.779,2023-01-06,203,8,28.875,0.75,214.0,1.1428571428571428,14.0,57.0,11.166666666666666,0.0,6,2,0.3333333333333333,0,0.0,5,5,1.0,385.262,288.673155090667,0.0,0.0,0.0,1926.31,0,0.0,1.2,0.4472135954999579,0.4,0.5477225575051661,Delta Air Lines,4,0.4,JFK-LAS,5,0.2,1976.2875295666847,1659.5439538591008,0.0,3,118.0,49.48737212663449,0,0.0,0.0,0.0,0.0,354.0,4.0,2.6457513110645907,1.3333333333333333,0.5773502691896257,Conrad,3,0.3333333333333333,False,True,False,False,True,False,False,True,2280.31,0.0,5,5,5,5.0,992.3923313326665,2,2735.743053305403,False,321.0516666666667
1187,513221,1992-11-13,30.0,F,False,False,usa,kansas city,MCI,39.297,-94.714,2023-01-06,203,8,13.625,0.125,99.75,2.0,88.0,150.0,6.0,0.0,1,1,1.0,0,0.0,1,1,1.0,747.21,0.0,0.0,0.0,0.0,747.21,0,0.0,2.0,0.0,0.0,0.0,Allegiant Air,1,1.0,MCI-FAT,1,1.0,2200.5841415035648,0.0,0.0,1,91.0,0.0,0,0.0,0.0,0.0,0.0,91.0,7.0,0.0,2.0,0.0,Best Western,1,1.0,False,True,False,True,True,False,True,True,838.21,0.0,1,1,2,1.35,2188.737082360787,5,6033.724848054314,True,373.605
1190,513236,1980-08-12,42.0,F,True,True,usa,philadelphia,PNE,40.082,-75.011,2023-01-06,203,8,21.0,1.0,156.875,1.1428571428571428,22.0,22.0,6.375,0.0,8,6,0.75,0,0.0,6,5,0.8333333333333334,551.1316666666667,664.293675219527,0.0,0.0,0.0,3306.79,0,0.0,1.6666666666666667,1.2110601416389968,0.16666666666666666,0.408248290463863,Delta Air Lines,5,0.3333333333333333,PNE-FTW,6,0.16666666666666666,1753.0940824581273,1308.3084471324644,0.0,8,159.25,61.60878879788871,1,0.125,0.05,9.0,9.0,1265.0,4.625,3.583194903195431,1.625,1.0606601717798212,Wyndham,7,0.25,False,True,False,False,True,False,False,False,4571.79,9.0,4,5,5,4.6,1492.2343902134044,4,4113.66526930695,False,330.679
1191,513237,1987-10-22,35.0,F,True,True,canada,toronto,YZD,43.742,-79.466,2023-01-06,203,8,17.375,0.25,130.625,2.0,114.0,148.0,4.5,0.0,2,1,0.5,0,0.0,1,1,1.0,588.8,0.0,0.0,0.0,0.0,588.8,0,0.0,1.0,0.0,0.0,0.0,Delta Air Lines,1,1.0,YZD-LSQ,1,1.0,3507.7518120985983,0.0,0.0,2,179.5,12.020815280171307,0,0.0,0.0,0.0,0.0,359.0,4.5,2.1213203435596424,1.0,0.0,Crowne Plaza,2,0.5,False,True,False,True,True,False,False,True,947.8,0.0,1,2,2,1.6,1237.4494498166055,3,3411.2957438982344,True,588.8
1202,513345,2000-11-02,22.0,F,True,True,usa,lubbock,LBB,33.664,-101.823,2023-01-06,203,9,14.555555555555555,0.2222222222222222,108.55555555555556,1.5,41.0,137.0,4.5,0.0,2,0,0.0,0,0.0,0,0,0.0,0.0,0.0,0.0,0.0,0.0,0.0,0,0.0,0.0,0.0,0.0,0.0,MISSING,0,0.0,MISSING,0,0.0,0.0,0.0,0.0,2,90.5,10.606601717798213,1,0.5,0.1,9.8,9.8,171.2,8.0,4.242640687119285,1.0,0.0,Banyan Tree,2,0.5,False,True,True,False,True,False,False,False,171.2,9.8,2,2,1,1.65,223.51903967989327,1,616.1783407421161,True,
1209,513408,1992-05-28,31.0,M,False,True,usa,modesto,MOD,37.626,-120.954,2023-01-06,203,8,27.625,0.25,206.75,1.1428571428571428,23.0,104.0,6.0,0.0,2,2,1.0,0,0.0,2,2,1.0,1470.895,1793.880406395588,0.15,410.904,410.904,2530.886,1,0.5,2.5,2.1213203435596424,0.5,0.7071067811865476,American Airlines,2,0.5,MOD-BFI,2,0.5,2334.9012982587615,1736.8780135885056,0.0,2,270.0,275.771644662754,0,0.0,0.0,0.0,0.0,540.0,6.5,6.363961030678928,2.5,2.1213203435596424,Conrad,2,0.5,False,True,False,False,False,False,False,True,3070.886,410.904,4,2,5,3.85,4009.354495831944,5,11052.648598645994,True,588.358
1212,513438,1972-10-02,50.0,F,True,True,usa,san antonio,RND,29.529,-98.279,2023-01-06,203,8,15.25,0.125,113.75,1.3333333333333333,50.0,202.0,14.0,0.0,1,1,1.0,0,0.0,1,1,1.0,348.1,0.0,0.0,0.0,0.0,348.1,0,0.0,1.0,0.0,1.0,0.0,Ryanair,1,1.0,RND-LSQ,1,1.0,1962.1943824991429,0.0,0.0,1,618.0,0.0,0,0.0,0.0,0.0,0.0,618.0,13.0,0.0,1.0,0.0,Fairmont,1,1.0,False,True,False,True,True,False,True,True,966.1,0.0,2,1,2,1.75,2522.683927975992,5,6954.321203165403,True,348.1
1231,513638,1967-12-01,55.0,F,True,True,canada,toronto,YKZ,43.862,-79.37,2023-01-06,203,8,18.625,0.5,139.5,1.1428571428571428,25.0,122.0,8.0,0.0,4,4,1.0,0,0.0,4,4,1.0,715.525,770.643499961774,0.0,0.0,0.0,2862.1,0,0.0,1.5,1.0,0.5,0.5773502691896257,Air China,4,0.25,YKZ-ELP,4,0.25,2375.0658406426824,1255.1548841317808,0.0,4,120.75,114.564028676835,0,0.0,0.0,0.0,0.0,483.0,6.0,2.8284271247461903,1.5,1.0,Fairmont,4,0.25,False,True,False,False,True,False,False,True,3345.1,0.0,4,4,5,4.35,2183.684403134378,5,6019.796050281696,True,477.01666666666665
1233,513661,1998-05-22,25.0,F,False,False,canada,winnipeg,YWG,49.91,-97.234,2023-01-06,203,8,9.25,0.125,70.625,1.3333333333333333,54.0,150.0,18.0,0.0,1,0,0.0,0,0.0,0,0,0.0,0.0,0.0,0.0,0.0,0.0,0.0,0,0.0,0.0,0.0,0.0,0.0,MISSING,0,0.0,MISSING,0,0.0,0.0,0.0,0.0,1,236.0,0.0,0,0.0,0.0,0.0,0.0,236.0,10.0,0.0,2.0,0.0,InterContinental,1,1.0,False,True,True,False,True,False,True,True,236.0,0.0,2,1,1,1.4,616.2440813604535,1,1698.809444102096,True,
1247,513844,1987-09-28,35.0,M,True,False,usa,oklahoma city,TIK,35.415,-97.386,2023-01-06,203,7,11.285714285714286,0.2857142857142857,83.85714285714286,1.0,11.0,50.0,11.5,0.0,2,0,0.0,0,0.0,1,1,1.0,934.57,0.0,0.0,0.0,0.0,934.57,0,0.0,3.0,0.0,0.0,0.0,Bearskin Lake Air Service,1,1.0,TIK-YWG,1,1.0,1628.256630304611,0.0,0.0,1,384.0,0.0,0,0.0,0.0,0.0,0.0,384.0,9.0,0.0,2.0,0.0,Starwood,1,1.0,False,True,False,True,True,False,True,True,1318.57,0.0,5,2,3,3.55,1721.5274541513836,4,4745.760950656146,False,311.52333333333337
1251,513869,1983-06-07,40.0,F,False,True,usa,newark,EWR,40.692,-74.169,2023-01-06,203,8,34.0,0.375,967.125,2.0,101.0,115.0,145.5,267.0,2,1,0.5,1,0.5,1,1,1.0,0.0,0.0,0.0,0.0,0.0,0.0,1,1.0,2.0,0.0,1.0,0.0,Asiana Airlines,1,1.0,EWR-GMP,1,1.0,0.0,0.0,0.0,2,95.0,0.0,1,0.5,0.0,0.0,0.0,95.0,7.0,0.0,1.0,0.0,Fairmont,2,0.5,False,False,True,True,True,False,False,True,95.0,0.0,1,2,1,1.25,124.03217739246415,1,341.9213923510575,True,0.0
1252,513875,1989-07-20,34.0,F,True,True,usa,orlando,MCO,28.429,-81.316,2023-01-06,203,8,39.25,0.625,1005.875,1.1428571428571428,18.0,123.0,54.25,91.0,4,2,0.5,1,0.25,3,3,1.0,1469.075,1705.180931763547,0.0,0.0,0.0,2938.15,1,0.3333333333333333,1.75,1.7320508075688772,1.0,1.0,JetBlue Airways,1,1.0,MCO-JFK,3,0.3333333333333333,2538.7371506855357,1291.1107262171927,0.0,3,184.33333333333334,126.199577389678,0,0.0,0.0,0.0,0.0,553.0,4.333333333333333,2.516611478423583,2.0,1.7320508075688772,Banyan Tree,3,0.3333333333333333,False,False,False,False,True,False,False,True,3491.15,0.0,4,4,5,4.35,2279.0259794931644,5,6282.625625823128,True,839.4714285714286
1253,513917,1968-04-18,55.0,F,True,True,usa,philadelphia,PHL,39.872,-75.241,2023-01-06,203,8,14.625,0.375,107.375,1.3333333333333333,42.0,115.0,8.666666666666666,0.0,3,3,1.0,0,0.0,3,3,1.0,592.3733333333333,164.161272331002,0.0,0.0,0.0,1777.12,0,0.0,1.0,0.0,0.6666666666666666,0.5773502691896257,Alaska Airlines,3,0.3333333333333333,PHL-AUS,3,0.3333333333333333,3387.756874968853,949.8349370155888,0.0,3,168.0,112.147224664724,1,0.3333333333333333,0.05,14.8,14.8,489.2,5.0,2.0,1.0,0.0,Conrad,3,0.3333333333333333,False,True,False,False,True,False,False,False,2266.32,14.8,2,3,5,3.3,1972.60774924975,5,5437.917823951218,True,592.3733333333333
1260,513995,1986-01-22,37.0,F,True,True,usa,dallas,DAL,32.847,-96.852,2023-01-06,203,8,13.625,0.5,101.125,1.1428571428571428,21.0,21.0,8.0,0.0,4,2,0.5,0,0.0,2,2,1.0,43.79,50.6288455329568,0.0,0.0,0.0,87.58,0,0.0,1.0,0.0,0.5,0.7071067811865476,Ryanair,2,0.5,DAL-FTW,2,0.5,221.1631456433517,245.25098810956436,0.0,4,283.5,145.268716522175,0,0.0,0.0,0.0,0.0,1134.0,4.75,4.9916597106239795,1.0,0.0,Best Western,4,0.25,False,True,False,False,True,False,False,True,1221.58,0.0,4,4,3,3.65,797.4485645215071,2,2198.3386024642355,False,43.79
1265,514053,1981-04-15,42.0,F,True,True,canada,victoria,YYJ,48.647,-123.426,2023-01-06,203,8,7.75,0.25,57.375,1.3333333333333333,51.0,51.0,8.5,0.0,2,1,0.5,0,0.0,1,1,1.0,339.66,0.0,0.1,33.966,33.966,305.694,1,1.0,1.0,0.0,0.0,0.0,Delta Air Lines,1,1.0,YYJ-LSQ,1,1.0,1687.0417677982946,0.0,0.0,2,168.0,9.899494936611665,1,0.5,0.05,8.05,8.05,327.95,9.0,8.48528137423857,1.0,0.0,Conrad,2,0.5,False,True,False,True,False,False,False,False,633.644,42.016,2,2,2,2.0,827.2867895965321,2,2280.594091946247,False,339.66
1267,514076,1966-09-06,56.0,F,True,True,usa,new york,JFK,40.64,-73.779,2023-01-06,203,9,9.444444444444445,0.2222222222222222,69.77777777777777,1.2857142857142858,16.0,55.0,5.5,0.0,2,1,0.5,0,0.0,1,1,1.0,98.83,0.0,0.0,0.0,0.0,98.83,0,0.0,1.0,0.0,1.0,0.0,Cubana de Aviación,1,1.0,JFK-YUL,1,1.0,543.0923380648389,0.0,0.0,2,95.0,9.899494936611665,0,0.0,0.0,0.0,0.0,190.0,11.0,12.727922061357855,2.0,1.414213562373095,Best Western,2,0.5,False,True,False,True,True,False,False,True,288.83,0.0,4,2,1,2.45,377.09698732910965,1,1039.5490079237466,False,98.83
1274,514208,1985-12-28,37.0,F,False,True,usa,portland,PWM,43.646,-70.309,2023-01-06,203,8,9.875,0.125,73.75,1.6,64.0,168.0,10.0,0.0,1,1,1.0,0,0.0,1,1,1.0,186.61,0.0,0.0,0.0,0.0,186.61,0,0.0,1.0,0.0,0.0,0.0,Delta Air Lines,1,1.0,PWM-DTW,1,1.0,1040.4913863435288,0.0,0.0,1,101.0,0.0,0,0.0,0.0,0.0,0.0,101.0,4.0,0.0,1.0,0.0,Hilton,1,1.0,False,True,False,True,True,False,True,True,287.61,0.0,1,1,1,1.0,751.008306102034,2,2070.3160348228976,True,186.61
1277,514235,1994-02-16,29.0,F,False,True,usa,oakland,OAK,37.721,-122.221,2023-01-06,203,8,8.75,0.125,65.125,1.6,82.0,199.0,13.0,0.0,1,1,1.0,0,0.0,1,1,1.0,226.18,0.0,0.0,0.0,0.0,226.18,0,0.0,1.0,0.0,0.0,0.0,United Airlines,1,1.0,OAK-DMA,1,1.0,1202.633730098537,0.0,0.0,1,119.0,0.0,0,0.0,0.0,0.0,0.0,119.0,4.0,0.0,1.0,0.0,Fairmont,1,1.0,False,True,False,True,True,False,True,True,345.18,0.0,1,1,1,1.0,901.3353051017006,2,2484.7247623523795,True,226.18
1286,514342,1981-11-02,41.0,F,False,False,usa,baltimore,BWI,39.175,-76.668,2023-01-06,203,8,15.125,0.5,113.0,1.6,58.0,58.0,9.0,0.0,4,2,0.5,0,0.0,4,4,1.0,390.3775,226.821993256827,0.0,0.0,0.0,1561.51,0,0.0,1.5,1.0,1.0,0.0,AirTran Airways,3,0.5,BWI-CLT,4,0.25,1910.7382990156552,1566.0775039643104,0.0,2,351.0,387.494516090228,0,0.0,0.0,0.0,0.0,702.0,5.0,1.414213562373095,2.0,1.414213562373095,Accor,2,0.5,False,True,False,False,True,False,False,True,2263.51,0.0,2,4,5,3.55,1477.6214413137714,4,4073.381530529169,False,260.25166666666667
1293,514461,1988-05-12,35.0,F,True,True,usa,philadelphia,PHL,39.872,-75.241,2023-01-06,203,8,9.625,0.375,72.0,1.6,79.0,128.0,7.333333333333333,0.0,3,1,0.3333333333333333,0,0.0,1,1,1.0,90.64,0.0,0.0,0.0,0.0,90.64,0,0.0,1.0,0.0,1.0,0.0,Ryanair,1,1.0,PHL-YZD,1,1.0,559.962771950245,0.0,0.0,3,193.66666666666666,162.164525508304,0,0.0,0.0,0.0,0.0,581.0,10.666666666666666,9.504384952922168,1.0,0.0,Banyan Tree,2,0.6666666666666666,False,True,False,True,True,False,False,True,671.64,0.0,1,3,2,1.8499999999999999,584.5962920973658,1,1611.5655014643105,True,90.64
1294,514501,1974-02-20,49.0,F,True,True,usa,kansas city,MCI,39.297,-94.714,2023-01-06,203,8,10.625,0.125,80.0,1.6,82.0,147.0,9.0,0.0,1,0,0.0,0,0.0,0,0,0.0,0.0,0.0,0.0,0.0,0.0,0.0,0,0.0,0.0,0.0,0.0,0.0,MISSING,0,0.0,MISSING,0,0.0,0.0,0.0,0.0,1,74.0,0.0,1,1.0,0.05,3.7,3.7,70.3,10.0,0.0,1.0,0.0,Aman Resorts,1,1.0,False,True,True,False,True,False,True,False,70.3,3.7,1,1,1,1.0,183.56762254084694,1,506.04366067956505,True,
1295,514503,2001-10-04,21.0,F,False,False,usa,lubbock,LBB,33.664,-101.823,2023-01-06,203,8,11.75,0.25,87.625,2.0,98.0,98.0,8.5,0.0,2,0,0.0,0,0.0,0,0,0.0,0.0,0.0,0.0,0.0,0.0,0.0,0,0.0,0.0,0.0,0.0,0.0,MISSING,0,0.0,MISSING,0,0.0,0.0,0.0,0.0,2,244.5,43.1335136523794,0,0.0,0.0,0.0,0.0,489.0,11.0,4.242640687119285,2.0,0.0,Choice Hotels,2,0.5,False,True,True,False,True,False,False,True,489.0,0.0,1,2,1,1.25,638.4393131043681,1,1759.99537747018,True,
1302,514623,1985-11-28,37.0,F,True,True,usa,sacramento,SMF,38.695,-121.591,2023-01-06,203,8,13.875,0.125,102.5,1.3333333333333333,31.0,145.0,8.0,0.0,1,1,1.0,0,0.0,1,1,1.0,321.28,0.0,0.0,0.0,0.0,321.28,0,0.0,1.0,0.0,1.0,0.0,Delta Air Lines,1,1.0,SMF-BIF,1,1.0,1573.8134221563284,0.0,0.0,1,134.0,0.0,0,0.0,0.0,0.0,0.0,134.0,5.0,0.0,1.0,0.0,Accor,1,1.0,False,True,False,True,True,False,True,True,455.28,0.0,3,1,1,1.8000000000000003,1188.8288362787596,3,3277.26255809662,True,321.28
1304,514638,1984-02-11,39.0,F,True,True,usa,montgomery,MXF,32.379,-86.362,2023-01-06,203,8,15.75,0.5,117.0,1.6,63.0,63.0,8.75,0.0,4,3,0.75,0,0.0,3,3,1.0,910.5566666666666,375.697532242805,0.15,111.7575,223.515,2508.155,2,0.6666666666666666,2.0,1.0,1.0,0.0,Air Canada,3,0.3333333333333333,MXF-FAT,3,0.3333333333333333,2698.6098539660734,865.8315270398539,0.0,4,61.75,30.346608816582236,0,0.0,0.0,0.0,0.0,247.0,6.75,4.573474244670748,2.0,0.816496580927726,NH Hotel,3,0.5,False,True,False,False,False,False,False,True,2755.155,223.515,2,4,5,3.55,1798.5677563354452,5,4958.139124963041,False,455.2783333333333
1312,514737,1967-12-10,55.0,F,True,True,usa,washington,IAD,38.944,-77.456,2023-01-07,202,8,21.25,0.5,157.875,1.6,67.0,67.0,9.5,0.0,4,4,1.0,0,0.0,4,3,0.75,129.2375,125.491884299344,0.2,17.828,17.828,499.122,1,0.25,1.0,0.0,0.75,0.5,American Airlines,4,0.25,IAD-CLT,4,0.25,844.4138633307103,725.0917211866467,0.0,4,104.25,27.83732506306356,0,0.0,0.0,0.0,0.0,417.0,5.25,2.217355782608345,1.0,0.0,Best Western,4,0.25,False,True,False,False,False,False,False,True,916.122,17.828,1,4,2,2.0999999999999996,598.0452969323107,1,1648.6405779128181,False,129.2375
1314,514810,1991-07-28,32.0,M,False,True,usa,nashville,BNA,36.124,-86.678,2023-01-07,202,8,28.625,0.375,213.5,1.6,87.0,87.0,7.333333333333333,0.0,3,1,0.3333333333333333,0,0.0,1,1,1.0,66.68,0.0,0.05,3.334,3.334,63.346,1,1.0,1.0,0.0,0.0,0.0,Southwest Airlines,1,1.0,BNA-IND,1,1.0,400.93946977012126,0.0,0.0,3,151.33333333333334,38.695391629150535,1,0.3333333333333333,0.15,19.5,19.5,434.5,7.0,4.58257569495584,1.3333333333333333,0.5773502691896257,Best Western,3,0.3333333333333333,False,True,False,True,False,False,False,False,497.846,22.834,1,3,1,1.5,433.32577814827164,1,1194.5557719045933,False,66.68
1316,514867,1979-09-09,43.0,F,True,True,usa,denver,DEN,39.858,-104.667,2023-01-07,202,8,15.75,0.375,116.75,1.3333333333333333,36.0,77.0,7.666666666666667,0.0,3,3,1.0,0,0.0,3,3,1.0,572.44,546.300733753855,0.0,0.0,0.0,1717.32,0,0.0,1.6666666666666667,1.1547005383792515,0.3333333333333333,0.5773502691896257,AirTran Airways,3,0.3333333333333333,DEN-LAX,3,0.3333333333333333,1715.8094542058368,527.6081856255123,0.0,3,137.33333333333334,27.50151510977774,0,0.0,0.0,0.0,0.0,412.0,5.0,3.605551275463989,1.6666666666666667,1.1547005383792515,Banyan Tree,3,0.3333333333333333,False,True,False,False,True,False,False,True,2129.32,0.0,3,3,4,3.35,1853.3627787040127,5,5109.193397620728,False,343.464
1324,514944,1975-03-04,48.0,M,True,True,usa,los angeles,LAX,33.942,-118.408,2023-01-07,202,9,15.0,0.1111111111111111,111.44444444444444,1.8,61.0,179.0,7.0,0.0,1,1,1.0,0,0.0,1,1,1.0,610.81,0.0,0.0,0.0,0.0,610.81,0,0.0,1.0,0.0,1.0,0.0,JetBlue Airways,1,1.0,LAX-CLT,1,1.0,3412.556132789212,0.0,0.0,1,85.0,0.0,0,0.0,0.0,0.0,0.0,85.0,5.0,0.0,1.0,0.0,Banyan Tree,1,1.0,False,True,False,True,True,False,True,True,695.81,0.0,2,1,2,1.75,1816.9016705568522,5,5008.680505511354,True,610.81
1325,514951,1986-03-06,37.0,F,False,True,usa,austin,AUS,30.194,-97.67,2023-01-07,202,8,14.875,0.25,110.875,1.1428571428571428,18.0,18.0,101.5,0.0,2,1,0.5,0,0.0,2,2,1.0,2028.76,2465.879335896223,0.0,0.0,0.0,4057.52,0,0.0,1.5,0.7071067811865476,1.0,0.0,Aegean Airlines,2,0.5,AUS-HER,2,0.5,6062.214603398489,6405.6307722438505,0.5,1,105.0,0.0,0,0.0,0.0,0.0,0.0,105.0,5.0,0.0,1.0,0.0,Accor,1,1.0,False,True,False,False,True,False,True,True,4162.52,0.0,4,2,5,3.85,5434.59388462821,5,14981.627727253936,False,1352.5066666666667
1329,515004,1973-04-19,50.0,F,True,True,usa,sacramento,MHR,38.554,-121.297,2023-01-07,202,8,19.125,0.25,141.0,1.3333333333333333,34.0,73.0,7.0,0.0,2,1,0.5,0,0.0,1,1,1.0,734.59,0.0,0.0,0.0,0.0,734.59,0,0.0,1.0,0.0,1.0,0.0,United Airlines,1,1.0,MHR-JFK,1,1.0,4028.154179237679,0.0,0.0,2,160.5,50.204581464244875,0,0.0,0.0,0.0,0.0,321.0,5.0,4.242640687119285,1.0,0.0,Banyan Tree,2,0.5,False,True,False,True,True,False,False,True,1055.59,0.0,3,2,3,2.75,1378.180275091697,4,3799.250553177397,False,734.59
1336,515085,1963-05-14,60.0,F,True,True,usa,new york,JFK,40.64,-73.779,2023-01-07,202,9,21.88888888888889,0.3333333333333333,550.6540051111111,1.8,76.0,133.0,103.5,140.0,2,1,0.5,1,0.5,1,1,1.0,0.0,0.0,0.0,0.0,0.0,0.0,1,1.0,6.0,0.0,5.0,0.0,Allegiant Air,1,1.0,JFK-FLO,1,1.0,0.0,0.0,0.0,2,193.0,0.0,1,0.5,0.0,0.0,0.0,193.0,12.0,4.242640687119285,2.0,1.414213562373095,Wyndham,2,0.5,False,False,True,True,True,False,False,True,193.0,0.0,1,2,1,1.25,251.98116038679558,1,694.6403023553062,True,0.0
1341,515161,1976-02-18,47.0,F,True,True,usa,santa ana,SNA,33.676,-117.868,2023-01-07,202,8,20.125,0.375,150.0,1.6,86.0,109.0,11.666666666666666,0.0,3,2,0.6666666666666666,0,0.0,2,2,1.0,271.78,370.905791003592,0.25,2.3775,2.3775,541.1825,1,0.5,1.0,0.0,1.0,1.414213562373095,Ryanair,2,0.5,SNA-LSQ,2,0.5,1419.4687726419666,1925.4077497248572,0.0,3,107.0,25.059928172283335,1,0.3333333333333333,0.15,19.95,19.95,301.05,5.0,2.0,1.3333333333333333,0.5773502691896257,Accor,3,0.3333333333333333,False,True,False,False,False,False,False,False,842.2325,22.3275,1,3,2,1.8499999999999999,733.0802164610426,1,2020.8933970758737,True,271.78
1344,515198,1985-03-14,38.0,F,False,False,canada,toronto,YTZ,43.627,-79.396,2023-01-07,202,8,23.5,0.125,173.875,4.0,152.0,152.0,7.0,0.0,1,0,0.0,0,0.0,0,0,0.0,0.0,0.0,0.0,0.0,0.0,0.0,0,0.0,0.0,0.0,0.0,0.0,MISSING,0,0.0,MISSING,0,0.0,0.0,0.0,0.0,1,86.0,0.0,1,1.0,0.1,8.6,8.6,77.4,20.0,0.0,2.0,0.0,Choice Hotels,1,1.0,False,True,True,False,True,False,True,False,77.4,8.6,1,1,1,1.0,202.10716905635212,1,557.1519109046704,True,
1345,515200,1989-06-26,34.0,F,True,False,usa,mobile,BFM,30.626,-88.068,2023-01-07,202,8,18.375,0.25,136.375,1.6,73.0,143.0,6.5,0.0,2,2,1.0,0,0.0,2,2,1.0,812.43,834.258722579513,0.05,11.126,11.126,1613.734,1,0.5,2.0,1.414213562373095,0.5,0.7071067811865476,JetBlue Airways,2,0.5,BFM-LAX,2,0.5,2053.3161139537665,1148.4256386318618,0.0,2,108.5,60.10407640085654,1,0.5,0.1,15.1,15.1,201.9,4.5,0.7071067811865476,2.0,1.414213562373095,Starwood,1,1.0,False,True,False,False,False,False,False,False,1815.634,26.226,1,2,4,2.3,2370.4951407135713,5,6534.780055578104,True,406.215
1348,515229,1971-09-10,51.0,F,True,True,usa,los angeles,LAX,33.942,-118.408,2023-01-07,202,9,28.333333333333332,0.6666666666666666,276.71444433333335,1.5,38.0,88.0,8.6,11.0,5,3,0.6,1,0.2,3,3,1.0,868.73,329.097189747953,0.0,0.0,0.0,2606.19,0,0.0,1.6666666666666667,0.5773502691896257,0.3333333333333333,0.5773502691896257,AirTran Airways,2,0.6666666666666666,LAX-BWI,3,0.3333333333333333,3225.455638860028,1100.2680052661512,0.0,5,198.75,63.25279967453351,3,0.6,0.175,38.025,76.05,718.95,5.4,3.049590136395381,1.4,0.5477225575051661,Starwood,5,0.2,False,False,False,False,True,False,False,False,3325.14,76.05,3,5,5,4.2,1736.5235971990664,5,4787.101046577664,False,521.2379999999999
1349,515240,1980-03-08,43.0,F,True,True,usa,indianapolis,IND,39.717,-86.294,2023-01-07,202,8,12.0,0.125,89.75,1.6,74.0,126.0,27.0,0.0,1,0,0.0,0,0.0,0,0,0.0,0.0,0.0,0.0,0.0,0.0,0.0,0,0.0,0.0,0.0,0.0,0.0,MISSING,0,0.0,MISSING,0,0.0,0.0,0.0,0.0,1,241.0,0.0,0,0.0,0.0,0.0,0.0,241.0,5.0,0.0,2.0,0.0,Hilton,1,1.0,False,True,True,False,True,False,True,True,241.0,0.0,1,1,1,1.0,629.3001000333444,1,1734.8011696127335,True,
1364,515502,1990-09-17,32.0,F,False,True,usa,phoenix,PHX,33.434,-112.008,2023-01-07,202,9,6.777777777777778,0.1111111111111111,51.111111111111114,1.2857142857142858,14.0,31.0,7.0,0.0,1,0,0.0,0,0.0,0,0,0.0,0.0,0.0,0.0,0.0,0.0,0.0,0,0.0,0.0,0.0,0.0,0.0,MISSING,0,0.0,MISSING,0,0.0,0.0,0.0,0.0,1,228.0,0.0,1,1.0,0.15,34.2,34.2,193.8,4.0,0.0,2.0,0.0,Banyan Tree,1,1.0,False,True,True,False,True,False,True,False,193.8,34.2,5,1,1,2.6,506.0512837612538,1,1395.0392807923147,False,
1370,515565,1979-10-25,43.0,F,False,True,usa,los angeles,LAX,33.942,-118.408,2023-01-07,202,8,22.625,0.5,168.875,2.0,104.0,104.0,8.25,0.0,4,4,1.0,0,0.0,4,4,1.0,785.2175,498.874778501579,0.0,0.0,0.0,3140.87,0,0.0,1.25,0.5,0.75,0.5,Allegiant Air,4,0.25,LAX-LGA,4,0.25,3429.1022194433144,831.1270027984594,0.0,4,138.0,71.4142842854285,0,0.0,0.0,0.0,0.0,552.0,4.5,2.3804761428476167,1.25,0.5,Banyan Tree,4,0.25,False,True,False,False,True,False,False,True,3692.87,0.0,1,4,5,3.15,2410.7089838279426,5,6645.638169323419,True,628.174
1374,515610,1991-01-10,32.0,M,True,True,canada,vancouver,YVR,49.195,-123.182,2023-01-07,202,8,36.25,0.5,985.0,2.0,114.0,125.0,59.333333333333336,158.0,3,1,0.3333333333333333,1,0.3333333333333333,3,3,1.0,1622.33,1650.033673898809,0.1,278.908,278.908,2965.752,2,0.6666666666666666,2.75,1.5275252316519468,1.0,1.0,TAP Portugal,3,0.3333333333333333,YVR-LIS,3,0.3333333333333333,3308.719254487585,2965.266183850802,0.0,1,88.0,0.0,0,0.0,0.0,0.0,0.0,88.0,4.0,0.0,1.0,0.0,Aman Resorts,1,1.0,False,False,False,False,False,False,True,True,3053.752,278.908,1,3,5,2.9,2657.989542291875,5,7327.320250770711,True,589.9381818181818
1387,515751,1981-07-09,42.0,F,True,True,usa,new york,JFK,40.64,-73.779,2023-01-07,202,7,19.142857142857142,0.2857142857142857,141.71428571428572,1.1666666666666667,56.0,56.0,7.0,0.0,2,2,1.0,0,0.0,2,2,1.0,750.04,873.743565240969,0.0,0.0,0.0,1500.08,0,0.0,1.5,0.7071067811865476,1.0,0.0,Allegiant Air,2,0.5,JFK-LAX,2,0.5,2374.878675312091,2261.7958280699113,0.0,2,205.0,103.23759005323593,0,0.0,0.0,0.0,0.0,410.0,4.5,4.949747468305833,1.5,0.7071067811865476,Fairmont,2,0.5,False,True,False,False,True,False,False,True,1910.08,0.0,2,2,4,2.7,2493.804014671557,5,6874.707506335872,False,500.02666666666664
1388,515764,2000-05-23,23.0,F,False,True,canada,edmonton,YED,53.667,-113.467,2023-01-07,202,8,11.75,0.375,87.375,1.6,66.0,66.0,10.0,0.0,3,1,0.3333333333333333,0,0.0,1,1,1.0,364.7,0.0,0.0,0.0,0.0,364.7,0,0.0,1.0,0.0,2.0,0.0,Asiana Airlines,1,1.0,YED-LAX,1,1.0,2227.542640407648,0.0,0.0,3,321.0,188.379935237275,0,0.0,0.0,0.0,0.0,963.0,10.0,11.269427669584644,1.0,0.0,Choice Hotels,3,0.3333333333333333,False,True,False,True,True,False,False,True,1327.7,0.0,1,3,3,2.1999999999999997,1155.6317327998222,3,3185.7475973649052,False,364.7
1395,515874,1956-04-18,67.0,F,True,False,usa,anchorage,ANC,61.174,-149.996,2023-01-07,202,9,12.555555555555555,0.1111111111111111,93.55555555555556,1.5,36.0,194.0,9.0,0.0,1,0,0.0,0,0.0,0,0,0.0,0.0,0.0,0.0,0.0,0.0,0.0,0,0.0,0.0,0.0,0.0,0.0,MISSING,0,0.0,MISSING,0,0.0,0.0,0.0,0.0,1,109.0,0.0,0,0.0,0.0,0.0,0.0,109.0,9.0,0.0,2.0,0.0,Fairmont,1,1.0,False,True,True,False,True,False,True,True,109.0,0.0,3,1,1,1.8000000000000003,284.621207069023,1,784.6196161319003,True,
1399,515941,1976-10-25,46.0,F,True,True,usa,st. petersburg,PIE,27.911,-82.687,2023-01-07,202,8,15.5,0.5,114.625,1.6,76.0,76.0,9.75,0.0,4,2,0.5,0,0.0,2,2,1.0,618.12,20.53438092565734,0.0,0.0,0.0,1236.24,0,0.0,1.0,0.0,0.5,0.7071067811865476,Delta Air Lines,2,0.5,PIE-LSQ,1,1.0,3454.7113143932015,0.0,0.0,4,215.75,48.93107397145499,0,0.0,0.0,0.0,0.0,863.0,5.5,3.6968455021364726,1.0,0.0,Conrad,4,0.25,False,True,False,False,True,False,False,True,2099.24,0.0,1,4,4,2.8,1370.3858319439812,4,3777.7634930475465,False,618.12
1402,515974,2000-12-09,22.0,M,False,True,usa,dallas,DAL,32.847,-96.852,2023-01-07,202,8,14.125,0.375,105.375,1.3333333333333333,52.0,70.0,11.666666666666666,0.0,3,1,0.3333333333333333,0,0.0,1,1,1.0,347.94,0.0,0.0,0.0,0.0,347.94,0,0.0,1.0,0.0,0.0,0.0,American Airlines,1,1.0,DAL-DCA,1,1.0,1901.8164579591505,0.0,0.0,3,229.66666666666666,118.934155453063,0,0.0,0.0,0.0,0.0,689.0,11.333333333333334,15.307950004273378,1.0,0.0,Best Western,3,0.3333333333333333,False,True,False,True,True,False,False,True,1036.94,0.0,2,3,2,2.25,902.5538668445038,2,2488.0839900667056,False,347.94
1412,516086,2006-06-02,17.0,F,False,True,usa,new york,LGA,40.777,-73.872,2023-01-07,202,10,9.1,0.1,67.3,1.4285714285714286,26.0,201.0,6.0,0.0,1,0,0.0,0,0.0,0,0,0.0,0.0,0.0,0.0,0.0,0.0,0.0,0,0.0,0.0,0.0,0.0,0.0,MISSING,0,0.0,MISSING,0,0.0,0.0,0.0,0.0,1,104.0,0.0,1,1.0,0.15,15.6,15.6,88.4,18.0,0.0,1.0,0.0,NH Hotel,1,1.0,False,True,True,False,True,False,True,False,88.4,15.6,4,1,1,2.2,230.83041013671226,1,636.3337070280734,True,
1413,516089,1967-04-10,56.0,F,True,True,usa,baltimore,BWI,39.175,-76.668,2023-01-07,202,8,16.875,0.375,126.0,1.3333333333333333,32.0,32.0,7.333333333333333,0.0,3,3,1.0,0,0.0,3,3,1.0,343.34,33.53677980963587,0.05,16.312,16.312,1013.708,1,0.3333333333333333,1.0,0.0,0.6666666666666666,0.5773502691896257,Ryanair,2,0.6666666666666666,BWI-FTW,3,0.3333333333333333,2076.4278385406055,147.81494632271512,0.0,3,82.0,36.51027252705737,0,0.0,0.0,0.0,0.0,246.0,4.0,2.0,1.0,0.0,Extended Stay,3,0.3333333333333333,False,True,False,False,False,False,False,True,1259.708,16.312,3,3,3,3.0,1096.451411359342,3,3022.604303970287,False,343.34
1415,516105,1973-09-10,49.0,F,True,True,usa,austin,AUS,30.194,-97.67,2023-01-07,202,8,12.5,0.375,92.375,1.6,81.0,81.0,5.333333333333333,0.0,3,0,0.0,0,0.0,1,1,1.0,282.67,0.0,0.0,0.0,0.0,282.67,0,0.0,1.0,0.0,0.0,0.0,Delta Air Lines,1,1.0,AUS-IND,1,1.0,1479.482643555331,0.0,0.0,2,154.0,42.42640687119285,0,0.0,0.0,0.0,0.0,308.0,8.0,4.242640687119285,1.0,0.0,Best Western,2,0.5,False,True,False,True,True,False,False,True,590.67,0.0,1,3,1,1.5,514.1199033011003,1,1417.2821671578884,False,282.67
1416,516117,1976-11-06,46.0,F,False,True,usa,charlotte,CLT,35.214,-80.943,2023-01-07,202,9,9.11111111111111,0.3333333333333333,67.88888888888889,1.8,61.0,147.0,6.666666666666667,0.0,3,1,0.3333333333333333,0,0.0,2,2,1.0,196.145,18.264568158048522,0.0,0.0,0.0,392.29,0,0.0,1.5,0.7071067811865476,0.5,0.7071067811865476,Allegiant Air,2,0.5,CLT-BNA,2,0.5,733.9523344062345,291.5819629919875,0.0,2,180.0,14.142135623730951,0,0.0,0.0,0.0,0.0,360.0,4.5,4.949747468305833,1.0,0.0,Crowne Plaza,1,1.0,False,True,False,False,True,False,False,True,752.29,0.0,2,3,2,2.25,654.7941524952762,1,1805.081012293172,True,130.76333333333335
1421,516150,1959-02-18,64.0,F,True,True,usa,baton rouge,BTR,30.533,-91.149,2023-01-07,202,8,9.0,0.125,67.375,1.3333333333333333,56.0,123.0,5.0,0.0,1,0,0.0,0,0.0,0,0,0.0,0.0,0.0,0.0,0.0,0.0,0.0,0,0.0,0.0,0.0,0.0,0.0,MISSING,0,0.0,MISSING,0,0.0,0.0,0.0,0.0,1,126.0,0.0,0,0.0,0.0,0.0,0.0,126.0,20.0,0.0,1.0,0.0,Aman Resorts,1,1.0,False,True,True,False,True,False,True,True,126.0,0.0,2,1,1,1.4,329.01167055685227,1,906.9914828680681,True,
1423,516176,1972-12-10,50.0,O,False,True,usa,new york,JFK,40.64,-73.779,2023-01-07,202,8,34.375,0.5,254.375,1.1428571428571428,13.0,13.0,10.25,0.0,4,3,0.75,0,0.0,4,4,1.0,185.8525,203.330931468054,0.0,0.0,0.0,743.41,0,0.0,1.0,0.0,0.25,0.5,Air Canada,4,0.25,JFK-BOS,4,0.25,998.8784405876579,1079.7365921401695,0.0,3,132.33333333333334,81.45141701243345,0,0.0,0.0,0.0,0.0,397.0,5.666666666666667,5.507570547286102,1.0,0.0,Crowne Plaza,3,0.3333333333333333,False,True,False,False,True,False,False,True,1140.41,0.0,5,4,3,4.05,744.4607127375792,2,2052.266184479313,False,185.8525
1435,516283,1999-10-13,23.0,M,True,True,usa,phoenix,PHX,33.434,-112.008,2023-01-07,202,9,33.22222222222222,0.3333333333333333,881.5555555555555,1.8,85.0,93.0,88.0,160.0,2,2,1.0,1,0.5,2,2,1.0,271.77,0.0,0.25,67.9425,67.9425,203.8275,2,1.0,5.666666666666667,4.949747468305833,4.5,4.949747468305833,All Nippon Airways,2,0.5,PHX-NRT,2,0.5,1650.6704199838907,5379.966128711314,0.0,2,171.0,0.0,1,0.5,0.15,0.0,0.0,171.0,7.5,9.192388155425117,2.5,2.1213203435596424,Hyatt,2,0.5,False,False,False,False,False,False,False,True,374.8275,67.9425,1,2,1,1.25,489.3754839113037,1,1349.0688493838525,True,47.95941176470588
1449,516516,1964-01-13,59.0,M,True,False,usa,shreveport,SHV,32.446,-93.826,2023-01-07,202,9,14.0,0.1111111111111111,105.55555555555556,1.5,43.0,152.0,8.0,0.0,1,1,1.0,0,0.0,1,0,0.0,363.17,0.0,0.0,0.0,0.0,363.17,0,0.0,2.0,0.0,1.0,0.0,Air Canada,1,1.0,SHV-YOW,1,1.0,2116.8699207447194,0.0,0.0,1,254.0,0.0,0,0.0,0.0,0.0,0.0,254.0,4.0,0.0,2.0,0.0,Wyndham,1,1.0,False,True,False,True,True,False,True,True,617.17,0.0,2,1,2,1.75,1611.556608869623,4,4442.602646680045,True,181.585
1451,516543,1973-10-28,49.0,M,True,False,usa,madison,MSN,43.14,-89.337,2023-01-07,202,8,9.375,0.125,70.0,1.1428571428571428,25.0,201.0,13.0,0.0,1,1,1.0,0,0.0,1,1,1.0,617.12,0.0,0.0,0.0,0.0,617.12,0,0.0,2.0,0.0,1.0,0.0,American Airlines,1,1.0,MSN-AUS,1,1.0,1618.0286654022839,0.0,0.0,1,271.0,0.0,0,0.0,0.0,0.0,0.0,271.0,7.0,0.0,2.0,0.0,NH Hotel,1,1.0,False,True,False,True,True,False,True,True,888.12,0.0,4,1,2,2.55,2319.0622607535843,5,6392.994252101497,True,308.56
1462,516616,1970-04-19,53.0,F,False,True,usa,new york,LGA,40.777,-73.872,2023-01-07,202,7,25.142857142857142,0.7142857142857143,188.14285714285714,1.0,13.0,13.0,11.2,0.0,5,3,0.6,0,0.0,3,3,1.0,576.22,144.088663329215,0.25,102.5875,102.5875,1626.0725,1,0.3333333333333333,1.0,0.0,0.6666666666666666,0.5773502691896257,AirTran Airways,3,0.3333333333333333,LGA-AUS,3,0.3333333333333333,3295.3878294445008,776.9773286966821,0.0,5,192.6,101.52733622035004,0,0.0,0.0,0.0,0.0,963.0,6.0,3.5355339059327378,1.0,0.0,Aman Resorts,5,0.2,False,True,False,False,False,False,False,True,2589.0725,102.5875,5,5,5,5.0,1352.1191562187398,4,3727.4074698856143,False,576.22
1464,516639,1970-10-03,52.0,F,True,True,usa,phoenix,PHX,33.434,-112.008,2023-01-07,202,8,20.25,0.625,151.0,1.6,59.0,59.0,6.8,0.0,5,2,0.4,0,0.0,5,5,1.0,440.402,218.453392214449,0.15,101.25,101.25,2100.76,1,0.2,1.0,0.0,1.0,0.7071067811865476,American Airlines,5,0.2,PHX-LOU,4,0.4,2472.1402960203554,1169.6234828738336,0.0,2,109.0,4.242640687119285,0,0.0,0.0,0.0,0.0,218.0,4.5,2.1213203435596424,1.0,0.0,Crowne Plaza,2,0.5,False,True,False,False,False,False,False,True,2318.76,101.25,2,5,5,3.8,1210.9509543181061,3,3338.2469378018445,False,440.402
1469,516694,1971-09-16,51.0,F,True,True,usa,norfolk,NGU,36.938,-76.289,2023-01-08,201,9,11.11111111111111,0.2222222222222222,82.22222222222223,3.0,123.0,123.0,117.5,0.0,2,1,0.5,0,0.0,2,2,1.0,370.025,308.54604397075,0.0,0.0,0.0,740.05,0,0.0,1.5,0.7071067811865476,0.5,0.7071067811865476,Allegiant Air,2,0.5,NGU-LGA,2,0.5,1929.730110161014,2070.6805737165305,0.0,1,96.0,0.0,0,0.0,0.0,0.0,0.0,96.0,10.0,0.0,1.0,0.0,Crowne Plaza,1,1.0,False,True,False,False,True,False,True,True,836.05,0.0,1,2,2,1.6,1091.5484411470488,3,3009.0882113168586,True,246.6833333333333
1470,516697,1947-08-02,75.0,F,False,False,usa,fresno,FAT,36.776,-119.718,2023-01-08,201,8,26.875,0.125,199.0,1.3333333333333333,51.0,51.0,6.0,0.0,1,0,0.0,0,0.0,0,0,0.0,0.0,0.0,0.0,0.0,0.0,0.0,0,0.0,0.0,0.0,0.0,0.0,MISSING,0,0.0,MISSING,0,0.0,0.0,0.0,0.0,1,158.0,0.0,0,0.0,0.0,0.0,0.0,158.0,5.0,0.0,2.0,0.0,Wyndham,1,1.0,False,True,True,False,True,False,True,True,158.0,0.0,2,1,1,1.4,412.57019006335446,1,1137.338526136149,False,
1473,516739,1985-03-12,38.0,F,False,True,usa,norfolk,ORF,36.894,-76.201,2023-01-08,201,8,14.75,0.25,110.875,1.3333333333333333,50.0,121.0,9.5,0.0,2,2,1.0,0,0.0,2,2,1.0,294.24,65.64779356535907,0.0,0.0,0.0,588.48,0,0.0,1.0,0.0,0.5,0.7071067811865476,Delta Air Lines,2,0.5,ORF-IAH,2,0.5,1595.5565233284642,480.76872095912,0.0,2,229.0,179.605122421383,0,0.0,0.0,0.0,0.0,458.0,4.0,4.242640687119285,1.0,0.0,InterContinental,2,0.5,False,True,False,False,True,False,False,True,1046.48,0.0,2,2,2,2.0,1366.2862420806935,4,3766.462091237206,True,294.24
1483,516841,2004-09-12,18.0,M,False,True,usa,fresno,FAT,36.776,-119.718,2023-01-08,201,8,13.875,0.125,104.625,1.6,66.0,193.0,11.0,0.0,1,1,1.0,0,0.0,1,1,1.0,794.63,0.0,0.15,119.1945,119.1945,675.4355,1,1.0,1.0,0.0,1.0,0.0,Delta Air Lines,1,1.0,FAT-JFK,1,1.0,3963.953308663652,0.0,0.0,1,443.0,0.0,0,0.0,0.0,0.0,0.0,443.0,4.0,0.0,1.0,0.0,Fairmont,1,1.0,False,True,False,True,False,False,True,True,1118.4355,119.1945,1,1,3,1.6999999999999997,2920.4629544848285,5,8050.884703470551,True,794.63
1484,516862,1956-01-02,67.0,F,True,False,usa,new york,LGA,40.777,-73.872,2023-01-08,201,8,12.25,0.25,90.125,1.3333333333333333,33.0,33.0,145.5,0.0,2,0,0.0,0,0.0,1,1,1.0,1091.79,0.0,0.0,0.0,0.0,1091.79,0,0.0,1.0,0.0,0.0,0.0,Tarom,1,1.0,LGA-PRG,1,1.0,6546.734001077704,0.0,1.0,1,155.0,0.0,0,0.0,0.0,0.0,0.0,155.0,9.0,0.0,2.0,0.0,Wyndham,1,1.0,False,True,False,True,True,False,True,True,1246.79,0.0,3,2,3,2.75,1627.8113521173723,4,4487.412344940788,False,1091.79
1491,517061,1969-12-09,53.0,F,True,True,usa,jacksonville,NIP,30.236,-81.681,2023-01-08,201,10,16.0,0.6,120.5,1.6666666666666667,38.0,38.0,8.166666666666666,0.0,6,4,0.6666666666666666,0,0.0,4,3,0.75,344.555,113.663833151388,0.05,16.7475,16.7475,1361.4725,1,0.25,1.25,0.5,1.0,0.0,Delta Air Lines,4,0.25,NIP-AUS,4,0.25,1890.7223805780623,699.6005694696323,0.0,6,221.0,118.055918953689,0,0.0,0.0,0.0,0.0,1326.0,4.333333333333333,2.875181153713043,1.1666666666666667,0.408248290463863,Choice Hotels,6,0.16666666666666666,False,True,False,False,False,False,False,True,2687.4725,16.7475,3,5,5,4.2,1169.5897047626986,3,3224.225751246236,False,275.644
1495,517119,1977-12-13,45.0,F,False,True,usa,columbus,CMH,39.998,-82.892,2023-01-08,201,8,15.75,0.5,116.375,1.6,64.0,113.0,8.0,0.0,4,3,0.75,0,0.0,3,3,1.0,242.88,285.843636276899,0.1,57.288,57.288,671.352,1,0.3333333333333333,1.0,0.0,0.6666666666666666,0.5773502691896257,Air New Zealand,3,0.3333333333333333,CMH-HLZ,3,0.3333333333333333,1382.8933719506097,1629.350559797086,0.0,4,123.5,53.631458430042095,0,0.0,0.0,0.0,0.0,494.0,6.25,4.272001872658765,1.0,0.0,Aman Resorts,4,0.25,False,True,False,False,False,False,False,True,1165.352,57.288,1,4,3,2.4499999999999997,760.7428736245415,2,2097.151465363629,True,242.88
1505,517284,1979-09-03,43.0,F,True,True,usa,san antonio,SAT,29.534,-98.47,2023-01-08,201,9,20.11111111111111,0.5555555555555556,149.22222222222223,1.2857142857142858,7.0,7.0,69.0,0.0,5,2,0.4,0,0.0,4,4,1.0,1320.84,1970.483074865992,0.0,0.0,0.0,5283.36,0,0.0,1.5,1.0,0.5,1.0,Ryanair,3,0.5,SAT-DET,4,0.25,3629.796065314235,3141.3288134905324,0.25,3,165.66666666666666,116.29416723694,0,0.0,0.0,0.0,0.0,497.0,4.333333333333333,2.516611478423583,1.0,0.0,Aman Resorts,3,0.3333333333333333,False,True,False,False,True,False,False,True,5780.36,0.0,5,5,5,5.0,3018.73952384128,5,8321.805218906771,False,880.56
1513,517403,1974-09-26,48.0,F,True,True,canada,toronto,YKZ,43.862,-79.37,2023-01-08,201,8,13.625,0.375,99.75,1.1428571428571428,8.0,8.0,9.666666666666666,0.0,3,2,0.6666666666666666,0,0.0,2,1,0.5,74.73,33.33301366513385,0.0,0.0,0.0,149.46,0,0.0,1.0,0.0,0.5,0.7071067811865476,Delta Air Lines,2,0.5,YKZ-JFK,1,1.0,582.9688256475414,0.0,0.0,3,267.6666666666667,123.956981785349,1,0.3333333333333333,0.15,49.35,49.35,753.65,5.333333333333333,5.8594652770823155,1.0,0.0,Accor,3,0.3333333333333333,False,True,False,False,True,False,False,False,903.11,49.35,5,3,2,3.45,786.0680682449706,2,2166.9658150607966,False,74.73
1527,517596,1969-11-08,53.0,F,True,True,usa,kansas city,MCI,39.297,-94.714,2023-01-08,201,9,15.88888888888889,0.3333333333333333,117.33333333333333,1.2857142857142858,19.0,49.0,6.666666666666667,0.0,3,3,1.0,0,0.0,3,3,1.0,239.82666666666665,128.453116090398,0.0,0.0,0.0,719.48,0,0.0,1.0,0.0,0.3333333333333333,0.5773502691896257,AirTran Airways,3,0.3333333333333333,MCI-JFK,3,0.3333333333333333,1358.546341484925,740.4981748284347,0.0,3,169.0,90.15542135667715,0,0.0,0.0,0.0,0.0,507.0,5.666666666666667,3.511884584284246,1.0,0.0,Aman Resorts,3,0.3333333333333333,False,True,False,False,True,False,False,True,1226.48,0.0,4,3,3,3.4,1067.529718795154,3,2942.8754336191228,False,239.82666666666665
1531,517674,1993-07-06,30.0,F,False,False,usa,los angeles,LAX,33.942,-118.408,2023-01-08,201,8,16.625,0.25,125.375,1.6,65.0,65.0,7.5,0.0,2,1,0.5,0,0.0,2,2,1.0,890.215,1213.006327786463,0.0,0.0,0.0,1780.43,0,0.0,2.0,1.414213562373095,2.0,2.8284271247461903,American Airlines,2,0.5,LAX-SAN,2,0.5,1846.8524118827006,2361.2859570929286,0.0,1,524.0,0.0,0,0.0,0.0,0.0,0.0,524.0,4.0,0.0,3.0,0.0,Radisson,1,1.0,False,True,False,False,True,False,True,True,2304.43,0.0,1,2,5,2.65,3008.668111037012,5,8294.041201847866,False,445.1075
1537,517735,1975-07-17,48.0,F,True,True,usa,memphis,MEM,35.042,-89.977,2023-01-08,201,8,16.75,0.25,123.5,1.6,66.0,185.0,9.0,0.0,2,1,0.5,0,0.0,2,2,1.0,405.39,75.16545084013,0.25,101.3475,202.695,608.085,2,1.0,1.5,0.7071067811865476,0.5,0.7071067811865476,Air Canada,2,0.5,MEM-NZC,2,0.5,1774.8631628849846,1202.0637403778162,0.0,1,247.0,0.0,0,0.0,0.0,0.0,0.0,247.0,6.0,0.0,2.0,0.0,Fairmont,1,1.0,False,True,False,False,False,False,True,True,855.085,202.695,1,2,2,1.6,1116.400572690897,3,3077.5984608263575,True,270.26
1538,517739,1997-10-22,25.0,F,True,True,usa,chicago,MDW,41.786,-87.752,2023-01-08,201,8,7.625,0.125,57.375,1.6,61.0,133.0,5.0,0.0,1,1,1.0,0,0.0,1,1,1.0,114.12,0.0,0.0,0.0,0.0,114.12,0,0.0,1.0,0.0,1.0,0.0,American Airlines,1,1.0,MDW-BNA,1,1.0,636.3817743671073,0.0,0.0,1,223.0,0.0,0,0.0,0.0,0.0,0.0,223.0,5.0,0.0,1.0,0.0,NH Hotel,1,1.0,False,True,False,True,True,False,True,True,337.12,0.0,2,1,1,1.4,880.2890030010003,2,2426.706100829231,True,114.12
1540,517772,1985-08-10,37.0,F,False,True,usa,new york,JFK,40.64,-73.779,2023-01-08,201,8,26.125,0.75,658.426728375,1.1428571428571428,0.0,120.0,51.4,105.0,5,5,1.0,1,0.2,5,4,0.8,483.62,305.386081433541,0.0,0.0,0.0,1934.48,1,0.2,1.3333333333333333,0.4472135954999579,0.2,0.4472135954999579,Alaska Airlines,5,0.2,JFK-LAX,5,0.2,2779.7530181125485,1525.181821072477,0.0,5,97.75,41.89172551550803,1,0.2,0.0,0.0,0.0,391.0,5.0,2.449489742783178,1.0,0.0,Accor,4,0.4,False,False,False,False,True,False,False,True,2325.48,0.0,5,5,5,5.0,1214.460412137379,3,3347.9215136191037,True,362.71500000000003
1542,517787,1990-10-11,32.0,F,False,False,usa,madison,MSN,43.14,-89.337,2023-01-08,201,8,16.25,0.125,119.875,1.3333333333333333,44.0,44.0,225.0,0.0,1,1,1.0,0,0.0,1,1,1.0,851.82,0.0,0.0,0.0,0.0,851.82,0,0.0,3.0,0.0,2.0,0.0,Delta Air Lines,1,1.0,MSN-LRF,1,1.0,1560.6493169618557,0.0,0.0,1,141.0,0.0,0,0.0,0.0,0.0,0.0,141.0,8.0,0.0,2.0,0.0,Aman Resorts,1,1.0,False,True,False,True,True,False,True,True,992.82,0.0,2,1,2,1.75,2592.455291763921,5,7146.66098429425,False,283.94
1551,517925,1996-07-03,27.0,F,True,False,usa,st. louis,STL,38.748,-90.36,2023-01-08,201,9,10.555555555555555,0.1111111111111111,79.11111111111111,1.5,27.0,27.0,5.0,0.0,1,1,1.0,0,0.0,1,1,1.0,509.26,0.0,0.0,0.0,0.0,509.26,0,0.0,2.0,0.0,0.0,0.0,Virgin Atlantic Airways,1,1.0,STL-JFK,1,1.0,1431.9947045941017,0.0,0.0,1,420.0,0.0,0,0.0,0.0,0.0,0.0,420.0,10.0,0.0,2.0,0.0,Accor,1,1.0,False,True,False,True,True,False,True,True,929.26,0.0,3,1,2,2.1500000000000004,2426.487182394131,5,6689.134169603024,False,254.63
1553,517961,1962-06-08,61.0,F,True,True,canada,montreal,YUL,45.468,-73.741,2023-01-08,201,8,35.375,0.5,991.375,1.3333333333333333,30.0,129.0,79.33333333333333,125.0,3,3,1.0,1,0.3333333333333333,3,3,1.0,1092.715,518.910311373748,0.0,0.0,0.0,2185.43,1,0.3333333333333333,2.25,1.0,1.3333333333333333,1.1547005383792515,Air India Limited,3,0.3333333333333333,YUL-AGR,2,0.3333333333333333,3955.4920854149823,4325.404243539712,0.0,3,143.5,154.856385079854,1,0.3333333333333333,0.0,0.0,0.0,287.0,4.666666666666667,4.618802153517006,1.6666666666666667,0.5773502691896257,Aman Resorts,3,0.3333333333333333,False,False,False,False,True,False,False,True,2472.43,0.0,3,3,5,3.7,2152.00614982772,5,5932.468126951052,True,485.65111111111105
1557,518015,1983-06-19,40.0,F,False,True,usa,austin,AUS,30.194,-97.67,2023-01-08,201,8,17.25,0.5,128.25,1.1428571428571428,13.0,119.0,7.25,0.0,4,4,1.0,0,0.0,4,4,1.0,332.3625,45.9060528870286,0.15,46.3125,46.3125,1283.1375,1,0.25,1.0,0.0,0.25,0.5,AirTran Airways,4,0.25,AUS-FAT,4,0.25,1816.3787523828184,265.75129498751926,0.0,4,143.25,104.090905782718,1,0.25,0.2,15.4,15.4,557.6,8.75,7.274384280931732,1.0,0.0,Aman Resorts,4,0.25,False,True,False,False,False,False,False,False,1840.7375,61.7125,5,4,4,4.4,1201.6351585945315,3,3312.5659418568666,True,332.3625
1559,518044,1970-01-14,53.0,F,True,True,usa,cincinnati,LUK,39.103,-84.419,2023-01-08,201,9,14.555555555555555,0.4444444444444444,109.11111111111111,1.2857142857142858,18.0,109.0,8.75,0.0,4,1,0.25,0,0.0,2,2,1.0,377.705,285.890342701533,0.0,0.0,0.0,755.41,0,0.0,1.0,0.0,1.0,0.0,American Airlines,2,0.5,LUK-JFK,2,0.5,2091.032988698834,1651.346875027603,0.0,3,107.0,16.462077633154326,0,0.0,0.0,0.0,0.0,321.0,5.666666666666667,5.507570547286102,1.0,0.0,InterContinental,3,0.3333333333333333,False,True,False,False,True,False,False,True,1076.41,0.0,4,4,3,3.65,702.6814529843282,1,1937.0926628452728,True,377.705
1560,518074,1993-11-18,29.0,F,False,False,usa,milwaukee,MKE,42.947,-87.896,2023-01-08,201,9,13.88888888888889,0.2222222222222222,104.55555555555556,1.2857142857142858,20.0,122.0,6.0,0.0,2,1,0.5,0,0.0,2,2,1.0,534.43,62.01326471006022,0.1,49.058,49.058,1019.802,1,0.5,1.5,0.7071067811865476,0.5,0.7071067811865476,Alaska Airlines,2,0.5,MKE-HOU,2,0.5,2187.6050527623815,805.0898185807685,0.0,1,135.0,0.0,0,0.0,0.0,0.0,0.0,135.0,5.0,0.0,2.0,0.0,Hilton,1,1.0,False,True,False,False,False,False,True,True,1154.802,49.058,4,2,3,3.15,1507.711647549183,4,4156.331660313535,True,356.28666666666663
1567,518196,1968-01-07,55.0,F,True,True,usa,san jose,SJC,37.362,-121.929,2023-01-08,201,8,12.375,0.375,92.125,1.6,72.0,131.0,8.0,0.0,3,1,0.3333333333333333,0,0.0,2,2,1.0,645.92,140.827386541113,0.0,0.0,0.0,1291.84,0,0.0,1.0,0.0,1.0,0.0,Air France,2,0.5,SJC-JFK,2,0.5,3537.5865645922768,830.4360976037268,0.0,2,245.5,86.97413408594535,1,0.5,0.05,9.2,9.2,481.8,8.0,9.899494936611665,1.5,0.7071067811865476,Four Seasons,2,0.5,False,True,False,False,True,False,False,False,1773.64,9.2,1,3,4,2.55,1543.778463932422,4,4255.757602312488,True,645.92
1572,518334,1991-08-25,31.0,F,True,True,usa,mobile,BFM,30.626,-88.068,2023-01-08,201,8,13.125,0.25,97.5,1.6,79.0,173.0,9.5,0.0,2,1,0.5,0,0.0,1,1,1.0,312.88,0.0,0.0,0.0,0.0,312.88,0,0.0,1.0,0.0,1.0,0.0,Delta Air Lines,1,1.0,BFM-YKZ,1,1.0,1658.6962390156527,0.0,0.0,2,224.5,60.10407640085654,1,0.5,0.2,53.4,53.4,395.6,4.5,2.1213203435596424,1.0,0.0,Best Western,2,0.5,False,True,False,True,True,False,False,False,708.48,53.4,1,2,2,1.6,924.992810936979,2,2549.9417689776546,True,312.88
1573,518338,1987-11-14,35.0,F,False,True,usa,fort worth,FTW,32.82,-97.362,2023-01-08,201,8,19.25,0.5,143.375,2.0,116.0,116.0,42.5,0.0,4,3,0.75,0,0.0,3,3,1.0,223.70666666666668,176.583130659,0.0,0.0,0.0,671.12,0,0.0,1.0,0.0,0.0,0.0,China Eastern Airlines,3,0.3333333333333333,FTW-AUS,3,0.3333333333333333,1289.0888273644987,986.1460326245365,0.0,4,145.75,23.528351691806492,0,0.0,0.0,0.0,0.0,583.0,5.5,3.511884584284246,1.25,0.5,InterContinental,3,0.5,False,True,False,False,True,False,False,True,1254.12,0.0,1,4,3,2.4499999999999997,818.6907069023007,2,2256.897139870043,True,223.70666666666668
1583,518450,1961-01-19,62.0,F,True,True,usa,cincinnati,LUK,39.103,-84.419,2023-01-08,201,8,13.375,0.25,100.125,1.3333333333333333,38.0,161.0,5.5,0.0,2,0,0.0,0,0.0,1,1,1.0,504.17,0.0,0.0,0.0,0.0,504.17,0,0.0,1.0,0.0,0.0,0.0,Ryanair,1,1.0,LUK-NZY,1,1.0,3020.966622776002,0.0,0.0,1,285.0,0.0,0,0.0,0.0,0.0,0.0,285.0,7.0,0.0,1.0,0.0,Accor,1,1.0,False,True,False,True,True,False,True,True,789.17,0.0,3,2,2,2.4000000000000004,1030.341825608536,2,2840.3590021229893,True,504.17
1584,518480,1979-06-10,44.0,F,True,True,usa,lubbock,LBB,33.664,-101.823,2023-01-08,201,8,16.875,0.5,125.375,1.3333333333333333,44.0,146.0,8.0,0.0,4,3,0.75,0,0.0,3,3,1.0,616.8566666666667,465.983534079621,0.25,99.1925,99.1925,1751.3775,1,0.3333333333333333,1.6666666666666667,1.1547005383792515,1.3333333333333333,0.5773502691896257,Allegiant Air,3,0.3333333333333333,LBB-LCK,3,0.3333333333333333,1996.6297946811626,218.97073841881675,0.0,4,169.25,104.770781550329,1,0.25,0.05,4.9,4.9,672.1,4.5,3.109126351029605,1.75,0.9574271077563381,Accor,3,0.5,False,True,False,False,False,False,False,False,2423.4775,104.0925,2,4,5,3.55,1582.0483746665554,4,4361.256848060315,True,370.114
1586,518516,1967-09-12,55.0,F,True,True,usa,new york,LGA,40.777,-73.872,2023-01-08,201,11,15.454545454545455,0.2727272727272727,114.63636363636364,1.8333333333333333,30.0,168.0,8.0,0.0,3,3,1.0,0,0.0,3,3,1.0,290.4766666666667,258.421171217324,0.0,0.0,0.0,871.43,0,0.0,1.0,0.0,0.6666666666666666,0.5773502691896257,Air Canada,3,0.3333333333333333,LGA-MDW,3,0.3333333333333333,1651.4474386777292,1430.5592910225191,0.0,3,164.66666666666666,83.50049900050499,0,0.0,0.0,0.0,0.0,494.0,4.333333333333333,3.511884584284246,1.0,0.0,Choice Hotels,3,0.3333333333333333,False,True,False,False,True,False,False,True,1365.43,0.0,3,3,3,3.0,1188.4719717683672,3,3276.278784265996,True,290.4766666666667
1594,518582,1973-10-23,49.0,F,True,True,usa,jacksonville,NZC,30.219,-81.876,2023-01-08,201,8,25.0,0.5,185.25,1.3333333333333333,30.0,30.0,75.25,0.0,4,2,0.5,0,0.0,3,3,1.0,1696.7333333333333,2366.367251724325,0.0,0.0,0.0,5090.2,0,0.0,2.0,0.0,0.3333333333333333,0.5773502691896257,American Airlines,3,0.3333333333333333,NZC-CLT,3,0.3333333333333333,4644.738649243168,6208.886532404433,0.3333333333333333,3,304.0,318.557687083517,0,0.0,0.0,0.0,0.0,912.0,8.333333333333334,5.686240703077327,2.0,0.0,Banyan Tree,3,0.3333333333333333,False,True,False,False,True,False,False,True,6002.2,0.0,3,4,5,3.95,3918.2417639213068,5,10801.476742997458,False,848.3666666666667
1600,518642,1953-05-09,70.0,F,True,False,usa,memphis,MEM,35.042,-89.977,2023-01-09,200,9,10.777777777777779,0.1111111111111111,82.11111111111111,1.2857142857142858,22.0,114.0,5.0,0.0,1,0,0.0,0,0.0,0,0,0.0,0.0,0.0,0.0,0.0,0.0,0.0,0,0.0,0.0,0.0,0.0,0.0,MISSING,0,0.0,MISSING,0,0.0,0.0,0.0,0.0,1,297.0,0.0,0,0.0,0.0,0.0,0.0,297.0,6.0,0.0,3.0,0.0,Starwood,1,1.0,False,True,True,False,True,False,True,True,297.0,0.0,4,1,1,2.2,775.5275091697232,2,2137.908495331875,True,
1603,518696,1986-07-05,37.0,F,False,True,canada,winnipeg,YWG,49.91,-97.234,2023-01-09,200,8,12.0,0.125,88.625,1.3333333333333333,49.0,177.0,9.0,0.0,1,0,0.0,0,0.0,0,0,0.0,0.0,0.0,0.0,0.0,0.0,0.0,0,0.0,0.0,0.0,0.0,0.0,MISSING,0,0.0,MISSING,0,0.0,0.0,0.0,0.0,1,66.0,0.0,0,0.0,0.0,0.0,0.0,66.0,6.0,0.0,1.0,0.0,Banyan Tree,1,1.0,False,True,True,False,True,False,True,True,66.0,0.0,2,1,1,1.4,172.33944648216072,1,475.0907767404167,True,
1605,518716,1984-03-09,39.0,F,True,True,canada,montreal,YUL,45.468,-73.741,2023-01-09,200,8,17.75,0.25,133.125,1.1428571428571428,23.0,23.0,12.0,0.0,2,1,0.5,0,0.0,1,1,1.0,628.5,0.0,0.0,0.0,0.0,628.5,0,0.0,1.0,0.0,1.0,0.0,Kenmore Air,1,1.0,YUL-BFI,1,1.0,3663.039798038523,0.0,0.0,2,177.0,135.764501987817,1,0.5,0.3,24.3,24.3,329.7,10.5,6.363961030678928,1.0,0.0,Extended Stay,2,0.5,False,True,False,True,True,False,False,False,958.2,24.3,4,2,2,2.8,1251.0277092364122,3,3448.7271384292976,False,628.5
1608,518735,1995-06-19,28.0,F,False,True,usa,san francisco,SFO,37.619,-122.375,2023-01-09,200,8,10.125,0.125,76.75,2.6666666666666665,118.0,199.0,12.0,0.0,1,0,0.0,0,0.0,0,0,0.0,0.0,0.0,0.0,0.0,0.0,0.0,0,0.0,0.0,0.0,0.0,0.0,MISSING,0,0.0,MISSING,0,0.0,0.0,0.0,0.0,1,238.0,0.0,0,0.0,0.0,0.0,0.0,238.0,5.0,0.0,1.0,0.0,InterContinental,1,1.0,False,True,True,False,True,False,True,True,238.0,0.0,1,1,1,1.0,621.4664888296098,1,1713.206134306351,True,
1614,518827,1974-09-07,48.0,M,True,True,usa,los angeles,LAX,33.942,-118.408,2023-01-09,200,8,25.75,0.5,190.375,1.3333333333333333,51.0,51.0,9.5,0.0,4,2,0.5,0,0.0,2,2,1.0,463.605,325.771165160454,0.25,58.3125,58.3125,868.8975,1,0.5,1.0,0.0,0.5,0.7071067811865476,JetBlue Airways,2,0.5,LAX-DEN,2,0.5,2679.839485815491,1830.516113863712,0.0,4,354.5,172.126891178185,0,0.0,0.0,0.0,0.0,1418.0,5.25,2.217355782608345,1.0,0.0,Aman Resorts,4,0.25,False,True,False,False,False,False,False,True,2286.8975,58.3125,2,4,5,3.55,1492.8888231493831,4,4115.4693545481705,False,463.605
1623,518925,1992-11-12,30.0,F,False,True,usa,shreveport,BAD,32.502,-93.663,2023-01-09,200,8,15.625,0.125,116.25,1.1428571428571428,26.0,177.0,4.0,0.0,1,0,0.0,0,0.0,0,0,0.0,0.0,0.0,0.0,0.0,0.0,0.0,0,0.0,0.0,0.0,0.0,0.0,MISSING,0,0.0,MISSING,0,0.0,0.0,0.0,0.0,1,122.0,0.0,0,0.0,0.0,0.0,0.0,122.0,8.0,0.0,1.0,0.0,Fairmont,1,1.0,False,True,True,False,True,False,True,True,122.0,0.0,4,1,1,2.2,318.5668556185395,1,878.1981024595581,True,
1633,519089,1990-03-27,33.0,F,False,True,usa,philadelphia,PHL,39.872,-75.241,2023-01-09,200,8,15.75,0.375,117.0,2.0,107.0,107.0,64.33333333333333,0.0,3,2,0.6666666666666666,0,0.0,3,3,1.0,966.9166666666666,836.134236132772,0.1,38.65,38.65,2862.1,1,0.3333333333333333,1.0,0.0,1.0,1.0,Air India Limited,3,0.3333333333333333,PHL-DEL,3,0.3333333333333333,5960.417880184391,5202.278424373185,0.3333333333333333,2,80.0,12.727922061357855,0,0.0,0.0,0.0,0.0,160.0,6.0,5.656854249492381,1.0,0.0,Accor,2,0.5,False,True,False,False,False,False,False,True,3022.1,38.65,1,3,5,2.9,2630.439602089585,5,7251.372911046531,True,966.9166666666666
1634,519091,1970-02-26,53.0,F,True,False,usa,san francisco,SFO,37.619,-122.375,2023-01-09,200,8,11.25,0.25,84.25,1.6,79.0,158.0,8.0,0.0,2,1,0.5,0,0.0,1,1,1.0,1587.2,0.0,0.0,0.0,0.0,1587.2,0,0.0,2.0,0.0,1.0,0.0,AirTran Airways,1,1.0,SFO-BWI,1,1.0,3944.3869289907643,0.0,0.0,2,159.0,70.71067811865476,0,0.0,0.0,0.0,0.0,318.0,14.5,16.263455967290593,2.0,0.0,Accor,2,0.5,False,True,False,True,True,False,False,True,1905.2,0.0,1,2,4,2.3,2487.4326775591862,5,6857.1435442866805,True,793.6
1636,519114,1985-02-13,38.0,F,False,True,usa,san antonio,RND,29.529,-98.279,2023-01-09,200,8,24.75,0.375,184.5,1.6,80.0,80.0,8.0,0.0,3,3,1.0,0,0.0,3,3,1.0,427.95,59.94270848068179,0.05,24.422,24.422,1259.428,1,0.3333333333333333,1.0,0.0,0.3333333333333333,0.5773502691896257,American Airlines,2,0.6666666666666666,RND-LAX,3,0.3333333333333333,2364.4401164691326,386.53506625931453,0.0,3,157.0,58.92367945062494,0,0.0,0.0,0.0,0.0,471.0,6.0,2.6457513110645907,1.0,0.0,Choice Hotels,3,0.3333333333333333,False,True,False,False,False,False,False,True,1730.428,24.422,1,3,4,2.55,1506.1666853395577,4,4152.072639461444,False,427.95
1637,519117,1978-07-07,45.0,F,True,True,usa,san antonio,SAT,29.534,-98.47,2023-01-09,200,8,16.625,0.5,124.625,1.3333333333333333,30.0,118.0,9.0,0.0,4,4,1.0,0,0.0,4,4,1.0,272.39,195.105738169503,0.15,37.4725,74.945,1014.615,2,0.5,1.0,0.0,0.5,0.5773502691896257,Air Canada,4,0.25,SAT-DEN,4,0.25,1502.840934070161,1120.630225661231,0.0,4,189.5,97.4970085011159,1,0.25,0.05,6.85,6.85,751.15,4.5,3.3166247903554,1.0,0.0,Conrad,4,0.25,False,True,False,False,False,False,False,False,1765.765,81.795,3,4,4,3.6,1152.6930405968656,3,3177.6464598145526,True,272.39
1640,519171,1975-12-03,47.0,F,False,True,usa,austin,AUS,30.194,-97.67,2023-01-09,200,9,15.444444444444445,0.2222222222222222,116.0,2.25,88.0,88.0,7.0,0.0,2,1,0.5,0,0.0,2,2,1.0,587.89,229.28644486755,0.0,0.0,0.0,1175.78,0,0.0,1.5,0.7071067811865476,0.5,0.7071067811865476,JetBlue Airways,2,0.5,AUS-PHL,2,0.5,2257.1272222344446,59.42673581899114,0.0,1,62.0,0.0,0,0.0,0.0,0.0,0.0,62.0,7.0,0.0,2.0,0.0,Choice Hotels,1,1.0,False,True,False,False,True,False,True,True,1237.78,0.0,1,2,3,1.9499999999999997,1616.0478792930976,4,4454.983800255704,False,391.9266666666667
1641,519191,2003-10-08,19.0,M,False,False,usa,tampa,TPA,27.975,-82.533,2023-01-09,200,8,28.375,0.125,212.5,2.6666666666666665,121.0,121.0,7.0,0.0,1,0,0.0,0,0.0,0,0,0.0,0.0,0.0,0.0,0.0,0.0,0.0,0,0.0,0.0,0.0,0.0,0.0,MISSING,0,0.0,MISSING,0,0.0,0.0,0.0,0.0,1,68.0,0.0,1,1.0,0.05,3.4,3.4,64.6,14.0,0.0,2.0,0.0,InterContinental,1,1.0,False,True,True,False,True,False,True,False,64.6,3.4,1,1,1,1.0,168.68376125375124,1,465.0130935974381,True,
1645,519248,1997-07-04,26.0,F,True,True,usa,richmond,RIC,37.505,-77.319,2023-01-09,200,8,15.75,0.125,115.875,1.6,61.0,61.0,225.0,0.0,1,1,1.0,0,0.0,1,1,1.0,340.75,0.0,0.0,0.0,0.0,340.75,0,0.0,3.0,0.0,2.0,0.0,WestJet,1,1.0,RIC-YHM,1,1.0,668.0183568375329,0.0,0.0,1,205.0,0.0,1,1.0,0.05,10.25,10.25,194.75,10.0,0.0,2.0,0.0,Banyan Tree,1,1.0,False,True,False,True,True,False,True,False,535.5,10.25,2,1,1,1.4,1398.2995998666222,4,3854.71380218929,False,113.58333333333333
1652,519335,1959-11-26,63.0,F,True,True,usa,tucson,TUS,32.116,-110.941,2023-01-09,200,10,10.8,0.2,79.4,1.4285714285714286,12.0,142.0,3.0,0.0,2,0,0.0,0,0.0,0,0,0.0,0.0,0.0,0.0,0.0,0.0,0.0,0,0.0,0.0,0.0,0.0,0.0,MISSING,0,0.0,MISSING,0,0.0,0.0,0.0,0.0,2,168.0,103.23759005323593,0,0.0,0.0,0.0,0.0,336.0,4.0,2.8284271247461903,1.5,0.7071067811865476,Accor,2,0.5,False,True,True,False,True,False,False,True,336.0,0.0,5,2,1,2.85,438.6822274091364,1,1209.3219771574243,True,
1666,519515,1972-08-10,50.0,M,True,True,usa,indianapolis,IND,39.717,-86.294,2023-01-09,200,8,13.5,0.5,100.0,1.3333333333333333,31.0,81.0,9.0,0.0,4,2,0.5,0,0.0,3,3,1.0,350.93666666666667,122.979024363236,0.2,90.764,90.764,962.046,1,0.3333333333333333,1.0,0.0,1.3333333333333333,1.5275252316519468,Allegiant Air,3,0.3333333333333333,IND-DAL,3,0.3333333333333333,2019.5627344287434,699.9585693095997,0.0,3,108.0,44.13615298142782,1,0.3333333333333333,0.15,16.8,16.8,307.2,8.666666666666666,7.371114795831994,1.3333333333333333,0.5773502691896257,Best Western,3,0.3333333333333333,False,True,False,False,False,False,False,False,1269.246,107.564,3,4,3,3.25,828.5649738246083,2,2284.1176818737385,False,350.93666666666667
1671,519554,1991-05-08,32.0,F,False,True,usa,seattle,SEA,47.449,-122.309,2023-01-09,200,9,14.333333333333334,0.3333333333333333,105.88888888888889,1.8,65.0,65.0,10.333333333333334,0.0,3,3,1.0,0,0.0,3,3,1.0,510.00333333333333,142.160528394253,0.0,0.0,0.0,1530.01,0,0.0,1.0,0.0,0.6666666666666666,1.1547005383792515,Alaska Airlines,3,0.3333333333333333,SEA-IND,3,0.3333333333333333,2849.7973662516492,919.201289868325,0.0,3,280.3333333333333,202.505143967587,0,0.0,0.0,0.0,0.0,841.0,5.333333333333333,3.7859388972001824,1.0,0.0,Best Western,3,0.3333333333333333,False,True,False,False,True,False,False,True,2371.01,0.0,1,3,5,2.9,2063.7300555740803,5,5689.116073531795,False,510.00333333333333
1674,519596,1983-04-15,40.0,F,True,True,usa,fayetteville,POB,35.171,-79.014,2023-01-09,200,7,16.0,0.14285714285714285,120.85714285714286,1.4,78.0,199.0,8.0,0.0,1,1,1.0,0,0.0,1,1,1.0,447.36,0.0,0.0,0.0,0.0,447.36,0,0.0,1.0,0.0,0.0,0.0,United Airlines,1,1.0,POB-BIF,1,1.0,2555.7337929815076,0.0,0.0,1,141.0,0.0,0,0.0,0.0,0.0,0.0,141.0,6.0,0.0,1.0,0.0,Banyan Tree,1,1.0,False,True,False,True,True,False,True,True,588.36,0.0,1,1,1,1.0,1536.3278292764255,4,4235.218324287751,True,447.36
1676,519626,1977-02-16,46.0,M,False,True,usa,cleveland,CLE,41.412,-81.85,2023-01-09,200,8,18.5,0.375,137.125,1.6,79.0,94.0,6.333333333333333,0.0,3,3,1.0,0,0.0,3,3,1.0,218.82666666666665,133.645589651635,0.0,0.0,0.0,656.48,0,0.0,1.0,0.0,0.3333333333333333,0.5773502691896257,Southwest Airlines,3,0.3333333333333333,CLE-DEN,3,0.3333333333333333,1203.8780933969288,646.7378314542567,0.0,3,105.0,42.22558466143482,0,0.0,0.0,0.0,0.0,315.0,4.333333333333333,3.2145502536643185,1.0,0.0,Conrad,2,0.6666666666666666,False,True,False,False,True,False,False,True,971.48,0.0,1,3,2,1.8499999999999999,845.5774013560075,2,2331.016099938283,True,218.82666666666665
1678,519664,1970-12-09,52.0,F,True,True,usa,riverside,RAL,33.952,-117.445,2023-01-09,200,8,27.5,0.25,203.75,1.6,65.0,126.0,11.0,0.0,2,2,1.0,0,0.0,2,2,1.0,207.995,271.43708009408,0.0,0.0,0.0,415.99,0,0.0,1.0,0.0,1.0,0.0,Air North Charter - Canada,2,0.5,RAL-LSQ,2,0.5,1008.572089040823,1300.703364247622,0.0,2,157.0,49.49747468305833,1,0.5,0.1,19.2,19.2,294.8,6.0,7.0710678118654755,1.0,0.0,Four Seasons,2,0.5,False,True,False,False,True,False,False,False,710.79,19.2,1,2,2,1.6,928.0087512504167,2,2558.2558575706116,True,207.995
1682,519706,1961-08-05,61.0,F,False,True,canada,victoria,YYJ,48.647,-123.426,2023-01-09,200,8,11.625,0.125,84.875,1.3333333333333333,38.0,135.0,12.0,0.0,1,0,0.0,0,0.0,0,0,0.0,0.0,0.0,0.0,0.0,0.0,0.0,0,0.0,0.0,0.0,0.0,0.0,MISSING,0,0.0,MISSING,0,0.0,0.0,0.0,0.0,1,126.0,0.0,1,1.0,0.2,25.2,25.2,100.8,27.0,0.0,2.0,0.0,Wyndham,1,1.0,False,True,True,False,True,False,True,False,100.8,25.2,3,1,1,1.8000000000000003,263.2093364454818,1,725.5931862944545,True,
1685,519722,1995-06-21,28.0,F,True,True,usa,new york,JFK,40.64,-73.779,2023-01-09,200,8,11.25,0.375,83.5,1.3333333333333333,29.0,93.0,8.0,0.0,3,0,0.0,0,0.0,1,1,1.0,1171.92,0.0,0.0,0.0,0.0,1171.92,0,0.0,3.0,0.0,0.0,0.0,JetBlue Airways,1,1.0,JFK-HOU,1,1.0,2289.597002653792,0.0,0.0,2,185.5,123.743686707646,0,0.0,0.0,0.0,0.0,371.0,6.0,4.242640687119285,1.5,0.7071067811865476,Aman Resorts,2,0.5,False,True,False,True,True,False,False,True,1542.92,0.0,3,3,4,3.35,1342.959488718462,4,3702.1568749915346,True,390.64000000000004
1690,519774,1969-08-17,53.0,F,False,True,usa,las vegas,LAS,36.08,-115.152,2023-01-09,200,8,16.5,0.375,122.625,1.6,58.0,132.0,11.0,0.0,3,2,0.6666666666666666,0,0.0,2,2,1.0,330.89,360.539605591397,0.0,0.0,0.0,661.78,0,0.0,1.0,0.0,1.0,0.0,American Airlines,2,0.5,LAS-PNE,2,0.5,1957.6565423960976,2173.318482226282,0.0,3,106.0,54.0277706369604,1,0.3333333333333333,0.2,32.2,32.2,285.8,6.333333333333333,5.507570547286102,1.0,0.0,Fairmont,3,0.3333333333333333,False,True,False,False,True,False,False,False,947.58,32.2,2,3,2,2.25,824.774811603868,2,2273.6692839580005,True,330.89
1691,519787,2006-06-22,17.0,F,False,True,canada,edmonton,YEG,53.31,-113.58,2023-01-09,200,9,33.888888888888886,0.3333333333333333,887.4444444444445,1.2857142857142858,24.0,96.0,76.5,69.0,2,0,0.0,1,0.5,1,1,1.0,0.0,0.0,0.0,0.0,0.0,0.0,1,1.0,2.0,0.0,1.0,0.0,Korean Air,1,1.0,YEG-GMP,1,1.0,0.0,0.0,0.0,1,128.0,0.0,0,0.0,0.0,0.0,0.0,128.0,7.0,0.0,2.0,0.0,Hilton,1,1.0,False,False,True,True,True,False,True,True,128.0,0.0,4,2,1,2.45,167.11703901300433,1,460.69408653616165,True,0.0
1692,519799,1986-09-28,36.0,F,False,True,usa,bakersfield,BFL,35.433,-119.057,2023-01-09,200,8,15.5,0.625,116.25,1.6,61.0,71.0,7.6,0.0,5,3,0.6,0,0.0,5,5,1.0,450.184,239.754520353632,0.2,127.884,127.884,2123.036,1,0.2,1.0,0.0,0.4,0.5477225575051661,Air Canada,5,0.2,BFL-CLT,5,0.2,2573.335780979526,1372.5890919246458,0.0,3,205.33333333333334,171.307715335105,0,0.0,0.0,0.0,0.0,616.0,4.0,2.0,1.0,0.0,Shangri-La,2,0.6666666666666666,False,True,False,False,False,False,False,True,2739.036,127.884,2,5,5,3.8,1430.4362064688228,4,3943.3052750301936,False,450.184
1716,520152,1976-10-25,46.0,F,True,True,usa,phoenix,PHX,33.434,-112.008,2023-01-09,200,9,17.555555555555557,0.4444444444444444,130.88888888888889,1.2857142857142858,15.0,110.0,8.5,0.0,4,3,0.75,0,0.0,3,3,1.0,237.94,243.671409073777,0.1,9.904,9.904,703.916,1,0.3333333333333333,1.0,0.0,1.0,1.0,Air Canada,3,0.3333333333333333,PHX-BIF,3,0.3333333333333333,1395.978206269031,1421.8562380485746,0.0,4,184.25,114.141359725561,0,0.0,0.0,0.0,0.0,737.0,4.75,3.5,1.25,0.5,Hilton,4,0.25,False,True,False,False,False,False,False,True,1440.916,9.904,5,4,3,4.05,940.6313101033677,2,2593.052657794296,True,237.94
1720,520182,1980-05-26,43.0,F,True,True,usa,new york,LGA,40.777,-73.872,2023-01-09,200,8,12.625,0.375,94.5,1.1428571428571428,10.0,10.0,8.0,0.0,3,1,0.3333333333333333,0,0.0,3,3,1.0,457.02666666666664,313.952824216208,0.0,0.0,0.0,1371.08,0,0.0,1.3333333333333333,0.5773502691896257,0.6666666666666666,0.5773502691896257,Ryanair,3,0.3333333333333333,LGA-AUS,3,0.3333333333333333,2325.432024941811,1702.1597491112127,0.0,1,355.0,0.0,0,0.0,0.0,0.0,0.0,355.0,7.0,0.0,1.0,0.0,Wyndham,1,1.0,False,True,False,False,True,False,True,True,1726.08,0.0,5,3,4,4.15,1502.382180726909,4,4141.639837960093,False,342.77
1728,520265,1981-11-03,41.0,F,True,True,usa,fresno,FAT,36.776,-119.718,2023-01-09,200,8,14.875,0.625,110.375,1.3333333333333333,32.0,32.0,9.2,0.0,5,4,0.8,0,0.0,4,4,1.0,581.515,338.052551486698,0.0,0.0,0.0,2326.06,0,0.0,1.0,0.0,0.25,0.5,Air Canada,4,0.25,FAT-BOS,4,0.25,3143.6061115074217,1760.1404570712746,0.0,5,136.4,112.451322802357,1,0.2,0.05,2.5,2.5,679.5,5.8,3.3466401061363023,1.0,0.0,Best Western,4,0.4,False,True,False,False,True,False,False,False,3005.56,2.5,3,5,5,4.2,1569.6258992997664,4,4327.01162103008,False,581.515
1733,520311,1975-12-14,47.0,F,True,True,usa,milwaukee,MKE,42.947,-87.896,2023-01-09,200,8,14.5,0.625,107.875,1.1428571428571428,7.0,7.0,6.4,0.0,5,1,0.2,0,0.0,4,4,1.0,232.6825,127.580600765425,0.15,24.4605,24.4605,906.2695,1,0.25,1.25,0.5,1.0,0.816496580927726,American Airlines,3,0.5,MKE-LOU,4,0.25,1158.0553416850253,829.1894707591235,0.0,2,197.5,26.16295090390226,0,0.0,0.0,0.0,0.0,395.0,6.5,7.7781745930520225,1.0,0.0,Accor,2,0.5,False,True,False,False,False,False,False,True,1301.2695,24.4605,5,5,3,4.3,679.5759556185396,1,1873.3973863745873,False,186.14600000000002
1734,520314,2006-11-24,16.0,F,False,True,usa,new york,JFK,40.64,-73.779,2023-01-09,200,8,13.375,0.25,99.375,2.0,114.0,144.0,9.5,0.0,2,0,0.0,0,0.0,0,0,0.0,0.0,0.0,0.0,0.0,0.0,0.0,0,0.0,0.0,0.0,0.0,0.0,MISSING,0,0.0,MISSING,0,0.0,0.0,0.0,0.0,2,161.0,70.71067811865476,0,0.0,0.0,0.0,0.0,322.0,5.0,4.242640687119285,2.0,0.0,Banyan Tree,2,0.5,False,True,True,False,True,False,False,True,322.0,0.0,1,2,1,1.25,420.403801267089,1,1158.9335614425315,True,
1742,520429,1972-09-04,50.0,M,True,True,usa,winston-salem,INT,36.134,-80.222,2023-01-09,200,8,35.5,0.5,977.625,1.6,66.0,138.0,72.33333333333333,125.0,3,2,0.6666666666666666,1,0.3333333333333333,3,2,0.6666666666666666,541.185,306.905556238397,0.0,0.0,0.0,1082.37,1,0.3333333333333333,2.5,1.7320508075688772,1.6666666666666667,1.1547005383792515,Delta Air Lines,3,0.3333333333333333,INT-LAX,2,0.6666666666666666,3462.820856878424,2.6254850544756925e-13,0.0,2,177.0,39.59797974644666,0,0.0,0.0,0.0,0.0,354.0,4.0,2.8284271247461903,1.0,0.0,Aman Resorts,2,0.5,False,False,False,False,True,False,False,True,1436.37,0.0,1,3,3,2.1999999999999997,1250.2182360786928,3,3446.495651447638,True,216.474
1751,520539,1972-02-11,51.0,F,True,True,usa,little rock,LIT,34.729,-92.224,2023-01-09,200,7,19.571428571428573,0.5714285714285714,524.5311177142858,2.3333333333333335,123.0,130.0,79.66666666666667,217.0,3,3,1.0,1,0.3333333333333333,3,3,1.0,297.045,44.22952916321855,0.0,0.0,0.0,594.09,1,0.3333333333333333,2.0,1.1547005383792515,1.0,1.0,Southwest Airlines,3,0.3333333333333333,LIT-DAL,3,0.3333333333333333,1586.3656947523405,660.811757936148,0.0,3,90.5,40.30508652763321,1,0.3333333333333333,0.0,0.0,0.0,181.0,7.0,7.810249675906654,1.3333333333333333,0.5773502691896257,Conrad,3,0.3333333333333333,False,False,False,False,True,False,False,True,775.09,0.0,1,3,2,1.8499999999999999,674.6393008780705,1,1859.7884350693412,True,148.5225
1752,520556,1989-11-18,33.0,F,False,True,usa,austin,AUS,30.194,-97.67,2023-01-09,200,8,18.25,0.625,136.375,1.1428571428571428,8.0,28.0,8.4,0.0,5,3,0.6,0,0.0,4,4,1.0,249.7675,223.250974820567,0.05,10.711,10.711,988.359,1,0.25,1.0,0.0,0.75,0.5,Southwest Airlines,3,0.5,AUS-BNA,4,0.25,1318.7068258531085,1121.1379690389913,0.0,4,165.75,70.40537384792916,1,0.25,0.1,18.9,18.9,644.1,10.5,15.67375726067833,1.25,0.5,Accor,4,0.25,False,True,False,False,False,False,False,False,1632.459,29.611,5,5,4,4.65,852.5366074691564,2,2350.2006494147995,False,249.7675
1765,520771,1965-12-23,57.0,F,True,True,usa,laredo,LRD,27.544,-99.461,2023-01-09,200,8,13.125,0.125,96.875,1.3333333333333333,46.0,138.0,17.0,0.0,1,0,0.0,0,0.0,0,0,0.0,0.0,0.0,0.0,0.0,0.0,0.0,0,0.0,0.0,0.0,0.0,0.0,MISSING,0,0.0,MISSING,0,0.0,0.0,0.0,0.0,1,160.0,0.0,0,0.0,0.0,0.0,0.0,160.0,11.0,0.0,1.0,0.0,Choice Hotels,1,1.0,False,True,True,False,True,False,True,True,160.0,0.0,2,1,1,1.4,417.79259753251085,1,1151.7352163404041,True,
1771,520844,2003-10-24,19.0,F,False,True,usa,long beach,LGB,33.818,-118.151,2023-01-09,200,8,13.75,0.25,103.375,1.1428571428571428,20.0,138.0,8.5,0.0,2,1,0.5,0,0.0,1,1,1.0,93.77,0.0,0.0,0.0,0.0,93.77,0,0.0,1.0,0.0,0.0,0.0,United Airlines,1,1.0,LGB-LUF,1,1.0,534.5946295171543,0.0,0.0,2,163.5,129.400540957138,0,0.0,0.0,0.0,0.0,327.0,5.0,4.242640687119285,1.0,0.0,Crowne Plaza,2,0.5,False,True,False,True,True,False,False,True,420.77,0.0,4,2,1,2.45,549.358097699233,1,1514.4238343110992,True,93.77
1773,520861,1972-09-27,50.0,M,False,True,usa,austin,AUS,30.194,-97.67,2023-01-09,200,9,29.11111111111111,0.4444444444444444,919.1276355555556,1.5,39.0,70.0,71.0,166.0,3,2,0.6666666666666666,1,0.3333333333333333,3,3,1.0,344.515,17.274618664387354,0.0,0.0,0.0,689.03,1,0.3333333333333333,1.0,0.0,1.0,0.0,Alitalia,3,0.3333333333333333,AUS-FCO,3,0.3333333333333333,2104.727711655852,225.2490880231989,0.0,2,138.0,118.79393923933998,1,0.5,0.1,5.4,5.4,270.6,5.5,4.949747468305833,1.0,0.0,Choice Hotels,2,0.5,False,False,False,False,True,False,False,False,959.63,5.4,3,3,2,2.6500000000000004,835.2631466044237,2,2302.582636784879,False,344.515
1778,520898,1981-10-22,41.0,F,True,True,usa,santa ana,SNA,33.676,-117.868,2023-01-10,199,8,13.875,0.375,103.375,1.3333333333333333,47.0,47.0,7.333333333333333,0.0,3,2,0.6666666666666666,0,0.0,2,2,1.0,1034.78,524.630805233547,0.05,33.1905,33.1905,2036.3695,1,0.5,1.5,0.7071067811865476,0.5,0.7071067811865476,Delta Air Lines,2,0.5,SNA-JFK,2,0.5,3940.8918206933654,0.0,0.0,3,185.0,72.02083032012335,0,0.0,0.0,0.0,0.0,555.0,6.666666666666667,2.516611478423583,1.6666666666666667,0.5773502691896257,Accor,3,0.3333333333333333,False,True,False,False,False,False,False,True,2591.3695,33.1905,2,3,5,3.3,2255.5312386906744,5,6217.857316042551,False,689.8533333333334
1782,520947,2000-12-23,22.0,O,True,True,usa,new york,LGA,40.777,-73.872,2023-01-10,199,8,24.25,0.5,465.209656875,1.1428571428571428,17.0,36.0,68.66666666666667,178.0,3,1,0.3333333333333333,1,0.3333333333333333,1,1,1.0,0.0,0.0,0.0,0.0,0.0,0.0,1,1.0,1.0,0.0,0.0,0.0,AirTran Airways,1,1.0,LGA-DAL,1,1.0,0.0,0.0,0.0,3,256.5,245.366053071732,2,0.6666666666666666,0.15,12.45,12.45,500.55,6.0,4.0,1.3333333333333333,0.5773502691896257,Starwood,3,0.3333333333333333,False,False,True,True,True,False,False,False,500.55,12.45,4,3,1,2.7,435.6793431143714,1,1201.0438802899776,False,0.0
1786,521009,1956-04-20,67.0,F,True,False,usa,new york,LGA,40.777,-73.872,2023-01-10,199,10,10.0,0.1,74.6,2.5,94.0,123.0,9.0,0.0,1,0,0.0,0,0.0,0,0,0.0,0.0,0.0,0.0,0.0,0.0,0.0,0,0.0,0.0,0.0,0.0,0.0,MISSING,0,0.0,MISSING,0,0.0,0.0,0.0,0.0,1,109.0,0.0,0,0.0,0.0,0.0,0.0,109.0,4.0,0.0,2.0,0.0,Banyan Tree,1,1.0,False,True,True,False,True,False,True,True,109.0,0.0,1,1,1,1.0,284.621207069023,1,784.6196161319003,True,
1788,521033,1981-06-24,42.0,M,True,True,usa,chicago,ORD,41.979,-87.904,2023-01-10,199,8,18.875,0.5,140.25,1.3333333333333333,34.0,63.0,8.25,0.0,4,3,0.75,0,0.0,4,4,1.0,238.56,38.166546433580635,0.0,0.0,0.0,954.24,0,0.0,1.25,0.5,0.5,0.5773502691896257,American Airlines,3,0.5,ORD-BOS,4,0.25,1136.5616974159198,297.9609732188573,0.0,3,176.0,73.7360156233031,2,0.6666666666666666,0.075,9.55,19.1,508.9,6.0,6.244997998398398,1.3333333333333333,0.5773502691896257,Accor,3,0.3333333333333333,False,True,False,False,True,False,False,False,1463.14,19.1,3,4,3,3.25,955.1391580526843,2,2633.046663181717,False,190.848
1795,521109,1993-12-07,29.0,F,False,True,usa,dallas,DAL,32.847,-96.852,2023-01-10,199,8,15.375,0.375,114.125,1.1428571428571428,13.0,13.0,7.666666666666667,0.0,3,2,0.6666666666666666,0,0.0,3,3,1.0,242.57333333333332,186.221793121357,0.0,0.0,0.0,727.72,0,0.0,1.0,0.0,0.3333333333333333,0.5773502691896257,United Airlines,2,0.6666666666666666,DAL-EFD,3,0.3333333333333333,1403.5419815485313,988.4681731950328,0.0,2,116.5,26.16295090390226,0,0.0,0.0,0.0,0.0,233.0,6.5,2.1213203435596424,1.0,0.0,Rosewood,2,0.5,False,True,False,False,True,False,False,True,960.72,0.0,5,3,2,3.45,836.2118839613205,2,2305.198035505319,False,242.57333333333332
1798,521170,1980-08-15,42.0,M,False,False,usa,chicago,MDW,41.786,-87.752,2023-01-10,199,7,12.428571428571429,0.2857142857142857,92.57142857142857,1.0,14.0,53.0,6.0,0.0,2,1,0.5,0,0.0,1,1,1.0,863.85,0.0,0.0,0.0,0.0,863.85,0,0.0,4.0,0.0,0.0,0.0,JetBlue Airways,1,1.0,MDW-PHL,1,1.0,1072.9064931888345,0.0,0.0,2,163.5,30.405591591021544,0,0.0,0.0,0.0,0.0,327.0,5.0,2.8284271247461903,2.5,2.1213203435596424,Aman Resorts,2,0.5,False,True,False,True,True,False,False,True,1190.85,0.0,5,2,3,3.55,1554.7759836612202,4,4286.074632434282,False,215.9625
1799,521185,1977-10-01,45.0,F,True,True,usa,los angeles,LAX,33.942,-118.408,2023-01-10,199,8,16.625,0.5,123.5,1.3333333333333333,37.0,70.0,6.5,0.0,4,2,0.5,0,0.0,2,2,1.0,537.655,66.88523043243553,0.0,0.0,0.0,1075.31,0,0.0,1.0,0.0,1.0,0.0,Delta Air Lines,2,0.5,LAX-CMH,2,0.5,3084.5460249936777,169.04544817845158,0.0,4,210.75,171.24519457978,2,0.5,0.175,50.325,100.65,742.35,4.0,3.4641016151377544,1.0,0.0,Crowne Plaza,3,0.5,False,True,False,False,True,False,False,False,1817.66,100.65,3,4,4,3.6,1186.5701450483496,3,3271.03598958328,False,537.655
1805,521212,1982-06-10,41.0,M,True,True,usa,dallas,DAL,32.847,-96.852,2023-01-10,199,7,46.42857142857143,0.5714285714285714,1173.126289,1.4,60.0,104.0,7.0,5.0,3,2,0.6666666666666666,1,0.3333333333333333,2,2,1.0,206.71,269.153125190847,0.25,99.2575,99.2575,314.1625,1,0.5,1.5,0.7071067811865476,1.5,0.7071067811865476,Allegiant Air,2,0.5,DAL-FTW,2,0.5,1135.1143488573546,1537.773175042016,0.0,3,211.5,170.412734265958,2,0.6666666666666666,0.15,13.65,13.65,409.35,7.0,2.6457513110645907,1.3333333333333333,0.5773502691896257,Rosewood,3,0.3333333333333333,False,False,False,False,False,False,False,False,723.5125,112.9075,2,3,2,2.25,629.7461806713349,1,1736.0308869010137,True,137.80666666666667
1812,521295,1983-03-08,40.0,F,False,True,usa,baton rouge,BTR,30.533,-91.149,2023-01-10,199,8,12.75,0.25,94.5,1.6,63.0,131.0,5.0,0.0,2,2,1.0,0,0.0,2,2,1.0,302.095,248.837947367358,0.2,95.61,95.61,508.58,1,0.5,1.0,0.0,0.5,0.7071067811865476,United Airlines,1,1.0,BTR-AUS,2,0.5,1550.2102421234163,1306.054015187802,0.0,2,118.0,73.53910524340094,1,0.5,0.15,25.5,25.5,210.5,7.0,4.242640687119285,1.0,0.0,NH Hotel,2,0.5,False,True,False,False,False,False,False,False,719.08,121.11,2,2,2,2.0,938.8321907302435,2,2588.0929980189308,True,302.095
1830,521514,1994-09-23,28.0,F,False,True,usa,nashville,BNA,36.124,-86.678,2023-01-10,199,8,11.5,0.25,86.75,1.3333333333333333,49.0,129.0,6.0,0.0,2,2,1.0,0,0.0,2,2,1.0,140.935,38.88380189744825,0.1,16.843,16.843,265.027,1,0.5,1.0,0.0,0.5,0.7071067811865476,Air New Zealand,2,0.5,BNA-HLZ,2,0.5,804.5581803924305,237.83735427217638,0.0,2,130.5,77.07463914933368,2,1.0,0.1,10.325,20.65,240.35,5.5,2.1213203435596424,1.0,0.0,Aman Resorts,2,0.5,False,True,False,False,False,False,False,False,505.377,37.493,2,2,1,1.65,659.8211548849616,1,1818.9390263389512,True,140.935
1856,521941,1995-11-28,27.0,F,True,True,usa,new orleans,MSY,29.993,-90.258,2023-01-10,199,8,11.0,0.375,80.625,1.1428571428571428,17.0,74.0,7.333333333333333,0.0,3,2,0.6666666666666666,0,0.0,2,2,1.0,409.955,146.816580977763,0.0,0.0,0.0,819.91,0,0.0,1.0,0.0,0.5,0.7071067811865476,Frontier Airlines,2,0.5,MSY-DEN,2,0.5,2384.596725419068,957.614765474916,0.0,3,114.66666666666667,43.61574639202376,0,0.0,0.0,0.0,0.0,344.0,6.666666666666667,3.7859388972001824,1.3333333333333333,0.5773502691896257,Banyan Tree,3,0.3333333333333333,False,True,False,False,True,False,False,True,1163.91,0.0,4,3,3,3.4,1013.0687129043015,2,2792.741949272416,False,409.955
1860,521986,1972-10-26,50.0,M,True,True,usa,omaha,OMA,41.302,-95.894,2023-01-10,199,10,17.1,0.2,128.0,2.0,57.0,80.0,7.5,0.0,2,1,0.5,0,0.0,1,1,1.0,318.84,0.0,0.0,0.0,0.0,318.84,0,0.0,1.0,0.0,1.0,0.0,American Airlines,1,1.0,OMA-LGA,1,1.0,1853.1399280338246,0.0,0.0,2,148.0,67.88225099390856,0,0.0,0.0,0.0,0.0,296.0,5.5,4.949747468305833,1.0,0.0,Choice Hotels,2,0.5,False,True,False,True,True,False,False,True,614.84,0.0,2,2,2,2.0,802.736252084028,2,2212.915251296044,False,318.84
1864,522005,1977-08-07,45.0,F,False,True,usa,nashville,BNA,36.124,-86.678,2023-01-10,199,8,13.125,0.625,98.25,1.3333333333333333,38.0,38.0,6.6,0.0,5,3,0.6,0,0.0,3,3,1.0,323.78333333333336,242.717874564963,0.0,0.0,0.0,971.35,0,0.0,1.0,0.0,0.0,0.0,Delta Air Lines,3,0.3333333333333333,BNA-PNE,3,0.3333333333333333,1757.035254106808,1185.3713838010797,0.0,5,210.4,144.707636287792,1,0.2,0.1,25.3,25.3,1026.7,5.6,2.5099800796022267,1.2,0.4472135954999579,Banyan Tree,5,0.2,False,True,False,False,True,False,False,False,1998.05,25.3,3,5,4,3.85,1043.4631243747915,2,2876.53068626118,False,323.78333333333336
1866,522086,1984-08-03,38.0,F,True,True,usa,corpus christi,CRP,27.77,-97.501,2023-01-10,199,11,18.181818181818183,0.18181818181818182,135.1818181818182,1.8333333333333333,33.0,80.0,7.0,0.0,2,2,1.0,0,0.0,2,2,1.0,407.895,78.90604571260684,0.125,49.592,99.184,716.606,2,1.0,1.0,0.0,0.0,0.0,Delta Air Lines,2,0.5,CRP-NZY,2,0.5,2190.4853580905406,314.3753713403251,0.0,2,192.5,55.86143571373726,0,0.0,0.0,0.0,0.0,385.0,4.5,2.1213203435596424,1.0,0.0,InterContinental,2,0.5,False,True,False,False,False,False,False,True,1101.606,99.184,3,2,3,2.75,1438.2588506168722,4,3964.8700772871475,False,407.895
1867,522111,2001-04-11,22.0,F,False,True,usa,philadelphia,PHL,39.872,-75.241,2023-01-10,199,8,22.0,0.625,393.931855625,1.1428571428571428,22.0,67.0,83.5,264.0,4,1,0.25,1,0.25,3,2,0.6666666666666666,542.695,182.426478478317,0.0,0.0,0.0,1085.39,1,0.3333333333333333,1.75,0.5773502691896257,0.6666666666666666,0.5773502691896257,Lufthansa,3,0.3333333333333333,PHL-EDI,3,0.3333333333333333,3094.2288687335385,1625.120860059867,0.0,2,161.5,89.80256121069154,0,0.0,0.0,0.0,0.0,323.0,5.0,5.656854249492381,1.5,0.7071067811865476,Marriott,2,0.5,False,False,False,False,True,False,False,True,1408.39,0.0,4,4,3,3.65,919.3983069356452,2,2534.5193145963467,False,310.1114285714286
1872,522152,1992-09-27,30.0,F,False,True,usa,dallas,DAL,32.847,-96.852,2023-01-10,199,8,23.75,0.375,638.710063125,2.0,92.0,152.0,87.0,109.0,2,2,1.0,1,0.5,2,2,1.0,381.11,0.0,0.0,0.0,0.0,381.11,1,0.5,1.6666666666666667,0.7071067811865476,1.5,0.7071067811865476,Delta Air Lines,1,1.0,DAL-YKZ,2,0.5,2001.216407490485,37.34122765555681,0.0,2,59.0,0.0,1,0.5,0.0,0.0,0.0,59.0,5.0,5.656854249492381,1.0,0.0,Marriott,2,0.5,False,False,False,False,True,False,False,True,440.11,0.0,1,2,1,1.25,574.6084378126042,1,1584.0318314486726,True,228.666
1877,522223,1973-09-18,49.0,F,True,True,usa,nashville,BNA,36.124,-86.678,2023-01-10,199,8,13.5,0.5,100.25,1.6,72.0,106.0,7.5,0.0,4,4,1.0,0,0.0,4,4,1.0,500.64,421.49562567916,0.0,0.0,0.0,2002.56,0,0.0,1.25,0.5,0.75,0.5,Alitalia,4,0.25,BNA-LAX,4,0.25,1968.4109821583043,1064.347195551384,0.0,4,171.0,7.0710678118654755,0,0.0,0.0,0.0,0.0,684.0,4.5,2.3804761428476167,1.25,0.5,Choice Hotels,4,0.25,False,True,False,False,True,False,False,True,2686.56,0.0,1,4,5,3.15,1753.7888762920973,5,4834.696504392931,True,400.512
1881,522265,1982-01-09,41.0,F,False,True,usa,bakersfield,BFL,35.433,-119.057,2023-01-10,199,8,18.75,0.5,139.625,1.6,80.0,129.0,7.0,0.0,4,3,0.75,0,0.0,3,3,1.0,448.5233333333333,305.910703365105,0.0,0.0,0.0,1345.57,0,0.0,1.0,0.0,0.3333333333333333,0.5773502691896257,Delta Air Lines,3,0.3333333333333333,BFL-JFK,3,0.3333333333333333,2414.0446502722084,1668.9219963729577,0.0,4,111.0,38.05259518088089,2,0.5,0.1,8.8,17.6,426.4,4.25,1.707825127659933,1.0,0.0,Banyan Tree,4,0.25,False,True,False,False,True,False,False,False,1771.97,17.6,1,4,4,2.8,1156.74367039013,3,3188.812892654228,True,448.5233333333333
1889,522387,2001-05-19,22.0,F,False,False,usa,louisville,LOU,38.228,-85.664,2023-01-10,199,8,9.125,0.125,68.25,1.1428571428571428,19.0,123.0,8.0,0.0,1,0,0.0,0,0.0,0,0,0.0,0.0,0.0,0.0,0.0,0.0,0.0,0,0.0,0.0,0.0,0.0,0.0,MISSING,0,0.0,MISSING,0,0.0,0.0,0.0,0.0,1,240.0,0.0,0,0.0,0.0,0.0,0.0,240.0,10.0,0.0,2.0,0.0,Best Western,1,1.0,False,True,True,False,True,False,True,True,240.0,0.0,4,1,1,2.2,626.6888962987663,1,1727.6028245106063,True,
1907,522624,1995-04-23,28.0,F,False,False,usa,bakersfield,BFL,35.433,-119.057,2023-01-10,199,8,15.625,0.125,117.875,1.3333333333333333,41.0,41.0,13.0,0.0,1,0,0.0,0,0.0,0,0,0.0,0.0,0.0,0.0,0.0,0.0,0.0,0,0.0,0.0,0.0,0.0,0.0,MISSING,0,0.0,MISSING,0,0.0,0.0,0.0,0.0,1,81.0,0.0,1,1.0,0.05,4.05,4.05,76.95,30.0,0.0,2.0,0.0,Accor,1,1.0,False,True,True,False,True,False,True,False,76.95,4.05,2,1,1,1.4,200.93212737579194,1,553.9126556087131,False,
1912,522654,1982-09-27,40.0,F,False,True,usa,new york,LGA,40.777,-73.872,2023-01-10,199,8,36.25,0.375,269.0,1.3333333333333333,49.0,156.0,8.333333333333334,0.0,3,2,0.6666666666666666,0,0.0,2,2,1.0,423.495,78.18479679579656,0.15,71.817,71.817,775.173,1,0.5,1.0,0.0,0.5,0.7071067811865476,Air Canada,2,0.5,LGA-DEN,2,0.5,2334.191088782086,375.1325668948901,0.0,3,191.0,83.5404093837228,0,0.0,0.0,0.0,0.0,573.0,7.333333333333333,8.504900548115382,1.0,0.0,Four Seasons,3,0.3333333333333333,False,True,False,False,False,False,False,True,1348.173,71.817,2,3,3,2.5999999999999996,1173.4514574858285,3,3234.8715037901907,True,423.495
1913,522687,1978-12-18,44.0,F,True,True,usa,new york,LGA,40.777,-73.872,2023-01-10,199,10,16.8,0.4,125.4,1.4285714285714286,18.0,18.0,54.75,0.0,4,2,0.5,0,0.0,3,3,1.0,377.98,320.543492836776,0.0,0.0,0.0,1133.94,0,0.0,1.6666666666666667,1.1547005383792515,0.6666666666666666,1.1547005383792515,Southwest Airlines,2,0.6666666666666666,LGA-AUS,3,0.3333333333333333,1253.7368146945519,1147.6618635495563,0.0,3,113.66666666666667,72.45228314783002,0,0.0,0.0,0.0,0.0,341.0,5.0,5.196152422706632,1.3333333333333333,0.5773502691896257,Conrad,2,0.6666666666666666,False,True,False,False,True,False,False,True,1474.94,0.0,4,4,3,3.65,962.8422090696899,2,2654.281781232993,False,226.788
1920,522809,1970-09-02,52.0,F,True,True,canada,victoria,YYJ,48.647,-123.426,2023-01-10,199,8,21.875,0.125,161.375,1.6,87.0,127.0,8.0,0.0,1,1,1.0,0,0.0,1,1,1.0,565.09,0.0,0.0,0.0,0.0,565.09,0,0.0,1.0,0.0,2.0,0.0,Southwest Airlines,1,1.0,YYJ-HOU,1,1.0,3196.014164696867,0.0,0.0,1,385.0,0.0,0,0.0,0.0,0.0,0.0,385.0,4.0,0.0,1.0,0.0,Hyatt,1,1.0,False,True,False,True,True,False,True,True,950.09,0.0,1,1,2,1.35,2480.878556185395,5,6839.075698080341,True,565.09
1922,522898,1981-12-25,41.0,F,False,True,usa,honolulu,HNL,21.316,-157.927,2023-01-11,198,8,10.75,0.25,80.625,1.3333333333333333,27.0,27.0,129.5,0.0,2,2,1.0,0,0.0,2,2,1.0,1483.305,21.177848096537097,0.0,0.0,0.0,2966.61,0,0.0,1.0,0.0,1.0,0.0,AeroMéxico,2,0.5,HNL-JFK,2,0.5,8007.273774697621,0.0,1.0,2,244.5,34.64823227814083,0,0.0,0.0,0.0,0.0,489.0,9.5,9.192388155425117,1.0,0.0,Marriott,2,0.5,False,True,False,False,True,False,False,True,3455.61,0.0,3,2,5,3.45,4511.650868622874,5,12437.33665918145,False,1483.305
1926,522939,1980-03-07,43.0,F,False,True,usa,cleveland,CLE,41.412,-81.85,2023-01-11,198,7,16.714285714285715,0.14285714285714285,124.14285714285714,1.1666666666666667,32.0,107.0,13.0,0.0,1,1,1.0,0,0.0,1,1,1.0,315.57,0.0,0.0,0.0,0.0,315.57,0,0.0,1.0,0.0,1.0,0.0,Air Canada,1,1.0,CLE-YWG,1,1.0,1515.6357171160516,0.0,0.0,1,110.0,0.0,0,0.0,0.0,0.0,0.0,110.0,5.0,0.0,1.0,0.0,Conrad,1,1.0,False,True,False,True,True,False,True,True,425.57,0.0,3,1,1,1.8000000000000003,1111.2499733244415,3,3063.399725112411,True,315.57
1936,523090,1988-06-18,35.0,F,False,True,usa,tucson,TUS,32.116,-110.941,2023-01-11,198,8,11.0,0.25,82.5,1.6,57.0,89.0,8.5,0.0,2,2,1.0,0,0.0,2,2,1.0,456.745,71.19858179767347,0.2,81.28,81.28,832.21,1,0.5,1.0,0.0,1.0,0.0,Porter Airlines,2,0.5,TUS-BNA,2,0.5,2653.04618203766,539.9157330250447,0.0,2,169.0,48.08326112068523,0,0.0,0.0,0.0,0.0,338.0,4.0,0.0,1.0,0.0,Best Western,2,0.5,False,True,False,False,False,False,False,True,1170.21,81.28,2,2,3,2.3499999999999996,1527.8283611203735,4,4211.787710980326,False,456.745
1938,523146,1975-08-21,47.0,F,False,True,usa,new york,LGA,40.777,-73.872,2023-01-11,198,8,17.875,0.5,133.375,1.1428571428571428,12.0,134.0,9.75,0.0,4,4,1.0,0,0.0,4,4,1.0,314.1825,263.495401145826,0.25,176.785,176.785,1079.945,1,0.25,1.25,0.5,0.25,0.5,Delta Air Lines,3,0.5,LGA-LSQ,4,0.25,1619.362487479207,1583.3858169218108,0.0,4,174.5,57.07597276145775,1,0.25,0.15,17.7,17.7,680.3,7.25,9.215023964519391,1.25,0.5,Best Western,4,0.25,False,True,False,False,False,False,False,False,1760.245,194.485,5,4,4,4.4,1149.0895794431476,3,3167.7127435736165,True,251.346
1939,523158,1982-06-01,41.0,F,True,True,usa,san francisco,SFO,37.619,-122.375,2023-01-11,198,8,21.125,0.375,157.125,1.1428571428571428,11.0,11.0,7.333333333333333,0.0,3,2,0.6666666666666666,0,0.0,3,3,1.0,334.19,127.337238858081,0.0,0.0,0.0,1002.57,0,0.0,1.0,0.0,0.6666666666666666,0.5773502691896257,United Airlines,2,0.6666666666666666,SFO-LUF,3,0.3333333333333333,1876.7214011657943,755.2831552505403,0.0,2,177.0,53.74011537017761,0,0.0,0.0,0.0,0.0,354.0,5.5,0.7071067811865476,1.0,0.0,Hyatt,2,0.5,False,True,False,False,True,False,False,True,1356.57,0.0,5,3,3,3.8,1180.760216738913,3,3255.019671731046,False,334.19
1948,523301,1985-06-13,38.0,F,False,True,usa,phoenix,LUF,33.535,-112.383,2023-01-11,198,8,15.375,0.375,114.25,1.1428571428571428,9.0,49.0,7.666666666666667,0.0,3,3,1.0,0,0.0,3,3,1.0,518.2033333333334,104.17382796716906,0.0,0.0,0.0,1554.61,0,0.0,1.0,0.0,0.3333333333333333,0.5773502691896257,American Airlines,3,0.3333333333333333,LUF-CLT,3,0.3333333333333333,2926.248150255555,607.2993368443999,0.0,3,197.66666666666666,130.369986320983,0,0.0,0.0,0.0,0.0,593.0,5.0,4.358898943540674,1.0,0.0,Extended Stay,3,0.3333333333333333,False,True,False,False,True,False,False,True,2147.61,0.0,5,3,4,4.15,1869.2824174724908,5,5153.079308260032,False,518.2033333333334
1953,523442,1969-10-28,53.0,F,True,True,usa,milwaukee,MKE,42.947,-87.896,2023-01-11,198,8,22.5,0.5,166.375,1.1428571428571428,8.0,8.0,8.25,0.0,4,3,0.75,0,0.0,3,3,1.0,214.29666666666665,47.867864307208585,0.0,0.0,0.0,642.89,0,0.0,1.0,0.0,1.0,0.0,Allegiant Air,3,0.3333333333333333,MKE-DAL,3,0.3333333333333333,1191.7411444976492,179.60237153499773,0.0,4,172.75,118.060365915069,0,0.0,0.0,0.0,0.0,691.0,4.25,1.5,1.0,0.0,Choice Hotels,3,0.5,False,True,False,False,True,False,False,True,1333.89,0.0,5,4,3,4.05,870.7646373791264,2,2400.4501370692215,False,214.29666666666665
1961,523513,1970-06-06,53.0,F,True,True,usa,new york,JFK,40.64,-73.779,2023-01-11,198,8,15.875,0.375,118.125,1.1428571428571428,17.0,105.0,8.666666666666666,0.0,3,3,1.0,0,0.0,3,3,1.0,216.55,10.724630529766515,0.1,22.782,22.782,626.868,1,0.3333333333333333,1.0,0.0,0.6666666666666666,0.5773502691896257,Allegiant Air,3,0.3333333333333333,JFK-BNA,3,0.3333333333333333,1157.1537693386038,82.61697246947452,0.0,3,171.0,96.317184344228,0,0.0,0.0,0.0,0.0,513.0,6.666666666666667,5.507570547286102,1.0,0.0,Crowne Plaza,3,0.3333333333333333,False,True,False,False,False,False,False,True,1139.868,22.782,4,3,3,3.4,992.1425261753917,2,2735.0544116239657,True,216.55
1964,523546,1965-04-12,58.0,M,False,True,usa,austin,AUS,30.194,-97.67,2023-01-11,198,8,11.25,0.375,83.125,1.1428571428571428,25.0,130.0,6.0,0.0,3,1,0.3333333333333333,0,0.0,2,2,1.0,198.325,132.278465556567,0.0,0.0,0.0,396.65,0,0.0,1.0,0.0,0.5,0.7071067811865476,AirTran Airways,2,0.5,AUS-MDW,2,0.5,1071.6876850206006,697.9841698027622,0.0,2,227.5,41.71930009000631,0,0.0,0.0,0.0,0.0,455.0,4.5,3.5355339059327378,1.0,0.0,Accor,2,0.5,False,True,False,False,True,False,False,True,851.65,0.0,4,3,2,3.05,741.277220184506,1,2043.4902020756358,True,198.325
1966,523612,1978-04-01,45.0,F,True,True,usa,seattle,SEA,47.449,-122.309,2023-01-11,198,8,15.625,0.625,117.375,1.1428571428571428,8.0,8.0,5.4,0.0,5,2,0.4,0,0.0,2,2,1.0,625.16,95.21899915458049,0.0,0.0,0.0,1250.32,0,0.0,1.0,0.0,0.0,0.0,JetBlue Airways,2,0.5,SEA-BNA,2,0.5,3531.5104791542362,502.20111358627076,0.0,5,185.4,77.42609379272598,0,0.0,0.0,0.0,0.0,927.0,4.2,3.5637059362410923,1.0,0.0,Accor,3,0.4,False,True,False,False,True,False,False,True,2177.32,0.0,5,5,4,4.65,1137.0852230743583,3,3134.6201515528614,False,625.16
1967,523619,1980-04-20,43.0,F,True,True,canada,toronto,YZD,43.742,-79.466,2023-01-11,198,8,15.25,0.25,113.875,1.3333333333333333,34.0,163.0,10.5,0.0,2,1,0.5,0,0.0,1,0,0.0,130.66,0.0,0.0,0.0,0.0,130.66,0,0.0,2.0,0.0,1.0,0.0,AirTran Airways,1,1.0,YZD-MDW,1,1.0,710.1600452028979,0.0,0.0,2,194.5,91.21677477306463,1,0.5,0.15,19.5,19.5,369.5,8.5,7.7781745930520225,1.5,0.7071067811865476,Fairmont,2,0.5,False,True,False,True,True,False,False,False,500.16,19.5,3,2,1,2.0500000000000003,653.0098299433145,1,1800.1621431400517,True,65.33
1974,523715,1980-10-07,42.0,F,True,True,usa,portland,PWM,43.646,-70.309,2023-01-11,198,8,33.75,0.5,964.875,1.6,70.0,120.0,70.0,147.0,3,1,0.3333333333333333,1,0.3333333333333333,2,2,1.0,149.96,0.0,0.0,0.0,0.0,149.96,1,0.5,3.6666666666666665,2.8284271247461903,2.5,2.1213203435596424,Iberia Airlines,2,0.5,PWM-MAD,2,0.5,774.4487571981127,3249.591703092544,0.0,2,115.5,36.062445840513924,0,0.0,0.0,0.0,0.0,231.0,4.0,2.8284271247461903,1.0,0.0,Conrad,2,0.5,False,False,False,False,True,False,False,True,380.96,0.0,1,3,1,1.5,331.5880582416361,1,914.0938500355006,True,40.898181818181826
1977,523735,1968-11-27,54.0,F,True,True,canada,ottawa,YOW,45.323,-75.669,2023-01-11,198,9,19.0,0.4444444444444444,140.33333333333334,1.5,29.0,124.0,8.25,0.0,4,3,0.75,0,0.0,3,3,1.0,1123.0466666666666,780.858013747271,0.3,139.011,139.011,3230.129,1,0.3333333333333333,2.0,1.0,0.6666666666666666,1.1547005383792515,Delta Air Lines,2,0.6666666666666666,YOW-EFD,3,0.3333333333333333,2820.0758585894487,494.2177669588226,0.0,4,88.5,28.629821282478638,1,0.25,0.2,12.6,12.6,341.4,6.25,5.251983752196243,2.0,0.816496580927726,Conrad,4,0.25,False,True,False,False,False,False,False,False,3571.529,151.611,3,4,5,3.95,2331.4974657385796,5,6427.274571064106,True,561.5233333333333
1981,523771,1988-04-16,35.0,F,False,True,usa,new york,JFK,40.64,-73.779,2023-01-11,198,8,12.375,0.375,91.875,1.3333333333333333,39.0,119.0,12.0,0.0,3,1,0.3333333333333333,0,0.0,1,1,1.0,455.43,0.0,0.0,0.0,0.0,455.43,0,0.0,2.0,0.0,1.0,0.0,AirTran Airways,1,1.0,JFK-MDW,1,1.0,1174.423089479478,0.0,0.0,3,171.33333333333334,79.72661621650158,0,0.0,0.0,0.0,0.0,514.0,7.333333333333333,6.110100926607787,1.6666666666666667,0.5773502691896257,Banyan Tree,3,0.3333333333333333,False,True,False,True,True,False,False,True,969.43,0.0,3,3,2,2.6500000000000004,843.7930788040458,2,2326.0972307851625,True,227.715
1984,523807,1970-12-05,52.0,F,True,True,usa,san francisco,SFO,37.619,-122.375,2023-01-11,198,8,11.625,0.25,86.25,1.1428571428571428,17.0,17.0,7.5,0.0,2,2,1.0,0,0.0,2,2,1.0,673.595,113.95025778821213,0.0,0.0,0.0,1347.19,0,0.0,1.5,0.7071067811865476,0.0,0.0,United Airlines,1,1.0,SFO-ELP,2,0.5,2872.6109368759926,1809.0091002767276,0.0,2,126.0,25.45584412271571,0,0.0,0.0,0.0,0.0,252.0,4.0,2.8284271247461903,1.5,0.7071067811865476,Hyatt,2,0.5,False,True,False,False,True,False,False,True,1599.19,0.0,4,2,4,3.5,2087.90545015005,5,5755.760751935659,False,449.06333333333333
1989,523845,1980-11-19,42.0,F,False,True,usa,sacramento,MHR,38.554,-121.297,2023-01-11,198,8,14.5,0.625,108.375,1.1428571428571428,8.0,8.0,6.6,0.0,5,2,0.4,0,0.0,4,4,1.0,522.04,326.796521095314,0.15,108.357,108.357,1979.803,1,0.25,1.25,0.5,0.25,0.5,Alaska Airlines,4,0.25,MHR-EFD,4,0.25,2330.9644586611957,1423.101991149544,0.0,3,110.0,56.32051136131489,1,0.3333333333333333,0.05,7.9,7.9,322.1,7.666666666666667,6.027713773341708,1.3333333333333333,0.5773502691896257,Accor,3,0.3333333333333333,False,True,False,False,False,False,False,False,2301.903,116.257,5,5,5,5.0,1202.147542047349,3,3313.978437124531,False,417.63199999999995
1991,523860,1983-08-09,39.0,F,True,True,usa,knoxville,TYS,35.812,-83.993,2023-01-11,198,8,7.875,0.375,57.625,1.6,61.0,127.0,13.666666666666666,0.0,3,1,0.3333333333333333,0,0.0,2,2,1.0,774.165,275.213030305616,0.0,0.0,0.0,1548.33,0,0.0,2.5,2.1213203435596424,0.0,0.0,Southwest Airlines,2,0.5,TYS-SAN,2,0.5,2163.3062044930093,1265.595081936915,0.0,2,105.0,60.81118318204309,1,0.5,0.1,6.2,6.2,203.8,5.0,1.414213562373095,3.0,1.414213562373095,Accor,2,0.5,False,True,False,False,True,False,False,False,1752.13,6.2,2,3,4,2.95,1525.0561331554964,4,4204.145467930234,True,309.666
2023,524251,1974-09-14,48.0,F,True,True,usa,chicago,UGN,42.422,-87.868,2023-01-11,198,9,13.88888888888889,0.3333333333333333,103.11111111111111,1.5,34.0,34.0,5.0,0.0,3,2,0.6666666666666666,0,0.0,2,2,1.0,105.17,14.835100269293767,0.0,0.0,0.0,210.34,0,0.0,1.0,0.0,1.0,0.0,Allegiant Air,2,0.5,UGN-BNA,2,0.5,601.750172897072,149.88545663340565,0.0,3,283.6666666666667,256.231015556925,1,0.3333333333333333,0.15,86.4,86.4,764.6,6.0,4.358898943540674,1.0,0.0,Best Western,3,0.3333333333333333,False,True,False,False,True,False,False,False,974.94,86.4,3,3,2,2.6500000000000004,848.5889896632211,2,2339.3181912894033,False,105.17
2024,524278,1990-12-16,32.0,M,False,True,usa,portland,PWM,43.646,-70.309,2023-01-11,198,8,8.625,0.25,64.375,1.1428571428571428,25.0,52.0,9.5,0.0,2,1,0.5,0,0.0,1,1,1.0,67.26,0.0,0.0,0.0,0.0,67.26,0,0.0,1.0,0.0,1.0,0.0,American Airlines,1,1.0,PWM-JFK,1,1.0,439.8843546563336,0.0,0.0,2,175.0,70.71067811865476,0,0.0,0.0,0.0,0.0,350.0,4.5,2.1213203435596424,1.0,0.0,Conrad,2,0.5,False,True,False,True,True,False,False,True,417.26,0.0,4,2,1,2.45,544.7754351450483,1,1501.7907386568654,False,67.26
2025,524313,1973-03-28,50.0,F,True,False,usa,san diego,SAN,32.733,-117.189,2023-01-11,198,8,23.25,0.25,173.625,1.6,83.0,171.0,9.0,0.0,2,2,1.0,0,0.0,2,2,1.0,1166.855,1219.483425902132,0.0,0.0,0.0,2333.71,0,0.0,2.5,2.1213203435596424,0.5,0.7071067811865476,Delta Air Lines,2,0.5,SAN-DAL,2,0.5,2337.0606616294804,620.7321368676436,0.0,2,210.0,86.2670273047588,0,0.0,0.0,0.0,0.0,420.0,5.5,2.1213203435596424,2.5,2.1213203435596424,Crowne Plaza,2,0.5,False,True,False,False,True,False,False,True,2753.71,0.0,1,2,5,2.65,3595.2489179726576,5,9911.077445589795,True,466.742
2027,524328,1989-12-09,33.0,F,False,True,usa,new york,LGA,40.777,-73.872,2023-01-11,198,8,10.5,0.25,78.75,1.1428571428571428,8.0,72.0,9.0,0.0,2,2,1.0,0,0.0,2,2,1.0,675.475,32.095576798057394,0.0,0.0,0.0,1350.95,0,0.0,1.0,0.0,0.5,0.7071067811865476,Air Canada,2,0.5,LGA-LAX,2,0.5,3944.5405342536396,29.49785966343974,0.0,2,215.5,7.7781745930520225,1,0.5,0.05,11.05,11.05,419.95,4.5,2.1213203435596424,1.0,0.0,Extended Stay,2,0.5,False,True,False,False,True,False,False,False,1770.9,11.05,5,2,4,3.9,2312.090346782261,5,6373.774670678818,False,675.475
2038,524572,1978-11-27,44.0,F,True,True,usa,san antonio,SAT,29.534,-98.47,2023-01-11,198,9,13.11111111111111,0.3333333333333333,97.66666666666667,1.8,64.0,113.0,6.333333333333333,0.0,3,2,0.6666666666666666,0,0.0,2,2,1.0,479.395,55.00583650850153,0.1,44.05,44.05,914.74,1,0.5,1.0,0.0,0.0,0.0,Air Canada,2,0.5,SAT-YTZ,2,0.5,2523.1121538772977,285.5537139836025,0.0,3,138.33333333333334,141.316429806776,0,0.0,0.0,0.0,0.0,415.0,4.333333333333333,2.516611478423583,1.0,0.0,Extended Stay,3,0.3333333333333333,False,True,False,False,False,False,False,True,1329.74,44.05,1,3,3,2.1999999999999997,1157.4073513393353,3,3190.6424720343516,True,479.395
2047,524663,1985-12-21,37.0,F,True,True,usa,new york,JFK,40.64,-73.779,2023-01-11,198,8,10.5,0.125,78.875,1.1428571428571428,7.0,87.0,5.0,0.0,1,1,1.0,0,0.0,1,1,1.0,775.34,0.0,0.0,0.0,0.0,775.34,0,0.0,1.0,0.0,0.0,0.0,American Airlines,1,1.0,JFK-LSQ,1,1.0,3974.209842999768,0.0,0.0,1,32.0,0.0,0,0.0,0.0,0.0,0.0,32.0,5.0,0.0,1.0,0.0,Rosewood,1,1.0,False,True,False,True,True,False,True,True,807.34,0.0,5,1,2,2.95,2108.129223074358,5,5811.511934751636,False,775.34
2057,524821,1996-06-03,27.0,F,True,True,usa,rochester,ROC,43.119,-77.672,2023-01-11,198,8,36.125,0.375,984.375,2.0,108.0,131.0,88.0,146.0,2,1,0.5,1,0.5,2,2,1.0,142.88,0.0,0.0,0.0,0.0,142.88,1,0.5,2.6666666666666665,0.7071067811865476,2.0,0.0,American Airlines,2,0.5,ROC-SAN,2,0.5,424.0163459615513,2259.3740585423984,0.0,1,0.0,0.0,1,1.0,0.0,0.0,0.0,0.0,11.0,0.0,2.0,0.0,Starwood,1,1.0,False,False,False,False,True,True,True,True,142.88,0.0,1,2,1,1.25,186.54439479826607,1,514.2497740959903,True,53.58
2059,524842,1990-04-13,33.0,F,True,True,usa,corpus christi,CRP,27.77,-97.501,2023-01-11,198,9,7.888888888888889,0.1111111111111111,59.333333333333336,1.2857142857142858,22.0,197.0,3.0,0.0,1,0,0.0,0,0.0,0,0,0.0,0.0,0.0,0.0,0.0,0.0,0.0,0,0.0,0.0,0.0,0.0,0.0,MISSING,0,0.0,MISSING,0,0.0,0.0,0.0,0.0,1,148.0,0.0,1,1.0,0.1,14.8,14.8,133.2,14.0,0.0,2.0,0.0,InterContinental,1,1.0,False,True,True,False,True,False,True,False,133.2,14.8,4,1,1,2.2,347.8123374458152,1,958.8195676033863,True,
2060,524849,1973-11-15,49.0,F,True,True,canada,edmonton,YEG,53.31,-113.58,2023-01-11,198,8,14.75,0.375,109.375,1.1428571428571428,12.0,33.0,11.0,0.0,3,2,0.6666666666666666,0,0.0,2,2,1.0,529.595,197.261578747611,0.0,0.0,0.0,1059.19,0,0.0,1.0,0.0,0.5,0.7071067811865476,Allegiant Air,2,0.5,YEG-JFK,2,0.5,2743.241029820584,755.1858458909664,0.0,3,142.66666666666666,69.17610377387074,2,0.6666666666666666,0.125,13.7,27.4,400.6,6.666666666666667,4.725815626252609,1.3333333333333333,0.5773502691896257,Extended Stay,2,0.6666666666666666,False,True,False,False,True,False,False,False,1459.79,27.4,5,3,3,3.8,1270.6030332332998,3,3502.69073221158,False,529.595
2066,524913,2002-11-21,20.0,F,True,False,canada,toronto,YTZ,43.627,-79.396,2023-01-11,198,9,10.666666666666666,0.1111111111111111,78.66666666666667,1.5,31.0,191.0,20.0,0.0,1,0,0.0,0,0.0,0,0,0.0,0.0,0.0,0.0,0.0,0.0,0.0,0,0.0,0.0,0.0,0.0,0.0,MISSING,0,0.0,MISSING,0,0.0,0.0,0.0,0.0,1,409.0,0.0,0,0.0,0.0,0.0,0.0,409.0,8.0,0.0,3.0,0.0,Radisson,1,1.0,False,True,True,False,True,False,True,True,409.0,0.0,3,1,1,1.8000000000000003,1067.9823274424807,3,2944.1231467701577,True,
2070,524940,1998-01-11,25.0,F,True,True,usa,houston,HOU,29.645,-95.279,2023-01-11,198,8,14.0,0.125,104.625,4.0,151.0,193.0,3.0,0.0,1,0,0.0,0,0.0,0,0,0.0,0.0,0.0,0.0,0.0,0.0,0.0,0,0.0,0.0,0.0,0.0,0.0,MISSING,0,0.0,MISSING,0,0.0,0.0,0.0,0.0,1,617.0,0.0,0,0.0,0.0,0.0,0.0,617.0,4.0,0.0,1.0,0.0,Four Seasons,1,1.0,False,True,True,False,True,False,True,True,617.0,0.0,1,1,2,1.35,1611.1127042347448,4,4441.378928012683,True,
2077,525081,1967-09-21,55.0,F,True,True,usa,anchorage,ANC,61.174,-149.996,2023-01-12,197,9,12.777777777777779,0.4444444444444444,95.22222222222223,1.5,56.0,131.0,8.75,0.0,4,1,0.25,0,0.0,1,1,1.0,956.27,0.0,0.05,47.8135,47.8135,908.4565,1,1.0,1.0,0.0,0.0,0.0,American Airlines,1,1.0,ANC-YMX,1,1.0,5036.482202249275,0.0,1.0,4,108.75,24.267605293202433,1,0.25,0.1,8.8,8.8,426.2,9.0,6.683312551921141,1.5,0.5773502691896257,Accor,4,0.25,False,True,False,True,False,False,False,False,1334.6565,56.6135,2,4,3,2.8499999999999996,871.2650092947649,2,2401.8295199494164,True,956.27
2079,525102,1987-02-05,36.0,F,False,True,usa,st. louis,STL,38.748,-90.36,2023-01-12,197,8,22.25,0.625,165.625,1.3333333333333333,37.0,37.0,9.4,0.0,5,4,0.8,0,0.0,4,3,0.75,352.8225,143.221137493737,0.2,83.842,83.842,1327.448,1,0.25,1.0,0.0,0.5,0.5773502691896257,Alaska Airlines,4,0.25,STL-LSQ,3,0.5,2281.567201582727,566.4710192677816,0.0,5,180.4,103.69811955865,1,0.2,0.15,44.7,44.7,857.3,10.4,13.183322798141598,1.2,0.4472135954999579,Best Western,4,0.4,False,True,False,False,False,False,False,False,2184.748,128.542,3,5,4,3.85,1140.9644273424476,3,3145.314013036582,False,352.8225
2097,525389,1987-04-26,36.0,F,False,False,usa,corpus christi,CRP,27.77,-97.501,2023-01-12,197,9,12.11111111111111,0.2222222222222222,90.55555555555556,1.8,67.0,102.0,7.5,0.0,2,2,1.0,0,0.0,2,2,1.0,305.445,18.151431073058674,0.0,0.0,0.0,610.89,0,0.0,2.0,1.414213562373095,0.0,0.0,Southwest Airlines,1,1.0,CRP-DAL,2,0.5,1180.001419296426,865.5579736902469,0.0,2,87.0,1.414213562373095,1,0.5,0.05,4.3,4.3,169.7,4.5,0.7071067811865476,2.0,1.414213562373095,Conrad,2,0.5,False,True,False,False,True,False,False,False,780.59,4.3,1,2,2,1.6,1019.1397615871957,2,2809.4781016348625,True,152.7225
2100,525415,1986-05-05,37.0,F,True,True,canada,edmonton,YED,53.667,-113.467,2023-01-12,197,9,16.77777777777778,0.3333333333333333,124.22222222222223,1.5,42.0,67.0,11.0,0.0,3,3,1.0,0,0.0,3,3,1.0,444.8666666666667,101.06572234607208,0.0,0.0,0.0,1334.6,0,0.0,1.0,0.0,0.3333333333333333,0.5773502691896257,Air Canada,3,0.3333333333333333,YED-LAS,3,0.3333333333333333,2564.5905651503167,551.615223553191,0.0,3,104.66666666666667,38.00438571182717,1,0.3333333333333333,0.15,21.45,21.45,292.55,4.0,2.0,1.0,0.0,InterContinental,3,0.3333333333333333,False,True,False,False,True,False,False,False,1627.15,21.45,2,3,4,2.95,1416.2733855729687,4,3904.2624109756007,False,444.8666666666667
2102,525488,1995-11-04,27.0,F,False,True,usa,long beach,LGB,33.818,-118.151,2023-01-12,197,10,33.0,0.3,816.4,1.6666666666666667,46.0,122.0,103.0,121.0,2,1,0.5,1,0.5,2,2,1.0,1538.87,0.0,0.0,0.0,0.0,1538.87,1,0.5,1.3333333333333333,0.7071067811865476,0.0,0.0,SunExpress,2,0.5,LGB-AYT,2,0.5,3958.2213244582167,5346.023057080271,0.0,1,116.0,0.0,0,0.0,0.0,0.0,0.0,116.0,5.0,0.0,2.0,0.0,Aman Resorts,1,1.0,False,False,False,False,True,False,True,True,1654.87,0.0,2,2,4,2.7,2160.6013621207067,5,5956.162679578889,True,1154.1525
2103,525515,1991-02-26,32.0,F,False,True,canada,toronto,YTZ,43.627,-79.396,2023-01-12,197,8,18.625,0.5,138.5,1.3333333333333333,38.0,71.0,6.75,0.0,4,4,1.0,0,0.0,4,4,1.0,123.6125,58.190435282212256,0.0,0.0,0.0,494.45,0,0.0,1.25,0.5,0.75,0.9574271077563381,Aerolineas Argentinas,4,0.25,YTZ-JFK,4,0.25,587.145099190459,90.34992632144318,0.0,4,132.5,64.95382975621992,1,0.25,0.05,9.75,9.75,520.25,4.0,4.08248290463863,1.25,0.5,Extended Stay,3,0.5,False,True,False,False,True,False,False,False,1014.7,9.75,3,4,2,2.9000000000000004,662.3971073691231,1,1826.0401937822003,False,98.89
2105,525546,1979-01-06,44.0,F,True,True,usa,cincinnati,LUK,39.103,-84.419,2023-01-12,197,8,20.25,0.75,149.25,1.1428571428571428,8.0,8.0,7.666666666666667,0.0,6,4,0.6666666666666666,0,0.0,4,3,0.75,242.86,109.648405673164,0.0,0.0,0.0,971.44,0,0.0,1.0,0.0,0.5,0.5773502691896257,American Airlines,4,0.25,LUK-DEN,4,0.25,1471.5358183065782,371.63521318010737,0.0,6,141.66666666666666,41.01056774377388,1,0.16666666666666666,0.05,4.5,4.5,845.5,6.166666666666667,3.8166302763912916,1.1666666666666667,0.408248290463863,Banyan Tree,6,0.16666666666666666,False,True,False,False,True,False,False,False,1816.94,4.5,5,5,4,4.65,790.7334189174169,2,2179.826858309931,False,242.86
2117,525734,1989-04-04,34.0,F,False,True,usa,houston,HOU,29.645,-95.279,2023-01-12,197,8,15.25,0.25,113.5,1.6,74.0,143.0,6.5,0.0,2,1,0.5,0,0.0,1,1,1.0,231.85,0.0,0.0,0.0,0.0,231.85,0,0.0,1.0,0.0,1.0,0.0,JetBlue Airways,1,1.0,HOU-JAX,1,1.0,1310.4714314608673,0.0,0.0,2,176.0,22.627416997969522,0,0.0,0.0,0.0,0.0,352.0,4.5,0.7071067811865476,1.0,0.0,Accor,2,0.5,False,True,False,True,True,False,False,True,583.85,0.0,1,2,1,1.25,762.2756502167389,2,2101.3768939385777,True,231.85
2122,525806,1985-10-14,37.0,F,False,True,usa,lincoln,LNK,40.851,-96.759,2023-01-12,197,8,16.375,0.25,121.5,1.6,83.0,83.0,7.0,0.0,2,1,0.5,0,0.0,2,2,1.0,208.695,27.75394116157199,0.0,0.0,0.0,417.39,0,0.0,1.0,0.0,0.5,0.7071067811865476,Delta Air Lines,1,1.0,LNK-CMH,2,0.5,1165.431382804375,15.520512764665192,0.0,1,214.0,0.0,0,0.0,0.0,0.0,0.0,214.0,9.0,0.0,1.0,0.0,Best Western,1,1.0,False,True,False,False,True,False,True,True,631.39,0.0,1,2,2,1.6,824.3439629876625,2,2272.481557016149,False,208.695
2123,525824,1985-02-15,38.0,F,True,False,usa,detroit,YIP,42.238,-83.53,2023-01-12,197,9,13.333333333333334,0.2222222222222222,100.11111111111111,1.8,85.0,124.0,6.5,0.0,2,1,0.5,0,0.0,2,2,1.0,690.84,511.266487069121,0.2,65.864,65.864,1315.816,1,0.5,1.5,0.7071067811865476,1.0,0.0,Delta Air Lines,2,0.5,YIP-DEN,2,0.5,2290.561012130231,711.5228289429471,0.0,1,269.0,0.0,0,0.0,0.0,0.0,0.0,269.0,9.0,0.0,2.0,0.0,Conrad,1,1.0,False,True,False,False,False,False,True,True,1584.816,65.864,1,2,4,2.3,2069.1387289096365,5,5704.0262456866685,True,460.56
2126,525848,1965-06-09,58.0,F,True,True,usa,new york,LGA,40.777,-73.872,2023-01-12,197,9,10.11111111111111,0.1111111111111111,74.11111111111111,1.8,80.0,193.0,4.0,0.0,1,0,0.0,0,0.0,0,0,0.0,0.0,0.0,0.0,0.0,0.0,0.0,0,0.0,0.0,0.0,0.0,0.0,MISSING,0,0.0,MISSING,0,0.0,0.0,0.0,0.0,1,93.0,0.0,0,0.0,0.0,0.0,0.0,93.0,9.0,0.0,2.0,0.0,Accor,1,1.0,False,True,True,False,True,False,True,True,93.0,0.0,1,1,1,1.0,242.8419473157719,1,669.4460944978598,True,
2128,525879,1985-05-13,38.0,F,False,True,usa,new york,LGA,40.777,-73.872,2023-01-12,197,8,15.0,0.5,112.5,1.3333333333333333,27.0,57.0,9.0,0.0,4,4,1.0,0,0.0,4,3,0.75,163.0525,68.54754086277154,0.0,0.0,0.0,652.21,0,0.0,1.0,0.0,1.0,0.816496580927726,Delta Air Lines,3,0.5,LGA-JAX,4,0.25,1065.838644405512,384.00555362588153,0.0,4,224.5,53.36977921383349,0,0.0,0.0,0.0,0.0,898.0,4.25,3.304037933599835,1.0,0.0,Banyan Tree,4,0.25,False,True,False,False,True,False,False,True,1550.21,0.0,3,4,4,3.6,1011.978535345115,2,2789.7366401922777,False,163.0525
2129,525920,1980-08-15,42.0,M,False,False,usa,madison,MSN,43.14,-89.337,2023-01-12,197,7,15.142857142857142,0.5714285714285714,113.28571428571429,1.4,62.0,62.0,7.5,0.0,4,1,0.25,0,0.0,2,2,1.0,618.6,338.576868967743,0.0,0.0,0.0,1237.2,0,0.0,2.5,2.1213203435596424,1.5,0.7071067811865476,Delta Air Lines,2,0.5,MSN-IAD,2,0.5,1625.3736357535254,692.6688784481843,0.0,3,136.66666666666666,34.07834111768549,0,0.0,0.0,0.0,0.0,410.0,4.333333333333333,2.516611478423583,2.3333333333333335,1.5275252316519468,Aman Resorts,3,0.3333333333333333,False,True,False,False,True,False,False,True,1647.2,0.0,2,4,4,3.2,1075.2936978992998,3,2964.278513056115,False,247.44
2138,526144,1981-02-06,42.0,F,False,True,usa,chicago,MDW,41.786,-87.752,2023-01-12,197,8,18.75,0.625,139.875,1.3333333333333333,27.0,27.0,8.0,0.0,5,4,0.8,0,0.0,5,5,1.0,363.3,89.44737698781334,0.075,31.71825,63.4365,1753.0635,2,0.4,1.2,0.4472135954999579,0.6,0.5477225575051661,American Airlines,5,0.2,MDW-AUS,5,0.2,1764.9713160903345,350.0756977354112,0.0,4,283.5,332.359744854879,1,0.25,0.05,39.05,39.05,1094.95,4.25,3.2015621187164243,1.25,0.5,Best Western,3,0.5,False,True,False,False,False,False,False,False,2848.0135,102.4865,3,5,5,4.2,1487.348697465822,4,4100.196805703615,False,302.75
2143,526203,1990-11-19,32.0,F,True,True,usa,new york,LGA,40.777,-73.872,2023-01-12,197,9,43.111111111111114,0.5555555555555556,383.4486988888889,1.2857142857142858,15.0,15.0,9.25,3.0,4,3,0.75,1,0.25,4,4,1.0,230.19666666666666,226.673224341415,0.1,47.642,47.642,642.948,2,0.5,1.0,0.0,1.0,0.816496580927726,Delta Air Lines,3,0.5,LGA-BOS,4,0.25,1219.0644852067799,1048.5338679675021,0.0,3,124.0,18.384776310850235,1,0.3333333333333333,0.0,0.0,0.0,248.0,7.333333333333333,3.0550504633038935,1.0,0.0,Aman Resorts,3,0.3333333333333333,False,False,False,False,False,False,False,True,890.948,47.642,5,4,2,3.7,581.6116862287429,1,1603.3377930125787,False,230.19666666666666
2147,526239,1986-10-09,36.0,F,True,True,usa,oakland,OAK,37.721,-122.221,2023-01-12,197,9,10.555555555555555,0.2222222222222222,79.33333333333333,1.2857142857142858,7.0,7.0,15.0,0.0,2,1,0.5,0,0.0,1,1,1.0,628.62,0.0,0.0,0.0,0.0,628.62,0,0.0,1.0,0.0,1.0,0.0,United Airlines,1,1.0,OAK-YZD,1,1.0,3629.6201967710085,0.0,0.0,2,76.0,2.8284271247461903,0,0.0,0.0,0.0,0.0,152.0,10.5,3.5355339059327378,1.0,0.0,Accor,2,0.5,False,True,False,True,True,False,False,True,780.62,0.0,5,2,2,3.2,1019.1789296432144,2,2809.5860768113944,False,628.62
2152,526303,2002-03-19,21.0,F,True,True,usa,mobile,MOB,30.691,-88.243,2023-01-12,197,8,14.125,0.25,105.125,1.1428571428571428,17.0,156.0,6.0,0.0,2,0,0.0,0,0.0,0,0,0.0,0.0,0.0,0.0,0.0,0.0,0.0,0,0.0,0.0,0.0,0.0,0.0,MISSING,0,0.0,MISSING,0,0.0,0.0,0.0,0.0,2,228.0,142.835569799683,0,0.0,0.0,0.0,0.0,456.0,7.0,2.8284271247461903,1.0,0.0,Marriott,2,0.5,False,True,True,False,True,False,False,True,456.0,0.0,4,2,1,2.45,595.3544514838279,1,1641.2226832850758,True,
2156,526365,1995-05-08,28.0,F,False,False,usa,nashville,BNA,36.124,-86.678,2023-01-12,197,7,15.714285714285714,0.2857142857142857,118.57142857142857,1.75,112.0,126.0,7.0,0.0,2,2,1.0,0,0.0,2,2,1.0,457.05,287.933881299162,0.0,0.0,0.0,914.1,0,0.0,2.5,0.7071067811865476,1.0,0.0,AirTran Airways,2,0.5,BNA-JFK,2,0.5,933.076455886291,419.5896424883957,0.0,2,113.0,49.49747468305833,0,0.0,0.0,0.0,0.0,226.0,5.5,2.1213203435596424,2.5,0.7071067811865476,Hilton,2,0.5,False,True,False,False,True,False,False,True,1140.1,0.0,1,2,3,1.9499999999999997,1488.5166888962985,4,4103.416625467796,True,182.82
2158,526372,1976-10-22,46.0,F,False,True,usa,colorado springs,COS,38.806,-104.7,2023-01-12,197,8,15.75,0.25,119.125,1.3333333333333333,29.0,123.0,11.5,0.0,2,2,1.0,0,0.0,2,2,1.0,338.9,145.7064233313,0.0,0.0,0.0,677.8,0,0.0,1.0,0.0,0.5,0.7071067811865476,Allegiant Air,2,0.5,COS-JFK,2,0.5,2256.258059909025,540.9118024608626,0.0,2,69.0,26.870057685088806,0,0.0,0.0,0.0,0.0,138.0,7.5,0.7071067811865476,1.0,0.0,Extended Stay,2,0.5,False,True,False,False,True,False,False,True,815.8,0.0,3,2,2,2.4000000000000004,1065.1100033344446,3,2936.204967157817,True,338.9
2173,526668,1985-08-20,37.0,M,False,True,usa,san jose,SJC,37.362,-121.929,2023-01-12,197,8,17.125,0.375,126.875,1.6,86.0,86.0,9.0,0.0,3,3,1.0,0,0.0,3,3,1.0,530.99,129.19813195244,0.0,0.0,0.0,1592.97,0,0.0,1.0,0.0,0.3333333333333333,0.5773502691896257,American Airlines,3,0.3333333333333333,SJC-AUS,3,0.3333333333333333,3022.7636571087205,923.3691900163425,0.0,3,70.33333333333333,29.737742572921256,0,0.0,0.0,0.0,0.0,211.0,4.666666666666667,3.0550504633038935,1.0,0.0,Best Western,3,0.3333333333333333,False,True,False,False,True,False,False,True,1803.97,0.0,1,3,4,2.55,1570.1777336890075,4,4328.532871294998,False,530.99
2176,526690,2001-07-12,22.0,F,False,True,usa,cleveland,CLE,41.412,-81.85,2023-01-12,197,8,21.875,0.25,162.0,1.3333333333333333,46.0,61.0,8.5,0.0,2,2,1.0,0,0.0,2,2,1.0,190.95,52.4107546215469,0.0,0.0,0.0,381.9,0,0.0,1.0,0.0,1.0,0.0,Delta Air Lines,2,0.5,CLE-LRF,2,0.5,1016.4535031312863,279.5328758428701,0.0,2,300.0,275.771644662754,0,0.0,0.0,0.0,0.0,600.0,4.0,0.0,1.0,0.0,Hilton,2,0.5,False,True,False,False,True,False,False,True,981.9,0.0,2,2,2,2.0,1281.9704734911636,3,3534.0275278895083,False,190.95
2181,526759,1979-12-28,43.0,F,True,False,usa,washington,IAD,38.944,-77.456,2023-01-12,197,8,9.75,0.125,72.875,1.3333333333333333,44.0,176.0,8.0,0.0,1,1,1.0,0,0.0,1,1,1.0,209.51,0.0,0.05,10.4755,10.4755,199.0345,1,1.0,2.0,0.0,1.0,0.0,United Airlines,1,1.0,IAD-DET,1,1.0,606.2443471795627,0.0,0.0,1,191.0,0.0,0,0.0,0.0,0.0,0.0,191.0,4.0,0.0,2.0,0.0,Radisson,1,1.0,False,True,False,True,False,False,True,True,390.0345,10.4755,2,1,1,1.4,1018.459543014338,2,2807.6029327357583,True,104.755
2199,527001,1959-04-09,64.0,F,False,True,usa,indianapolis,IND,39.717,-86.294,2023-01-12,197,8,9.875,0.125,74.5,1.3333333333333333,27.0,159.0,7.0,0.0,1,0,0.0,0,0.0,0,0,0.0,0.0,0.0,0.0,0.0,0.0,0.0,0,0.0,0.0,0.0,0.0,0.0,MISSING,0,0.0,MISSING,0,0.0,0.0,0.0,0.0,1,89.0,0.0,0,0.0,0.0,0.0,0.0,89.0,16.0,0.0,1.0,0.0,Conrad,1,1.0,False,True,True,False,True,False,True,True,89.0,0.0,3,1,1,1.8000000000000003,232.39713237745914,1,640.6527140893497,True,
2201,527019,2003-11-05,19.0,F,False,False,usa,dallas,DAL,32.847,-96.852,2023-01-12,197,8,13.375,0.25,100.125,1.1428571428571428,7.0,151.0,7.5,0.0,2,1,0.5,0,0.0,1,1,1.0,72.66,0.0,0.0,0.0,0.0,72.66,0,0.0,1.0,0.0,1.0,0.0,Delta Air Lines,1,1.0,DAL-SKF,1,1.0,393.10957526430155,0.0,0.0,2,264.5,65.76093065034893,2,1.0,0.075,18.675,37.35,491.65,4.5,3.5355339059327378,2.0,1.414213562373095,Accor,2,0.5,False,True,False,True,True,False,False,False,564.31,37.35,5,2,1,2.85,736.7641897299098,1,2031.0490622907917,True,72.66
2203,527046,1984-01-07,39.0,F,True,True,usa,newark,EWR,40.692,-74.169,2023-01-12,197,9,16.555555555555557,0.3333333333333333,122.0,1.5,37.0,37.0,5.666666666666667,0.0,3,3,1.0,0,0.0,3,2,0.6666666666666666,446.1,426.2430258667,0.0,0.0,0.0,1338.3,0,0.0,1.3333333333333333,0.5773502691896257,0.3333333333333333,0.5773502691896257,Air New Zealand,3,0.3333333333333333,EWR-HLZ,3,0.3333333333333333,1704.5193831706176,1024.4589751492238,0.0,3,197.0,104.53229166147655,1,0.3333333333333333,0.05,15.0,15.0,576.0,4.0,2.0,1.3333333333333333,0.5773502691896257,Best Western,2,0.6666666666666666,False,True,False,False,True,False,False,False,1914.3,15.0,3,3,4,3.35,1666.2091030343447,4,4593.264009667574,False,334.57500000000005
2204,527075,1970-03-25,53.0,M,True,True,canada,edmonton,YXD,53.573,-113.521,2023-01-12,197,8,21.5,0.375,159.625,1.1428571428571428,9.0,9.0,9.333333333333334,0.0,3,3,1.0,0,0.0,3,1,0.3333333333333333,530.79,456.613191662265,0.0,0.0,0.0,1592.37,0,0.0,1.3333333333333333,0.5773502691896257,1.0,1.0,Allegiant Air,3,0.3333333333333333,YXD-LAX,3,0.3333333333333333,2864.6984433387565,706.857610127247,0.0,3,163.0,91.16468614545876,0,0.0,0.0,0.0,0.0,489.0,4.666666666666667,2.516611478423583,1.3333333333333333,0.5773502691896257,Aman Resorts,3,0.3333333333333333,False,True,False,False,True,False,False,True,2081.37,0.0,5,3,4,4.15,1811.6270390130042,5,4994.139848405056,False,398.0925
2227,527359,1987-10-06,35.0,F,True,True,usa,fort worth,FTW,32.82,-97.362,2023-01-13,196,8,8.75,0.125,64.625,1.3333333333333333,30.0,155.0,8.0,0.0,1,1,1.0,0,0.0,1,1,1.0,460.36,0.0,0.0,0.0,0.0,460.36,0,0.0,1.0,0.0,1.0,0.0,Delta Air Lines,1,1.0,FTW-YHU,1,1.0,2485.396101366163,0.0,0.0,1,138.0,0.0,0,0.0,0.0,0.0,0.0,138.0,4.0,0.0,1.0,0.0,Crowne Plaza,1,1.0,False,True,False,True,True,False,True,True,598.36,0.0,3,1,1,1.8000000000000003,1562.4398666222073,4,4307.201775309026,True,460.36
2236,527452,1980-12-26,42.0,M,False,False,usa,new orleans,MSY,29.993,-90.258,2023-01-13,196,8,12.375,0.25,92.0,1.6,87.0,124.0,10.0,0.0,2,2,1.0,0,0.0,2,2,1.0,531.06,306.997480119951,0.15,47.097,47.097,1015.023,1,0.5,2.0,1.414213562373095,0.0,0.0,JetBlue Airways,2,0.5,MSY-BIF,2,0.5,1725.8694518449274,248.41438310749461,0.0,2,104.0,9.899494936611665,1,0.5,0.05,4.85,4.85,203.15,5.0,0.0,2.0,1.414213562373095,Choice Hotels,2,0.5,False,True,False,False,False,False,False,False,1218.173,51.947,1,2,3,1.9499999999999997,1590.4489434811603,4,4384.414824046997,True,265.53
2240,527470,1992-10-03,30.0,F,False,True,usa,wichita,IAB,37.623,-97.267,2023-01-13,196,8,18.25,0.25,136.875,2.6666666666666665,128.0,128.0,6.5,0.0,2,1,0.5,0,0.0,1,1,1.0,320.44,0.0,0.0,0.0,0.0,320.44,0,0.0,1.0,0.0,1.0,0.0,United Airlines,1,1.0,IAB-LSV,1,1.0,1598.1298912091975,0.0,0.0,2,98.5,37.476659402887016,0,0.0,0.0,0.0,0.0,197.0,9.5,4.949747468305833,1.5,0.7071067811865476,Fairmont,2,0.5,False,True,False,True,True,False,False,True,517.44,0.0,1,2,1,1.25,675.57063021007,1,1862.3558448224335,True,320.44
2242,527507,1980-12-18,42.0,M,True,True,usa,san francisco,SFO,37.619,-122.375,2023-01-13,196,8,18.75,0.5,139.875,1.3333333333333333,50.0,50.0,9.25,0.0,4,2,0.5,0,0.0,3,3,1.0,788.17,46.990995946032044,0.0,0.0,0.0,2364.51,0,0.0,1.0,0.0,0.6666666666666666,0.5773502691896257,Air Canada,3,0.3333333333333333,SFO-IAD,3,0.3333333333333333,4105.092783015087,165.7479253303939,0.0,3,265.3333333333333,171.570199432574,2,0.6666666666666666,0.175,58.8,117.6,678.4,8.333333333333334,8.504900548115382,1.0,0.0,Banyan Tree,3,0.3333333333333333,False,True,False,False,True,False,False,False,3042.91,117.6,2,4,5,3.55,1986.414488996332,5,5475.979073678717,False,788.17
2245,527524,1998-12-24,24.0,F,False,False,canada,halifax,YHZ,44.881,-63.509,2023-01-13,196,8,20.0,0.125,147.625,1.6,61.0,193.0,11.0,0.0,1,0,0.0,0,0.0,0,0,0.0,0.0,0.0,0.0,0.0,0.0,0.0,0,0.0,0.0,0.0,0.0,0.0,MISSING,0,0.0,MISSING,0,0.0,0.0,0.0,0.0,1,237.0,0.0,0,0.0,0.0,0.0,0.0,237.0,8.0,0.0,2.0,0.0,Fairmont,1,1.0,False,True,True,False,True,False,True,True,237.0,0.0,2,1,1,1.4,618.8552850950316,1,1706.0077892042234,True,
2248,527552,1966-09-18,56.0,F,True,True,usa,portland,PDX,45.589,-122.597,2023-01-13,196,9,10.88888888888889,0.1111111111111111,82.11111111111111,3.0,129.0,129.0,3.0,0.0,1,0,0.0,0,0.0,0,0,0.0,0.0,0.0,0.0,0.0,0.0,0.0,0,0.0,0.0,0.0,0.0,0.0,MISSING,0,0.0,MISSING,0,0.0,0.0,0.0,0.0,1,100.0,0.0,0,0.0,0.0,0.0,0.0,100.0,7.0,0.0,1.0,0.0,NH Hotel,1,1.0,False,True,True,False,True,False,True,True,100.0,0.0,1,1,1,1.0,261.12037345781926,1,719.8345102127525,True,
2249,527560,1969-12-03,53.0,F,False,True,usa,winston-salem,INT,36.134,-80.222,2023-01-13,196,8,8.375,0.25,62.375,2.0,90.0,133.0,12.5,0.0,2,0,0.0,0,0.0,0,0,0.0,0.0,0.0,0.0,0.0,0.0,0.0,0,0.0,0.0,0.0,0.0,0.0,MISSING,0,0.0,MISSING,0,0.0,0.0,0.0,0.0,2,129.5,50.204581464244875,0,0.0,0.0,0.0,0.0,259.0,5.5,2.1213203435596424,1.0,0.0,Hyatt,2,0.5,False,True,True,False,True,False,False,True,259.0,0.0,1,2,1,1.25,338.15088362787594,1,932.1856907255145,True,
2257,527750,1981-01-07,42.0,F,True,True,usa,new york,JFK,40.64,-73.779,2023-01-13,196,8,16.75,0.25,122.75,1.3333333333333333,27.0,27.0,6.5,0.0,2,0,0.0,0,0.0,0,0,0.0,0.0,0.0,0.0,0.0,0.0,0.0,0,0.0,0.0,0.0,0.0,0.0,MISSING,0,0.0,MISSING,0,0.0,0.0,0.0,0.0,2,277.0,12.727922061357855,0,0.0,0.0,0.0,0.0,554.0,7.0,0.0,1.5,0.7071067811865476,Hilton,2,0.5,False,True,True,False,True,False,False,True,554.0,0.0,3,2,1,2.0500000000000003,723.3034344781594,1,1993.9415932893246,False,
2258,527782,1982-10-09,40.0,F,False,True,usa,memphis,MEM,35.042,-89.977,2023-01-13,196,8,38.25,0.625,833.582515875,1.1428571428571428,8.0,8.0,7.25,7.0,4,2,0.5,1,0.25,3,3,1.0,508.405,35.89981128084102,0.0,0.0,0.0,1016.81,1,0.3333333333333333,1.0,0.0,0.3333333333333333,0.5773502691896257,Finnair,3,0.3333333333333333,MEM-SFO,1,1.0,2901.914303986615,2.6254850544756925e-13,0.0,3,197.5,41.71930009000631,1,0.3333333333333333,0.0,0.0,0.0,395.0,4.0,2.6457513110645907,1.0,0.0,Crowne Plaza,3,0.3333333333333333,False,False,False,False,True,False,False,True,1411.81,0.0,5,4,3,4.05,921.6308861287096,2,2540.6738996586655,False,508.405
2262,527850,1986-05-11,37.0,M,True,True,usa,san antonio,SKF,29.384,-98.581,2023-01-13,196,8,24.25,0.625,179.75,1.1428571428571428,26.0,26.0,6.0,0.0,5,3,0.6,0,0.0,3,3,1.0,465.11,35.70512708281543,0.25,125.05,125.05,1270.28,1,0.3333333333333333,1.0,0.0,0.6666666666666666,0.5773502691896257,American Airlines,3,0.3333333333333333,SKF-LGA,3,0.3333333333333333,2754.135493749807,194.5564734966565,0.0,5,258.8,182.440949350742,2,0.4,0.125,51.725,103.45,1190.55,5.2,2.7748873851023217,1.0,0.0,Banyan Tree,5,0.2,False,True,False,False,False,False,False,False,2460.83,228.5,4,5,5,4.6,1285.1456972324108,3,3542.780715533696,False,465.11
2263,527857,1982-05-21,41.0,M,True,True,usa,winston-salem,INT,36.134,-80.222,2023-01-13,196,8,10.25,0.125,77.0,1.1428571428571428,19.0,19.0,6.0,0.0,1,0,0.0,0,0.0,0,0,0.0,0.0,0.0,0.0,0.0,0.0,0.0,0,0.0,0.0,0.0,0.0,0.0,MISSING,0,0.0,MISSING,0,0.0,0.0,0.0,0.0,1,390.0,0.0,0,0.0,0.0,0.0,0.0,390.0,14.0,0.0,1.0,0.0,Starwood,1,1.0,False,True,True,False,True,False,True,True,390.0,0.0,4,1,1,2.2,1018.3694564854951,2,2807.354589829735,False,
2277,528122,1986-01-18,37.0,F,False,True,canada,toronto,YYZ,43.677,-79.631,2023-01-13,196,7,25.285714285714285,0.5714285714285714,187.42857142857142,1.1666666666666667,35.0,35.0,7.25,0.0,4,4,1.0,0,0.0,4,4,1.0,245.7825,329.543090391833,0.0,0.0,0.0,983.13,0,0.0,1.25,0.5,0.75,0.5,Ryanair,3,0.5,YYZ-BWI,4,0.25,1234.82777538469,1511.067360029395,0.0,4,279.0,186.05196406739,1,0.25,0.1,21.2,21.2,1094.8,4.0,4.69041575982343,1.25,0.5,Extended Stay,4,0.25,False,True,False,False,True,False,False,False,2077.93,21.2,3,4,4,3.6,1356.4746440480158,4,3739.4143095159616,False,196.626
2279,528139,1997-08-06,25.0,F,False,True,usa,corpus christi,CRP,27.77,-97.501,2023-01-13,196,8,12.875,0.125,96.75,1.6,63.0,192.0,5.0,0.0,1,0,0.0,0,0.0,0,0,0.0,0.0,0.0,0.0,0.0,0.0,0.0,0,0.0,0.0,0.0,0.0,0.0,MISSING,0,0.0,MISSING,0,0.0,0.0,0.0,0.0,1,312.0,0.0,0,0.0,0.0,0.0,0.0,312.0,9.0,0.0,1.0,0.0,Choice Hotels,1,1.0,False,True,True,False,True,False,True,True,312.0,0.0,2,1,1,1.4,814.6955651883961,2,2245.883671863788,True,
2282,528179,1990-11-08,32.0,F,True,True,usa,columbus,LCK,39.814,-82.928,2023-01-13,196,8,26.25,0.25,194.75,2.6666666666666665,128.0,128.0,8.0,0.0,2,0,0.0,0,0.0,0,0,0.0,0.0,0.0,0.0,0.0,0.0,0.0,0,0.0,0.0,0.0,0.0,0.0,MISSING,0,0.0,MISSING,0,0.0,0.0,0.0,0.0,2,178.5,127.986327394765,0,0.0,0.0,0.0,0.0,357.0,10.5,10.606601717798213,1.5,0.7071067811865476,Accor,2,0.5,False,True,True,False,True,False,False,True,357.0,0.0,1,2,1,1.25,466.0998666222074,1,1284.9046007297634,True,
2292,528354,1969-06-19,54.0,M,True,True,canada,windsor,YQG,42.276,-82.956,2023-01-13,196,8,25.875,0.375,193.125,1.1428571428571428,11.0,61.0,8.333333333333334,0.0,3,3,1.0,0,0.0,3,3,1.0,405.36333333333334,241.309928584245,0.0,0.0,0.0,1216.09,0,0.0,1.0,0.0,0.6666666666666666,1.1547005383792515,Alaska Airlines,3,0.3333333333333333,YQG-PHX,3,0.3333333333333333,2206.934004251709,1323.7364274380654,0.0,3,98.33333333333333,36.29508690350986,1,0.3333333333333333,0.3,19.5,19.5,275.5,4.0,2.6457513110645907,1.0,0.0,Wyndham,2,0.6666666666666666,False,True,False,False,True,False,False,False,1491.59,19.5,5,3,3,3.8,1298.2817928198288,3,3578.9931902941316,False,405.36333333333334
2293,528372,1999-05-07,24.0,F,False,True,usa,san antonio,SAT,29.534,-98.47,2023-01-13,196,8,10.875,0.125,80.375,1.6,69.0,195.0,3.0,0.0,1,0,0.0,0,0.0,0,0,0.0,0.0,0.0,0.0,0.0,0.0,0.0,0,0.0,0.0,0.0,0.0,0.0,MISSING,0,0.0,MISSING,0,0.0,0.0,0.0,0.0,1,171.0,0.0,0,0.0,0.0,0.0,0.0,171.0,11.0,0.0,1.0,0.0,Hilton,1,1.0,False,True,True,False,True,False,True,True,171.0,0.0,1,1,1,1.0,446.51583861287094,1,1230.917012463807,True,
2300,528455,1976-12-24,46.0,F,True,True,usa,fresno,FAT,36.776,-119.718,2023-01-13,196,9,12.222222222222221,0.3333333333333333,91.22222222222223,1.2857142857142858,14.0,14.0,8.333333333333334,0.0,3,3,1.0,0,0.0,3,3,1.0,592.3933333333333,40.98239906756721,0.2,127.666,127.666,1649.514,1,0.3333333333333333,1.0,0.0,0.6666666666666666,0.5773502691896257,Allegiant Air,3,0.3333333333333333,FAT-CLT,3,0.3333333333333333,3383.148624524176,152.80337894384868,0.0,3,206.33333333333334,134.930846485647,1,0.3333333333333333,0.1,16.9,16.9,602.1,7.333333333333333,4.932882862316247,1.0,0.0,NH Hotel,2,0.6666666666666666,False,True,False,False,False,False,False,False,2251.614,144.566,5,3,5,4.5,1959.8076285428476,5,5402.631536260589,False,592.3933333333333
2304,528522,1973-07-08,50.0,F,True,True,usa,richmond,RIC,37.505,-77.319,2023-01-13,196,8,15.125,0.25,113.375,1.6,77.0,77.0,12.0,0.0,2,1,0.5,0,0.0,1,1,1.0,88.12,0.0,0.0,0.0,0.0,88.12,0,0.0,1.0,0.0,2.0,0.0,Air Canada,1,1.0,RIC-JFK,1,1.0,463.4931727982336,0.0,0.0,2,137.5,19.091883092036785,0,0.0,0.0,0.0,0.0,275.0,7.5,7.7781745930520225,1.5,0.7071067811865476,Accor,2,0.5,False,True,False,True,True,False,False,True,363.12,0.0,1,2,1,1.25,474.0901500500167,1,1306.9315367422737,False,88.12
2314,528690,1987-03-17,36.0,F,True,True,usa,chicago,UGN,42.422,-87.868,2023-01-13,196,8,12.0,0.25,89.5,1.1428571428571428,18.0,72.0,9.5,0.0,2,2,1.0,0,0.0,2,2,1.0,346.6,192.884587772066,0.0,0.0,0.0,693.2,0,0.0,1.0,0.0,0.5,0.7071067811865476,American Airlines,2,0.5,UGN-LGA,2,0.5,1999.2865389233857,1147.4006738230828,0.0,2,150.5,24.748737341529164,0,0.0,0.0,0.0,0.0,301.0,4.0,2.8284271247461903,1.0,0.0,Conrad,2,0.5,False,True,False,False,True,False,False,True,994.2,0.0,4,2,2,2.8,1298.0293764588196,3,3578.2973502675927,False,346.6
2316,528723,1988-12-25,34.0,F,False,True,canada,calgary,YYC,51.114,-114.02,2023-01-13,196,8,21.0,0.5,155.5,1.3333333333333333,45.0,45.0,8.25,0.0,4,3,0.75,0,0.0,3,3,1.0,575.16,379.988064549401,0.0,0.0,0.0,1725.48,0,0.0,1.6666666666666667,1.1547005383792515,1.0,1.0,American Airlines,2,0.6666666666666666,YYC-LSV,3,0.3333333333333333,1857.6113846592652,337.5328196211588,0.0,4,96.5,60.95079983068311,0,0.0,0.0,0.0,0.0,386.0,7.25,2.8722813232690143,1.5,1.0,Banyan Tree,4,0.25,False,True,False,False,True,False,False,True,2111.48,0.0,2,4,4,3.2,1378.3761153717905,4,3799.790429060057,False,345.09599999999995
2321,528816,1970-04-08,53.0,F,True,True,usa,san antonio,SAT,29.534,-98.47,2023-01-13,196,8,20.5,0.625,152.125,1.1428571428571428,16.0,76.0,8.4,0.0,5,5,1.0,0,0.0,5,5,1.0,328.138,115.573332434433,0.0,0.0,0.0,1640.69,0,0.0,1.2,0.4472135954999579,0.8,0.4472135954999579,Allegiant Air,3,0.4,SAT-BNA,5,0.2,1639.4851862870623,473.59091456652766,0.0,5,285.4,257.89397046073,0,0.0,0.0,0.0,0.0,1427.0,6.6,4.722287581247038,1.2,0.4472135954999579,Aman Resorts,5,0.2,False,True,False,False,True,False,False,True,3067.69,0.0,4,5,5,4.6,1602.0727169056352,4,4416.458257269118,False,273.4483333333333
2323,528827,1972-10-25,50.0,F,True,True,usa,st. petersburg,SPG,27.765,-82.627,2023-01-13,196,7,19.142857142857142,0.42857142857142855,143.57142857142858,1.0,18.0,18.0,7.666666666666667,0.0,3,2,0.6666666666666666,0,0.0,2,2,1.0,340.37,255.406969364581,0.35,55.9195,55.9195,624.8205,1,0.5,1.0,0.0,0.5,0.7071067811865476,JetBlue Airways,2,0.5,SPG-CLT,2,0.5,1803.364599298368,1357.4589892815593,0.0,3,148.33333333333334,80.02707875046629,1,0.3333333333333333,0.05,10.8,10.8,434.2,5.0,2.0,1.0,0.0,Aman Resorts,3,0.3333333333333333,False,True,False,False,False,False,False,False,1059.0205,66.7195,4,3,3,3.4,921.7727615316217,2,2541.0650097425478,False,340.37
2351,529237,1979-09-04,43.0,F,True,True,usa,colorado springs,COS,38.806,-104.7,2023-01-14,195,8,9.0,0.25,66.875,1.3333333333333333,39.0,151.0,6.0,0.0,2,1,0.5,0,0.0,1,1,1.0,454.19,0.0,0.0,0.0,0.0,454.19,0,0.0,1.0,0.0,1.0,0.0,Delta Air Lines,1,1.0,COS-LGA,1,1.0,2638.74046345294,0.0,0.0,2,156.5,16.263455967290593,0,0.0,0.0,0.0,0.0,313.0,6.0,5.656854249492381,1.0,0.0,Wyndham,1,1.0,False,True,False,True,True,False,False,True,767.19,0.0,3,2,2,2.4000000000000004,1001.6446965655219,2,2761.2491894506084,True,454.19
2362,529424,1974-02-18,49.0,M,True,True,usa,rochester,ROC,43.119,-77.672,2023-01-14,195,9,13.666666666666666,0.3333333333333333,102.11111111111111,1.5,35.0,35.0,8.333333333333334,0.0,3,2,0.6666666666666666,0,0.0,3,3,1.0,242.55,299.376544338397,0.1,58.824,58.824,668.826,1,0.3333333333333333,1.0,0.0,0.3333333333333333,0.5773502691896257,Delta Air Lines,3,0.3333333333333333,ROC-JFK,2,0.6666666666666666,1498.7140321399936,1861.4309952377744,0.0,2,168.5,65.76093065034893,0,0.0,0.0,0.0,0.0,337.0,5.0,0.0,1.0,0.0,Hyatt,2,0.5,False,True,False,False,False,False,False,True,1005.826,58.824,3,3,2,2.6500000000000004,875.4722025119484,2,2413.427553564173,False,242.55
2363,529428,1980-05-23,43.0,F,False,True,usa,newport news,PHF,37.132,-76.493,2023-01-14,195,8,10.125,0.25,75.375,1.1428571428571428,9.0,22.0,4.0,0.0,2,1,0.5,0,0.0,1,1,1.0,79.15,0.0,0.0,0.0,0.0,79.15,0,0.0,1.0,0.0,1.0,0.0,American Airlines,1,1.0,PHF-LGA,1,1.0,455.2826574483695,0.0,0.0,2,78.0,16.97056274847714,0,0.0,0.0,0.0,0.0,156.0,4.5,2.1213203435596424,1.0,0.0,Four Seasons,2,0.5,False,True,False,True,True,False,False,True,235.15,0.0,5,2,1,2.85,307.012279093031,1,846.3454253826438,False,79.15
2371,529566,1983-12-01,39.0,F,False,True,usa,fayetteville,FYV,36.005,-94.17,2023-01-14,195,9,12.333333333333334,0.1111111111111111,91.55555555555556,1.8,59.0,89.0,8.0,0.0,1,1,1.0,0,0.0,1,1,1.0,328.37,0.0,0.0,0.0,0.0,328.37,0,0.0,1.0,0.0,0.0,0.0,Air France,1,1.0,FYV-LGA,1,1.0,1847.1542581493534,0.0,0.0,1,494.0,0.0,1,1.0,0.1,49.4,49.4,444.6,5.0,0.0,1.0,0.0,InterContinental,1,1.0,False,True,False,True,True,False,True,False,772.97,49.4,2,1,2,1.75,2018.3821507169057,5,5564.104813591513,False,328.37
2372,529602,1979-02-14,44.0,M,True,True,usa,charlotte,CLT,35.214,-80.943,2023-01-14,195,8,46.375,0.5,1060.125,1.1428571428571428,25.0,50.0,110.0,284.0,3,2,0.6666666666666666,1,0.3333333333333333,3,3,1.0,404.78,194.609928318162,0.0,0.0,0.0,809.56,1,0.3333333333333333,4.0,3.4641016151377544,2.0,3.4641016151377544,Pegasus Airlines,3,0.3333333333333333,CLT-AMS,3,0.3333333333333333,2329.7263532796,2669.8054184046796,0.0,2,215.5,190.211724139181,0,0.0,0.0,0.0,0.0,431.0,7.5,0.7071067811865476,1.0,0.0,NH Hotel,2,0.5,False,False,False,False,True,False,False,True,1240.56,0.0,4,3,3,3.4,1079.7849683227741,3,2976.659666631774,False,101.195
2373,529677,2002-04-01,21.0,F,False,True,canada,montreal,YMX,45.68,-74.039,2023-01-14,195,8,17.875,0.125,131.625,1.1428571428571428,17.0,165.0,5.0,0.0,1,0,0.0,0,0.0,0,0,0.0,0.0,0.0,0.0,0.0,0.0,0.0,0,0.0,0.0,0.0,0.0,0.0,MISSING,0,0.0,MISSING,0,0.0,0.0,0.0,0.0,1,173.0,0.0,0,0.0,0.0,0.0,0.0,173.0,10.0,0.0,1.0,0.0,InterContinental,1,1.0,False,True,True,False,True,False,True,True,173.0,0.0,4,1,1,2.2,451.73824608202733,1,1245.313702668062,True,
2375,529689,1977-10-03,45.0,F,True,True,usa,san jose,SJC,37.362,-121.929,2023-01-14,195,9,12.555555555555555,0.4444444444444444,92.66666666666667,1.2857142857142858,13.0,109.0,9.0,0.0,4,2,0.5,0,0.0,3,3,1.0,715.08,10.308147263208845,0.1,72.23075,144.4615,2000.7785,2,0.6666666666666666,1.0,0.0,0.3333333333333333,0.5773502691896257,JetBlue Airways,3,0.3333333333333333,SJC-JFK,1,1.0,4124.793560549965,2.6254850544756925e-13,0.0,3,172.33333333333334,58.157831229623184,0,0.0,0.0,0.0,0.0,517.0,13.0,19.05255888325765,1.0,0.0,Choice Hotels,3,0.3333333333333333,False,True,False,False,False,False,False,True,2517.7785,144.4615,5,4,5,4.75,1643.60815551017,4,4530.959633429247,True,715.08
2381,529781,1980-07-13,43.0,F,True,True,usa,lubbock,LBB,33.664,-101.823,2023-01-14,195,7,35.0,0.2857142857142857,259.85714285714283,1.75,97.0,97.0,8.5,0.0,2,0,0.0,0,0.0,0,0,0.0,0.0,0.0,0.0,0.0,0.0,0.0,0,0.0,0.0,0.0,0.0,0.0,MISSING,0,0.0,MISSING,0,0.0,0.0,0.0,0.0,2,105.0,45.254833995939045,0,0.0,0.0,0.0,0.0,210.0,5.0,0.0,1.5,0.7071067811865476,InterContinental,2,0.5,False,True,True,False,True,False,False,True,210.0,0.0,1,2,1,1.25,274.1763921307102,1,755.8262357233901,True,
2384,529801,1981-01-08,42.0,F,False,True,usa,chicago,MDW,41.786,-87.752,2023-01-14,195,8,16.875,0.625,125.5,1.1428571428571428,23.0,23.0,12.2,0.0,5,3,0.6,0,0.0,4,4,1.0,230.2575,65.84012574663974,0.0,0.0,0.0,921.03,0,0.0,1.0,0.0,0.75,0.5,American Airlines,4,0.25,MDW-DEN,4,0.25,1260.1896208179778,400.94443195006176,0.0,4,260.25,178.46078000502,0,0.0,0.0,0.0,0.0,1041.0,5.75,3.774917217635375,1.0,0.0,Aman Resorts,4,0.25,False,True,False,False,True,False,False,True,1962.03,0.0,4,5,4,4.25,1024.6520126708904,2,2824.673808145454,False,230.2575
2393,529972,1968-05-26,55.0,F,True,True,usa,wichita,IAB,37.623,-97.267,2023-01-14,195,8,13.625,0.375,101.625,1.6,63.0,121.0,5.666666666666667,0.0,3,2,0.6666666666666666,0,0.0,2,2,1.0,706.8,565.430866508011,0.2,61.396,61.396,1352.204,1,0.5,2.0,1.414213562373095,1.0,0.0,Delta Air Lines,2,0.5,IAB-LGA,2,0.5,1851.169358413346,277.2298582022464,0.0,3,99.66666666666667,36.22614157391501,1,0.3333333333333333,0.1,6.6,6.6,292.4,12.333333333333334,15.37313674346694,1.6666666666666667,1.1547005383792515,Crowne Plaza,3,0.3333333333333333,False,True,False,False,False,False,False,False,1644.604,67.996,2,3,4,2.95,1431.4653689007446,4,3946.142382779779,True,353.4
2403,530240,1978-01-14,45.0,F,False,True,usa,san antonio,SKF,29.384,-98.581,2023-01-14,195,8,18.75,0.25,140.125,2.0,99.0,160.0,7.0,0.0,2,2,1.0,0,0.0,2,2,1.0,644.98,270.256211769498,0.15,68.082,68.082,1221.878,1,0.5,1.5,0.7071067811865476,1.0,0.0,Cebu Pacific,2,0.5,SKF-JFK,2,0.5,2451.9331451115277,165.99386140804813,0.0,2,239.5,95.45941546018392,1,0.5,0.15,25.8,25.8,453.2,4.0,2.8284271247461903,1.5,0.7071067811865476,Hyatt,2,0.5,False,True,False,False,False,False,False,False,1675.078,93.882,1,2,4,2.3,2186.984964654885,5,6028.894758490786,True,429.9866666666667
2404,530277,1977-07-21,46.0,F,False,True,usa,austin,AUS,30.194,-97.67,2023-01-14,195,7,20.428571428571427,0.5714285714285714,151.0,1.0,13.0,13.0,6.75,0.0,4,4,1.0,0,0.0,4,4,1.0,424.69,365.508707146629,0.0,0.0,0.0,1698.76,0,0.0,1.25,0.5,0.75,0.5,Southwest Airlines,3,0.5,AUS-DAL,4,0.25,1747.890772859324,1085.8501107361321,0.0,4,152.0,110.456627988848,0,0.0,0.0,0.0,0.0,608.0,5.5,4.43471156521669,1.25,0.5,Four Seasons,4,0.25,False,True,False,False,True,False,False,True,2306.76,0.0,5,4,5,4.75,1505.855081693898,4,4151.213636945923,False,339.752
2423,530543,1985-10-11,37.0,M,False,True,usa,charlotte,CLT,35.214,-80.943,2023-01-14,195,7,17.0,0.5714285714285714,125.71428571428571,1.0,25.0,62.0,8.5,0.0,4,3,0.75,0,0.0,4,4,1.0,381.645,242.936361145603,0.15,25.7025,51.405,1475.175,2,0.5,1.0,0.0,0.75,0.5,Air Canada,4,0.25,CLT-ORD,3,0.5,2242.137171072117,1512.7607421733499,0.0,3,327.6666666666667,196.543464234589,0,0.0,0.0,0.0,0.0,983.0,4.0,1.7320508075688772,1.0,0.0,Banyan Tree,3,0.3333333333333333,False,True,False,False,False,False,False,True,2458.175,51.405,4,4,5,4.35,1604.6989350616873,4,4423.697992855583,False,381.645
2424,530563,1977-04-19,46.0,M,True,True,usa,phoenix,LUF,33.535,-112.383,2023-01-14,195,8,18.0,0.5,133.0,1.3333333333333333,46.0,84.0,9.75,0.0,4,4,1.0,0,0.0,4,4,1.0,721.225,580.419554776256,0.1,156.101,156.101,2728.799,1,0.25,1.75,1.5,1.0,0.816496580927726,China Airlines,4,0.25,LUF-JFK,4,0.25,2559.6638079735308,899.2622242613015,0.0,4,155.0,75.13099671019057,1,0.25,0.2,36.2,36.2,583.8,4.0,2.160246899469287,1.75,1.5,Best Western,3,0.5,False,True,False,False,False,False,False,False,3312.599,192.301,2,4,5,3.55,2162.4677199899966,5,5961.307696740635,False,412.12857142857143
2426,530581,2005-11-11,17.0,M,True,True,usa,san diego,NZY,32.699,-117.215,2023-01-14,195,8,13.25,0.125,99.625,1.3333333333333333,36.0,190.0,11.0,0.0,1,0,0.0,0,0.0,0,0,0.0,0.0,0.0,0.0,0.0,0.0,0.0,0,0.0,0.0,0.0,0.0,0.0,MISSING,0,0.0,MISSING,0,0.0,0.0,0.0,0.0,1,176.0,0.0,0,0.0,0.0,0.0,0.0,176.0,10.0,0.0,1.0,0.0,Accor,1,1.0,False,True,True,False,True,False,True,True,176.0,0.0,3,1,1,1.8000000000000003,459.5718572857619,1,1266.9087379744444,True,
2431,530625,1980-09-17,42.0,F,False,True,usa,reno,RNO,39.498,-119.768,2023-01-14,195,8,15.875,0.25,117.125,2.0,96.0,176.0,7.5,0.0,2,2,1.0,0,0.0,2,2,1.0,262.89,121.59408209283872,0.0,0.0,0.0,525.78,0,0.0,1.0,0.0,0.5,0.7071067811865476,AirTran Airways,2,0.5,RNO-OKC,2,0.5,1469.3735670266506,755.931296901791,0.0,2,150.0,18.384776310850235,0,0.0,0.0,0.0,0.0,300.0,5.5,0.7071067811865476,1.0,0.0,Hilton,2,0.5,False,True,False,False,True,False,False,True,825.78,0.0,1,2,2,1.6,1078.13990996999,3,2972.124709217434,True,262.89
2439,530667,1985-01-12,38.0,F,True,True,usa,san francisco,SFO,37.619,-122.375,2023-01-14,195,9,49.0,0.6666666666666666,997.8888888888889,1.5,28.0,28.0,9.4,8.0,5,2,0.4,1,0.2,3,3,1.0,881.9,763.85917144458,0.0,0.0,0.0,1763.8,1,0.3333333333333333,1.25,0.5773502691896257,0.6666666666666666,0.5773502691896257,Air Canada,2,0.3333333333333333,SFO-LGA,3,0.3333333333333333,2758.899133584906,1168.9085681564109,0.0,4,129.33333333333334,17.009801096230763,2,0.5,0.15,19.5,19.5,368.5,6.5,5.802298395176403,1.25,0.5,Banyan Tree,4,0.25,False,False,False,False,True,False,False,False,2132.3,19.5,3,5,4,3.85,1113.5739446482162,3,3069.806252253305,False,705.52
2448,530754,1986-11-26,36.0,F,False,True,usa,seattle,BFI,47.53,-122.302,2023-01-14,195,9,19.666666666666668,0.5555555555555556,146.0,1.2857142857142858,9.0,9.0,8.0,0.0,5,3,0.6,0,0.0,4,4,1.0,586.44,116.357799337503,0.1,46.975,46.975,2298.785,1,0.25,1.0,0.0,0.75,0.5,Delta Air Lines,4,0.25,BFI-AUS,4,0.25,3313.0045100458933,651.6020895741719,0.0,4,152.25,28.44146034694187,0,0.0,0.0,0.0,0.0,609.0,5.25,3.4034296427770228,1.0,0.0,Conrad,4,0.25,False,True,False,False,False,False,False,True,2907.785,46.975,5,5,5,5.0,1518.56381027009,4,4186.247982557978,False,586.44
2449,530773,1978-06-19,45.0,F,True,True,canada,calgary,YYC,51.114,-114.02,2023-01-14,195,8,13.0,0.375,97.0,1.3333333333333333,31.0,31.0,6.0,0.0,3,2,0.6666666666666666,0,0.0,3,3,1.0,595.3866666666667,135.80605742504,0.2,95.694,95.694,1690.466,1,0.3333333333333333,1.3333333333333333,0.5773502691896257,0.6666666666666666,0.5773502691896257,Air Transat,3,0.3333333333333333,YYC-HOU,3,0.3333333333333333,2710.2583972732527,409.76071551418437,0.0,2,252.0,43.840620433565945,0,0.0,0.0,0.0,0.0,504.0,7.0,5.656854249492381,1.5,0.7071067811865476,Banyan Tree,2,0.5,False,True,False,False,False,False,False,True,2194.466,95.694,3,3,5,3.7,1910.0659382016227,5,5265.507860961794,False,446.54
2454,530811,2006-02-15,17.0,F,False,True,canada,toronto,YTZ,43.627,-79.396,2023-01-14,195,8,16.25,0.375,120.375,1.1428571428571428,15.0,15.0,87.66666666666667,0.0,3,0,0.0,0,0.0,1,1,1.0,2264.16,0.0,0.0,0.0,0.0,2264.16,0,0.0,2.0,0.0,1.0,0.0,Brussels Airlines,1,1.0,YTZ-BRU,1,1.0,6034.244033331648,0.0,1.0,2,126.5,79.90306627407988,0,0.0,0.0,0.0,0.0,253.0,4.5,0.7071067811865476,1.0,0.0,Accor,2,0.5,False,True,False,True,True,False,False,True,2517.16,0.0,5,3,5,4.5,2190.939197510281,5,6039.795452423773,False,1132.08
2455,530833,1975-09-05,47.0,F,True,True,usa,houston,IAH,29.98,-95.34,2023-01-14,195,9,16.555555555555557,0.2222222222222222,123.0,1.5,38.0,123.0,8.0,0.0,2,1,0.5,0,0.0,1,1,1.0,393.98,0.0,0.0,0.0,0.0,393.98,0,0.0,1.0,0.0,1.0,0.0,American Airlines,1,1.0,IAH-FAT,1,1.0,2378.535274886035,0.0,0.0,2,155.0,124.450793488832,0,0.0,0.0,0.0,0.0,310.0,6.0,4.242640687119285,1.0,0.0,Fairmont,2,0.5,False,True,False,True,True,False,False,True,703.98,0.0,3,2,2,2.4000000000000004,919.1176025341781,2,2533.745492497868,True,393.98
2460,530949,1984-12-20,38.0,F,True,False,usa,amarillo,AMA,35.219,-101.706,2023-01-14,195,8,15.625,0.25,115.25,1.3333333333333333,27.0,159.0,8.5,0.0,2,2,1.0,0,0.0,2,2,1.0,430.48,372.98468494028,0.0,0.0,0.0,860.96,0,0.0,2.0,1.414213562373095,0.5,0.7071067811865476,Delta Air Lines,2,0.5,AMA-EFD,2,0.5,1165.6806535541032,410.51754249538834,0.0,2,373.0,175.362481734264,0,0.0,0.0,0.0,0.0,746.0,7.0,7.0710678118654755,2.0,1.414213562373095,Accor,2,0.5,False,True,False,False,True,False,False,True,1606.96,0.0,3,2,4,3.1,2098.0499766588864,5,5783.726322657425,True,215.24
2463,531006,1984-02-14,39.0,M,False,True,usa,new york,JFK,40.64,-73.779,2023-01-14,195,9,9.777777777777779,0.2222222222222222,72.88888888888889,2.25,90.0,90.0,9.0,0.0,2,2,1.0,0,0.0,2,2,1.0,434.265,174.789725241503,0.1,55.786,55.786,812.744,1,0.5,1.0,0.0,0.0,0.0,American Airlines,2,0.5,JFK-FTW,2,0.5,2770.9497989812,714.8655338552716,0.0,2,132.0,2.8284271247461903,0,0.0,0.0,0.0,0.0,264.0,6.5,0.7071067811865476,1.0,0.0,Choice Hotels,2,0.5,False,True,False,False,False,False,False,True,1076.744,55.786,1,2,3,1.9499999999999997,1405.7989769923306,4,3875.3874493226,False,434.265
2467,531027,1978-07-10,45.0,F,True,True,usa,new york,LGA,40.777,-73.872,2023-01-15,194,8,11.75,0.25,87.625,1.3333333333333333,44.0,44.0,7.5,0.0,2,1,0.5,0,0.0,2,2,1.0,763.06,44.180031688535486,0.0,0.0,0.0,1526.12,0,0.0,1.0,0.0,1.0,0.0,Avianca - Aerovias Nacionales de Colombia,2,0.5,LGA-LSQ,2,0.5,4039.808008664537,105.23069470148285,0.0,1,119.0,0.0,0,0.0,0.0,0.0,0.0,119.0,4.0,0.0,1.0,0.0,Fairmont,1,1.0,False,True,False,False,True,False,True,True,1645.12,0.0,2,2,4,2.7,2147.871743914638,5,5921.070747206017,False,763.06
2479,531253,1972-10-28,50.0,F,True,True,usa,new york,LGA,40.777,-73.872,2023-01-15,194,8,23.625,0.625,174.5,1.3333333333333333,46.0,46.0,8.8,0.0,5,4,0.8,0,0.0,4,4,1.0,1012.5975,1291.493650581243,0.0,0.0,0.0,4050.39,0,0.0,1.75,1.5,1.0,0.816496580927726,Alaska Airlines,4,0.25,LGA-FAT,4,0.25,2516.7834712957538,1526.2875618848511,0.0,5,164.8,43.70583485073818,1,0.2,0.05,10.85,10.85,813.15,4.4,4.33589667773576,1.6,1.3416407864998738,Accor,5,0.2,False,True,False,False,True,False,False,False,4863.54,10.85,2,5,5,3.8,2539.9387622540844,5,7001.8878676002605,False,578.6271428571429
2484,531361,1992-05-04,31.0,F,False,True,usa,montgomery,MXF,32.379,-86.362,2023-01-15,194,8,11.375,0.25,84.75,1.3333333333333333,41.0,41.0,130.0,0.0,2,1,0.5,0,0.0,2,2,1.0,1810.925,2262.762913000388,0.0,0.0,0.0,3621.85,0,0.0,1.5,0.7071067811865476,0.5,0.7071067811865476,Southwest Airlines,2,0.5,MXF-BWI,2,0.5,5326.346829135555,5899.855299211559,0.5,1,174.0,0.0,0,0.0,0.0,0.0,0.0,174.0,4.0,0.0,1.0,0.0,Extended Stay,1,1.0,False,True,False,False,True,False,True,True,3795.85,0.0,2,2,5,3.05,4955.868847949316,5,13661.919127955382,False,1207.2833333333333
2485,531373,1973-09-06,49.0,F,False,True,usa,riverside,RIV,33.881,-117.259,2023-01-15,194,9,14.88888888888889,0.3333333333333333,112.33333333333333,1.5,34.0,34.0,7.0,0.0,3,2,0.6666666666666666,0,0.0,2,2,1.0,473.585,318.912229382945,0.0,0.0,0.0,947.17,0,0.0,1.0,0.0,0.5,0.7071067811865476,Delta Air Lines,2,0.5,RIV-JFK,2,0.5,2629.4744650230386,1768.8081016225626,0.0,3,118.33333333333333,30.35347316755256,0,0.0,0.0,0.0,0.0,355.0,5.666666666666667,3.0550504633038935,1.0,0.0,Crowne Plaza,3,0.3333333333333333,False,True,False,False,True,False,False,True,1302.17,0.0,3,3,3,3.0,1133.4103890185618,3,3124.4896805458,False,473.585
2488,531431,1972-09-01,50.0,F,True,False,usa,san antonio,SAT,29.534,-98.47,2023-01-15,194,8,19.875,0.75,146.625,1.1428571428571428,13.0,13.0,9.166666666666666,0.0,6,5,0.8333333333333334,0,0.0,6,6,1.0,782.2833333333333,451.520590922127,0.15,79.4395,158.879,4534.821,2,0.3333333333333333,2.0,1.2649110640673518,0.5,0.8366600265340756,American Airlines,4,0.3333333333333333,SAT-JFK,4,0.3333333333333333,2247.728379491898,332.0523190605426,0.0,5,259.4,241.749457083155,1,0.2,0.05,5.6,5.6,1291.4,4.0,2.9154759474226504,2.2,1.3038404810405297,Accor,4,0.4,False,True,False,False,False,False,False,False,5826.221,164.479,5,5,5,5.0,2535.575005612982,5,6989.8582332104215,False,391.14166666666665
2521,531844,1997-06-08,26.0,F,False,True,usa,columbus,LCK,39.814,-82.928,2023-01-15,194,8,14.25,0.125,105.125,1.3333333333333333,51.0,189.0,5.0,0.0,1,1,1.0,0,0.0,1,1,1.0,82.04,0.0,0.0,0.0,0.0,82.04,0,0.0,1.0,0.0,0.0,0.0,Ryanair,1,1.0,LCK-UGN,1,1.0,461.3771598877245,0.0,0.0,1,771.0,0.0,0,0.0,0.0,0.0,0.0,771.0,4.0,0.0,1.0,0.0,Shangri-La,1,1.0,False,True,False,True,True,False,True,True,853.04,0.0,2,1,2,1.75,2227.4612337445815,5,6140.476305918864,True,82.04
2525,531884,1973-04-13,50.0,F,True,True,usa,chicago,UGN,42.422,-87.868,2023-01-15,194,8,13.375,0.5,98.5,1.1428571428571428,23.0,93.0,7.75,0.0,4,3,0.75,0,0.0,3,3,1.0,340.1933333333333,152.671215470806,0.2,40.056,40.056,980.524,1,0.3333333333333333,1.0,0.0,0.3333333333333333,0.5773502691896257,Air Canada,3,0.3333333333333333,UGN-SAN,3,0.3333333333333333,1865.660336074551,852.86284119948,0.0,4,198.25,42.1851079568766,0,0.0,0.0,0.0,0.0,793.0,8.75,6.18465843842649,1.0,0.0,Aman Resorts,4,0.25,False,True,False,False,False,False,False,True,1773.524,40.056,4,4,4,4.0,1157.7581230410135,3,3191.609449726404,True,340.1933333333333
2529,531959,1992-10-02,30.0,F,False,False,usa,oakland,OAK,37.721,-122.221,2023-01-15,194,8,14.75,0.5,110.5,1.1428571428571428,11.0,11.0,56.0,0.0,4,1,0.25,0,0.0,2,2,1.0,945.57,589.019948728394,0.0,0.0,0.0,1891.14,0,0.0,1.5,0.7071067811865476,0.5,0.7071067811865476,Air Canada,2,0.5,OAK-MDW,2,0.5,3522.0497014691387,793.5733510493036,0.0,3,195.33333333333334,197.854323514381,0,0.0,0.0,0.0,0.0,586.0,10.333333333333334,4.041451884327381,2.0,0.0,Four Seasons,3,0.3333333333333333,False,True,False,False,True,False,False,True,2477.14,0.0,5,4,5,4.75,1617.079304768256,4,4457.827146571044,False,630.38
2531,531971,1965-06-05,58.0,F,True,True,usa,burlington,BTV,44.472,-73.153,2023-01-15,194,8,12.0,0.25,89.0,1.6,83.0,147.0,7.5,0.0,2,2,1.0,0,0.0,2,2,1.0,381.31,80.76573654712746,0.0,0.0,0.0,762.62,0,0.0,1.0,0.0,1.0,1.414213562373095,AirTran Airways,2,0.5,BTV-DAL,2,0.5,2070.5763385305886,489.0714403479875,0.0,2,76.0,19.79898987322333,0,0.0,0.0,0.0,0.0,152.0,4.0,0.0,1.0,0.0,Accor,2,0.5,False,True,False,False,True,False,False,True,914.62,0.0,1,2,2,1.6,1194.1295798599533,3,3291.8751986539387,True,381.31
2533,531989,1969-08-07,53.0,F,False,True,usa,san francisco,SFO,37.619,-122.375,2023-01-15,194,8,17.5,0.375,131.875,1.3333333333333333,51.0,68.0,5.0,0.0,3,2,0.6666666666666666,0,0.0,2,2,1.0,1390.04,116.30492336956334,0.1,147.228,147.228,2632.852,1,0.5,2.0,0.0,0.5,0.7071067811865476,American Airlines,2,0.5,SFO-JFK,2,0.5,3899.223663169803,357.15945944720266,0.0,3,159.66666666666666,100.27129865187412,0,0.0,0.0,0.0,0.0,479.0,5.666666666666667,5.507570547286102,1.6666666666666667,0.5773502691896257,Accor,3,0.3333333333333333,False,True,False,False,False,False,False,True,3111.852,147.228,2,3,5,3.3,2708.5598546182055,5,7466.728200915247,False,695.02
2536,532064,1998-08-15,24.0,F,False,True,usa,san diego,SAN,32.733,-117.189,2023-01-15,194,8,33.5,0.25,964.5,1.6,68.0,149.0,169.0,88.0,1,1,1.0,1,1.0,1,1,1.0,0.0,0.0,0.0,0.0,0.0,0.0,1,1.0,1.0,0.0,0.0,0.0,South East Asian Airlines,1,1.0,SAN-SIN,1,1.0,0.0,0.0,0.0,1,0.0,0.0,1,1.0,0.0,0.0,0.0,0.0,11.0,0.0,1.0,0.0,Banyan Tree,1,1.0,False,False,True,True,True,True,True,True,0.0,0.0,1,1,0,0.65,0.0,1,0.0,True,0.0
2546,532259,1968-10-08,54.0,M,True,True,usa,dallas,DAL,32.847,-96.852,2023-01-15,194,7,24.0,0.7142857142857143,180.42857142857142,1.0,17.0,17.0,6.4,0.0,5,4,0.8,0,0.0,4,4,1.0,424.405,334.868063621082,0.05,7.1985,7.1985,1690.4215,1,0.25,1.5,0.5773502691896257,0.75,0.5,Allegiant Air,4,0.25,DAL-EFD,4,0.25,1574.2279744626383,865.1965277080046,0.0,5,136.6,62.420349246059175,0,0.0,0.0,0.0,0.0,683.0,4.6,4.39317652729776,1.4,0.5477225575051661,Rosewood,4,0.4,False,True,False,False,False,False,False,True,2373.4215,7.1985,4,5,5,4.6,1239.4974169056352,3,3416.941405961833,False,282.93666666666667
2547,532279,2006-08-13,16.0,F,False,False,usa,el paso,ELP,31.807,-106.378,2023-01-15,194,8,14.25,0.125,105.875,1.3333333333333333,54.0,169.0,7.0,0.0,1,0,0.0,0,0.0,0,0,0.0,0.0,0.0,0.0,0.0,0.0,0.0,0,0.0,0.0,0.0,0.0,0.0,MISSING,0,0.0,MISSING,0,0.0,0.0,0.0,0.0,1,208.0,0.0,0,0.0,0.0,0.0,0.0,208.0,12.0,0.0,2.0,0.0,NH Hotel,1,1.0,False,True,True,False,True,False,True,True,208.0,0.0,2,1,1,1.4,543.1303767922641,1,1497.2557812425252,True,
2549,532329,2004-07-22,19.0,F,False,True,usa,newark,EWR,40.692,-74.169,2023-01-15,194,8,13.75,0.25,102.25,1.1428571428571428,25.0,25.0,180.0,0.0,2,1,0.5,0,0.0,1,1,1.0,216.97,0.0,0.0,0.0,0.0,216.97,0,0.0,1.0,0.0,0.0,0.0,JetBlue Airways,1,1.0,EWR-ORD,1,1.0,1141.027392441917,0.0,0.0,2,255.5,187.383297014435,0,0.0,0.0,0.0,0.0,511.0,15.5,4.949747468305833,1.0,0.0,Extended Stay,1,1.0,False,True,False,True,True,False,False,True,727.97,0.0,4,2,2,2.8,950.4389913304435,2,2620.0896419978876,False,216.97
2552,532365,1974-02-06,49.0,M,True,False,usa,omaha,OFF,41.118,-95.913,2023-01-15,194,8,12.125,0.125,90.875,1.1428571428571428,26.0,110.0,8.0,0.0,1,1,1.0,0,0.0,1,1,1.0,462.34,0.0,0.0,0.0,0.0,462.34,0,0.0,3.0,0.0,1.0,0.0,Southwest Airlines,1,1.0,OFF-DAL,1,1.0,923.4498042669459,0.0,0.0,1,130.0,0.0,0,0.0,0.0,0.0,0.0,130.0,5.0,0.0,3.0,0.0,Aman Resorts,1,1.0,False,True,False,True,True,False,True,True,592.34,0.0,4,1,1,2.2,1546.7204201400468,4,4263.867737794219,True,154.11333333333332
2605,533211,1971-02-04,52.0,M,False,True,usa,austin,AUS,30.194,-97.67,2023-01-16,193,8,21.125,0.5,158.0,1.6,76.0,76.0,7.75,0.0,4,3,0.75,0,0.0,4,4,1.0,384.5775,121.08405382901,0.0,0.0,0.0,1538.31,0,0.0,1.0,0.0,0.5,0.5773502691896257,United Airlines,3,0.5,AUS-IND,4,0.25,2030.4064131879268,491.97526264976426,0.0,3,224.33333333333334,166.620326891209,0,0.0,0.0,0.0,0.0,673.0,5.666666666666667,2.516611478423583,1.0,0.0,Banyan Tree,3,0.3333333333333333,False,True,False,False,True,False,False,True,2211.31,0.0,1,4,5,3.15,1443.5452325775257,4,3979.4431269464044,False,384.5775
2606,533222,1970-01-04,53.0,F,True,True,usa,seattle,SEA,47.449,-122.309,2023-01-16,193,8,18.0,0.375,133.25,1.3333333333333333,42.0,42.0,9.666666666666666,0.0,3,2,0.6666666666666666,0,0.0,2,2,1.0,471.33,265.716586234281,0.0,0.0,0.0,942.66,0,0.0,1.0,0.0,2.0,1.414213562373095,AirTran Airways,2,0.5,SEA-LAS,2,0.5,2640.869917796701,1761.7570746576837,0.0,3,302.3333333333333,107.12764971441003,1,0.3333333333333333,0.05,11.9,11.9,895.1,5.666666666666667,1.5275252316519468,1.0,0.0,Extended Stay,3,0.3333333333333333,False,True,False,False,True,False,False,False,1837.76,11.9,2,3,4,2.95,1599.5885917528065,4,4409.610231628627,False,471.33
2612,533327,1964-12-11,58.0,F,True,True,usa,winston-salem,INT,36.134,-80.222,2023-01-16,193,8,15.125,0.5,111.5,1.3333333333333333,34.0,60.0,8.0,0.0,4,1,0.25,0,0.0,1,1,1.0,621.36,0.0,0.1,62.136,62.136,559.224,1,1.0,1.0,0.0,1.0,0.0,American Airlines,1,1.0,INT-NZY,1,1.0,3394.359424588868,0.0,0.0,4,268.5,258.524660332433,0,0.0,0.0,0.0,0.0,1074.0,6.75,3.304037933599835,1.0,0.0,Conrad,4,0.25,False,True,False,True,False,False,False,True,1633.224,62.136,3,4,4,3.6,1066.1701520506836,3,2939.1274952692816,False,621.36
2614,533378,1983-10-26,39.0,F,True,True,usa,long beach,LGB,33.818,-118.151,2023-01-16,193,8,15.375,0.375,112.75,1.1428571428571428,21.0,103.0,8.0,0.0,3,2,0.6666666666666666,0,0.0,3,3,1.0,401.18,200.546914960066,0.05,31.3065,31.3065,1172.2335,1,0.3333333333333333,1.0,0.0,1.0,1.0,American Airlines,2,0.6666666666666666,LGB-JFK,3,0.3333333333333333,2419.0923858803194,1363.492298973317,0.0,2,168.5,168.998520703585,0,0.0,0.0,0.0,0.0,337.0,6.0,4.242640687119285,1.0,0.0,Radisson,2,0.5,False,True,False,False,False,False,False,True,1509.2335,31.3065,4,3,3,3.4,1313.6387171835056,3,3621.327857563928,True,401.18
2615,533388,1972-04-20,51.0,F,True,True,usa,wichita,ICT,37.65,-97.433,2023-01-16,193,8,14.625,0.125,108.25,1.1428571428571428,12.0,12.0,281.0,0.0,1,1,1.0,0,0.0,1,1,1.0,1166.44,0.0,0.0,0.0,0.0,1166.44,0,0.0,4.0,0.0,3.0,0.0,JetBlue Airways,1,1.0,ICT-LAS,1,1.0,1583.5571250392038,0.0,0.0,1,111.0,0.0,0,0.0,0.0,0.0,0.0,111.0,12.0,0.0,2.0,0.0,Four Seasons,1,1.0,False,True,False,True,True,False,True,True,1277.44,0.0,5,1,3,3.3,3335.6560986995664,5,9195.453967261787,False,291.61
2616,533393,1965-02-20,58.0,F,True,True,usa,columbus,LCK,39.814,-82.928,2023-01-16,193,9,12.88888888888889,0.1111111111111111,96.0,1.5,51.0,158.0,8.0,0.0,1,0,0.0,0,0.0,0,0,0.0,0.0,0.0,0.0,0.0,0.0,0.0,0,0.0,0.0,0.0,0.0,0.0,MISSING,0,0.0,MISSING,0,0.0,0.0,0.0,0.0,1,156.0,0.0,0,0.0,0.0,0.0,0.0,156.0,4.0,0.0,1.0,0.0,Conrad,1,1.0,False,True,True,False,True,False,True,True,156.0,0.0,2,1,1,1.4,407.34778259419807,1,1122.941835931894,True,
2635,533617,1978-01-21,45.0,F,True,True,usa,dallas,DAL,32.847,-96.852,2023-01-16,193,9,17.0,0.3333333333333333,125.88888888888889,2.25,95.0,95.0,7.666666666666667,0.0,3,3,1.0,0,0.0,3,3,1.0,426.36333333333334,90.39807649133544,0.0,0.0,0.0,1279.09,0,0.0,1.0,0.0,0.6666666666666666,0.5773502691896257,Abu Dhabi Amiri Flight,3,0.3333333333333333,DAL-YWG,3,0.3333333333333333,2346.989603280937,388.18933677269797,0.0,3,120.33333333333333,34.122328955294556,0,0.0,0.0,0.0,0.0,361.0,4.333333333333333,2.0816659994661326,1.0,0.0,InterContinental,3,0.3333333333333333,False,True,False,False,True,False,False,True,1640.09,0.0,1,3,4,2.55,1427.5363776814493,4,3935.3112728494443,True,426.36333333333334
2636,533656,1985-10-15,37.0,M,False,False,usa,boston,BOS,42.364,-71.005,2023-01-16,193,8,20.625,0.25,153.875,1.6,63.0,88.0,6.0,0.0,2,1,0.5,0,0.0,2,1,0.5,538.53,54.56035923635401,0.05,24.9975,24.9975,1052.0625,1,0.5,2.0,0.0,1.0,0.0,American Airlines,2,0.5,BOS-MKE,2,0.5,2373.132775318943,1403.8000829257276,0.0,1,107.0,0.0,1,1.0,0.05,5.35,5.35,101.65,7.0,0.0,2.0,0.0,Accor,1,1.0,False,True,False,False,False,False,True,False,1153.7125,30.3475,2,2,3,2.3499999999999996,1506.2891943147717,4,4152.410361819152,False,269.265
2640,533759,1978-08-03,44.0,F,True,True,usa,louisville,LOU,38.228,-85.664,2023-01-16,193,8,11.125,0.375,83.5,1.1428571428571428,14.0,28.0,14.666666666666666,0.0,3,2,0.6666666666666666,0,0.0,2,2,1.0,232.985,72.38652119006687,0.0,0.0,0.0,465.97,0,0.0,1.0,0.0,0.5,0.7071067811865476,Delta Air Lines,2,0.5,LOU-JFK,2,0.5,1279.0867491990734,317.7253015947053,0.0,3,204.33333333333334,179.023275954087,0,0.0,0.0,0.0,0.0,613.0,10.333333333333334,7.094598884597588,1.0,0.0,Crowne Plaza,3,0.3333333333333333,False,True,False,False,True,False,False,True,1078.97,0.0,5,3,3,3.8,939.1368311659443,2,2588.9328049475125,False,232.985
2649,533932,1990-01-10,33.0,F,True,True,usa,corpus christi,CRP,27.77,-97.501,2023-01-16,193,8,39.125,0.5,1004.5,2.0,88.0,131.0,80.66666666666667,181.0,3,1,0.3333333333333333,1,0.3333333333333333,2,2,1.0,339.61,0.0,0.1,0.0,0.0,339.61,1,0.5,2.3333333333333335,1.414213562373095,2.0,1.414213562373095,Royal Air Maroc,2,0.5,CRP-LIS,2,0.5,1968.1884011777577,4257.590905389964,0.0,2,82.0,50.91168824543142,1,0.5,0.05,2.3,2.3,161.7,5.5,3.5355339059327378,1.5,0.7071067811865476,Conrad,2,0.5,False,False,False,False,True,False,False,False,501.31,2.3,1,3,1,1.5,436.34084806046457,1,1202.8674610491832,True,145.54714285714286
2650,533975,1986-10-22,36.0,F,False,True,usa,sacramento,SAC,38.513,-121.493,2023-01-16,193,8,14.625,0.375,108.75,1.3333333333333333,42.0,89.0,9.0,0.0,3,0,0.0,0,0.0,0,0,0.0,0.0,0.0,0.0,0.0,0.0,0.0,0,0.0,0.0,0.0,0.0,0.0,MISSING,0,0.0,MISSING,0,0.0,0.0,0.0,0.0,3,272.0,160.832210704199,2,0.6666666666666666,0.075,18.8,37.6,778.4,5.0,3.0,1.0,0.0,Aman Resorts,3,0.3333333333333333,False,True,True,False,True,False,False,False,778.4,37.6,2,3,2,2.25,677.520328998555,1,1867.7306091653552,False,
2651,533985,1991-02-07,32.0,F,False,False,usa,los angeles,LAX,33.942,-118.408,2023-01-16,193,8,13.625,0.25,102.125,1.1428571428571428,17.0,108.0,9.0,0.0,2,1,0.5,0,0.0,2,2,1.0,636.455,534.87678249294,0.0,0.0,0.0,1272.91,0,0.0,1.5,0.7071067811865476,1.0,1.414213562373095,Great Lakes Airlines,2,0.5,LAX-BNA,2,0.5,2135.9121903147816,1061.28675562169,0.0,1,197.0,0.0,0,0.0,0.0,0.0,0.0,197.0,5.0,0.0,2.0,0.0,Choice Hotels,1,1.0,False,True,False,False,True,False,True,True,1469.91,0.0,4,2,3,3.15,1919.1172407469157,5,5290.459724534136,True,424.30333333333334
2652,533990,1974-05-13,49.0,F,False,True,canada,windsor,YQG,42.276,-82.956,2023-01-16,193,8,15.875,0.625,118.375,1.1428571428571428,14.0,114.0,6.0,0.0,5,3,0.6,0,0.0,4,4,1.0,354.66,383.504015450512,0.1,7.7925,15.585,1403.055,2,0.5,1.25,0.5,0.25,0.5,Delta Air Lines,3,0.5,YQG-DMA,4,0.25,1402.1561183033095,1054.5731819549765,0.0,4,124.25,35.59377286361572,0,0.0,0.0,0.0,0.0,497.0,5.5,4.041451884327381,1.25,0.5,Choice Hotels,4,0.25,False,True,False,False,False,False,False,True,1900.055,15.585,5,5,4,4.65,992.2861423807936,2,2735.4503206045833,True,283.728
2653,534040,1969-03-06,54.0,F,True,True,usa,chicago,ORD,41.979,-87.904,2023-01-16,193,8,13.25,0.25,97.875,1.3333333333333333,36.0,161.0,4.5,0.0,2,1,0.5,0,0.0,1,1,1.0,249.08,0.0,0.0,0.0,0.0,249.08,0,0.0,1.0,0.0,0.0,0.0,American Airlines,1,1.0,ORD-NCA,1,1.0,1392.441650622767,0.0,0.0,2,201.0,185.261976670875,0,0.0,0.0,0.0,0.0,402.0,11.5,12.020815280171307,2.0,1.414213562373095,Best Western,2,0.5,False,True,False,True,True,False,False,True,651.08,0.0,3,2,2,2.4000000000000004,850.0512637545849,2,2343.349264546595,True,249.08
2657,534088,1996-11-11,26.0,M,False,True,usa,kansas city,MCI,39.297,-94.714,2023-01-16,193,8,17.625,0.375,132.0,1.1428571428571428,24.0,24.0,6.333333333333333,0.0,3,1,0.3333333333333333,0,0.0,2,2,1.0,235.195,167.435814717163,0.05,17.6795,17.6795,452.7105,1,0.5,1.0,0.0,0.5,0.7071067811865476,JetBlue Airways,2,0.5,MCI-JFK,2,0.5,1217.9735984595338,803.4141076171347,0.0,2,249.5,123.743686707646,0,0.0,0.0,0.0,0.0,499.0,4.0,0.0,1.0,0.0,Starwood,2,0.5,False,True,False,False,False,False,False,True,951.7105,17.6795,4,3,2,3.05,828.3700039457597,2,2283.580205439446,False,235.195
2660,534190,1985-06-23,38.0,M,True,True,canada,windsor,YQG,42.276,-82.956,2023-01-16,193,8,22.25,0.25,165.0,1.3333333333333333,50.0,122.0,7.5,0.0,2,1,0.5,0,0.0,1,1,1.0,136.34,0.0,0.0,0.0,0.0,136.34,0,0.0,1.0,0.0,0.0,0.0,American Airlines,1,1.0,YQG-PHL,1,1.0,699.4435951750313,0.0,0.0,2,151.0,31.11269837220809,0,0.0,0.0,0.0,0.0,302.0,6.0,2.8284271247461903,1.0,0.0,Crowne Plaza,2,0.5,False,True,False,True,True,False,False,True,438.34,0.0,2,2,1,1.65,572.2975225075024,1,1577.6612960332895,True,136.34
2663,534295,1975-08-24,47.0,F,False,False,usa,new york,JFK,40.64,-73.779,2023-01-16,193,9,12.444444444444445,0.3333333333333333,93.55555555555556,1.2857142857142858,17.0,17.0,10.0,0.0,3,3,1.0,0,0.0,3,3,1.0,1369.0166666666667,1609.060520220832,0.1,69.405,69.405,4037.645,1,0.3333333333333333,2.0,1.7320508075688772,0.6666666666666666,0.5773502691896257,American Airlines,3,0.3333333333333333,JFK-NZY,3,0.3333333333333333,3014.9968866226336,1593.9874708526002,0.0,3,83.66666666666667,27.024680078279065,0,0.0,0.0,0.0,0.0,251.0,6.0,3.0,2.0,1.7320508075688772,Aman Resorts,2,0.6666666666666666,False,True,False,False,False,False,False,True,4288.645,69.405,4,3,5,4.1,3732.841946760031,5,10290.382243504568,False,684.5083333333333
2668,534380,1986-09-04,36.0,M,False,True,canada,saskatoon,YXE,52.171,-106.7,2023-01-16,193,7,16.142857142857142,0.2857142857142857,120.0,1.4,68.0,68.0,119.0,0.0,2,2,1.0,0,0.0,2,2,1.0,1516.635,1451.598297894428,0.05,127.1535,127.1535,2906.1165,1,0.5,1.5,0.7071067811865476,0.5,0.7071067811865476,Delta Air Lines,2,0.5,YXE-LGA,2,0.5,5113.05906484353,3273.6363798290377,0.5,2,152.0,89.09545442950498,0,0.0,0.0,0.0,0.0,304.0,8.5,10.606601717798213,1.0,0.0,Hilton,2,0.5,False,True,False,False,False,False,False,True,3210.1165,127.1535,1,2,5,2.65,4191.1340966155385,5,11553.763192516877,False,1011.09
2675,534594,1980-01-15,43.0,F,True,False,canada,windsor,YQG,42.276,-82.956,2023-01-16,193,8,9.25,0.25,68.125,1.1428571428571428,26.0,26.0,4.5,0.0,2,1,0.5,0,0.0,1,1,1.0,147.43,0.0,0.0,0.0,0.0,147.43,0,0.0,1.0,0.0,0.0,0.0,United Airlines,1,1.0,YQG-YMX,1,1.0,844.2930992596087,0.0,0.0,2,222.5,168.998520703585,0,0.0,0.0,0.0,0.0,445.0,15.5,16.263455967290593,2.0,1.414213562373095,Best Western,2,0.5,False,True,False,True,True,False,False,True,592.43,0.0,4,2,1,2.45,773.4777142380793,2,2132.257794426705,False,147.43
2679,534661,2005-07-21,18.0,F,False,True,usa,austin,AUS,30.194,-97.67,2023-01-16,193,8,13.75,0.125,102.625,1.6,86.0,126.0,14.0,0.0,1,0,0.0,0,0.0,0,0,0.0,0.0,0.0,0.0,0.0,0.0,0.0,0,0.0,0.0,0.0,0.0,0.0,MISSING,0,0.0,MISSING,0,0.0,0.0,0.0,0.0,1,198.0,0.0,1,1.0,0.25,49.5,49.5,148.5,7.0,0.0,1.0,0.0,Starwood,1,1.0,False,True,True,False,True,False,True,False,148.5,49.5,1,1,1,1.0,387.7637545848616,1,1068.9542476659376,True,
2680,534688,1986-09-02,36.0,F,False,True,usa,louisville,LOU,38.228,-85.664,2023-01-16,193,8,15.875,0.625,118.5,1.1428571428571428,8.0,8.0,6.8,0.0,5,4,0.8,0,0.0,4,4,1.0,170.6925,95.40880755115501,0.0,0.0,0.0,682.77,0,0.0,1.25,0.5,1.0,0.0,Alaska Airlines,4,0.25,LOU-DEN,4,0.25,923.8383239764904,609.4515374183502,0.0,5,158.2,73.80176149659302,2,0.4,0.1,14.6,29.2,761.8,4.4,3.2093613071762426,1.2,0.4472135954999579,Accor,4,0.4,False,True,False,False,True,False,False,False,1444.57,29.2,5,5,3,4.3,754.413315771924,2,2079.702676836072,False,136.554
2702,535035,1972-04-20,51.0,F,False,True,usa,new york,LGA,40.777,-73.872,2023-01-16,193,8,25.25,0.5,187.125,1.1428571428571428,8.0,102.0,7.0,0.0,4,3,0.75,0,0.0,3,3,1.0,464.93666666666667,149.754193374788,0.0,0.0,0.0,1394.81,0,0.0,1.6666666666666667,1.1547005383792515,0.3333333333333333,0.5773502691896257,AirTran Airways,3,0.3333333333333333,LGA-DTW,3,0.3333333333333333,2182.390560771017,1351.2965964878883,0.0,4,149.75,87.45427376635175,1,0.25,0.1,19.0,19.0,580.0,7.5,6.95221787153807,1.75,0.9574271077563381,Wyndham,3,0.5,False,True,False,False,True,False,False,False,1974.81,19.0,5,4,4,4.4,1289.1578117705901,3,3553.8409727831145,True,278.962
2703,535047,1977-10-01,45.0,F,False,True,usa,rochester,ROC,43.119,-77.672,2023-01-16,193,8,18.25,0.5,135.625,1.3333333333333333,54.0,54.0,11.0,0.0,4,4,1.0,0,0.0,4,4,1.0,380.09,369.55289319212,0.0,0.0,0.0,1520.36,0,0.0,1.25,0.5,0.5,0.5773502691896257,American Airlines,4,0.25,ROC-JFK,4,0.25,1518.7372508015878,1279.0845307589316,0.0,4,138.25,59.757147410721224,1,0.25,0.1,21.4,21.4,531.6,4.25,1.8929694486000912,1.25,0.5,Best Western,4,0.25,False,True,False,False,True,False,False,False,2051.96,21.4,2,4,4,3.2,1339.521403801267,4,3692.679053940399,False,304.072
2716,535266,1978-09-15,44.0,F,True,True,canada,edmonton,YED,53.667,-113.467,2023-01-17,192,9,11.0,0.2222222222222222,81.33333333333333,1.5,42.0,42.0,159.5,0.0,2,0,0.0,0,0.0,1,1,1.0,8945.15,0.0,0.0,0.0,0.0,8945.15,0,0.0,4.0,0.0,3.0,0.0,Ryanair,1,1.0,YED-XSP,1,1.0,12988.595382336278,0.0,1.0,1,298.0,0.0,0,0.0,0.0,0.0,0.0,298.0,4.0,0.0,1.0,0.0,Crowne Plaza,1,1.0,False,True,False,True,True,False,True,True,9243.15,0.0,2,2,5,3.05,12067.87389963321,5,33267.691765365016,False,2236.2875
2717,535311,1981-10-09,41.0,F,True,True,usa,houston,IAH,29.98,-95.34,2023-01-17,192,9,13.11111111111111,0.2222222222222222,98.55555555555556,1.8,61.0,165.0,6.5,0.0,2,1,0.5,0,0.0,2,2,1.0,376.585,108.51967770869945,0.0,0.0,0.0,753.17,0,0.0,1.0,0.0,0.0,0.0,Southwest Airlines,2,0.5,IAH-CMH,2,0.5,2079.620990641861,697.355825048616,0.0,1,247.0,0.0,0,0.0,0.0,0.0,0.0,247.0,9.0,0.0,1.0,0.0,Wyndham,1,1.0,False,True,False,False,True,False,True,True,1000.17,0.0,2,2,2,2.0,1305.8238196065354,3,3599.7844103974435,True,376.585
2729,535595,1971-01-02,52.0,F,True,True,usa,atlanta,ATL,33.64,-84.427,2023-01-17,192,8,15.125,0.25,112.75,2.6666666666666665,130.0,130.0,116.0,0.0,2,1,0.5,0,0.0,2,2,1.0,5779.495,7887.726646661255,0.0,0.0,0.0,11558.99,0,0.0,3.0,2.8284271247461903,2.0,2.8284271247461903,Delta Air Lines,2,0.5,ATL-DEL,2,0.5,7025.760414103644,8208.07326519773,0.5,1,326.0,0.0,0,0.0,0.0,0.0,0.0,326.0,7.0,0.0,1.0,0.0,Aman Resorts,1,1.0,False,True,False,False,True,False,True,True,11884.99,0.0,1,2,5,2.65,15517.065136712237,5,42776.12977766731,True,1926.4983333333332
2730,535600,1986-10-27,36.0,F,False,False,usa,los angeles,LAX,33.942,-118.408,2023-01-17,192,8,14.75,0.375,109.125,1.3333333333333333,55.0,148.0,7.666666666666667,0.0,3,1,0.3333333333333333,0,0.0,2,2,1.0,189.895,179.866751930422,0.0,0.0,0.0,379.79,0,0.0,1.0,0.0,0.0,0.0,Allegiant Air,2,0.5,LAX-AUS,2,0.5,1187.1862117229307,1141.500914305013,0.0,2,114.0,28.284271247461902,0,0.0,0.0,0.0,0.0,228.0,6.5,6.363961030678928,2.0,1.414213562373095,Accor,2,0.5,False,True,False,False,True,False,False,True,607.79,0.0,2,3,2,2.25,529.0211726130932,1,1458.3607232073628,True,189.895
2738,535702,1981-11-08,41.0,F,True,True,usa,new york,LGA,40.777,-73.872,2023-01-17,192,8,25.625,0.625,190.125,1.1428571428571428,19.0,19.0,8.4,0.0,5,5,1.0,0,0.0,5,4,0.8,392.714,349.682657962902,0.0,0.0,0.0,1963.57,0,0.0,1.0,0.0,0.6,0.8944271909999159,American Airlines,3,0.6,LGA-BWI,5,0.2,2183.2695802210515,1880.902294589031,0.0,5,319.8,203.628829000218,0,0.0,0.0,0.0,0.0,1599.0,4.4,6.5038450166036395,1.0,0.0,Conrad,5,0.2,False,True,False,False,True,False,False,True,3562.57,0.0,4,5,5,4.6,1860.5192177392464,5,5128.921662097292,False,392.714
2747,535879,1984-12-01,38.0,F,True,True,usa,new york,LGA,40.777,-73.872,2023-01-17,192,8,18.0,0.625,134.375,1.1428571428571428,19.0,19.0,9.2,0.0,5,4,0.8,0,0.0,4,4,1.0,417.8125,305.530379326945,0.0,0.0,0.0,1671.25,0,0.0,1.0,0.0,0.5,0.5773502691896257,Delta Air Lines,2,0.75,LGA-CMH,4,0.25,2302.7462753489326,1623.25112283473,0.0,5,295.4,331.808378435506,1,0.2,0.1,87.9,87.9,1389.1,4.4,2.073644135332772,1.0,0.0,Accor,5,0.2,False,True,False,False,True,False,False,False,3060.35,87.9,4,5,5,4.6,1598.2394698232742,4,4405.891086659194,False,417.8125
2753,535942,1979-11-22,43.0,F,True,True,usa,boston,BOS,42.364,-71.005,2023-01-17,192,8,13.25,0.25,99.5,1.1428571428571428,16.0,167.0,9.5,0.0,2,2,1.0,0,0.0,2,2,1.0,681.26,53.61283614956403,0.0,0.0,0.0,1362.52,0,0.0,1.0,0.0,0.5,0.7071067811865476,Allegiant Air,2,0.5,BOS-LAX,2,0.5,4113.544334257538,112.47100909078581,0.0,2,141.5,62.932503525602726,0,0.0,0.0,0.0,0.0,283.0,4.5,2.1213203435596424,1.0,0.0,Banyan Tree,2,0.5,False,True,False,False,True,False,False,True,1645.52,0.0,4,2,4,3.5,2148.393984661554,5,5922.510416226443,True,681.26
2755,535994,1998-02-07,25.0,F,False,True,usa,chicago,MDW,41.786,-87.752,2023-01-17,192,8,13.5,0.125,100.5,1.1428571428571428,25.0,124.0,10.0,0.0,1,0,0.0,0,0.0,0,0,0.0,0.0,0.0,0.0,0.0,0.0,0.0,0,0.0,0.0,0.0,0.0,0.0,MISSING,0,0.0,MISSING,0,0.0,0.0,0.0,0.0,1,155.0,0.0,1,1.0,0.05,7.75,7.75,147.25,11.0,0.0,1.0,0.0,Marriott,1,1.0,False,True,True,False,True,False,True,False,147.25,7.75,4,1,1,2.2,384.49974991663885,1,1059.956316288278,True,
2757,536016,1988-09-23,34.0,F,True,True,usa,oakland,OAK,37.721,-122.221,2023-01-17,192,8,11.875,0.25,89.375,1.1428571428571428,26.0,159.0,7.5,0.0,2,1,0.5,0,0.0,2,2,1.0,724.11,338.463731882753,0.0,0.0,0.0,1448.22,0,0.0,1.5,0.7071067811865476,0.0,0.0,American Airlines,2,0.5,OAK-ORD,2,0.5,2960.9086035732435,0.0,0.0,1,144.0,0.0,0,0.0,0.0,0.0,0.0,144.0,8.0,0.0,2.0,0.0,InterContinental,1,1.0,False,True,False,False,True,False,True,True,1592.22,0.0,4,2,4,3.5,2078.805405135045,5,5730.674519254744,True,482.74
2758,536034,1968-09-01,54.0,F,True,True,canada,halifax,YAW,44.64,-63.499,2023-01-17,192,8,16.625,0.25,125.5,1.3333333333333333,31.0,127.0,12.0,0.0,2,1,0.5,0,0.0,1,1,1.0,649.73,0.0,0.0,0.0,0.0,649.73,0,0.0,1.0,0.0,0.0,0.0,American Airlines,1,1.0,YAW-RND,1,1.0,3476.0028495324495,0.0,0.0,2,298.5,112.42997820866105,0,0.0,0.0,0.0,0.0,597.0,5.5,4.949747468305833,1.0,0.0,Hyatt,2,0.5,False,True,False,True,True,False,False,True,1246.73,0.0,3,2,3,2.75,1627.733016005335,4,4487.196394587725,True,649.73
2760,536039,1987-11-07,35.0,F,False,True,usa,norfolk,NGU,36.938,-76.289,2023-01-17,192,8,38.75,0.875,1003.125,1.6,81.0,86.0,44.166666666666664,220.0,6,2,0.3333333333333333,1,0.16666666666666666,4,4,1.0,831.8866666666667,896.874164213316,0.05,4.7455,4.7455,2490.9145,2,0.5,1.8,0.9574271077563381,0.5,0.5773502691896257,Wizz Air,4,0.25,NGU-LTN,4,0.25,2340.2057865776824,1537.8354199535931,0.0,4,203.33333333333334,221.41439278722,1,0.25,0.05,0.0,0.0,610.0,7.5,3.3166247903554,2.0,0.816496580927726,Shangri-La,4,0.25,False,False,False,False,False,False,False,True,3100.9145,4.7455,1,5,5,3.4,1349.5199205012782,4,3720.2421171985375,False,462.1592592592592
2765,536099,1989-08-23,33.0,F,False,True,usa,columbus,CMH,39.998,-82.892,2023-01-17,192,8,12.25,0.5,90.375,1.1428571428571428,21.0,65.0,14.25,0.0,4,2,0.5,0,0.0,2,2,1.0,179.755,148.372215896373,0.0,0.0,0.0,359.51,0,0.0,1.5,0.7071067811865476,0.0,0.0,Air Canada,2,0.5,CMH-JFK,2,0.5,614.8905698684705,227.2032202637864,0.0,4,160.5,53.842362503887216,0,0.0,0.0,0.0,0.0,642.0,5.75,2.629955639676583,1.25,0.5,Conrad,4,0.25,False,True,False,False,True,False,False,True,1001.51,0.0,4,4,2,3.3,653.7866630543514,1,1802.3036508079344,False,119.83666666666666
2769,536228,2006-09-17,16.0,F,False,False,usa,orlando,ORL,28.545,-81.333,2023-01-17,192,9,17.666666666666668,0.1111111111111111,130.77777777777777,1.8,66.0,92.0,3.0,0.0,1,0,0.0,0,0.0,0,0,0.0,0.0,0.0,0.0,0.0,0.0,0.0,0,0.0,0.0,0.0,0.0,0.0,MISSING,0,0.0,MISSING,0,0.0,0.0,0.0,0.0,1,86.0,0.0,0,0.0,0.0,0.0,0.0,86.0,8.0,0.0,2.0,0.0,Best Western,1,1.0,False,True,True,False,True,False,True,True,86.0,0.0,1,1,1,1.0,224.56352117372458,1,619.0576787829672,True,
2770,536229,1979-10-28,43.0,M,False,True,usa,sacramento,MCC,38.667,-121.401,2023-01-17,192,8,12.625,0.25,94.25,2.0,91.0,132.0,6.5,0.0,2,0,0.0,0,0.0,1,1,1.0,137.36,0.0,0.05,6.868,6.868,130.492,1,1.0,1.0,0.0,0.0,0.0,American Airlines,1,1.0,MCC-SAN,1,1.0,763.5242795640221,0.0,0.0,1,104.0,0.0,0,0.0,0.0,0.0,0.0,104.0,14.0,0.0,2.0,0.0,InterContinental,1,1.0,False,True,False,True,False,False,True,True,234.492,6.868,1,2,1,1.25,306.15319306435475,1,843.9771698440438,True,137.36
2771,536241,1974-06-06,49.0,F,True,True,usa,philadelphia,PHL,39.872,-75.241,2023-01-17,192,8,13.125,0.25,97.25,1.1428571428571428,16.0,89.0,8.5,0.0,2,1,0.5,0,0.0,2,2,1.0,1292.5,795.268854664886,0.1,129.25,258.5,2326.5,2,1.0,2.0,1.414213562373095,0.5,0.7071067811865476,American Airlines,2,0.5,PHL-LSQ,2,0.5,3608.226338760737,350.8914168239693,0.0,1,88.0,0.0,0,0.0,0.0,0.0,0.0,88.0,5.0,0.0,3.0,0.0,Shangri-La,1,1.0,False,True,False,False,False,False,True,True,2414.5,258.5,4,2,5,3.85,3152.375708569523,5,8690.202124543455,False,646.25
2773,536278,1985-03-03,38.0,F,True,False,usa,tucson,DMA,32.166,-110.883,2023-01-17,192,9,12.88888888888889,0.3333333333333333,96.77777777777777,1.2857142857142858,15.0,15.0,8.666666666666666,0.0,3,2,0.6666666666666666,0,0.0,2,2,1.0,1097.89,963.88553770663,0.0,0.0,0.0,2195.78,0,0.0,2.5,0.7071067811865476,0.5,0.7071067811865476,Ryanair,2,0.5,DMA-SFO,2,0.5,2368.3901479838637,1638.865857644756,0.0,3,91.0,22.0,0,0.0,0.0,0.0,0.0,273.0,8.666666666666666,1.5275252316519468,2.0,1.0,Choice Hotels,3,0.3333333333333333,False,True,False,False,True,False,False,True,2468.78,0.0,5,3,5,4.5,2148.829185283984,5,5923.710140410132,False,439.15600000000006
2774,536313,1995-10-13,27.0,F,True,True,usa,houston,IAH,29.98,-95.34,2023-01-17,192,8,8.125,0.25,60.375,1.3333333333333333,45.0,131.0,8.0,0.0,2,1,0.5,0,0.0,1,1,1.0,246.2,0.0,0.0,0.0,0.0,246.2,0,0.0,1.0,0.0,0.0,0.0,Air Canada,1,1.0,IAH-IND,1,1.0,1359.844103930088,0.0,0.0,2,397.5,269.407683632075,1,0.5,0.05,29.4,29.4,765.6,5.5,4.949747468305833,1.0,0.0,Starwood,1,1.0,False,True,False,True,True,False,False,False,1011.8,29.4,2,2,2,2.0,1321.0079693231075,3,3641.642787166315,True,246.2
2784,536532,1976-06-14,47.0,F,True,True,usa,kansas city,MCI,39.297,-94.714,2023-01-17,192,8,11.875,0.375,89.625,1.1428571428571428,25.0,81.0,13.666666666666666,0.0,3,2,0.6666666666666666,0,0.0,2,2,1.0,341.87,40.27680225638575,0.0,0.0,0.0,683.74,0,0.0,1.0,0.0,1.0,0.0,Air Canada,2,0.5,MCI-YOW,2,0.5,1785.6702220973898,123.89990848885893,0.0,3,153.0,104.02403568406679,0,0.0,0.0,0.0,0.0,459.0,6.666666666666667,4.509249752822894,1.0,0.0,Crowne Plaza,3,0.3333333333333333,False,True,False,False,True,False,False,True,1142.74,0.0,4,3,3,3.4,994.642318550628,2,2741.9456273350697,False,341.87
2786,536574,1972-04-11,51.0,F,True,True,canada,calgary,YYC,51.114,-114.02,2023-01-17,192,8,16.625,0.5,122.375,1.6,61.0,86.0,6.25,0.0,4,3,0.75,0,0.0,3,2,0.6666666666666666,399.33,267.955496118292,0.1,37.278,74.556,1123.434,2,0.6666666666666666,1.0,0.0,0.6666666666666666,0.5773502691896257,Delta Air Lines,3,0.3333333333333333,YYC-JFK,3,0.3333333333333333,2368.1279390199693,1060.902849603691,0.0,4,164.5,46.836595378685104,0,0.0,0.0,0.0,0.0,658.0,5.25,5.251983752196243,1.0,0.0,Aman Resorts,4,0.25,False,True,False,False,False,False,False,True,1781.434,74.556,2,4,4,3.2,1162.921778426142,3,3205.8441771658618,False,399.33
2817,537181,1979-10-01,43.0,F,False,True,usa,los angeles,LAX,33.942,-118.408,2023-01-17,192,8,20.75,0.625,153.375,1.6,77.0,77.0,7.6,0.0,5,4,0.8,0,0.0,4,4,1.0,710.565,456.736996859243,0.0,0.0,0.0,2842.26,0,0.0,1.25,0.5,0.75,0.5,Air Canada,4,0.25,LAX-DEN,4,0.25,2998.166124652174,1192.4716768260869,0.0,5,214.4,147.564562141457,1,0.2,0.05,15.35,15.35,1056.65,4.0,2.1213203435596424,1.2,0.4472135954999579,Hilton,5,0.2,False,True,False,False,True,False,False,False,3898.91,15.35,1,5,5,3.4,2036.169670556852,5,5613.139940427205,False,568.452
2818,537212,2002-05-05,21.0,F,False,True,usa,san antonio,SAT,29.534,-98.47,2023-01-18,191,8,14.125,0.25,104.625,1.3333333333333333,31.0,31.0,7.0,0.0,2,1,0.5,0,0.0,1,0,0.0,212.03,0.0,0.0,0.0,0.0,212.03,0,0.0,1.0,0.0,0.0,0.0,Ryanair,1,1.0,SAT-PNE,1,1.0,2404.253791915734,0.0,0.0,2,88.5,53.033008588991066,1,0.5,0.15,7.65,7.65,169.35,4.0,4.242640687119285,1.0,0.0,Accor,2,0.5,False,True,False,True,True,False,False,False,381.38,7.65,3,2,1,2.0500000000000003,497.93044014671557,1,1372.652427524698,False,212.03
2821,537317,1991-08-18,31.0,F,False,True,canada,winnipeg,YAV,50.056,-97.032,2023-01-18,191,8,19.0,0.5,141.375,1.3333333333333333,34.0,81.0,8.75,0.0,4,3,0.75,0,0.0,3,3,1.0,629.6733333333333,156.911144388579,0.0,0.0,0.0,1889.02,0,0.0,1.6666666666666667,0.5773502691896257,0.3333333333333333,0.5773502691896257,Philippine Airlines,3,0.3333333333333333,YAV-BWI,3,0.3333333333333333,2181.973044561424,274.9666100286539,0.0,4,109.25,38.404643816427544,0,0.0,0.0,0.0,0.0,437.0,6.5,6.4031242374328485,1.5,0.5773502691896257,Conrad,4,0.25,False,True,False,False,True,False,False,True,2326.02,0.0,3,4,5,3.95,1518.4280276758918,4,4185.873668612667,False,377.804
2824,537400,2003-03-03,20.0,M,False,True,usa,san antonio,SAT,29.534,-98.47,2023-01-18,191,8,15.25,0.25,114.125,1.3333333333333333,44.0,135.0,7.5,0.0,2,0,0.0,0,0.0,0,0,0.0,0.0,0.0,0.0,0.0,0.0,0.0,0,0.0,0.0,0.0,0.0,0.0,MISSING,0,0.0,MISSING,0,0.0,0.0,0.0,0.0,2,209.5,16.263455967290593,0,0.0,0.0,0.0,0.0,419.0,8.0,0.0,1.5,0.7071067811865476,InterContinental,2,0.5,False,True,True,False,True,False,False,True,419.0,0.0,2,2,1,1.65,547.0471823941314,1,1508.0532988957166,True,
2828,537470,1999-08-17,23.0,F,True,True,usa,omaha,OFF,41.118,-95.913,2023-01-18,191,8,18.125,0.25,136.5,1.3333333333333333,38.0,38.0,10.5,0.0,2,0,0.0,0,0.0,0,0,0.0,0.0,0.0,0.0,0.0,0.0,0.0,0,0.0,0.0,0.0,0.0,0.0,MISSING,0,0.0,MISSING,0,0.0,0.0,0.0,0.0,2,64.0,32.526911934581186,1,0.5,0.05,2.05,2.05,125.95,4.0,2.8284271247461903,1.0,0.0,Conrad,2,0.5,False,True,True,False,True,False,False,False,125.95,2.05,3,2,1,2.0500000000000003,164.4405551850617,1,453.31578280648097,False,
2846,537818,1992-07-18,31.0,F,False,True,usa,minneapolis,MSP,44.88,-93.217,2023-01-18,191,8,16.375,0.375,122.625,1.1428571428571428,14.0,151.0,13.666666666666666,0.0,3,1,0.3333333333333333,0,0.0,1,1,1.0,220.95,0.0,0.0,0.0,0.0,220.95,0,0.0,2.0,0.0,1.0,0.0,AirTran Airways,1,1.0,MSP-MDW,1,1.0,559.904455904321,0.0,0.0,3,199.66666666666666,78.58965156643292,0,0.0,0.0,0.0,0.0,599.0,4.0,1.0,2.0,0.0,Shangri-La,2,0.6666666666666666,False,True,False,True,True,False,False,True,819.95,0.0,5,3,2,3.45,713.685500722463,1,1967.4276888298214,True,110.475
2850,537861,1984-04-28,39.0,F,False,True,usa,spokane,SKA,47.615,-117.656,2023-01-18,191,8,14.75,0.375,109.25,1.3333333333333333,41.0,139.0,6.0,0.0,3,2,0.6666666666666666,0,0.0,2,2,1.0,545.745,16.89278100254662,0.0,0.0,0.0,1091.49,0,0.0,1.0,0.0,0.0,0.0,Air Canada,2,0.5,SKA-YOW,1,1.0,3186.2025337109053,0.0,0.0,3,103.33333333333333,62.91528696058958,0,0.0,0.0,0.0,0.0,310.0,6.333333333333333,5.131601439446884,1.0,0.0,Aman Resorts,3,0.3333333333333333,False,True,False,False,True,False,False,True,1401.49,0.0,2,3,3,2.5999999999999996,1219.858640657997,3,3362.8028923935685,True,545.745
2861,538134,1970-04-23,53.0,M,True,False,usa,san antonio,SAT,29.534,-98.47,2023-01-18,191,7,10.428571428571429,0.2857142857142857,78.57142857142857,1.1666666666666667,31.0,148.0,11.5,0.0,2,1,0.5,0,0.0,2,2,1.0,549.635,672.988878994297,0.0,0.0,0.0,1099.27,0,0.0,2.0,1.414213562373095,1.0,0.0,AirTran Airways,2,0.5,SAT-DAL,2,0.5,1107.741365441584,1001.9885555472941,0.0,1,129.0,0.0,0,0.0,0.0,0.0,0.0,129.0,9.0,0.0,3.0,0.0,Rosewood,1,1.0,False,True,False,False,True,False,True,True,1228.27,0.0,3,2,3,2.75,1603.6316055351783,4,4420.7556692950875,True,274.8175
2863,538147,1973-01-22,50.0,F,True,True,usa,los angeles,LAX,33.942,-118.408,2023-01-18,191,8,53.5,0.625,1124.25,1.1428571428571428,20.0,27.0,7.75,4.0,4,3,0.75,1,0.25,4,3,0.75,445.2,162.274768217366,0.0,0.0,0.0,1335.6,1,0.25,1.0,0.0,0.5,0.5773502691896257,Overland Airways,4,0.25,LAX-JFK,4,0.25,2491.0257853071566,1037.2870029349378,0.0,3,306.0,159.80613254816,1,0.3333333333333333,0.0,0.0,0.0,612.0,5.333333333333333,2.0816659994661326,1.0,0.0,NH Hotel,3,0.3333333333333333,False,False,False,False,True,False,False,True,1947.6,0.0,4,4,4,4.0,1271.395098366122,3,3504.8742302258925,False,445.2
2875,538321,1996-01-19,27.0,F,False,True,usa,san antonio,SKF,29.384,-98.581,2023-01-18,191,8,12.0,0.25,88.5,1.3333333333333333,35.0,35.0,7.5,0.0,2,0,0.0,0,0.0,1,1,1.0,433.64,0.0,0.15,65.046,65.046,368.594,1,1.0,1.0,0.0,0.0,0.0,WestJet,1,1.0,SKF-LGA,1,1.0,2569.308530148498,0.0,0.0,1,315.0,0.0,0,0.0,0.0,0.0,0.0,315.0,9.0,0.0,1.0,0.0,Aman Resorts,1,1.0,False,True,False,True,False,False,True,True,683.594,65.046,3,2,2,2.4000000000000004,892.5016028676226,2,2460.3727608718823,False,433.64
2876,538331,1983-10-04,39.0,F,False,True,usa,portland,PDX,45.589,-122.597,2023-01-18,191,8,20.625,0.625,152.75,1.1428571428571428,11.0,11.0,7.6,0.0,5,3,0.6,0,0.0,4,4,1.0,457.6025,293.514610354692,0.0,0.0,0.0,1830.41,0,0.0,1.25,0.5,0.75,0.5,United Airlines,3,0.5,PDX-IAD,4,0.25,2386.177338053603,1713.682400179432,0.0,4,232.75,117.25861730949,0,0.0,0.0,0.0,0.0,931.0,5.75,5.188127472091127,1.25,0.5,Choice Hotels,4,0.25,False,True,False,False,True,False,False,True,2761.41,0.0,5,5,5,5.0,1442.1208209403133,4,3975.5164296931935,False,366.082
2885,538454,1967-11-22,55.0,F,True,False,usa,baltimore,BWI,39.175,-76.668,2023-01-18,191,8,11.75,0.25,88.75,1.6,67.0,87.0,7.5,0.0,2,0,0.0,0,0.0,1,1,1.0,172.14,0.0,0.0,0.0,0.0,172.14,0,0.0,1.0,0.0,0.0,0.0,Air Transat,1,1.0,BWI-YQB,1,1.0,948.3436447033032,0.0,0.0,1,35.0,0.0,0,0.0,0.0,0.0,0.0,35.0,8.0,0.0,3.0,0.0,Radisson,1,1.0,False,True,False,True,True,False,True,True,207.14,0.0,1,2,1,1.25,270.4423707902634,1,745.5326022273478,False,172.14
2889,538489,1989-02-21,34.0,F,False,True,usa,omaha,OFF,41.118,-95.913,2023-01-18,191,8,12.0,0.375,89.5,1.6,67.0,132.0,5.666666666666667,0.0,3,2,0.6666666666666666,0,0.0,2,2,1.0,462.485,179.414203590463,0.0,0.0,0.0,924.97,0,0.0,1.5,0.7071067811865476,1.5,0.7071067811865476,Delta Air Lines,2,0.5,OFF-BWI,2,0.5,1751.5913410621492,148.55694896186793,0.0,3,138.33333333333334,2.516611478423583,1,0.3333333333333333,0.1,13.6,13.6,401.4,4.333333333333333,2.8867513459481287,1.3333333333333333,0.5773502691896257,Aman Resorts,3,0.3333333333333333,False,True,False,False,True,False,False,False,1326.37,13.6,1,3,3,2.1999999999999997,1154.474099144159,3,3182.556331036295,True,308.3233333333333
2905,538780,1976-11-14,46.0,F,True,True,usa,los angeles,LAX,33.942,-118.408,2023-01-18,191,9,18.11111111111111,0.3333333333333333,134.33333333333334,1.5,41.0,128.0,9.666666666666666,0.0,3,3,1.0,0,0.0,3,3,1.0,536.2066666666667,113.070986700096,0.0,0.0,0.0,1608.62,0,0.0,1.0,0.0,0.3333333333333333,0.5773502691896257,American Airlines,3,0.3333333333333333,LAX-CLT,3,0.3333333333333333,3210.4981088198433,882.2681802406389,0.0,3,138.66666666666666,54.12331598611945,0,0.0,0.0,0.0,0.0,416.0,6.0,5.196152422706632,1.0,0.0,Fairmont,3,0.3333333333333333,False,True,False,False,True,False,False,True,2024.62,0.0,2,3,4,2.95,1762.2317683672334,5,4857.971153556477,True,536.2066666666667
2914,539010,1983-05-10,40.0,F,True,True,usa,san francisco,SFO,37.619,-122.375,2023-01-18,191,8,12.25,0.375,90.875,1.3333333333333333,41.0,41.0,11.0,0.0,3,2,0.6666666666666666,0,0.0,2,2,1.0,583.5,29.797479759201114,0.0,0.0,0.0,1167.0,0,0.0,1.0,0.0,0.5,0.7071067811865476,Allegiant Air,2,0.5,SFO-BWI,2,0.5,3532.2243604023874,582.8858944002136,0.0,3,309.0,68.78953408767936,0,0.0,0.0,0.0,0.0,927.0,5.333333333333333,3.511884584284246,1.0,0.0,Crowne Plaza,3,0.3333333333333333,False,True,False,False,True,False,False,True,2094.0,0.0,2,3,4,2.95,1822.6202067355784,5,5024.444881285012,False,583.5
2930,539317,1985-02-13,38.0,F,False,True,usa,wichita,ICT,37.65,-97.433,2023-01-19,190,9,25.11111111111111,0.5555555555555556,187.55555555555554,1.2857142857142858,14.0,14.0,7.4,0.0,5,4,0.8,0,0.0,4,4,1.0,326.6925,41.69949510086023,0.0,0.0,0.0,1306.77,0,0.0,1.25,0.5,0.25,0.5,American Airlines,4,0.25,ICT-LAX,4,0.25,1595.1552150903187,473.19697543544487,0.0,5,214.6,157.160109442568,2,0.4,0.075,8.425,16.85,1056.15,4.2,0.4472135954999579,1.2,0.4472135954999579,Aman Resorts,5,0.2,False,True,False,False,True,False,False,False,2362.92,16.85,5,5,5,5.0,1234.0131057019007,3,3401.822721743835,False,261.354
2932,539337,1995-08-20,27.0,F,False,True,usa,los angeles,LAX,33.942,-118.408,2023-01-19,190,8,9.625,0.375,71.875,1.6,70.0,109.0,7.666666666666667,0.0,3,1,0.3333333333333333,0,0.0,3,3,1.0,340.81333333333333,16.92113865356978,0.0,0.0,0.0,1022.44,0,0.0,1.0,0.0,0.6666666666666666,0.5773502691896257,Air Canada,2,0.6666666666666666,LAX-YYC,2,0.6666666666666666,1930.1371523865353,20.738085990008482,0.0,1,1005.0,0.0,0,0.0,0.0,0.0,0.0,1005.0,4.0,0.0,1.0,0.0,Wyndham,1,1.0,False,True,False,False,True,False,True,True,2027.44,0.0,1,3,4,2.55,1764.6862998777372,5,4864.737597952478,True,340.81333333333333
2935,539414,1987-10-26,35.0,F,True,True,usa,fort worth,FTW,32.82,-97.362,2023-01-19,190,8,15.125,0.375,111.75,1.1428571428571428,13.0,122.0,10.0,0.0,3,2,0.6666666666666666,0,0.0,2,2,1.0,229.21,252.52197369734,0.15,7.5975,7.5975,450.8225,1,0.5,1.0,0.0,0.0,0.0,United Airlines,1,1.0,FTW-AUS,2,0.5,1279.4585767491988,1394.4215807856483,0.0,3,210.33333333333334,150.074425980356,1,0.3333333333333333,0.1,14.5,14.5,616.5,4.666666666666667,3.2145502536643185,1.0,0.0,Choice Hotels,3,0.3333333333333333,False,True,False,False,False,False,False,False,1067.3225,22.0975,5,3,3,3.8,928.9988326664443,2,2560.985230088502,True,229.21
2937,539453,2005-08-01,17.0,F,False,True,usa,philadelphia,PNE,40.082,-75.011,2023-01-19,190,8,11.25,0.125,84.25,1.3333333333333333,42.0,189.0,8.0,0.0,1,0,0.0,0,0.0,0,0,0.0,0.0,0.0,0.0,0.0,0.0,0.0,0,0.0,0.0,0.0,0.0,0.0,MISSING,0,0.0,MISSING,0,0.0,0.0,0.0,0.0,1,128.0,0.0,0,0.0,0.0,0.0,0.0,128.0,8.0,0.0,1.0,0.0,Shangri-La,1,1.0,False,True,True,False,True,False,True,True,128.0,0.0,2,1,1,1.4,334.23407802600866,1,921.3881730723233,True,
2940,539510,1979-08-08,43.0,F,False,True,usa,tulsa,TUL,36.198,-95.888,2023-01-19,190,9,9.444444444444445,0.3333333333333333,69.55555555555556,1.2857142857142858,17.0,17.0,11.666666666666666,0.0,3,2,0.6666666666666666,0,0.0,2,2,1.0,254.275,264.733707808432,0.0,0.0,0.0,508.55,0,0.0,1.0,0.0,1.0,0.0,AirTran Airways,2,0.5,TUL-DAL,2,0.5,1367.702306113607,1392.6779826024674,0.0,3,187.33333333333334,100.72900939318987,1,0.3333333333333333,0.15,33.9,33.9,528.1,7.333333333333333,6.8068592855540455,1.0,0.0,Banyan Tree,3,0.3333333333333333,False,True,False,False,True,False,False,False,1036.65,33.9,4,3,2,3.05,902.3014504834945,2,2487.3881500401662,False,254.275
2943,539542,1942-01-26,81.0,F,False,False,usa,san antonio,SKF,29.384,-98.581,2023-01-19,190,8,16.625,0.25,124.0,1.3333333333333333,44.0,44.0,104.5,0.0,2,0,0.0,0,0.0,1,1,1.0,2252.99,0.0,0.0,0.0,0.0,2252.99,0,0.0,1.0,0.0,0.0,0.0,Gulf Air Bahrain,1,1.0,SKF-CAI,1,1.0,11539.139793378821,0.0,1.0,1,318.0,0.0,0,0.0,0.0,0.0,0.0,318.0,11.0,0.0,2.0,0.0,Rosewood,1,1.0,False,True,False,True,True,False,True,True,2570.99,0.0,2,2,5,3.05,3356.6893447815933,5,9253.436637059422,False,2252.99
2944,539558,1985-02-28,38.0,M,False,True,usa,new york,LGA,40.777,-73.872,2023-01-19,190,8,15.75,0.5,116.375,1.1428571428571428,7.0,7.0,8.25,0.0,4,4,1.0,0,0.0,4,4,1.0,291.3575,289.540852083087,0.0,0.0,0.0,1165.43,0,0.0,1.5,0.5773502691896257,0.25,0.5,American Airlines,4,0.25,LGA-LOU,4,0.25,1423.7150819569285,1733.8658211352347,0.0,4,140.75,57.74873735993426,1,0.25,0.25,29.5,29.5,533.5,4.5,3.7859388972001824,1.5,0.5773502691896257,Accor,4,0.25,False,True,False,False,True,False,False,False,1698.93,29.5,5,4,4,4.4,1109.0630901967322,3,3057.371111089379,False,194.23833333333334
2955,539729,1989-04-22,34.0,F,False,False,usa,new orleans,MSY,29.993,-90.258,2023-01-19,190,8,12.625,0.125,94.625,1.3333333333333333,42.0,189.0,6.0,0.0,1,1,1.0,0,0.0,1,1,1.0,678.97,0.0,0.0,0.0,0.0,678.97,0,0.0,2.0,0.0,0.0,0.0,Allegiant Air,1,1.0,MSY-LGA,1,1.0,1901.5249466845098,0.0,0.0,1,95.0,0.0,0,0.0,0.0,0.0,0.0,95.0,9.0,0.0,2.0,0.0,Extended Stay,1,1.0,False,True,False,True,True,False,True,True,773.97,0.0,2,1,2,1.75,2020.9933544514838,5,5571.303158693641,True,339.485
2957,539794,1981-07-26,42.0,M,True,True,usa,new york,LGA,40.777,-73.872,2023-01-19,190,8,15.125,0.5,113.25,1.6,59.0,110.0,8.0,0.0,4,4,1.0,0,0.0,4,4,1.0,397.145,191.219799968518,0.5,331.74,331.74,1256.84,1,0.25,1.0,0.0,0.5,0.5773502691896257,Delta Air Lines,3,0.5,LGA-DAL,4,0.25,2101.79500854165,1015.3119530977413,0.0,4,190.5,65.53624951124378,0,0.0,0.0,0.0,0.0,762.0,4.5,3.872983346207417,1.0,0.0,Extended Stay,4,0.25,False,True,False,False,False,False,False,True,2018.84,331.74,2,4,4,3.2,1317.9006368789596,3,3633.0767564947832,True,397.145
2973,540029,1960-09-26,62.0,F,True,True,usa,columbus,LCK,39.814,-82.928,2023-01-19,190,8,14.5,0.25,107.25,1.6,62.0,62.0,116.0,0.0,2,2,1.0,0,0.0,2,2,1.0,2687.965,2579.645745921327,0.15,129.582,129.582,5246.348,1,0.5,3.0,0.0,1.5,0.7071067811865476,American Airlines,2,0.5,LCK-AYT,2,0.5,5317.919659005846,5390.568251377075,0.5,2,117.5,33.23401871576773,0,0.0,0.0,0.0,0.0,235.0,5.5,4.949747468305833,2.5,0.7071067811865476,Best Western,2,0.5,False,True,False,False,False,False,False,True,5481.348,129.582,2,2,5,3.05,7156.458184061354,5,19728.317264428253,False,895.9883333333333
2976,540138,1976-02-26,47.0,M,True,True,usa,miami,TNT,25.862,-80.897,2023-01-19,190,9,15.333333333333334,0.1111111111111111,113.55555555555556,1.2857142857142858,25.0,83.0,9.0,0.0,1,0,0.0,0,0.0,0,0,0.0,0.0,0.0,0.0,0.0,0.0,0.0,0,0.0,0.0,0.0,0.0,0.0,MISSING,0,0.0,MISSING,0,0.0,0.0,0.0,0.0,1,183.0,0.0,1,1.0,0.1,18.3,18.3,164.7,6.0,0.0,1.0,0.0,Fairmont,1,1.0,False,True,True,False,True,False,True,False,164.7,18.3,4,1,1,2.2,430.0652550850283,1,1185.5674383204034,False,
2999,540557,1971-04-12,52.0,M,True,True,usa,detroit,DTW,42.212,-83.353,2023-01-19,190,8,15.625,0.5,116.25,1.6,77.0,77.0,7.0,0.0,4,3,0.75,0,0.0,3,3,1.0,384.8566666666667,429.608221096074,0.15,132.138,132.138,1022.432,1,0.3333333333333333,1.3333333333333333,0.5773502691896257,0.6666666666666666,1.1547005383792515,Canadian North,3,0.3333333333333333,DTW-YOW,2,0.6666666666666666,1360.176053164597,1131.4444144521813,0.0,4,82.5,33.6699668349505,1,0.25,0.1,7.3,7.3,322.7,4.0,2.0,1.25,0.5,Accor,4,0.25,False,True,False,False,False,False,False,False,1345.132,139.438,1,4,3,2.4499999999999997,878.1034254751584,2,2420.6810859787506,False,288.64250000000004
3000,540572,1974-03-03,49.0,F,True,True,usa,phoenix,LUF,33.535,-112.383,2023-01-19,190,8,23.25,0.75,172.5,1.3333333333333333,55.0,55.0,36.166666666666664,0.0,6,5,0.8333333333333334,0,0.0,5,5,1.0,638.256,486.779013958079,0.05,34.004,34.004,3157.276,1,0.2,2.0,2.23606797749979,1.2,2.16794833886788,United Airlines,4,0.4,LUF-SEA,5,0.2,2297.0979670024144,885.0611410292139,0.0,6,215.16666666666666,126.37945508138,1,0.16666666666666666,0.05,9.3,9.3,1281.7,5.0,4.560701700396552,1.5,0.8366600265340756,Extended Stay,6,0.16666666666666666,False,True,False,False,False,False,False,False,4438.976,43.304,2,5,5,3.8,1931.8451181504943,5,5325.5468580102715,False,319.128
3008,540653,1983-03-03,40.0,F,True,True,canada,london,YXU,43.036,-81.154,2023-01-19,190,8,14.375,0.125,105.625,1.1428571428571428,22.0,22.0,17.0,0.0,1,0,0.0,0,0.0,0,0,0.0,0.0,0.0,0.0,0.0,0.0,0.0,0,0.0,0.0,0.0,0.0,0.0,MISSING,0,0.0,MISSING,0,0.0,0.0,0.0,0.0,1,277.0,0.0,0,0.0,0.0,0.0,0.0,277.0,5.0,0.0,1.0,0.0,Wyndham,1,1.0,False,True,True,False,True,False,True,True,277.0,0.0,4,1,1,2.2,723.3034344781594,1,1993.9415932893246,False,
3021,540863,1976-10-22,46.0,F,True,True,usa,los angeles,LAX,33.942,-118.408,2023-01-19,190,9,25.333333333333332,0.2222222222222222,187.66666666666666,1.8,71.0,71.0,143.5,0.0,2,0,0.0,0,0.0,1,1,1.0,625.1,0.0,0.0,0.0,0.0,625.1,0,0.0,6.0,0.0,5.0,0.0,Delta Air Lines,1,1.0,LAX-LUF,1,1.0,558.8707141474812,0.0,0.0,1,235.0,0.0,0,0.0,0.0,0.0,0.0,235.0,8.0,0.0,1.0,0.0,Crowne Plaza,1,1.0,False,True,False,True,True,False,True,True,860.1,0.0,1,2,2,1.6,1122.9481660553517,3,3095.648311169942,False,104.18333333333334
3053,541352,1980-04-22,43.0,F,True,True,usa,portland,PWM,43.646,-70.309,2023-01-20,189,8,15.625,0.25,117.625,1.6,81.0,81.0,7.0,0.0,2,2,1.0,0,0.0,2,2,1.0,89.4,14.255272708720797,0.0,0.0,0.0,178.8,0,0.0,1.0,0.0,0.5,0.7071067811865476,JetBlue Airways,2,0.5,PWM-JFK,2,0.5,512.8627043571292,103.20697190647172,0.0,2,325.0,15.556349186104045,0,0.0,0.0,0.0,0.0,650.0,4.0,1.414213562373095,1.0,0.0,Conrad,2,0.5,False,True,False,False,True,False,False,True,828.8,0.0,1,2,2,1.6,1082.082827609203,3,2982.9942103216463,False,89.4
3058,541454,1968-03-28,55.0,F,False,True,usa,boston,BOS,42.364,-71.005,2023-01-20,189,7,20.857142857142858,0.5714285714285714,154.71428571428572,1.1666666666666667,28.0,28.0,7.0,0.0,4,4,1.0,0,0.0,4,3,0.75,639.29,97.6620226427175,0.3,194.481,194.481,2362.679,1,0.25,1.25,0.5,1.25,1.2583057392117916,American Airlines,4,0.25,BOS-NZY,4,0.25,3592.245076515259,559.283041566996,0.0,4,134.75,49.86899504368086,0,0.0,0.0,0.0,0.0,539.0,5.25,2.5,1.25,0.5,Starwood,3,0.5,False,True,False,False,False,False,False,True,2901.679,194.481,3,4,5,3.95,1894.218760336779,5,5221.821704399074,False,511.43199999999996
3063,541540,1972-02-18,51.0,M,True,True,usa,san diego,NZY,32.699,-117.215,2023-01-20,189,8,15.125,0.5,112.125,1.1428571428571428,16.0,103.0,7.5,0.0,4,3,0.75,0,0.0,4,3,0.75,293.92,226.627698660159,0.1,11.461,11.461,1164.219,1,0.25,1.5,1.0,0.75,0.9574271077563381,Southwest Airlines,3,0.5,NZY-DAL,4,0.25,1375.5544984524377,1014.5712026182292,0.0,3,134.66666666666666,28.005951748393294,0,0.0,0.0,0.0,0.0,404.0,5.666666666666667,2.0816659994661326,1.6666666666666667,1.1547005383792515,Conrad,3,0.3333333333333333,False,True,False,False,False,False,False,True,1568.219,11.461,4,4,4,4.0,1023.7348273591197,2,2822.1453894283313,True,195.9466666666667
3067,541699,1977-06-20,46.0,F,True,False,usa,modesto,MOD,37.626,-120.954,2023-01-20,189,10,11.4,0.6,85.3,1.4285714285714286,25.0,25.0,8.0,0.0,6,2,0.3333333333333333,0,0.0,5,5,1.0,666.38,603.276872464045,0.0,0.0,0.0,3331.9,0,0.0,1.4,0.8944271909999159,0.0,0.0,American Airlines,3,0.6,MOD-DMA,5,0.2,2414.0116562818075,1524.602088831418,0.0,3,207.33333333333334,113.975143488979,1,0.3333333333333333,0.05,16.85,16.85,605.15,8.0,2.6457513110645907,2.0,1.0,Banyan Tree,3,0.3333333333333333,False,True,False,False,True,False,False,False,3937.05,16.85,4,5,5,4.6,1713.4066105368458,4,4723.37409738853,False,475.9857142857143
3080,541939,1970-10-12,52.0,F,True,True,usa,charlotte,CLT,35.214,-80.943,2023-01-20,189,8,18.0,0.5,133.125,1.1428571428571428,25.0,105.0,8.75,0.0,4,2,0.5,0,0.0,3,3,1.0,302.87333333333333,210.073697623794,0.0,0.0,0.0,908.62,0,0.0,1.0,0.0,0.0,0.0,Air Canada,2,0.6666666666666666,CLT-JFK,3,0.3333333333333333,1776.6353917246045,1287.3423748165003,0.0,3,113.0,14.422205101855956,0,0.0,0.0,0.0,0.0,339.0,4.666666666666667,5.507570547286102,1.3333333333333333,0.5773502691896257,Radisson,2,0.6666666666666666,False,True,False,False,True,False,False,True,1247.62,0.0,4,4,3,3.65,814.4475008336111,2,2245.1998290790857,True,302.87333333333333
3082,541972,1969-07-10,54.0,F,True,True,usa,chicago,ORD,41.979,-87.904,2023-01-20,189,8,16.5,0.25,122.125,1.1428571428571428,15.0,156.0,7.0,0.0,2,2,1.0,0,0.0,2,1,0.5,244.65,9.418662325404814,0.0,0.0,0.0,489.3,0,0.0,1.0,0.0,1.0,1.414213562373095,Alaska Airlines,2,0.5,ORD-DEN,2,0.5,2108.662436341321,965.851159044365,0.0,2,295.5,255.265548008344,0,0.0,0.0,0.0,0.0,591.0,6.5,4.949747468305833,1.0,0.0,Best Western,2,0.5,False,True,False,False,True,False,False,True,1080.3,0.0,5,2,3,3.55,1410.4416972324107,4,3888.186106914183,True,244.65
3091,542056,1995-12-10,27.0,F,False,True,usa,long beach,LGB,33.818,-118.151,2023-01-20,189,8,41.625,0.375,878.384848625,1.6,74.0,125.0,18.0,9.0,2,0,0.0,1,0.5,0,0,0.0,0.0,0.0,0.0,0.0,0.0,0.0,0,0.0,0.0,0.0,0.0,0.0,MISSING,0,0.0,MISSING,0,0.0,0.0,0.0,0.0,2,215.0,0.0,1,0.5,0.0,0.0,0.0,215.0,7.0,5.656854249492381,1.0,0.0,NH Hotel,2,0.5,False,False,True,False,True,False,False,True,215.0,0.0,1,2,1,1.25,280.7044014671557,1,773.822098478709,True,
3095,542095,1973-05-10,50.0,F,True,True,usa,minneapolis,MSP,44.88,-93.217,2023-01-20,189,8,22.125,0.25,254.34169075,1.3333333333333333,56.0,56.0,8.0,8.0,1,1,1.0,1,1.0,1,1,1.0,0.0,0.0,0.0,0.0,0.0,0.0,1,1.0,1.0,0.0,1.0,0.0,Southwest Airlines,1,1.0,MSP-LGA,1,1.0,0.0,0.0,0.0,1,0.0,0.0,1,1.0,0.0,0.0,0.0,0.0,8.0,0.0,1.0,0.0,Best Western,1,1.0,False,False,True,True,True,True,True,True,0.0,0.0,2,1,0,1.05,0.0,1,0.0,False,0.0
3096,542142,1980-07-14,43.0,M,True,True,usa,long beach,LGB,33.818,-118.151,2023-01-20,189,9,47.888888888888886,0.7777777777777778,990.4444444444445,1.5,27.0,27.0,52.833333333333336,6.0,6,4,0.6666666666666666,1,0.16666666666666666,5,5,1.0,1940.925,3169.347249950164,0.05,334.335,334.335,7429.365,2,0.4,1.3333333333333333,0.8944271909999159,1.2,1.3038404810405297,American Airlines,4,0.2,LGB-EFD,5,0.2,4411.208499929392,4428.364385047342,0.25,5,181.25,60.162973109158536,1,0.2,0.0,0.0,0.0,725.0,6.2,5.215361924162119,1.2,0.4472135954999579,NH Hotel,5,0.2,False,False,False,False,False,False,False,True,8154.365,334.335,3,5,5,4.2,3548.78472351895,5,9782.988893118352,False,1455.6937500000001
3100,542196,1965-07-04,58.0,F,True,False,usa,burlington,BTV,44.472,-73.153,2023-01-20,189,8,9.0,0.25,68.125,2.0,103.0,103.0,12.0,0.0,2,0,0.0,0,0.0,1,1,1.0,51.18,0.0,0.1,5.118,5.118,46.062,1,1.0,1.0,0.0,1.0,0.0,American Airlines,1,1.0,BTV-BOS,1,1.0,291.59370740821083,0.0,0.0,1,64.0,0.0,0,0.0,0.0,0.0,0.0,64.0,12.0,0.0,2.0,0.0,Fairmont,1,1.0,False,True,False,True,False,False,True,True,110.062,5.118,1,2,1,1.25,143.69715271757252,1,396.13212931517984,True,51.18
3101,542208,1985-07-11,38.0,F,True,True,usa,san diego,SAN,32.733,-117.189,2023-01-20,189,8,18.5,0.625,137.875,1.1428571428571428,26.0,26.0,7.6,0.0,5,5,1.0,0,0.0,5,5,1.0,579.784,306.917601776112,0.15,99.579,99.579,2799.341,1,0.2,1.2,0.4472135954999579,0.4,0.5477225575051661,Alitalia,5,0.2,SAN-FTW,5,0.2,2771.9370014551137,1711.2400914907216,0.0,5,117.4,38.14839446162839,0,0.0,0.0,0.0,0.0,587.0,4.8,2.6832815729997477,1.2,0.4472135954999579,Conrad,5,0.2,False,True,False,False,False,False,False,True,3386.341,99.579,4,5,5,4.6,1768.4852531510503,5,4875.210230296725,False,483.15333333333336
3102,542230,1975-09-02,47.0,F,True,False,usa,philadelphia,PNE,40.082,-75.011,2023-01-20,189,10,12.4,0.1,92.2,1.6666666666666667,43.0,154.0,8.0,0.0,1,1,1.0,0,0.0,1,1,1.0,1311.98,0.0,0.0,0.0,0.0,1311.98,0,0.0,3.0,0.0,0.0,0.0,Conviasa,1,1.0,PNE-SVZ,1,1.0,2416.255081882277,0.0,0.0,1,250.0,0.0,0,0.0,0.0,0.0,0.0,250.0,5.0,0.0,3.0,0.0,Radisson,1,1.0,False,True,False,True,True,False,True,True,1561.98,0.0,2,1,4,2.45,4078.6480093364453,5,11243.671082621153,True,437.32666666666665
3111,542334,1969-02-13,54.0,F,True,True,canada,gatineau,YND,45.521,-75.564,2023-01-20,189,8,15.5,0.25,114.125,1.3333333333333333,45.0,166.0,6.5,0.0,2,1,0.5,0,0.0,1,1,1.0,644.53,0.0,0.0,0.0,0.0,644.53,0,0.0,1.0,0.0,1.0,0.0,Ryanair,1,1.0,YND-NZY,1,1.0,3814.927468231481,0.0,0.0,2,269.0,175.362481734264,0,0.0,0.0,0.0,0.0,538.0,5.0,2.8284271247461903,2.0,1.414213562373095,Conrad,2,0.5,False,True,False,True,True,False,False,True,1182.53,0.0,2,2,3,2.3499999999999996,1543.913376125375,4,4256.129516809431,True,644.53
3117,542471,1982-12-22,40.0,F,True,True,usa,san francisco,SFO,37.619,-122.375,2023-01-20,189,8,18.875,0.5,140.875,1.1428571428571428,22.0,78.0,10.0,0.0,4,3,0.75,0,0.0,4,4,1.0,495.535,148.314325785924,0.0,0.0,0.0,1982.14,0,0.0,1.0,0.0,0.5,0.5773502691896257,AirTran Airways,4,0.25,SFO-DAL,4,0.25,2985.7268624529897,888.4916171374632,0.0,3,155.33333333333334,74.3796567169635,2,0.6666666666666666,0.075,10.125,20.25,445.75,6.666666666666667,6.429100507328637,1.0,0.0,Conrad,3,0.3333333333333333,False,True,False,False,True,False,False,False,2427.89,20.25,4,4,5,4.35,1584.928858786262,4,4369.197522501099,False,495.535
3120,542585,1972-08-15,50.0,F,True,True,usa,cleveland,CLE,41.412,-81.85,2023-01-20,189,8,10.625,0.375,80.625,1.3333333333333333,42.0,105.0,14.0,0.0,3,1,0.3333333333333333,0,0.0,2,2,1.0,233.515,147.90552542079,0.0,0.0,0.0,467.03,0,0.0,1.5,0.7071067811865476,0.5,0.7071067811865476,KLM Royal Dutch Airlines,2,0.5,CLE-BOS,2,0.5,792.7724894274193,156.3530731468505,0.0,2,165.0,94.75230867899737,1,0.5,0.15,34.8,34.8,295.2,5.5,2.1213203435596424,1.0,0.0,Four Seasons,2,0.5,False,True,False,False,True,False,False,False,762.23,34.8,2,3,2,2.25,663.4459408691787,1,1828.931529064888,True,155.67666666666665
3126,542670,1968-03-22,55.0,F,False,False,usa,new york,LGA,40.777,-73.872,2023-01-20,189,8,18.625,0.375,138.625,1.1428571428571428,23.0,23.0,9.666666666666666,0.0,3,2,0.6666666666666666,0,0.0,2,2,1.0,970.2,1340.419898688467,0.0,0.0,0.0,1940.4,0,0.0,2.0,1.414213562373095,0.5,0.7071067811865476,American Airlines,2,0.5,LGA-LUF,2,0.5,1815.3576661609884,2350.073331034036,0.0,3,416.3333333333333,606.074527870404,0,0.0,0.0,0.0,0.0,1249.0,9.0,3.0,2.0,1.0,NH Hotel,2,0.6666666666666666,False,True,False,False,True,False,False,True,3189.4,0.0,4,3,5,4.1,2776.057730354563,5,7652.80062290851,False,485.1
3137,542843,1969-03-13,54.0,F,True,True,usa,mobile,BFM,30.626,-88.068,2023-01-20,189,8,14.125,0.25,103.625,1.6,82.0,151.0,8.5,0.0,2,2,1.0,0,0.0,2,2,1.0,597.015,406.551043843205,0.0,0.0,0.0,1194.03,0,0.0,2.0,1.414213562373095,1.5,0.7071067811865476,Etihad Airways,2,0.5,BFM-DEN,2,0.5,1760.0304242013135,83.32215218607183,0.0,2,133.0,151.320851173921,0,0.0,0.0,0.0,0.0,266.0,6.0,2.8284271247461903,2.0,1.414213562373095,Shangri-La,1,1.0,False,True,False,False,True,False,False,True,1460.03,0.0,1,2,3,1.9499999999999997,1906.2178942980993,5,5254.899899729626,True,298.5075
3142,542918,1988-01-16,35.0,F,True,True,canada,toronto,YYZ,43.677,-79.631,2023-01-20,189,8,20.625,0.5,153.5,1.1428571428571428,15.0,15.0,61.25,0.0,4,3,0.75,0,0.0,4,4,1.0,2710.1175,5064.430257474675,0.1,26.214,26.214,10814.256,1,0.25,2.0,2.0,1.5,1.7320508075688772,Allegiant Air,4,0.25,YYZ-BNA,4,0.25,3544.898859653561,5037.807325819329,0.25,3,172.66666666666666,75.79797710581288,0,0.0,0.0,0.0,0.0,518.0,5.0,2.6457513110645907,1.0,0.0,Aman Resorts,3,0.3333333333333333,False,True,False,False,False,False,False,True,11332.256,26.214,5,4,5,4.75,7397.707297099032,5,20393.372368413813,False,1355.05875
3145,542976,1980-05-05,43.0,F,True,True,usa,san diego,NZY,32.699,-117.215,2023-01-20,189,8,15.25,0.375,113.75,1.3333333333333333,32.0,119.0,11.0,0.0,3,2,0.6666666666666666,0,0.0,2,2,1.0,546.69,57.176654326744234,0.0,0.0,0.0,1093.38,0,0.0,1.0,0.0,1.0,0.0,Delta Air Lines,2,0.5,NZY-ORD,2,0.5,2978.6125043342827,280.91841560610436,0.0,3,133.66666666666666,78.69138029881884,2,0.6666666666666666,0.05,7.6,15.2,385.8,4.0,2.0,1.0,0.0,Aman Resorts,3,0.3333333333333333,False,True,False,False,True,False,False,False,1479.18,15.2,3,3,3,3.0,1287.4801133711237,3,3549.216036054998,True,546.69
3146,543008,1975-03-22,48.0,F,True,True,usa,buffalo,BUF,42.94,-78.732,2023-01-20,189,8,16.875,0.375,408.34705925,2.0,90.0,127.0,103.0,160.0,2,1,0.5,1,0.5,2,2,1.0,90.82,0.0,0.0,0.0,0.0,90.82,1,0.5,2.3333333333333335,1.414213562373095,1.0,1.414213562373095,Spicejet,2,0.5,BUF-BLR,2,0.5,483.63600812314723,9099.010191791363,0.0,1,73.0,0.0,0,0.0,0.0,0.0,0.0,73.0,5.0,0.0,1.0,0.0,Crowne Plaza,1,1.0,False,False,False,False,True,False,True,True,163.82,0.0,1,2,1,1.25,213.88369789929976,1,589.6164473152656,True,38.92285714285714
3159,543273,1978-08-09,44.0,F,True,True,usa,omaha,OFF,41.118,-95.913,2023-01-21,188,9,18.555555555555557,0.5555555555555556,137.66666666666666,1.8,63.0,63.0,7.8,0.0,5,3,0.6,0,0.0,3,3,1.0,251.68,173.893495853065,0.0,0.0,0.0,755.04,0,0.0,1.0,0.0,0.3333333333333333,0.5773502691896257,Air Canada,3,0.3333333333333333,OFF-DAL,3,0.3333333333333333,1303.498511215424,873.9360585223496,0.0,5,213.6,77.13170554318114,0,0.0,0.0,0.0,0.0,1068.0,8.8,12.617448236470004,1.4,0.5477225575051661,Accor,5,0.2,False,True,False,False,True,False,False,True,1823.04,0.0,2,5,4,3.4499999999999997,952.0657712570857,2,2624.5742109965126,False,251.68
3161,543306,1986-07-18,37.0,F,False,True,usa,houston,IAH,29.98,-95.34,2023-01-21,188,8,20.375,0.375,152.875,1.3333333333333333,47.0,47.0,5.666666666666667,0.0,3,1,0.3333333333333333,0,0.0,2,2,1.0,350.34,109.78539884702337,0.0,0.0,0.0,700.68,0,0.0,1.0,0.0,1.0,0.0,AirTran Airways,2,0.5,IAH-MDW,2,0.5,2145.8142403463244,943.6136513346303,0.0,2,209.5,102.5304832720494,1,0.5,0.2,56.4,56.4,362.6,4.0,2.8284271247461903,1.0,0.0,Choice Hotels,2,0.5,False,True,False,False,True,False,False,False,1063.28,56.4,2,3,3,2.5999999999999996,925.4802356341003,2,2551.285460063385,False,350.34
3167,543428,1989-07-11,34.0,F,False,True,usa,portland,PWM,43.646,-70.309,2023-01-21,188,8,15.5,0.25,115.625,1.1428571428571428,23.0,140.0,15.5,0.0,2,0,0.0,0,0.0,0,0,0.0,0.0,0.0,0.0,0.0,0.0,0.0,0,0.0,0.0,0.0,0.0,0.0,MISSING,0,0.0,MISSING,0,0.0,0.0,0.0,0.0,2,149.5,89.80256121069154,0,0.0,0.0,0.0,0.0,299.0,7.0,2.8284271247461903,1.0,0.0,Accor,2,0.5,False,True,True,False,True,False,False,True,299.0,0.0,4,2,1,2.45,390.3749583194398,1,1076.1525927680652,True,
3169,543476,1988-10-06,34.0,F,True,True,usa,oklahoma city,TIK,35.415,-97.386,2023-01-21,188,8,12.125,0.125,90.75,1.6,77.0,123.0,12.0,0.0,1,0,0.0,0,0.0,0,0,0.0,0.0,0.0,0.0,0.0,0.0,0.0,0,0.0,0.0,0.0,0.0,0.0,MISSING,0,0.0,MISSING,0,0.0,0.0,0.0,0.0,1,68.0,0.0,1,1.0,0.15,10.2,10.2,57.8,8.0,0.0,1.0,0.0,InterContinental,1,1.0,False,True,True,False,True,False,True,False,57.8,10.2,1,1,1,1.0,150.92757585861952,1,416.06434690297095,True,
3182,543713,1988-10-02,34.0,M,False,True,usa,omaha,OFF,41.118,-95.913,2023-01-21,188,8,11.375,0.375,83.875,1.3333333333333333,33.0,33.0,7.0,0.0,3,2,0.6666666666666666,0,0.0,2,2,1.0,297.17,102.00722425397134,0.05,11.252,11.252,583.088,1,0.5,1.0,0.0,0.0,0.0,Delta Air Lines,2,0.5,OFF-BOS,2,0.5,1672.80609211325,553.0025796647216,0.0,3,195.66666666666666,90.99633692261098,0,0.0,0.0,0.0,0.0,587.0,6.333333333333333,5.131601439446884,1.0,0.0,Best Western,3,0.3333333333333333,False,True,False,False,False,False,False,True,1170.088,11.252,3,3,3,3.0,1018.4460517950428,2,2807.565741286064,False,297.17
3186,543778,1967-10-14,55.0,F,True,True,usa,new york,JFK,40.64,-73.779,2023-01-21,188,7,12.571428571428571,0.42857142857142855,92.42857142857143,1.1666666666666667,27.0,62.0,5.0,0.0,3,2,0.6666666666666666,0,0.0,2,1,0.5,431.375,456.161655611254,0.125,61.98575,123.9715,738.7785,2,1.0,1.0,0.0,0.5,0.7071067811865476,AirTran Airways,2,0.5,JFK-LAX,2,0.5,2574.316466239623,1979.748199290466,0.0,3,127.66666666666667,46.65118790913403,2,0.6666666666666666,0.15,14.5,29.0,354.0,4.666666666666667,2.0816659994661326,1.0,0.0,Crowne Plaza,3,0.3333333333333333,False,True,False,False,False,False,False,False,1092.7785,152.9715,3,3,3,3.0,951.155766755585,2,2622.0655877284207,False,431.375
3191,543885,1984-03-19,39.0,F,True,False,usa,baton rouge,BTR,30.533,-91.149,2023-01-21,188,10,15.5,0.1,115.8,1.6666666666666667,38.0,167.0,4.0,0.0,1,0,0.0,0,0.0,0,0,0.0,0.0,0.0,0.0,0.0,0.0,0.0,0,0.0,0.0,0.0,0.0,0.0,MISSING,0,0.0,MISSING,0,0.0,0.0,0.0,0.0,1,78.0,0.0,0,0.0,0.0,0.0,0.0,78.0,6.0,0.0,2.0,0.0,Starwood,1,1.0,False,True,True,False,True,False,True,True,78.0,0.0,3,1,1,1.8000000000000003,203.67389129709903,1,561.470917965947,True,
3204,544163,1978-09-22,44.0,F,True,True,usa,new york,LGA,40.777,-73.872,2023-01-21,188,8,13.25,0.5,96.5,1.1428571428571428,18.0,18.0,7.75,0.0,4,2,0.5,0,0.0,2,2,1.0,941.39,356.466670531762,0.0,0.0,0.0,1882.78,0,0.0,1.5,0.7071067811865476,1.0,0.0,Allegiant Air,2,0.5,LGA-FAT,2,0.5,3959.6233765074066,8.16749958902974,0.0,4,202.0,180.364445868174,0,0.0,0.0,0.0,0.0,808.0,5.0,3.8297084310253524,1.5,0.5773502691896257,Accor,4,0.25,False,True,False,False,True,False,False,True,2690.78,0.0,4,4,5,4.35,1756.5436962320775,5,4842.290758475677,False,627.5933333333334
3207,544256,1979-10-08,43.0,F,True,False,usa,birmingham,BHM,33.563,-86.753,2023-01-21,188,9,10.777777777777779,0.1111111111111111,80.44444444444444,1.2857142857142858,8.0,90.0,13.0,0.0,1,1,1.0,0,0.0,1,1,1.0,575.03,0.0,0.0,0.0,0.0,575.03,0,0.0,2.0,0.0,1.0,0.0,American Airlines,1,1.0,BHM-YHU,1,1.0,1748.6366368651077,0.0,0.0,1,48.0,0.0,0,0.0,0.0,0.0,0.0,48.0,4.0,0.0,2.0,0.0,Aman Resorts,1,1.0,False,True,False,True,True,False,True,True,623.03,0.0,5,1,2,2.95,1626.8582627542512,4,4484.784948978512,False,287.515
3212,544391,1980-03-17,43.0,M,True,True,usa,phoenix,LUF,33.535,-112.383,2023-01-21,188,8,22.25,0.375,165.625,1.3333333333333333,34.0,57.0,7.666666666666667,0.0,3,2,0.6666666666666666,0,0.0,2,2,1.0,274.055,247.833855738073,0.15,14.8215,14.8215,533.2885,1,0.5,1.0,0.0,0.5,0.7071067811865476,Air India Limited,2,0.5,LUF-LAX,2,0.5,1451.2745120336126,1262.0495540838256,0.0,3,166.0,70.87312607751969,1,0.3333333333333333,0.1,18.7,18.7,479.3,4.0,3.605551275463989,1.3333333333333333,0.5773502691896257,Choice Hotels,3,0.3333333333333333,False,True,False,False,False,False,False,False,1012.5885,33.5215,3,3,2,2.6500000000000004,881.3582909303101,2,2429.653823148553,False,274.055
3218,544449,1979-06-17,44.0,M,True,True,usa,new york,LGA,40.777,-73.872,2023-01-21,188,8,15.125,0.5,112.375,1.3333333333333333,32.0,32.0,9.25,0.0,4,2,0.5,0,0.0,2,2,1.0,387.425,3.20319371877506,0.1,38.969,38.969,735.881,1,0.5,1.5,0.7071067811865476,0.5,0.7071067811865476,AirTran Airways,2,0.5,LGA-HOU,2,0.5,1726.5776987921013,795.6740195958038,0.0,4,228.75,128.746197354847,1,0.25,0.1,33.8,33.8,881.2,5.5,5.916079783099616,1.25,0.5,Marriott,3,0.5,False,True,False,False,False,False,False,False,1617.081,72.769,3,4,4,3.6,1055.6319865788596,2,2910.0767740233705,False,258.28333333333336
3231,544627,1979-08-03,43.0,F,False,True,usa,chicago,MDW,41.786,-87.752,2023-01-21,188,8,11.0,0.5,81.75,2.0,102.0,102.0,7.25,0.0,4,3,0.75,0,0.0,4,4,1.0,259.085,177.02087890039,0.35,27.58,27.58,1008.76,1,0.25,1.0,0.0,0.75,0.9574271077563381,Delta Air Lines,3,0.5,MDW-BFI,4,0.25,1444.5102235380762,974.2769421123364,0.0,3,117.33333333333333,47.353282181210346,0,0.0,0.0,0.0,0.0,352.0,4.666666666666667,2.8867513459481287,1.0,0.0,Banyan Tree,3,0.3333333333333333,False,True,False,False,False,False,False,True,1360.76,27.58,1,4,3,2.4499999999999997,888.3053984661553,2,2448.805020292763,True,259.085
3236,544685,1987-05-25,36.0,M,False,True,usa,kansas city,MCI,39.297,-94.714,2023-01-21,188,8,41.25,0.375,1021.0,1.1428571428571428,17.0,18.0,158.0,308.0,2,2,1.0,1,0.5,2,2,1.0,541.54,0.0,0.0,0.0,0.0,541.54,1,0.5,2.0,0.0,0.5,0.7071067811865476,Jet2.com,2,0.5,MCI-HER,2,0.5,1536.4367582991026,5756.952328324286,0.0,2,87.0,0.0,1,0.5,0.0,0.0,0.0,87.0,9.5,9.192388155425117,1.5,0.7071067811865476,Extended Stay,2,0.5,False,False,False,False,True,False,False,True,628.54,0.0,4,2,2,2.8,820.6229976658885,2,2262.2239152456173,False,270.77
3238,544698,1988-01-02,35.0,F,True,True,usa,new york,LGA,40.777,-73.872,2023-01-21,188,8,11.25,0.125,84.0,2.6666666666666665,121.0,135.0,4.0,0.0,1,0,0.0,0,0.0,0,0,0.0,0.0,0.0,0.0,0.0,0.0,0.0,0,0.0,0.0,0.0,0.0,0.0,MISSING,0,0.0,MISSING,0,0.0,0.0,0.0,0.0,1,127.0,0.0,0,0.0,0.0,0.0,0.0,127.0,5.0,0.0,1.0,0.0,Wyndham,1,1.0,False,True,True,False,True,False,True,True,127.0,0.0,1,1,1,1.0,331.6228742914305,1,914.1898279701958,True,
3247,545012,1986-12-18,36.0,F,True,True,usa,oakland,OAK,37.721,-122.221,2023-01-21,188,8,13.625,0.375,101.75,1.6,66.0,136.0,8.666666666666666,0.0,3,2,0.6666666666666666,0,0.0,2,2,1.0,1013.44,836.945728348021,0.0,0.0,0.0,2026.88,0,0.0,2.0,1.414213562373095,0.5,0.7071067811865476,Allegiant Air,2,0.5,OAK-AUS,2,0.5,2896.2324690885944,694.2348892531368,0.0,3,101.33333333333333,38.17503547258775,0,0.0,0.0,0.0,0.0,304.0,6.333333333333333,2.0816659994661326,1.6666666666666667,1.1547005383792515,Accor,3,0.3333333333333333,False,True,False,False,True,False,False,True,2330.88,0.0,1,3,5,2.9,2028.8008536178727,5,5592.826210549003,True,506.72
3249,545070,1989-10-12,33.0,F,False,True,canada,toronto,YZD,43.742,-79.466,2023-01-22,187,9,18.22222222222222,0.3333333333333333,134.33333333333334,1.5,38.0,63.0,8.0,0.0,3,1,0.3333333333333333,0,0.0,1,1,1.0,543.08,0.0,0.0,0.0,0.0,543.08,0,0.0,1.0,0.0,0.0,0.0,Ryanair,1,1.0,YZD-LSQ,1,1.0,3507.7518120985983,0.0,0.0,3,214.66666666666666,72.66590213665096,0,0.0,0.0,0.0,0.0,644.0,7.0,5.0,1.0,0.0,Banyan Tree,3,0.3333333333333333,False,True,False,True,True,False,False,True,1187.08,0.0,3,3,3,3.0,1033.2359097476935,2,2848.337167944514,False,543.08
3257,545247,2004-09-13,18.0,M,False,True,usa,santa ana,SNA,33.676,-117.868,2023-01-22,187,8,17.0,0.125,125.875,1.3333333333333333,30.0,30.0,3.0,0.0,1,0,0.0,0,0.0,0,0,0.0,0.0,0.0,0.0,0.0,0.0,0.0,0,0.0,0.0,0.0,0.0,0.0,MISSING,0,0.0,MISSING,0,0.0,0.0,0.0,0.0,1,409.0,0.0,0,0.0,0.0,0.0,0.0,409.0,6.0,0.0,2.0,0.0,Hyatt,1,1.0,False,True,True,False,True,False,True,True,409.0,0.0,3,1,1,1.8000000000000003,1067.9823274424807,3,2944.1231467701577,False,
3258,545249,1972-03-04,51.0,F,True,True,canada,ottawa,YOW,45.323,-75.669,2023-01-22,187,8,22.875,0.625,169.75,1.3333333333333333,28.0,75.0,7.8,0.0,5,3,0.6,0,0.0,4,4,1.0,364.6175,254.743593884125,0.0,0.0,0.0,1458.47,0,0.0,1.0,0.0,0.5,1.0,Delta Air Lines,3,0.5,YOW-LSQ,4,0.25,2096.413280718346,1490.2462774560104,0.0,4,178.25,10.996211468804457,1,0.25,0.1,19.1,19.1,693.9,4.0,3.4641016151377544,1.0,0.0,Crowne Plaza,3,0.5,False,True,False,False,True,False,False,False,2152.37,19.1,3,5,4,3.85,1124.055316438813,3,3098.7004094932445,False,364.6175
3263,545300,1990-04-10,33.0,F,False,True,usa,detroit,DTW,42.212,-83.353,2023-01-22,187,8,21.0,0.625,158.75,1.3333333333333333,32.0,32.0,8.4,0.0,5,5,1.0,0,0.0,5,5,1.0,179.916,102.474185432235,0.1,24.997,24.997,874.583,1,0.2,1.2,0.4472135954999579,0.4,0.5477225575051661,Delta Air Lines,4,0.4,DTW-BWI,5,0.2,882.4302298695545,521.5461455240722,0.0,5,190.6,122.820193779362,1,0.2,0.05,14.05,14.05,938.95,4.4,2.3021728866442674,1.2,0.4472135954999579,Crowne Plaza,5,0.2,False,True,False,False,False,False,False,False,1813.533,39.047,3,5,4,3.85,947.1008284761587,2,2610.8872776193275,False,149.93
3267,545344,2001-03-25,22.0,F,False,True,usa,houston,EFD,29.607,-95.159,2023-01-22,187,9,29.333333333333332,0.3333333333333333,901.2222222222222,1.5,48.0,93.0,143.5,236.0,2,1,0.5,1,0.5,1,1,1.0,0.0,0.0,0.0,0.0,0.0,0.0,1,1.0,2.0,0.0,1.0,0.0,United Airlines,1,1.0,EFD-PEK,1,1.0,0.0,0.0,0.0,2,310.0,0.0,1,0.5,0.1,0.0,0.0,310.0,10.0,9.899494936611665,1.0,0.0,Radisson,2,0.5,False,False,True,True,True,False,False,True,310.0,0.0,2,2,1,1.65,404.73657885961984,1,1115.7434908297664,True,0.0
3273,545446,1968-08-28,54.0,F,True,True,usa,los angeles,LAX,33.942,-118.408,2023-01-22,187,8,13.875,0.375,102.625,1.1428571428571428,19.0,58.0,10.0,0.0,3,1,0.3333333333333333,0,0.0,2,1,0.5,884.97,314.294822101797,0.0,0.0,0.0,1769.94,0,0.0,2.0,1.414213562373095,0.0,0.0,Finnair,2,0.5,LAX-JFK,2,0.5,3986.1662564509666,16.90892206002486,0.0,2,106.0,21.213203435596427,0,0.0,0.0,0.0,0.0,212.0,9.0,11.313708498984761,2.0,1.414213562373095,Conrad,2,0.5,False,True,False,False,True,False,False,True,1981.94,0.0,4,3,4,3.75,1725.0830432366342,5,4755.5626972368755,False,442.485
3276,545518,1978-09-27,44.0,F,False,True,canada,edmonton,YXD,53.573,-113.521,2023-01-22,187,8,29.25,0.625,947.31888,1.1428571428571428,19.0,22.0,85.25,306.0,4,4,1.0,1,0.25,4,4,1.0,613.99,480.920808033922,0.05,15.8925,15.8925,1826.0775,2,0.5,1.2,0.5,0.0,0.0,Air North Charter - Canada,3,0.25,YXD-YOW,4,0.25,2588.6488366938506,566.4758916914263,0.0,4,148.0,54.945427471264615,1,0.25,0.0,0.0,0.0,444.0,5.0,2.449489742783178,1.25,0.5,Four Seasons,3,0.25,False,False,False,False,False,False,False,True,2270.0775,15.8925,4,4,5,4.35,1481.9087114454817,4,4085.200313393724,False,511.65833333333336
3277,545551,1976-08-15,46.0,F,False,True,usa,austin,AUS,30.194,-97.67,2023-01-22,187,8,13.25,0.5,99.375,1.1428571428571428,25.0,25.0,6.75,0.0,4,4,1.0,0,0.0,4,4,1.0,358.3425,130.333704613708,0.1,28.352,56.704,1376.666,2,0.5,1.0,0.0,0.5,0.5773502691896257,Alaska Airlines,4,0.25,AUS-IND,4,0.25,1993.2880260308552,645.8883834274083,0.0,4,188.5,66.56575696257048,0,0.0,0.0,0.0,0.0,754.0,6.0,6.0553007081949835,1.0,0.0,Four Seasons,3,0.5,False,True,False,False,False,False,False,True,2130.666,56.704,4,4,4,4.0,1390.9007540846949,4,3834.3172913424114,False,358.3425
3283,545684,1977-03-28,46.0,F,True,True,usa,chicago,ORD,41.979,-87.904,2023-01-22,187,8,47.0,0.375,1063.625,1.6,62.0,64.0,5.5,4.0,2,2,1.0,1,0.5,2,2,1.0,477.82,0.0,0.0,0.0,0.0,477.82,1,0.5,1.3333333333333333,0.7071067811865476,1.0,0.0,American Airlines,1,1.0,ORD-LSV,2,0.5,1187.7586618438768,879.647565890168,0.0,2,89.0,0.0,1,0.5,0.0,0.0,0.0,89.0,6.0,5.656854249492381,1.5,0.7071067811865476,InterContinental,2,0.5,False,False,False,False,True,False,False,True,566.82,0.0,2,2,1,1.65,740.0412504168056,1,2040.0829853939622,False,358.365
3286,545748,1973-07-19,50.0,F,True,True,canada,victoria,YYJ,48.647,-123.426,2023-01-22,187,8,19.125,0.25,142.625,1.3333333333333333,40.0,40.0,13.0,0.0,2,1,0.5,0,0.0,2,2,1.0,504.99,285.331728344396,0.0,0.0,0.0,1009.98,0,0.0,1.0,0.0,1.0,0.0,American Airlines,2,0.5,YYJ-LSQ,2,0.5,2710.6722152705192,1447.63206167326,0.0,1,241.0,0.0,0,0.0,0.0,0.0,0.0,241.0,6.0,0.0,1.0,0.0,Hyatt,1,1.0,False,True,False,False,True,False,True,True,1250.98,0.0,3,2,3,2.75,1633.2818239413139,4,4502.492877929746,False,504.99
3293,545803,1970-07-15,53.0,F,False,True,usa,des moines,DSM,41.534,-93.663,2023-01-22,187,9,20.666666666666668,0.3333333333333333,154.0,1.5,30.0,30.0,8.333333333333334,0.0,3,3,1.0,0,0.0,3,3,1.0,323.81,60.4890279306917,0.0,0.0,0.0,971.43,0,0.0,1.0,0.0,0.6666666666666666,0.5773502691896257,United Airlines,2,0.6666666666666666,DSM-JFK,3,0.3333333333333333,1841.478094768185,398.68145666831407,0.0,3,143.33333333333334,98.79946018745919,0,0.0,0.0,0.0,0.0,430.0,4.333333333333333,2.0816659994661326,1.0,0.0,Choice Hotels,3,0.3333333333333333,False,True,False,False,True,False,False,True,1401.43,0.0,3,3,3,3.0,1219.8064165833057,3,3362.6589254915266,False,323.81
3294,545805,1975-02-21,48.0,F,True,True,usa,rochester,ROC,43.119,-77.672,2023-01-22,187,8,13.625,0.5,100.125,1.1428571428571428,17.0,68.0,10.75,0.0,4,3,0.75,0,0.0,3,3,1.0,506.41,246.838683354129,0.15,33.3225,33.3225,1485.9075,1,0.3333333333333333,1.6666666666666667,1.1547005383792515,0.6666666666666666,0.5773502691896257,Air Transat,3,0.3333333333333333,ROC-LSQ,2,0.6666666666666666,2575.678075033382,1857.5055502594123,0.0,4,181.25,101.08865745802872,2,0.5,0.15,19.925,39.85,685.15,6.25,4.5,1.5,1.0,Banyan Tree,4,0.25,False,True,False,False,False,False,False,False,2171.0575,73.1725,4,4,4,4.0,1417.2683629959986,4,3907.0052803905573,False,303.846
3295,545810,2002-01-14,21.0,F,False,True,usa,phoenix,LUF,33.535,-112.383,2023-01-22,187,8,12.25,0.125,91.375,1.1428571428571428,25.0,91.0,2.0,0.0,1,0,0.0,0,0.0,0,0,0.0,0.0,0.0,0.0,0.0,0.0,0.0,0,0.0,0.0,0.0,0.0,0.0,MISSING,0,0.0,MISSING,0,0.0,0.0,0.0,0.0,1,186.0,0.0,1,1.0,0.05,9.3,9.3,176.7,7.0,0.0,1.0,0.0,Crowne Plaza,1,1.0,False,True,True,False,True,False,True,False,176.7,9.3,4,1,1,2.2,461.3996998999666,1,1271.9475795459336,True,
3296,545848,1974-06-20,49.0,F,True,True,usa,los angeles,LAX,33.942,-118.408,2023-01-22,187,8,10.0,0.125,74.75,1.3333333333333333,30.0,172.0,7.0,0.0,1,0,0.0,0,0.0,0,0,0.0,0.0,0.0,0.0,0.0,0.0,0.0,0,0.0,0.0,0.0,0.0,0.0,MISSING,0,0.0,MISSING,0,0.0,0.0,0.0,0.0,1,41.0,0.0,0,0.0,0.0,0.0,0.0,41.0,6.0,0.0,3.0,0.0,Aman Resorts,1,1.0,False,True,True,False,True,False,True,True,41.0,0.0,3,1,1,1.8000000000000003,107.0593531177059,1,295.13214918722855,True,
3306,546064,1970-02-20,53.0,F,True,True,usa,san jose,SJC,37.362,-121.929,2023-01-22,187,8,18.75,0.625,139.5,1.3333333333333333,53.0,53.0,9.0,0.0,5,5,1.0,0,0.0,5,5,1.0,564.688,223.704617453463,0.1,66.019,66.019,2757.421,1,0.2,1.0,0.0,0.6,0.5477225575051661,United Airlines,4,0.4,SJC-HOU,5,0.2,3189.567640785298,1214.5122680261088,0.0,5,161.8,77.05971710303639,0,0.0,0.0,0.0,0.0,809.0,5.4,2.9664793948382653,1.0,0.0,Fairmont,4,0.4,False,True,False,False,False,False,False,True,3566.421,66.019,2,5,5,3.8,1862.5303668556182,5,5134.46582749495,False,564.688
3307,546065,1976-09-03,46.0,M,True,True,usa,omaha,OMA,41.302,-95.894,2023-01-22,187,7,18.571428571428573,0.2857142857142857,137.85714285714286,1.1666666666666667,56.0,83.0,6.0,0.0,2,2,1.0,0,0.0,2,2,1.0,241.705,87.08020010312333,0.0,0.0,0.0,483.41,0,0.0,1.0,0.0,0.5,0.7071067811865476,Etihad Airways,2,0.5,OMA-JFK,2,0.5,1359.9346623984163,697.4975756954194,0.0,2,62.0,41.012193308819754,0,0.0,0.0,0.0,0.0,124.0,8.0,1.414213562373095,1.0,0.0,Hilton,2,0.5,False,True,False,False,True,False,False,True,607.41,0.0,2,2,2,2.0,793.0356302100699,2,2186.17339924164,False,241.705
3311,546130,1974-09-07,48.0,F,True,True,usa,bakersfield,BFL,35.433,-119.057,2023-01-22,187,9,8.0,0.2222222222222222,60.22222222222222,1.2857142857142858,20.0,45.0,6.5,0.0,2,1,0.5,0,0.0,2,2,1.0,658.0,15.344217151748081,0.0,0.0,0.0,1316.0,0,0.0,1.0,0.0,1.0,1.414213562373095,AirTran Airways,2,0.5,BFL-BWI,2,0.5,3613.2472216713804,176.65461117862878,0.0,1,137.0,0.0,0,0.0,0.0,0.0,0.0,137.0,7.0,0.0,1.0,0.0,Extended Stay,1,1.0,False,True,False,False,True,False,True,True,1453.0,0.0,4,2,3,3.15,1897.039513171057,5,5229.597716695647,False,658.0
3317,546256,1971-07-26,52.0,F,True,True,usa,charlotte,CLT,35.214,-80.943,2023-01-22,187,8,17.25,0.625,127.0,1.3333333333333333,31.0,31.0,7.8,0.0,5,3,0.6,0,0.0,3,2,0.6666666666666666,373.75333333333333,207.838873248806,0.15,91.8825,91.8825,1029.3775,1,0.3333333333333333,1.3333333333333333,0.5773502691896257,0.0,0.0,Allegiant Air,3,0.3333333333333333,CLT-DAL,3,0.3333333333333333,2070.0134481547175,1166.0801164486625,0.0,5,323.0,256.862803846723,0,0.0,0.0,0.0,0.0,1615.0,6.0,2.449489742783178,1.2,0.4472135954999579,Marriott,4,0.4,False,True,False,False,False,False,False,True,2644.3775,91.8825,3,5,5,4.2,1381.001680726909,4,3807.028365060246,False,280.315
3333,546648,1985-02-18,38.0,F,True,True,usa,san jose,SJC,37.362,-121.929,2023-01-22,187,8,16.25,0.5,120.875,1.6,62.0,132.0,8.25,0.0,4,2,0.5,0,0.0,3,3,1.0,511.19,312.977135426855,0.075,50.203,100.406,1433.164,2,0.6666666666666666,1.0,0.0,0.6666666666666666,1.1547005383792515,American Airlines,2,0.6666666666666666,SJC-JFK,3,0.3333333333333333,2888.1063588848288,1725.8084378725016,0.0,3,161.33333333333334,59.21430007467228,0,0.0,0.0,0.0,0.0,484.0,5.0,2.0,1.3333333333333333,0.5773502691896257,Accor,3,0.3333333333333333,False,True,False,False,False,False,False,True,1917.164,100.406,2,4,4,3.2,1251.5264491497164,3,3450.1020223438036,True,511.19
3341,546756,1979-04-22,44.0,F,False,False,usa,fayetteville,FYV,36.005,-94.17,2023-01-22,187,8,17.875,0.25,133.25,1.3333333333333333,52.0,128.0,9.0,0.0,2,1,0.5,0,0.0,2,2,1.0,505.685,81.63547788798691,0.0,0.0,0.0,1011.37,0,0.0,1.5,0.7071067811865476,0.0,0.0,Air Transat,2,0.5,FYV-SFO,2,0.5,2019.4833392029082,690.687700912761,0.0,1,239.0,0.0,0,0.0,0.0,0.0,0.0,239.0,5.0,0.0,2.0,0.0,Best Western,1,1.0,False,True,False,False,True,False,True,True,1250.37,0.0,2,2,3,2.3499999999999996,1632.4854068022673,4,4500.297382673597,True,337.12333333333333
3342,546774,1966-08-22,56.0,F,True,True,usa,new york,JFK,40.64,-73.779,2023-01-22,187,8,16.75,0.375,125.5,1.1428571428571428,17.0,17.0,12.666666666666666,0.0,3,1,0.3333333333333333,0,0.0,2,2,1.0,343.845,333.266497041032,0.0,0.0,0.0,687.69,0,0.0,1.5,0.7071067811865476,1.0,0.0,JetBlue Airways,1,1.0,JFK-BOS,2,0.5,1681.1833713087894,1953.0589796967747,0.0,2,132.5,47.37615433949868,0,0.0,0.0,0.0,0.0,265.0,18.0,19.79898987322333,1.0,0.0,Rosewood,1,1.0,False,True,False,False,True,False,False,True,952.69,0.0,4,3,2,3.05,829.2225619650994,2,2285.9304651152906,False,229.23000000000002
3352,546888,1994-10-04,28.0,F,False,False,usa,orlando,MCO,28.429,-81.316,2023-01-23,186,8,36.875,0.375,988.0,1.1428571428571428,23.0,51.0,88.0,141.0,2,1,0.5,1,0.5,2,1,0.5,667.22,0.0,0.0,0.0,0.0,667.22,1,0.5,2.0,0.0,1.0,1.414213562373095,Air Baltic,2,0.5,MCO-LIN,2,0.5,3561.6841444934776,3029.259386699269,0.0,1,401.0,0.0,1,1.0,0.1,40.1,40.1,360.9,7.0,0.0,2.0,0.0,Choice Hotels,1,1.0,False,False,False,False,True,False,True,False,1028.12,40.1,4,2,2,2.8,1342.3153917972656,4,3700.3812831996756,False,333.61
3363,547150,1980-04-28,43.0,F,True,True,usa,los angeles,LAX,33.942,-118.408,2023-01-23,186,8,26.5,0.5,263.25,1.1428571428571428,26.0,88.0,6.666666666666667,7.0,3,2,0.6666666666666666,1,0.3333333333333333,3,3,1.0,481.12,162.521422587916,0.0,0.0,0.0,962.24,1,0.3333333333333333,1.0,0.0,0.3333333333333333,0.5773502691896257,Lufthansa,3,0.3333333333333333,LAX-JFK,3,0.3333333333333333,2729.245276668915,1023.0697067308498,0.0,2,101.0,62.22539674441618,1,0.5,0.1,5.7,5.7,196.3,7.0,7.0710678118654755,1.0,0.0,Crowne Plaza,2,0.5,False,False,False,False,True,False,False,False,1158.54,5.7,4,3,3,3.4,1008.3946582194064,2,2779.8569115396076,False,481.12
3370,547301,1991-03-24,32.0,F,False,True,usa,mobile,BFM,30.626,-88.068,2023-01-23,186,8,11.5,0.25,85.125,1.3333333333333333,47.0,47.0,7.5,0.0,2,0,0.0,0,0.0,1,1,1.0,335.96,0.0,0.0,0.0,0.0,335.96,0,0.0,2.0,0.0,1.0,0.0,United Airlines,1,1.0,BFM-LOU,1,1.0,873.4878493522575,0.0,0.0,1,207.0,0.0,0,0.0,0.0,0.0,0.0,207.0,7.0,0.0,1.0,0.0,Aman Resorts,1,1.0,False,True,False,True,True,False,True,True,542.96,0.0,2,2,1,1.65,708.8895898632878,1,1954.2067283255808,False,167.98
3375,547412,1971-03-28,52.0,M,False,False,usa,new york,LGA,40.777,-73.872,2023-01-23,186,8,17.75,0.25,132.25,1.1428571428571428,20.0,124.0,5.5,0.0,2,2,1.0,0,0.0,2,2,1.0,220.155,9.76514464818622,0.0,0.0,0.0,440.31,0,0.0,2.0,1.414213562373095,1.0,0.0,American Airlines,2,0.5,LGA-UGN,2,0.5,846.1517584850718,449.4362858514823,0.0,2,207.0,1.414213562373095,0,0.0,0.0,0.0,0.0,414.0,4.0,1.414213562373095,2.0,1.414213562373095,Hilton,2,0.5,False,True,False,False,True,False,False,True,854.31,0.0,4,2,2,2.8,1115.3887312437478,3,3074.809102099283,True,110.0775
3390,547693,1981-01-17,42.0,M,False,True,usa,bakersfield,BFL,35.433,-119.057,2023-01-23,186,8,16.125,0.25,371.009577125,1.6,80.0,80.0,253.0,253.0,1,1,1.0,1,1.0,1,1,1.0,0.0,0.0,0.05,0.0,0.0,0.0,1,1.0,2.0,0.0,2.0,0.0,Ryanair,1,1.0,BFL-JRS,1,1.0,0.0,0.0,0.0,1,0.0,0.0,1,1.0,0.2,0.0,0.0,0.0,16.0,0.0,1.0,0.0,Banyan Tree,1,1.0,False,False,True,True,True,True,True,True,0.0,0.0,1,1,0,0.65,0.0,1,0.0,False,0.0
3393,547779,1982-03-07,41.0,F,True,True,usa,los angeles,LAX,33.942,-118.408,2023-01-23,186,8,13.125,0.375,97.625,1.6,61.0,61.0,7.0,0.0,3,3,1.0,0,0.0,3,3,1.0,411.8433333333333,308.565003902473,0.15,61.785,61.785,1173.745,1,0.3333333333333333,1.3333333333333333,0.5773502691896257,1.0,0.0,AirTran Airways,3,0.3333333333333333,LAX-DAL,3,0.3333333333333333,1596.3921854990906,920.1546703867734,0.0,3,163.33333333333334,87.15694655811052,0,0.0,0.0,0.0,0.0,490.0,4.666666666666667,1.1547005383792515,1.3333333333333333,0.5773502691896257,Aman Resorts,3,0.3333333333333333,False,True,False,False,False,False,False,True,1663.745,61.785,2,3,4,2.95,1448.1257191285981,4,3992.0702239797192,False,308.8825
3394,547792,1985-08-16,37.0,F,False,True,usa,seattle,BFI,47.53,-122.302,2023-01-23,186,8,14.625,0.625,108.5,1.3333333333333333,39.0,39.0,5.8,0.0,5,2,0.4,0,0.0,4,4,1.0,642.555,223.771832677842,0.125,66.903,133.806,2436.414,2,0.5,1.5,0.5773502691896257,0.5,0.5773502691896257,AirTran Airways,4,0.25,BFI-DAL,4,0.25,2551.0272902227757,464.65312674914776,0.0,3,165.33333333333334,65.60741827974435,0,0.0,0.0,0.0,0.0,496.0,5.333333333333333,3.2145502536643185,1.3333333333333333,0.5773502691896257,Fairmont,3,0.3333333333333333,False,True,False,False,False,False,False,True,2932.414,133.806,3,5,5,4.2,1531.4260776258752,4,4221.705590862037,False,428.36999999999995
3401,547862,1977-02-04,46.0,M,True,True,usa,houston,EFD,29.607,-95.159,2023-01-23,186,8,17.75,0.5,132.125,1.6,57.0,75.0,6.75,0.0,4,3,0.75,0,0.0,3,3,1.0,162.66,192.872163880639,0.0,0.0,0.0,487.98,0,0.0,1.0,0.0,1.0,0.0,Southwest Airlines,2,0.6666666666666666,EFD-AUS,3,0.3333333333333333,963.3317285468555,1112.0519522983304,0.0,4,199.25,54.07017045777952,0,0.0,0.0,0.0,0.0,797.0,5.5,2.8867513459481287,1.0,0.0,Banyan Tree,4,0.25,False,True,False,False,True,False,False,True,1284.98,0.0,2,4,3,2.8499999999999996,838.8361437145716,2,2312.432372332957,False,162.66
3406,547966,1980-09-02,42.0,F,True,True,usa,wichita,ICT,37.65,-97.433,2023-01-23,186,8,14.75,0.25,109.25,1.1428571428571428,10.0,48.0,7.5,0.0,2,1,0.5,0,0.0,1,1,1.0,335.13,0.0,0.0,0.0,0.0,335.13,0,0.0,2.0,0.0,1.0,0.0,United Airlines,1,1.0,ICT-IAH,1,1.0,918.6954971358217,0.0,0.0,2,227.0,158.391918985787,0,0.0,0.0,0.0,0.0,454.0,9.5,2.1213203435596424,1.5,0.7071067811865476,Conrad,2,0.5,False,True,False,True,True,False,False,True,789.13,0.0,5,2,2,3.2,1030.2896015338447,2,2840.2150352209474,False,167.565
3413,548093,2002-04-15,21.0,F,False,False,usa,charlotte,CLT,35.214,-80.943,2023-01-23,186,8,16.125,0.125,120.125,1.3333333333333333,37.0,163.0,7.0,0.0,1,0,0.0,0,0.0,0,0,0.0,0.0,0.0,0.0,0.0,0.0,0.0,0,0.0,0.0,0.0,0.0,0.0,MISSING,0,0.0,MISSING,0,0.0,0.0,0.0,0.0,1,99.0,0.0,0,0.0,0.0,0.0,0.0,99.0,6.0,0.0,2.0,0.0,Choice Hotels,1,1.0,False,True,True,False,True,False,True,True,99.0,0.0,3,1,1,1.8000000000000003,258.5091697232411,1,712.636165110625,True,
3419,548189,1994-05-03,29.0,F,False,False,canada,montreal,YUL,45.468,-73.741,2023-01-23,186,8,29.0,0.625,545.7886695,2.0,105.0,108.0,74.25,278.0,4,1,0.25,1,0.25,2,2,1.0,274.81,0.0,0.05,13.7405,13.7405,261.0695,2,1.0,1.6666666666666667,1.414213562373095,0.0,0.0,Delta Air Lines,2,0.5,YUL-UGN,2,0.5,536.8579653726346,467.35513193572996,0.0,3,174.33333333333334,53.29477773040557,2,0.6666666666666666,0.075,10.55,21.1,501.9,4.666666666666667,3.0550504633038935,2.3333333333333335,0.5773502691896257,Fairmont,3,0.3333333333333333,False,False,False,False,False,False,False,False,762.9695,34.8405,1,4,2,2.0999999999999996,498.0672019423141,1,1373.029440849422,True,164.886
3422,548222,1971-07-25,52.0,F,True,True,canada,calgary,YYC,51.114,-114.02,2023-01-23,186,8,16.875,0.5,126.0,1.1428571428571428,24.0,24.0,74.5,0.0,4,2,0.5,0,0.0,3,3,1.0,2052.7833333333333,2960.719307707729,0.05,2.514,2.514,6155.836,1,0.3333333333333333,2.0,1.7320508075688772,1.3333333333333333,1.5275252316519468,American Airlines,2,0.6666666666666666,YYC-JFK,3,0.3333333333333333,3578.161119262895,3452.197016328121,0.3333333333333333,3,202.66666666666666,54.30776494511014,0,0.0,0.0,0.0,0.0,608.0,6.0,2.0,1.0,0.0,Best Western,3,0.3333333333333333,False,True,False,False,False,False,False,True,6763.836,2.514,4,4,5,4.35,4415.438455818607,5,12172.10643554846,False,1026.3916666666667
3427,548272,1981-08-28,41.0,F,True,True,usa,chicago,MDW,41.786,-87.752,2023-01-23,186,8,19.5,0.375,143.375,1.1428571428571428,12.0,12.0,9.666666666666666,0.0,3,3,1.0,0,0.0,3,2,0.6666666666666666,227.59333333333333,55.93215294741776,0.15,42.486,42.486,640.294,1,0.3333333333333333,1.0,0.0,1.0,0.0,JetBlue Airways,3,0.3333333333333333,MDW-DAL,3,0.3333333333333333,1543.5738333574857,385.60886695550266,0.0,3,300.6666666666667,153.461178587072,0,0.0,0.0,0.0,0.0,902.0,6.333333333333333,4.618802153517006,1.0,0.0,Aman Resorts,3,0.3333333333333333,False,True,False,False,False,False,False,True,1542.294,42.486,5,3,4,4.15,1342.41461753918,4,3700.6548203135576,False,227.59333333333333
3428,548307,1973-03-26,50.0,F,True,True,usa,denver,DEN,39.858,-104.667,2023-01-23,186,8,13.0,0.25,96.875,2.0,88.0,137.0,8.5,0.0,2,2,1.0,0,0.0,2,2,1.0,370.6,145.225590720093,0.0,0.0,0.0,741.2,0,0.0,1.0,0.0,0.0,0.0,JetBlue Airways,2,0.5,DEN-FAT,2,0.5,1982.289317926885,886.8050306685332,0.0,2,77.0,49.49747468305833,0,0.0,0.0,0.0,0.0,154.0,6.0,0.0,1.0,0.0,Best Western,2,0.5,False,True,False,False,True,False,False,True,895.2,0.0,1,2,2,1.6,1168.774791597199,3,3221.9792677122805,True,370.6
3435,548474,1991-03-08,32.0,F,True,True,usa,anchorage,ANC,61.174,-149.996,2023-01-23,186,8,15.875,0.375,118.625,1.3333333333333333,37.0,37.0,10.666666666666666,0.0,3,0,0.0,0,0.0,1,1,1.0,689.31,0.0,0.0,0.0,0.0,689.31,0,0.0,1.0,0.0,0.0,0.0,American Airlines,1,1.0,ANC-LAX,1,1.0,3770.8308737383286,0.0,0.0,2,234.5,86.97413408594535,0,0.0,0.0,0.0,0.0,469.0,7.0,2.8284271247461903,1.0,0.0,Aman Resorts,2,0.5,False,True,False,True,True,False,False,True,1158.31,0.0,3,3,3,3.0,1008.1944659330887,2,2779.305038415111,False,689.31
3437,548490,1970-04-22,53.0,F,True,True,usa,el paso,BIF,31.849,-106.38,2023-01-23,186,8,11.25,0.25,84.25,1.1428571428571428,26.0,26.0,8.5,0.0,2,2,1.0,0,0.0,2,2,1.0,172.04,14.905810947412421,0.2,36.516,36.516,307.564,1,0.5,1.0,0.0,0.0,0.0,Southwest Airlines,1,1.0,BIF-DAL,2,0.5,902.6866444732425,1.5567730374398965,0.0,2,133.0,82.02438661763951,0,0.0,0.0,0.0,0.0,266.0,4.5,3.5355339059327378,1.0,0.0,Aman Resorts,2,0.5,False,True,False,False,False,False,False,True,573.564,36.516,4,2,1,2.45,748.8462294098032,2,2064.355805078336,False,172.04
3439,548560,1978-09-02,44.0,F,True,True,usa,laredo,LRD,27.544,-99.461,2023-01-23,186,8,16.125,0.125,119.875,2.0,102.0,102.0,12.0,0.0,1,1,1.0,0,0.0,1,1,1.0,446.45,0.0,0.0,0.0,0.0,446.45,0,0.0,1.0,0.0,0.0,0.0,JetBlue Airways,1,1.0,LRD-LGA,1,1.0,2761.4346017004245,0.0,0.0,1,157.0,0.0,0,0.0,0.0,0.0,0.0,157.0,4.0,0.0,1.0,0.0,Marriott,1,1.0,False,True,False,True,True,False,True,True,603.45,0.0,1,1,2,1.35,1575.7308936312104,4,4343.841351878856,True,446.45
3450,548872,2003-12-14,19.0,F,False,True,usa,chicago,MDW,41.786,-87.752,2023-01-23,186,8,20.25,0.125,151.625,1.1428571428571428,9.0,182.0,14.0,0.0,1,0,0.0,0,0.0,0,0,0.0,0.0,0.0,0.0,0.0,0.0,0.0,0,0.0,0.0,0.0,0.0,0.0,MISSING,0,0.0,MISSING,0,0.0,0.0,0.0,0.0,1,166.0,0.0,0,0.0,0.0,0.0,0.0,166.0,4.0,0.0,1.0,0.0,Aman Resorts,1,1.0,False,True,True,False,True,False,True,True,166.0,0.0,5,1,1,2.6,433.45981993998,1,1194.9252869531692,True,
3451,548961,1984-06-19,39.0,F,False,True,usa,san antonio,RND,29.529,-98.279,2023-01-23,186,8,51.25,0.625,1144.75,1.6,80.0,82.0,11.0,3.0,4,1,0.25,1,0.25,3,3,1.0,286.645,42.09406668403518,0.1,25.688,25.688,547.602,2,0.6666666666666666,1.0,0.0,0.6666666666666666,0.5773502691896257,United Airlines,2,0.6666666666666666,RND-OKC,3,0.3333333333333333,1581.5715302514755,562.4689897018498,0.0,2,213.5,54.44722215136416,0,0.0,0.0,0.0,0.0,427.0,5.5,6.363961030678928,1.0,0.0,Best Western,1,1.0,False,False,False,False,False,False,False,True,974.602,25.688,1,4,2,2.0999999999999996,636.221095531844,1,1753.8803833059228,False,286.645
3457,549115,1990-10-10,32.0,F,False,True,canada,victoria,YYJ,48.647,-123.426,2023-01-24,185,8,7.75,0.125,58.0,1.3333333333333333,46.0,46.0,253.0,0.0,1,1,1.0,0,0.0,1,1,1.0,263.86,0.0,0.0,0.0,0.0,263.86,0,0.0,1.0,0.0,0.0,0.0,American Airlines,1,1.0,YYJ-LSV,1,1.0,1551.7568850989924,0.0,0.0,1,349.0,0.0,0,0.0,0.0,0.0,0.0,349.0,12.0,0.0,1.0,0.0,Fairmont,1,1.0,False,True,False,True,True,False,True,True,612.86,0.0,2,1,2,1.75,1600.3023207735912,4,4411.577779289875,False,263.86
3458,549116,1980-03-13,43.0,F,True,True,usa,columbus,LCK,39.814,-82.928,2023-01-24,185,8,17.0,0.375,127.5,1.6,58.0,58.0,5.0,0.0,3,3,1.0,0,0.0,3,3,1.0,200.21666666666667,78.2164748204196,0.0,0.0,0.0,600.65,0,0.0,1.3333333333333333,0.5773502691896257,0.0,0.0,Delta Air Lines,2,0.6666666666666666,LCK-JFK,3,0.3333333333333333,867.1448636381702,118.34565239616806,0.0,3,212.66666666666666,137.311082339822,0,0.0,0.0,0.0,0.0,638.0,6.0,3.605551275463989,1.3333333333333333,0.5773502691896257,Choice Hotels,3,0.3333333333333333,False,True,False,False,True,False,False,True,1238.65,0.0,2,3,3,2.5999999999999996,1078.1225019450928,3,2972.0767202500865,False,150.16250000000002
3460,549141,1995-11-01,27.0,F,True,True,usa,santa ana,SNA,33.676,-117.868,2023-01-24,185,8,12.125,0.25,88.875,2.6666666666666665,119.0,119.0,12.0,0.0,2,0,0.0,0,0.0,0,0,0.0,0.0,0.0,0.0,0.0,0.0,0.0,0,0.0,0.0,0.0,0.0,0.0,MISSING,0,0.0,MISSING,0,0.0,0.0,0.0,0.0,2,316.5,289.206673505298,1,0.5,0.1,11.2,11.2,621.8,4.0,4.242640687119285,2.0,1.414213562373095,Hyatt,2,0.5,False,True,True,False,True,False,False,False,621.8,11.2,1,2,2,1.6,811.82324108036,2,2237.9654922514474,True,
3462,549154,1975-05-17,48.0,M,True,True,canada,toronto,YKZ,43.862,-79.37,2023-01-24,185,8,21.5,0.625,158.25,1.1428571428571428,8.0,39.0,7.6,0.0,5,3,0.6,0,0.0,3,3,1.0,366.05,291.017470781395,0.05,31.888,31.888,1066.262,1,0.3333333333333333,1.0,0.0,0.3333333333333333,0.5773502691896257,American Airlines,3,0.3333333333333333,YKZ-DET,3,0.3333333333333333,1988.3629432836995,1593.5557385418276,0.0,5,125.4,40.49444406335269,2,0.4,0.15,11.45,22.9,604.1,5.4,5.319774431308154,1.2,0.4472135954999579,Banyan Tree,5,0.2,False,True,False,False,False,False,False,False,1670.362,54.788,5,5,4,4.65,872.3310984994998,2,2404.7684242959876,False,366.05
3465,549235,1983-05-24,40.0,F,True,True,usa,los angeles,LAX,33.942,-118.408,2023-01-24,185,9,14.11111111111111,0.2222222222222222,105.44444444444444,1.5,49.0,87.0,6.0,0.0,2,0,0.0,0,0.0,0,0,0.0,0.0,0.0,0.0,0.0,0.0,0.0,0,0.0,0.0,0.0,0.0,0.0,MISSING,0,0.0,MISSING,0,0.0,0.0,0.0,0.0,2,227.0,31.11269837220809,1,0.5,0.2,49.8,49.8,404.2,7.5,3.5355339059327378,1.5,0.7071067811865476,Conrad,2,0.5,False,True,True,False,True,False,False,False,404.2,49.8,2,2,1,1.65,527.7242747582527,1,1454.7855451399728,False,
3466,549251,1993-08-14,29.0,F,False,True,usa,los angeles,LAX,33.942,-118.408,2023-01-24,185,8,17.75,0.25,131.75,1.6,79.0,79.0,131.5,0.0,2,1,0.5,0,0.0,2,2,1.0,688.78,13.067333316327398,0.0,0.0,0.0,1377.56,0,0.0,1.0,0.0,0.0,0.0,Air Canada,2,0.5,LAX-PHL,2,0.5,3838.868758029103,24.713779436104144,0.0,1,164.0,0.0,0,0.0,0.0,0.0,0.0,164.0,4.0,0.0,1.0,0.0,Wyndham,1,1.0,False,True,False,False,True,False,True,True,1541.56,0.0,1,2,4,2.3,2012.6636145381792,5,5548.340437817854,False,688.78
3468,549281,1996-09-14,26.0,F,False,True,usa,new york,JFK,40.64,-73.779,2023-01-24,185,8,22.125,0.625,163.5,1.1428571428571428,7.0,7.0,9.4,0.0,5,5,1.0,0,0.0,5,5,1.0,441.008,247.315169005057,0.075,20.00425,40.0085,2165.0315,2,0.4,1.0,0.0,0.6,0.5477225575051661,Delta Air Lines,4,0.4,JFK-BOS,5,0.2,2449.0606203335174,1395.3618262698176,0.0,5,157.0,48.55409354524086,1,0.2,0.1,9.5,9.5,775.5,7.2,5.019960159204453,1.0,0.0,Four Seasons,4,0.4,False,True,False,False,False,False,False,False,2940.5315,49.5085,5,5,5,5.0,1535.665366888963,4,4233.3921041353415,False,441.008
3474,549320,2006-08-13,16.0,F,False,True,usa,long beach,LGB,33.818,-118.151,2023-01-24,185,8,16.75,0.25,124.625,1.1428571428571428,14.0,51.0,9.0,0.0,2,0,0.0,0,0.0,0,0,0.0,0.0,0.0,0.0,0.0,0.0,0.0,0,0.0,0.0,0.0,0.0,0.0,MISSING,0,0.0,MISSING,0,0.0,0.0,0.0,0.0,2,177.0,52.32590180780452,0,0.0,0.0,0.0,0.0,354.0,4.5,2.1213203435596424,1.0,0.0,Choice Hotels,2,0.5,False,True,True,False,True,False,False,True,354.0,0.0,5,2,1,2.85,462.1830610203401,1,1274.107083076572,False,
3477,549361,1972-05-03,51.0,F,True,True,usa,new york,JFK,40.64,-73.779,2023-01-24,185,8,21.0,0.5,157.375,1.3333333333333333,32.0,32.0,7.75,0.0,4,4,1.0,0,0.0,4,4,1.0,320.035,253.071536724303,0.15,54.20025,108.4005,1171.7395,2,0.5,1.25,0.5,1.0,0.0,American Airlines,2,0.5,JFK-DCA,4,0.25,1696.0368033564068,1546.5016230382691,0.0,4,131.0,17.33974240485327,0,0.0,0.0,0.0,0.0,524.0,4.5,2.516611478423583,1.25,0.5,Rosewood,3,0.5,False,True,False,False,False,False,False,True,1695.7395,108.4005,3,4,4,3.6,1106.9803288179392,3,3051.6295310772944,False,256.028
3479,549367,1982-05-15,41.0,F,True,True,usa,new york,LGA,40.777,-73.872,2023-01-24,185,8,15.625,0.5,116.875,1.6,76.0,76.0,7.75,0.0,4,3,0.75,0,0.0,3,3,1.0,327.5133333333333,165.062945064401,0.1,17.883,17.883,964.657,1,0.3333333333333333,1.6666666666666667,0.5773502691896257,0.3333333333333333,0.5773502691896257,Delta Air Lines,2,0.6666666666666666,LGA-CMH,3,0.3333333333333333,1276.3696645968548,1096.2862992379441,0.0,4,186.5,39.92075483588288,0,0.0,0.0,0.0,0.0,746.0,4.25,1.5,1.5,0.5773502691896257,Extended Stay,3,0.5,False,True,False,False,False,False,False,True,1710.657,17.883,1,4,4,2.8,1116.7184867455817,3,3078.474859342541,False,196.50799999999998
3481,549389,2005-09-25,17.0,F,False,True,usa,phoenix,LUF,33.535,-112.383,2023-01-24,185,8,20.625,0.25,153.25,1.1428571428571428,17.0,126.0,5.0,0.0,2,0,0.0,0,0.0,0,0,0.0,0.0,0.0,0.0,0.0,0.0,0.0,0,0.0,0.0,0.0,0.0,0.0,MISSING,0,0.0,MISSING,0,0.0,0.0,0.0,0.0,2,364.5,84.14570696119915,1,0.5,0.05,15.25,15.25,713.75,6.5,0.7071067811865476,1.0,0.0,Fairmont,2,0.5,False,True,True,False,True,False,False,False,713.75,15.25,4,2,2,2.8,931.8733327775925,2,2568.9094083217606,True,
3482,549390,1998-09-14,24.0,F,False,True,usa,spokane,SKA,47.615,-117.656,2023-01-24,185,8,13.125,0.375,97.5,1.1428571428571428,15.0,44.0,14.333333333333334,0.0,3,0,0.0,0,0.0,0,0,0.0,0.0,0.0,0.0,0.0,0.0,0.0,0,0.0,0.0,0.0,0.0,0.0,MISSING,0,0.0,MISSING,0,0.0,0.0,0.0,0.0,3,84.0,44.034077712607996,1,0.3333333333333333,0.1,8.2,8.2,243.8,10.333333333333334,4.932882862316247,1.6666666666666667,0.5773502691896257,Banyan Tree,3,0.3333333333333333,False,True,True,False,True,False,False,False,243.8,8.2,5,3,1,3.1,212.20382349672113,1,584.9855119662302,False,
3496,549631,1974-05-20,49.0,F,True,True,usa,las vegas,LAS,36.08,-115.152,2023-01-24,185,9,26.88888888888889,0.4444444444444444,200.55555555555554,2.25,96.0,96.0,6.25,0.0,4,4,1.0,0,0.0,4,3,0.75,414.45,208.809654151015,0.0,0.0,0.0,1657.8,0,0.0,1.0,0.0,0.75,0.9574271077563381,Delta Air Lines,4,0.25,LAS-DAL,4,0.25,2523.6154255036654,746.086231465674,0.0,4,196.25,127.384915381165,1,0.25,0.05,14.65,14.65,770.35,5.0,2.449489742783178,1.0,0.0,Choice Hotels,2,0.5,False,True,False,False,True,False,False,False,2428.15,14.65,1,4,5,3.15,1585.0985870290096,4,4369.665414932738,True,414.45
3497,549710,1985-11-26,37.0,F,True,True,usa,los angeles,LAX,33.942,-118.408,2023-01-24,185,8,17.875,0.625,132.25,1.1428571428571428,24.0,24.0,9.0,0.0,5,4,0.8,0,0.0,4,4,1.0,555.68,38.15942959042583,0.0,0.0,0.0,2222.72,0,0.0,1.0,0.0,0.5,0.5773502691896257,American Airlines,4,0.25,LAX-ORD,3,0.5,2987.82746859839,352.4708372435249,0.0,5,135.4,47.37404352596472,1,0.2,0.1,14.3,14.3,662.7,5.4,3.9749213828703582,1.0,0.0,Best Western,4,0.4,False,True,False,False,True,False,False,False,2885.42,14.3,4,5,5,4.6,1506.883895965322,4,4154.049784916161,False,555.68
3504,549797,1987-12-13,35.0,F,False,True,usa,philadelphia,PNE,40.082,-75.011,2023-01-24,185,8,19.5,0.625,145.875,1.3333333333333333,53.0,91.0,6.8,0.0,5,3,0.6,0,0.0,4,4,1.0,91.3325,49.784748250175305,0.1,12.425,24.85,340.48,2,0.5,1.0,0.0,0.25,0.5,AirTran Airways,4,0.25,PNE-BOS,4,0.25,487.06232885801376,261.4449446519357,0.0,4,204.75,44.55240360145193,0,0.0,0.0,0.0,0.0,819.0,8.0,9.201449161228174,1.0,0.0,Best Western,4,0.25,False,True,False,False,False,False,False,True,1159.48,24.85,2,5,3,3.0999999999999996,605.5277012337446,1,1669.2674358029647,True,91.3325
3515,550068,1984-11-18,38.0,F,False,True,usa,memphis,MEM,35.042,-89.977,2023-01-24,185,8,18.875,0.5,141.875,1.1428571428571428,23.0,23.0,10.75,0.0,4,2,0.5,0,0.0,2,2,1.0,248.855,0.8697413408594534,0.0,0.0,0.0,497.71,0,0.0,1.0,0.0,0.5,0.7071067811865476,AirTran Airways,2,0.5,MEM-DEN,2,0.5,1402.9082615954087,2.979821088118184,0.0,4,167.5,89.61212715549907,1,0.25,0.05,12.7,12.7,657.3,6.5,3.415650255319866,1.25,0.5,Accor,4,0.25,False,True,False,False,True,False,False,False,1155.01,12.7,4,4,3,3.65,753.9916063687896,2,2078.540144102078,False,248.855
3522,550200,1980-07-15,43.0,F,True,True,usa,corpus christi,CRP,27.77,-97.501,2023-01-24,185,8,21.375,0.25,158.625,1.1428571428571428,16.0,16.0,7.5,0.0,2,2,1.0,0,0.0,2,2,1.0,302.08,366.408591875245,0.05,28.0585,28.0585,576.1015,1,0.5,1.0,0.0,0.5,0.7071067811865476,JetBlue Airways,2,0.5,CRP-AUS,2,0.5,1715.9303039026317,2044.8016664351792,0.0,2,479.0,346.482322781408,0,0.0,0.0,0.0,0.0,958.0,7.0,7.0710678118654755,1.0,0.0,Accor,2,0.5,False,True,False,False,False,False,False,True,1534.1015,28.0585,4,2,4,3.5,2002.9257830110037,5,5521.496009345745,False,302.08
3530,550317,1980-12-22,42.0,F,True,True,canada,toronto,YZD,43.742,-79.466,2023-01-24,185,8,10.375,0.375,77.75,1.1428571428571428,17.0,17.0,9.333333333333334,0.0,3,1,0.3333333333333333,0,0.0,1,1,1.0,123.17,0.0,0.0,0.0,0.0,123.17,0,0.0,1.0,0.0,1.0,0.0,American Airlines,1,1.0,YZD-ORD,1,1.0,710.1600452028979,0.0,0.0,3,184.33333333333334,25.579940057266228,2,0.6666666666666666,0.225,40.0,80.0,473.0,7.0,1.0,1.3333333333333333,0.5773502691896257,Accor,3,0.3333333333333333,False,True,False,True,True,False,False,False,596.17,80.0,4,3,1,2.7,518.907110147827,1,1430.4791331784554,False,123.17
3533,550426,1974-08-01,48.0,F,True,True,canada,windsor,YQG,42.276,-82.956,2023-01-24,185,8,15.5,0.375,114.375,1.6,46.0,46.0,7.666666666666667,0.0,3,2,0.6666666666666666,0,0.0,2,2,1.0,121.99,82.06681302451071,0.15,27.003,27.003,216.977,1,0.5,1.0,0.0,0.0,0.0,British Airways,2,0.5,YQG-ORD,2,0.5,622.0432352286862,314.3087719481069,0.0,3,298.6666666666667,273.350202731466,0,0.0,0.0,0.0,0.0,896.0,9.666666666666666,8.962886439832502,1.0,0.0,Choice Hotels,3,0.3333333333333333,False,True,False,False,False,False,False,True,1112.977,27.003,2,3,3,2.5999999999999996,968.7365662998778,2,2670.5308455768627,False,121.99
3535,550455,1973-01-27,50.0,F,True,True,usa,jacksonville,NZC,30.219,-81.876,2023-01-24,185,8,11.125,0.25,82.125,1.6,74.0,140.0,5.5,0.0,2,1,0.5,0,0.0,1,1,1.0,715.94,0.0,0.0,0.0,0.0,715.94,0,0.0,1.0,0.0,0.0,0.0,Kenmore Air,1,1.0,NZC-BFI,1,1.0,3933.2862914643815,0.0,0.0,2,73.5,21.920310216782973,0,0.0,0.0,0.0,0.0,147.0,5.5,4.949747468305833,1.5,0.7071067811865476,Best Western,2,0.5,False,True,False,True,True,False,False,True,862.94,0.0,1,2,2,1.6,1126.6560753584529,3,3105.8699612149635,True,715.94
3539,550506,1983-11-12,39.0,F,True,True,usa,montgomery,MXF,32.379,-86.362,2023-01-24,185,8,20.0,0.25,148.125,2.6666666666666665,128.0,128.0,6.0,0.0,2,1,0.5,0,0.0,1,1,1.0,847.81,0.0,0.0,0.0,0.0,847.81,0,0.0,3.0,0.0,1.0,0.0,Allegiant Air,1,1.0,MXF-YUL,1,1.0,1835.4666483587728,0.0,0.0,2,384.0,55.154328932550705,1,0.5,0.15,51.75,51.75,716.25,5.0,1.414213562373095,2.5,0.7071067811865476,Banyan Tree,2,0.5,False,True,False,True,True,False,False,False,1564.06,51.75,1,2,4,2.3,2042.039656552184,5,5629.321820216788,True,282.6033333333333
3540,550514,1986-04-06,37.0,F,True,True,usa,montgomery,MXF,32.379,-86.362,2023-01-24,185,8,13.375,0.375,347.588930375,2.0,98.0,140.0,102.5,155.0,2,0,0.0,1,0.5,1,1,1.0,0.0,0.0,0.0,0.0,0.0,0.0,1,1.0,3.0,0.0,2.0,0.0,American Airlines,1,1.0,MXF-PNE,1,1.0,0.0,0.0,0.0,1,405.0,0.0,1,1.0,0.2,81.0,81.0,324.0,4.0,0.0,1.0,0.0,Extended Stay,1,1.0,False,False,True,True,True,False,True,False,324.0,81.0,1,2,1,1.25,423.0150050016672,1,1166.1319065446592,True,0.0
3542,550579,1977-12-25,45.0,F,True,True,usa,portland,PDX,45.589,-122.597,2023-01-24,185,8,19.25,0.625,143.75,1.3333333333333333,39.0,39.0,58.0,0.0,5,3,0.6,0,0.0,5,4,0.8,1183.536,1251.737112907499,0.175,339.271,678.542,5239.138,2,0.4,1.4,0.5477225575051661,1.2,0.8366600265340756,Allegiant Air,5,0.2,PDX-JFK,5,0.2,4203.562065829183,3058.5804700271256,0.2,3,206.33333333333334,125.635716789985,0,0.0,0.0,0.0,0.0,619.0,6.0,5.196152422706632,1.0,0.0,Best Western,3,0.3333333333333333,False,True,False,False,False,False,False,True,5858.138,678.542,3,5,5,4.2,3059.358364654885,5,8433.779795977429,False,845.3828571428572
3547,550752,1975-01-19,48.0,F,True,True,usa,charlotte,CLT,35.214,-80.943,2023-01-24,185,9,9.666666666666666,0.1111111111111111,72.33333333333333,1.5,48.0,75.0,4.0,0.0,1,1,1.0,0,0.0,1,1,1.0,592.69,0.0,0.0,0.0,0.0,592.69,0,0.0,1.0,0.0,0.0,0.0,United Airlines,1,1.0,CLT-LSQ,1,1.0,3412.556132789212,0.0,0.0,1,53.0,0.0,0,0.0,0.0,0.0,0.0,53.0,6.0,0.0,1.0,0.0,Hyatt,1,1.0,False,True,False,True,True,False,True,True,645.69,0.0,2,1,2,1.75,1686.0281393797934,4,4647.899448992723,False,592.69
3548,550754,1971-12-02,51.0,F,True,True,usa,tulsa,TUL,36.198,-95.888,2023-01-24,185,10,14.6,0.3,109.2,1.4285714285714286,7.0,7.0,6.666666666666667,0.0,3,3,1.0,0,0.0,3,2,0.6666666666666666,186.56,49.45548301250327,0.05,7.976,7.976,551.704,1,0.3333333333333333,1.0,0.0,0.3333333333333333,0.5773502691896257,Alaska Airlines,3,0.3333333333333333,TUL-LAX,3,0.3333333333333333,1431.999222848656,643.3691463131596,0.0,3,251.0,41.86884283091664,0,0.0,0.0,0.0,0.0,753.0,5.666666666666667,1.1547005383792515,1.0,0.0,InterContinental,3,0.3333333333333333,False,True,False,False,False,False,False,True,1304.704,7.976,5,3,3,3.8,1135.6159857730354,3,3130.5698827087303,False,186.56
3549,550796,1990-02-26,33.0,F,False,True,usa,san diego,NZY,32.699,-117.215,2023-01-24,185,8,10.25,0.5,77.5,1.6,67.0,67.0,77.0,0.0,4,0,0.0,0,0.0,1,1,1.0,614.63,0.0,0.2,122.926,122.926,491.704,1,1.0,2.0,0.0,1.0,0.0,Alaska Airlines,1,1.0,NZY-SEA,1,1.0,1703.9457006644682,0.0,0.0,3,167.0,84.07734534343957,1,0.3333333333333333,0.1,21.9,21.9,479.1,6.0,3.0,1.3333333333333333,0.5773502691896257,Hilton,3,0.3333333333333333,False,True,False,True,False,False,False,False,970.804,144.826,1,4,2,2.0999999999999996,633.7417575858619,1,1747.0455546314527,False,307.315
3555,550887,2006-11-20,16.0,F,False,True,usa,new york,LGA,40.777,-73.872,2023-01-25,184,9,15.333333333333334,0.2222222222222222,113.33333333333333,1.2857142857142858,17.0,152.0,7.5,0.0,2,0,0.0,0,0.0,0,0,0.0,0.0,0.0,0.0,0.0,0.0,0.0,0,0.0,0.0,0.0,0.0,0.0,MISSING,0,0.0,MISSING,0,0.0,0.0,0.0,0.0,2,144.5,57.27564927611035,0,0.0,0.0,0.0,0.0,289.0,15.0,14.142135623730951,1.0,0.0,Hyatt,2,0.5,False,True,True,False,True,False,False,True,289.0,0.0,4,2,1,2.45,377.3189396465488,1,1040.1608672574273,True,
3558,550985,1976-10-27,46.0,F,False,False,usa,laredo,LRD,27.544,-99.461,2023-01-25,184,8,11.5,0.25,85.125,1.3333333333333333,32.0,167.0,7.5,0.0,2,2,1.0,0,0.0,2,2,1.0,955.445,644.506617848102,0.0,0.0,0.0,1910.89,0,0.0,2.0,1.414213562373095,0.0,0.0,Allegiant Air,2,0.5,LRD-JFK,2,0.5,2761.4346017004245,0.0,0.0,2,84.0,80.61017305526642,2,1.0,0.075,7.725,15.45,152.55,4.0,2.8284271247461903,2.0,1.414213562373095,Hyatt,2,0.5,False,True,False,False,True,False,False,False,2063.44,15.45,3,2,4,3.1,2694.031117039013,5,7426.676608767011,True,477.7225
3562,551051,1975-09-15,47.0,F,False,True,canada,london,YXU,43.036,-81.154,2023-01-25,184,8,11.25,0.125,84.125,1.3333333333333333,46.0,157.0,5.0,0.0,1,0,0.0,0,0.0,0,0,0.0,0.0,0.0,0.0,0.0,0.0,0.0,0,0.0,0.0,0.0,0.0,0.0,MISSING,0,0.0,MISSING,0,0.0,0.0,0.0,0.0,1,70.0,0.0,1,1.0,0.1,7.0,7.0,63.0,9.0,0.0,1.0,0.0,Radisson,1,1.0,False,True,True,False,True,False,True,False,63.0,7.0,2,1,1,1.4,164.50583527842613,1,453.4957414340341,True,
3571,551245,1999-09-05,23.0,F,True,True,usa,los angeles,LAX,33.942,-118.408,2023-01-25,184,10,9.1,0.2,120.4,1.4285714285714286,3.0,27.0,252.0,228.0,1,1,1.0,1,1.0,1,1,1.0,0.0,0.0,0.0,0.0,0.0,0.0,1,1.0,6.0,0.0,5.0,0.0,Alaska Airlines,1,1.0,LAX-HNL,1,1.0,0.0,0.0,0.0,1,0.0,0.0,1,1.0,0.0,0.0,0.0,0.0,10.0,0.0,3.0,0.0,Conrad,1,1.0,False,False,True,True,True,True,True,True,0.0,0.0,5,1,0,2.25,0.0,1,0.0,False,0.0
3575,551340,1988-09-05,34.0,F,True,False,usa,portland,PWM,43.646,-70.309,2023-01-25,184,8,12.25,0.25,91.25,1.1428571428571428,25.0,25.0,107.5,0.0,2,0,0.0,0,0.0,1,1,1.0,170.65,0.0,0.0,0.0,0.0,170.65,0,0.0,2.0,0.0,2.0,0.0,Delta Air Lines,1,1.0,PWM-LGA,1,1.0,439.8843546563336,0.0,0.0,1,269.0,0.0,0,0.0,0.0,0.0,0.0,269.0,5.0,0.0,2.0,0.0,Crowne Plaza,1,1.0,False,True,False,True,True,False,True,True,439.65,0.0,4,2,1,2.45,574.0078609536512,1,1582.3762120751833,False,85.325
3589,551600,2006-06-10,17.0,F,False,False,usa,boston,BOS,42.364,-71.005,2023-01-25,184,8,10.75,0.125,80.0,2.0,116.0,156.0,6.0,0.0,1,1,1.0,0,0.0,1,1,1.0,847.06,0.0,0.0,0.0,0.0,847.06,0,0.0,2.0,0.0,1.0,0.0,Southwest Airlines,1,1.0,BOS-DAL,1,1.0,2497.5823247236876,0.0,0.0,1,366.0,0.0,0,0.0,0.0,0.0,0.0,366.0,8.0,0.0,2.0,0.0,Crowne Plaza,1,1.0,False,True,False,True,True,False,True,True,1213.06,0.0,1,1,3,1.6999999999999997,3167.546802267422,5,8732.024509586816,True,423.53
3595,551665,1969-01-26,54.0,F,False,True,usa,fort worth,FTW,32.82,-97.362,2023-01-25,184,8,16.125,0.5,119.0,1.6,84.0,84.0,6.75,0.0,4,3,0.75,0,0.0,3,3,1.0,358.2266666666667,106.14547203405962,0.1,41.169,41.169,1033.511,1,0.3333333333333333,1.0,0.0,0.3333333333333333,0.5773502691896257,American Airlines,3,0.3333333333333333,FTW-JFK,2,0.6666666666666666,1927.7813454020325,584.8827046145439,0.0,4,173.0,116.112014882182,0,0.0,0.0,0.0,0.0,692.0,4.5,5.066228051190222,1.0,0.0,Choice Hotels,4,0.25,False,True,False,False,False,False,False,True,1725.511,41.169,1,4,4,2.8,1126.415191813938,3,3105.2059138792924,False,358.2266666666667
3599,551718,1990-10-10,32.0,F,False,True,usa,baltimore,BWI,39.175,-76.668,2023-01-25,184,8,17.625,0.375,133.25,1.3333333333333333,33.0,77.0,7.666666666666667,0.0,3,2,0.6666666666666666,0,0.0,2,2,1.0,183.29,34.011836175072936,0.0,0.0,0.0,366.58,0,0.0,2.0,1.414213562373095,0.5,0.7071067811865476,Delta Air Lines,1,1.0,BWI-LGA,2,0.5,637.9610753939788,484.49733446509697,0.0,3,197.0,142.944044996635,0,0.0,0.0,0.0,0.0,591.0,6.666666666666667,1.5275252316519468,1.6666666666666667,1.1547005383792515,Accor,3,0.3333333333333333,False,True,False,False,True,False,False,True,957.58,0.0,3,3,2,2.6500000000000004,833.4788240524618,2,2297.6637676317587,False,91.645
3610,551978,2006-12-22,16.0,F,False,True,usa,houston,HOU,29.645,-95.279,2023-01-25,184,8,9.5,0.25,71.75,2.6666666666666665,135.0,135.0,5.0,0.0,2,1,0.5,0,0.0,1,1,1.0,414.64,0.0,0.0,0.0,0.0,414.64,0,0.0,1.0,0.0,3.0,0.0,Delta Air Lines,1,1.0,HOU-LGA,1,1.0,2296.1286251476386,0.0,0.0,2,113.0,113.13708498984761,0,0.0,0.0,0.0,0.0,226.0,4.5,0.7071067811865476,1.0,0.0,Choice Hotels,2,0.5,False,True,False,True,True,False,False,True,640.64,0.0,1,2,2,1.6,836.4207802600866,2,2305.773903113489,True,414.64
3612,552036,1969-08-01,53.0,F,True,True,canada,montreal,YMX,45.68,-74.039,2023-01-25,184,9,23.88888888888889,0.1111111111111111,178.88888888888889,1.2857142857142858,26.0,182.0,8.0,0.0,1,1,1.0,0,0.0,1,1,1.0,291.26,0.0,0.0,0.0,0.0,291.26,0,0.0,3.0,0.0,0.0,0.0,Delta Air Lines,1,1.0,YMX-LGA,1,1.0,560.8181463457142,0.0,0.0,1,187.0,0.0,0,0.0,0.0,0.0,0.0,187.0,5.0,0.0,3.0,0.0,Conrad,1,1.0,False,True,False,True,True,False,True,True,478.26,0.0,4,1,1,2.2,1248.8342980993664,3,3442.6805285435103,True,97.08666666666666
3615,552172,1969-12-06,53.0,F,True,True,usa,las vegas,LSV,36.236,-115.034,2023-01-25,184,7,26.428571428571427,0.5714285714285714,952.678327,1.4,65.0,69.0,60.333333333333336,165.0,3,2,0.6666666666666666,1,0.3333333333333333,2,1,0.5,252.38,0.0,0.0,0.0,0.0,252.38,1,0.5,3.6666666666666665,2.8284271247461903,2.0,2.8284271247461903,Emirates,2,0.5,LSV-CMB,2,0.5,3478.746073595439,8105.909844102655,0.0,3,125.5,68.58935777509511,1,0.3333333333333333,0.1,0.0,0.0,251.0,8.0,7.0,1.6666666666666667,1.1547005383792515,Extended Stay,3,0.3333333333333333,False,False,False,False,True,False,False,True,503.38,0.0,1,3,1,1.5,438.14257863732354,1,1207.8343191696513,False,68.83090909090909
3625,552364,1987-05-14,36.0,F,True,True,usa,omaha,OMA,41.302,-95.894,2023-01-25,184,8,10.75,0.125,80.125,1.3333333333333333,40.0,152.0,5.0,0.0,1,0,0.0,0,0.0,0,0,0.0,0.0,0.0,0.0,0.0,0.0,0.0,0,0.0,0.0,0.0,0.0,0.0,MISSING,0,0.0,MISSING,0,0.0,0.0,0.0,0.0,1,399.0,0.0,0,0.0,0.0,0.0,0.0,399.0,4.0,0.0,1.0,0.0,Radisson,1,1.0,False,True,True,False,True,False,True,True,399.0,0.0,3,1,1,1.8000000000000003,1041.870290096699,2,2872.139695748883,True,
3637,552558,1971-10-18,51.0,F,True,True,canada,vancouver,YVR,49.195,-123.182,2023-01-25,184,8,18.75,0.5,139.75,1.3333333333333333,36.0,36.0,7.25,0.0,4,2,0.5,0,0.0,2,2,1.0,444.14,425.706566545549,0.0,0.0,0.0,888.28,0,0.0,1.0,0.0,1.0,1.414213562373095,Canadian North,2,0.5,YVR-LGA,2,0.5,2383.1033273902044,2187.943872731239,0.0,4,131.25,69.75851202541521,1,0.25,0.05,2.8,2.8,522.2,4.75,3.4034296427770228,1.0,0.0,Accor,4,0.25,False,True,False,False,True,False,False,False,1410.48,2.8,3,4,3,3.25,920.7626608869623,2,2538.280449912208,False,444.14
3639,552597,1996-03-20,27.0,F,False,False,usa,los angeles,LAX,33.942,-118.408,2023-01-25,184,8,16.625,0.375,124.125,1.1428571428571428,15.0,66.0,6.333333333333333,0.0,3,2,0.6666666666666666,0,0.0,3,3,1.0,878.9633333333334,1001.515038845315,0.0,0.0,0.0,2636.89,0,0.0,1.6666666666666667,1.1547005383792515,1.3333333333333333,1.5275252316519468,Delta Air Lines,3,0.3333333333333333,LAX-JFK,3,0.3333333333333333,2443.011230437545,1744.9330792726332,0.0,2,110.5,34.64823227814083,1,0.5,0.05,4.3,4.3,216.7,7.5,0.7071067811865476,2.0,1.414213562373095,Best Western,2,0.5,False,True,False,False,True,False,False,False,2853.59,4.3,5,3,5,4.5,2483.7682883183284,5,6847.041866660029,False,527.378
3641,552613,1980-09-18,42.0,F,False,True,usa,philadelphia,PNE,40.082,-75.011,2023-01-25,184,7,13.571428571428571,0.42857142857142855,102.42857142857143,1.0,19.0,19.0,9.0,0.0,3,3,1.0,0,0.0,3,2,0.6666666666666666,300.3666666666667,102.1398753344321,0.075,19.1455,38.291,862.809,2,0.6666666666666666,1.0,0.0,0.0,0.0,American Airlines,3,0.3333333333333333,PNE-BNA,3,0.3333333333333333,2342.431615678387,1406.0636546045953,0.0,3,219.33333333333334,108.518815572846,0,0.0,0.0,0.0,0.0,658.0,4.0,3.0,1.0,0.0,Banyan Tree,3,0.3333333333333333,False,True,False,False,False,False,False,True,1520.809,38.291,4,3,4,3.75,1323.7140467933755,3,3649.1026721404864,False,300.3666666666667
3642,552623,2006-07-21,17.0,F,False,True,usa,austin,AUS,30.194,-97.67,2023-01-25,184,8,9.0,0.125,67.125,1.6,57.0,57.0,309.0,0.0,1,1,1.0,0,0.0,1,1,1.0,6052.9,0.0,0.0,0.0,0.0,6052.9,0,0.0,2.0,0.0,2.0,0.0,Indonesia AirAsia,1,1.0,AUS-JHB,1,1.0,15813.840702491587,0.0,1.0,1,55.0,0.0,0,0.0,0.0,0.0,0.0,55.0,9.0,0.0,1.0,0.0,Four Seasons,1,1.0,False,True,False,True,True,False,True,True,6107.9,0.0,2,1,5,2.8,15948.971290430141,5,43966.77204928471,False,3026.45
3648,552726,1964-02-08,59.0,F,True,True,canada,victoria,YYJ,48.647,-123.426,2023-01-25,184,9,8.444444444444445,0.1111111111111111,61.77777777777778,1.2857142857142858,23.0,172.0,11.0,0.0,1,0,0.0,0,0.0,0,0,0.0,0.0,0.0,0.0,0.0,0.0,0.0,0,0.0,0.0,0.0,0.0,0.0,MISSING,0,0.0,MISSING,0,0.0,0.0,0.0,0.0,1,68.0,0.0,0,0.0,0.0,0.0,0.0,68.0,4.0,0.0,3.0,0.0,InterContinental,1,1.0,False,True,True,False,True,False,True,True,68.0,0.0,4,1,1,2.2,177.5618539513171,1,489.4874669446717,True,
3656,552904,1976-03-06,47.0,F,False,True,usa,new york,JFK,40.64,-73.779,2023-01-26,183,7,14.428571428571429,0.42857142857142855,107.85714285714286,1.4,79.0,120.0,7.333333333333333,0.0,3,3,1.0,0,0.0,3,3,1.0,302.71666666666664,325.25178083038,0.0,0.0,0.0,908.15,0,0.0,1.3333333333333333,0.5773502691896257,0.0,0.0,American Airlines,2,0.6666666666666666,JFK-DCA,3,0.3333333333333333,1469.9711273347941,1749.009215756859,0.0,3,135.66666666666666,90.5556918881046,2,0.6666666666666666,0.075,5.65,11.3,395.7,4.666666666666667,1.5275252316519468,1.3333333333333333,0.5773502691896257,Aman Resorts,3,0.3333333333333333,False,True,False,False,True,False,False,False,1303.85,11.3,1,3,3,2.1999999999999997,1134.8726631099253,3,3128.520753802991,True,227.0375
3663,553151,1977-04-27,46.0,F,True,True,usa,omaha,OFF,41.118,-95.913,2023-01-26,183,8,12.375,0.5,92.125,1.1428571428571428,12.0,12.0,8.0,0.0,4,1,0.25,0,0.0,3,3,1.0,360.64,83.34866585614913,0.0,0.0,0.0,1081.92,0,0.0,1.0,0.0,1.0,0.0,Alaska Airlines,3,0.3333333333333333,OFF-LUF,3,0.3333333333333333,2051.0776020270537,324.2088262577212,0.0,2,69.0,48.08326112068523,0,0.0,0.0,0.0,0.0,138.0,7.0,2.8284271247461903,1.0,0.0,Hyatt,2,0.5,False,True,False,False,True,False,False,True,1219.92,0.0,5,4,3,4.05,796.3649149716573,2,2195.351289246853,False,360.64
3668,553245,1997-12-28,25.0,M,False,True,usa,norfolk,ORF,36.894,-76.201,2023-01-26,183,8,16.375,0.125,121.25,1.3333333333333333,33.0,115.0,9.0,0.0,1,1,1.0,0,0.0,1,1,1.0,85.66,0.0,0.0,0.0,0.0,85.66,0,0.0,1.0,0.0,0.0,0.0,Southwest Airlines,1,1.0,ORF-LGA,1,1.0,466.41928187733066,0.0,0.0,1,188.0,0.0,0,0.0,0.0,0.0,0.0,188.0,12.0,0.0,1.0,0.0,Extended Stay,1,1.0,False,True,False,True,True,False,True,True,273.66,0.0,3,1,1,1.8000000000000003,714.5820140046683,1,1969.8991206482187,True,85.66
3673,553559,2003-05-18,20.0,F,False,True,usa,los angeles,LAX,33.942,-118.408,2023-01-26,183,8,14.125,0.25,105.375,1.1428571428571428,25.0,84.0,4.5,0.0,2,1,0.5,0,0.0,1,1,1.0,665.04,0.0,0.0,0.0,0.0,665.04,0,0.0,1.0,0.0,1.0,0.0,Delta Air Lines,1,1.0,LAX-YZD,1,1.0,3516.5337244636776,0.0,0.0,2,161.5,13.435028842544403,0,0.0,0.0,0.0,0.0,323.0,5.5,4.949747468305833,1.0,0.0,Crowne Plaza,2,0.5,False,True,False,True,True,False,False,True,988.04,0.0,4,2,2,2.8,1289.9868689563186,3,3556.12644735304,False,665.04
3674,553568,1981-06-05,42.0,F,False,True,usa,los angeles,LAX,33.942,-118.408,2023-01-26,183,8,18.0,0.5,135.125,1.1428571428571428,26.0,26.0,7.5,0.0,4,4,1.0,0,0.0,4,4,1.0,346.6725,321.219353856001,0.0,0.0,0.0,1386.69,0,0.0,1.0,0.0,0.25,0.5,Delta Air Lines,3,0.5,LAX-DMA,4,0.25,1869.8676476397077,1744.4300013839807,0.0,4,113.5,30.46856303361439,0,0.0,0.0,0.0,0.0,454.0,4.25,2.217355782608345,1.0,0.0,Accor,4,0.25,False,True,False,False,True,False,False,True,1840.69,0.0,4,4,4,4.0,1201.6041505501835,3,3312.480461508779,False,346.6725
3675,553607,1972-03-24,51.0,F,True,True,usa,omaha,OFF,41.118,-95.913,2023-01-26,183,9,15.666666666666666,0.3333333333333333,117.33333333333333,1.8,60.0,60.0,6.333333333333333,0.0,3,3,1.0,0,0.0,3,3,1.0,354.42333333333335,39.35140700576453,0.05,15.938,15.938,1047.332,1,0.3333333333333333,1.3333333333333333,0.5773502691896257,0.6666666666666666,0.5773502691896257,Delta Air Lines,2,0.6666666666666666,OFF-CMH,3,0.3333333333333333,1697.6560834917243,530.3580454628341,0.0,3,146.0,57.29746940310715,1,0.3333333333333333,0.05,10.45,10.45,427.55,5.333333333333333,5.773502691896257,1.3333333333333333,0.5773502691896257,Hilton,3,0.3333333333333333,False,True,False,False,False,False,False,False,1474.882,26.388,2,3,3,2.5999999999999996,1283.739128820718,3,3538.9032069720165,False,265.81750000000005
3684,553754,1975-11-10,47.0,F,True,True,usa,shreveport,SHV,32.446,-93.826,2023-01-26,183,8,14.25,0.375,105.625,1.3333333333333333,28.0,125.0,6.666666666666667,0.0,3,3,1.0,0,0.0,3,3,1.0,358.94666666666666,20.187464757451178,0.0,0.0,0.0,1076.84,0,0.0,1.3333333333333333,0.5773502691896257,0.3333333333333333,0.5773502691896257,Delta Air Lines,1,1.0,SHV-LGA,2,0.6666666666666666,1725.4677336748264,480.39687814242524,0.0,3,158.66666666666666,192.780531520518,0,0.0,0.0,0.0,0.0,476.0,4.0,1.7320508075688772,1.3333333333333333,0.5773502691896257,Four Seasons,3,0.3333333333333333,False,True,False,False,True,False,False,True,1552.84,0.0,3,3,4,3.35,1351.5938690674668,4,3725.959402795902,True,269.21000000000004
3685,553773,1976-03-19,47.0,F,True,True,usa,fort worth,FTW,32.82,-97.362,2023-01-26,183,9,46.44444444444444,0.5555555555555556,977.8888888888889,1.2857142857142858,14.0,14.0,6.75,1.0,4,3,0.75,1,0.25,4,4,1.0,368.82666666666665,146.096006219655,0.0,0.0,0.0,1106.48,1,0.25,1.2,0.5,0.0,0.0,Ryanair,3,0.25,FTW-LUF,4,0.25,1718.1792013704198,606.8428213186752,0.0,3,169.0,110.485293138951,0,0.0,0.0,0.0,0.0,507.0,4.0,5.196152422706632,1.3333333333333333,0.5773502691896257,Banyan Tree,2,0.6666666666666666,False,False,False,False,True,False,False,True,1613.48,0.0,5,4,4,4.4,1053.2812504168055,2,2903.5964638451796,False,307.35555555555555
3687,553791,1990-04-13,33.0,F,False,True,usa,new york,JFK,40.64,-73.779,2023-01-26,183,8,18.875,0.375,140.75,1.6,77.0,132.0,6.0,0.0,3,3,1.0,0,0.0,3,3,1.0,377.7733333333333,279.044224870061,0.1,19.92,19.92,1113.4,1,0.3333333333333333,1.0,0.0,1.0,1.0,Delta Air Lines,2,0.6666666666666666,JFK-LSQ,3,0.3333333333333333,2161.043070398506,1572.286922106479,0.0,3,111.66666666666667,67.17390366305455,0,0.0,0.0,0.0,0.0,335.0,5.0,5.196152422706632,1.0,0.0,Aman Resorts,3,0.3333333333333333,False,True,False,False,False,False,False,True,1448.4,19.92,1,3,3,2.1999999999999997,1260.6891630543514,3,3475.3610153071695,True,377.7733333333333
3690,553901,1968-10-05,54.0,F,True,True,usa,omaha,OMA,41.302,-95.894,2023-01-26,183,7,10.142857142857142,0.2857142857142857,76.0,1.0,16.0,16.0,184.0,0.0,2,1,0.5,0,0.0,1,1,1.0,631.03,0.0,0.0,0.0,0.0,631.03,0,0.0,4.0,0.0,3.0,0.0,United Airlines,1,1.0,OMA-DAL,1,1.0,943.968042654426,0.0,0.0,2,195.5,166.170093578839,0,0.0,0.0,0.0,0.0,391.0,10.0,7.0710678118654755,2.0,0.0,Choice Hotels,2,0.5,False,True,False,True,True,False,False,True,1022.03,0.0,4,2,2,2.8,1334.364276425475,4,3678.4623223636972,False,157.7575
3695,553967,1983-06-24,40.0,F,False,True,usa,phoenix,LUF,33.535,-112.383,2023-01-26,183,8,46.625,0.5,1062.0,1.6,72.0,75.0,8.0,5.0,3,2,0.6666666666666666,1,0.3333333333333333,3,3,1.0,421.095,192.651242534275,0.0,0.0,0.0,842.19,1,0.3333333333333333,1.0,0.0,0.3333333333333333,0.5773502691896257,AirTran Airways,3,0.3333333333333333,LUF-MDW,3,0.3333333333333333,2523.5047583958067,843.0214920172064,0.0,2,124.0,0.0,1,0.5,0.15,0.0,0.0,124.0,4.0,1.414213562373095,1.0,0.0,Banyan Tree,2,0.5,False,False,False,False,True,False,False,True,966.19,0.0,1,3,2,1.8499999999999999,840.9729787707013,2,2318.3230180748646,False,421.095
3702,554163,1985-09-06,37.0,F,False,True,usa,tucson,DMA,32.166,-110.883,2023-01-26,183,8,24.25,0.75,181.25,1.3333333333333333,34.0,61.0,7.0,0.0,6,5,0.8333333333333334,0,0.0,6,6,1.0,416.0,256.335321171313,0.0,0.0,0.0,2496.0,0,0.0,1.0,0.0,0.6666666666666666,0.816496580927726,Southwest Airlines,5,0.3333333333333333,DMA-LGA,5,0.3333333333333333,2238.819012202045,1346.6399126241554,0.0,5,112.4,29.971653274385783,0,0.0,0.0,0.0,0.0,562.0,4.0,3.5355339059327378,1.0,0.0,Accor,3,0.4,False,True,False,False,True,False,False,True,3058.0,0.0,3,5,5,4.2,1330.843503390019,4,3668.7565537176624,False,416.0
3706,554217,1999-07-12,24.0,F,False,False,usa,boston,BOS,42.364,-71.005,2023-01-26,183,8,13.25,0.25,99.625,1.1428571428571428,13.0,13.0,6.5,0.0,2,1,0.5,0,0.0,2,2,1.0,991.225,463.557992542465,0.0,0.0,0.0,1982.45,0,0.0,1.5,0.7071067811865476,0.5,0.7071067811865476,Condor Flugdienst,2,0.5,BOS-LAS,2,0.5,3822.6947021124424,0.0,0.0,1,145.0,0.0,0,0.0,0.0,0.0,0.0,145.0,4.0,0.0,2.0,0.0,Radisson,1,1.0,False,True,False,False,True,False,True,True,2127.45,0.0,5,2,4,3.9,2777.6026925641877,5,7657.059643760601,False,660.8166666666667
3712,554413,1981-10-10,41.0,F,False,True,usa,santa ana,SNA,33.676,-117.868,2023-01-26,183,8,17.75,0.5,134.25,2.0,112.0,112.0,7.75,0.0,4,3,0.75,0,0.0,4,4,1.0,586.11,116.315969955405,0.25,125.5275,125.5275,2218.9125,1,0.25,1.0,0.0,0.75,0.9574271077563381,Air Canada,4,0.25,SNA-JFK,4,0.25,3175.5403549009625,659.9223090863572,0.0,3,179.33333333333334,122.675724303276,0,0.0,0.0,0.0,0.0,538.0,6.333333333333333,2.309401076758503,1.0,0.0,Accor,3,0.3333333333333333,False,True,False,False,False,False,False,True,2756.9125,125.5275,1,4,5,3.15,1799.7150539763254,5,4961.301897842288,True,586.11
3721,554681,2000-05-10,23.0,F,True,True,usa,columbus,CMH,39.998,-82.892,2023-01-26,183,8,11.5,0.125,85.5,1.3333333333333333,44.0,175.0,15.0,0.0,1,0,0.0,0,0.0,0,0,0.0,0.0,0.0,0.0,0.0,0.0,0.0,0,0.0,0.0,0.0,0.0,0.0,MISSING,0,0.0,MISSING,0,0.0,0.0,0.0,0.0,1,250.0,0.0,0,0.0,0.0,0.0,0.0,250.0,7.0,0.0,2.0,0.0,Accor,1,1.0,False,True,True,False,True,False,True,True,250.0,0.0,2,1,1,1.4,652.8009336445482,1,1799.5862755318815,True,
3723,554753,1984-05-27,39.0,F,False,True,usa,wichita,IAB,37.623,-97.267,2023-01-26,183,9,13.222222222222221,0.4444444444444444,97.88888888888889,1.2857142857142858,10.0,10.0,68.25,0.0,4,3,0.75,0,0.0,4,3,0.75,1421.23,2414.509728081459,0.0,0.0,0.0,5684.92,0,0.0,1.25,0.5,0.5,0.5773502691896257,JetBlue Airways,3,0.5,IAB-JAX,4,0.25,4294.615061955934,5530.6831256644255,0.25,3,157.0,50.47771785649585,1,0.3333333333333333,0.1,19.9,19.9,451.1,4.0,2.6457513110645907,1.0,0.0,Extended Stay,3,0.3333333333333333,False,True,False,False,True,False,False,False,6136.02,19.9,5,4,5,4.75,4005.5995848616208,5,11042.297378389136,False,1136.984
3736,555083,1965-06-16,58.0,F,True,True,usa,louisville,LOU,38.228,-85.664,2023-01-26,183,8,11.625,0.25,88.0,1.6,60.0,125.0,6.5,0.0,2,2,1.0,0,0.0,2,2,1.0,260.925,49.61768283586004,0.0,0.0,0.0,521.85,0,0.0,1.0,0.0,1.0,0.0,Frontier Airlines,2,0.5,LOU-BOS,2,0.5,1485.7001553467867,229.48347562581597,0.0,2,333.0,114.5512985522207,0,0.0,0.0,0.0,0.0,666.0,6.0,2.8284271247461903,1.0,0.0,Four Seasons,2,0.5,False,True,False,False,True,False,False,True,1187.85,0.0,2,2,3,2.3499999999999996,1550.8591780593529,4,4275.27711478109,True,260.925
3741,555180,1979-10-10,43.0,F,True,True,usa,houston,IAH,29.98,-95.34,2023-01-27,182,8,13.5,0.25,100.75,1.6,59.0,59.0,7.0,0.0,2,1,0.5,0,0.0,1,1,1.0,386.41,0.0,0.0,0.0,0.0,386.41,0,0.0,1.0,0.0,0.0,0.0,Alaska Airlines,1,1.0,IAH-LAX,1,1.0,2215.344176391114,0.0,0.0,2,198.5,91.21677477306463,0,0.0,0.0,0.0,0.0,397.0,5.5,2.1213203435596424,1.5,0.7071067811865476,Four Seasons,2,0.5,False,True,False,True,True,False,False,True,783.41,0.0,2,2,2,2.0,1022.821558852951,2,2819.6277682288624,False,386.41
3749,555257,1996-03-15,27.0,F,False,True,usa,new york,JFK,40.64,-73.779,2023-01-27,182,8,32.375,0.625,630.558447,1.6,59.0,110.0,9.0,6.0,4,4,1.0,1,0.25,4,3,0.75,349.71,264.253801486374,0.15,63.1575,63.1575,985.9725,2,0.5,1.0,0.0,0.5,0.5773502691896257,United Airlines,3,0.5,JFK-SFO,4,0.25,2006.1231481435116,1540.5813856957645,0.0,4,138.33333333333334,144.780293318301,1,0.25,0.0,0.0,0.0,415.0,5.75,4.112987559751022,1.0,0.0,Fairmont,4,0.25,False,False,False,False,False,False,False,True,1400.9725,63.1575,2,4,3,2.8499999999999996,914.5561560103368,2,2521.170883397589,True,349.71
3758,555428,1970-08-22,52.0,F,True,True,usa,new york,LGA,40.777,-73.872,2023-01-27,182,8,13.5,0.375,100.5,1.3333333333333333,45.0,132.0,6.666666666666667,0.0,3,2,0.6666666666666666,0,0.0,2,2,1.0,1132.49,568.287577904005,0.0,0.0,0.0,2264.98,0,0.0,1.5,0.7071067811865476,0.5,0.7071067811865476,United Airlines,2,0.5,LGA-LAX,2,0.5,3945.3504788129326,28.352425082918003,0.0,3,166.33333333333334,43.592812863284394,0,0.0,0.0,0.0,0.0,499.0,4.666666666666667,2.0816659994661326,1.3333333333333333,0.5773502691896257,Hyatt,3,0.3333333333333333,False,True,False,False,True,False,False,True,2763.98,0.0,2,3,5,3.3,2405.771632766478,5,6632.02729845948,True,754.9933333333333
3762,555499,1981-01-23,42.0,F,True,True,canada,montreal,YMX,45.68,-74.039,2023-01-27,182,8,19.25,0.5,143.125,1.1428571428571428,18.0,18.0,6.5,0.0,4,3,0.75,0,0.0,3,3,1.0,454.18333333333334,268.037946256371,0.0,0.0,0.0,1362.55,0,0.0,1.0,0.0,1.3333333333333333,0.5773502691896257,American Airlines,3,0.3333333333333333,YMX-IND,3,0.3333333333333333,2511.131835766792,1439.3729399867145,0.0,4,168.0,100.48217088949993,1,0.25,0.1,5.0,5.0,667.0,4.0,2.0,1.0,0.0,Extended Stay,3,0.5,False,True,False,False,True,False,False,False,2029.55,5.0,4,4,4,4.0,1324.8921348782926,3,3652.3503255057294,False,454.18333333333334
3770,555710,1977-01-14,46.0,F,True,False,canada,toronto,YZD,43.742,-79.466,2023-01-27,182,10,15.2,0.3,111.5,1.6666666666666667,27.0,136.0,8.666666666666666,0.0,3,2,0.6666666666666666,0,0.0,2,1,0.5,287.785,53.351206640525014,0.0,0.0,0.0,575.57,0,0.0,2.0,0.0,1.0,0.0,AirTran Airways,2,0.5,YZD-IND,2,0.5,1263.1735854709004,765.8597627195038,0.0,3,177.33333333333334,67.67815994346576,0,0.0,0.0,0.0,0.0,532.0,5.666666666666667,4.618802153517006,2.0,0.0,Conrad,3,0.3333333333333333,False,True,False,False,True,False,False,True,1107.57,0.0,3,3,3,3.0,964.030306768923,2,2657.5570282544613,True,143.8925
3773,555770,1978-10-06,44.0,F,True,True,usa,boston,BOS,42.364,-71.005,2023-01-27,182,8,14.875,0.5,111.5,1.3333333333333333,35.0,123.0,7.0,0.0,4,2,0.5,0,0.0,2,1,0.5,120.475,5.154808434849931,0.05,6.206,6.206,234.744,1,0.5,1.0,0.0,0.5,0.7071067811865476,Air France,2,0.5,BOS-MKE,2,0.5,1039.6497556249556,482.02968871973854,0.0,4,148.25,29.067450295247202,1,0.25,0.1,12.3,12.3,580.7,4.5,3.109126351029605,1.0,0.0,Accor,4,0.25,False,True,False,False,False,False,False,False,815.444,18.506,3,4,2,2.9000000000000004,532.3226045348449,1,1467.4618308648194,True,120.475
3775,555782,1967-11-07,55.0,F,True,True,usa,jacksonville,NZC,30.219,-81.876,2023-01-27,182,8,13.75,0.25,103.125,1.3333333333333333,49.0,156.0,8.0,0.0,2,1,0.5,0,0.0,1,1,1.0,310.58,0.0,0.0,0.0,0.0,310.58,0,0.0,1.0,0.0,1.0,0.0,United Airlines,1,1.0,NZC-YOW,1,1.0,1764.4737276695391,0.0,0.0,2,95.0,41.012193308819754,1,0.5,0.1,6.6,6.6,183.4,5.0,1.414213562373095,1.0,0.0,Crowne Plaza,2,0.5,False,True,False,True,True,False,False,False,493.98,6.6,2,2,1,1.65,644.9412104034678,1,1777.9192567744776,True,310.58
3776,555784,1989-04-09,34.0,M,True,True,usa,oklahoma city,TIK,35.415,-97.386,2023-01-27,182,8,12.0,0.375,88.0,1.6,65.0,65.0,7.333333333333333,0.0,3,2,0.6666666666666666,0,0.0,2,2,1.0,438.185,93.03403920071406,0.0,0.0,0.0,876.37,0,0.0,1.5,0.7071067811865476,0.0,0.0,Allegiant Air,2,0.5,TIK-LAS,2,0.5,1953.983284692536,496.67048500115874,0.0,3,239.66666666666666,121.47564913732,0,0.0,0.0,0.0,0.0,719.0,6.666666666666667,3.2145502536643185,1.3333333333333333,0.5773502691896257,Banyan Tree,3,0.3333333333333333,False,True,False,False,True,False,False,True,1595.37,0.0,1,3,4,2.55,1388.612034011337,4,3828.007941860397,False,292.12333333333333
3779,555850,1974-03-09,49.0,F,True,True,usa,memphis,MEM,35.042,-89.977,2023-01-27,182,8,17.875,0.25,133.75,1.6,66.0,66.0,9.5,0.0,2,2,1.0,0,0.0,2,2,1.0,169.415,74.38056231301293,0.0,0.0,0.0,338.83,0,0.0,1.0,0.0,1.0,0.0,Porter Airlines,2,0.5,MEM-FTW,2,0.5,1030.3397218065202,432.4949881241395,0.0,2,110.5,24.748737341529164,0,0.0,0.0,0.0,0.0,221.0,5.5,2.1213203435596424,1.0,0.0,Aman Resorts,2,0.5,False,True,False,False,True,False,False,True,559.83,0.0,1,2,1,1.25,730.9150933644548,1,2014.9247692620263,False,169.415
3790,556067,1984-04-20,39.0,F,True,True,canada,toronto,YZD,43.742,-79.466,2023-01-27,182,8,18.0,0.625,134.0,1.1428571428571428,26.0,26.0,8.8,0.0,5,5,1.0,0,0.0,5,4,0.8,250.544,254.624740903157,0.0,0.0,0.0,1252.72,0,0.0,1.0,0.0,0.2,0.4472135954999579,Alaska Airlines,5,0.2,YZD-AUS,5,0.2,1535.0824233037151,1293.0741959416307,0.0,5,222.0,79.96874389409902,1,0.2,0.2,65.0,65.0,1045.0,5.8,9.093954035511725,1.0,0.0,Hilton,4,0.4,False,True,False,False,True,False,False,False,2297.72,65.0,4,5,5,4.6,1199.963009003001,3,3307.9563016120915,False,250.544
3791,556111,1974-07-01,49.0,M,False,True,usa,san antonio,RND,29.529,-98.279,2023-01-27,182,8,14.875,0.375,110.75,1.1428571428571428,8.0,8.0,5.333333333333333,0.0,3,2,0.6666666666666666,0,0.0,3,3,1.0,487.4433333333333,426.591499837178,0.05,46.5415,46.5415,1415.7885,1,0.3333333333333333,1.6666666666666667,1.1547005383792515,0.3333333333333333,0.5773502691896257,JetBlue Airways,2,0.6666666666666666,RND-CLT,3,0.3333333333333333,1557.5799496396228,1083.5506681072254,0.0,2,562.0,43.840620433565945,1,0.5,0.1,53.1,53.1,1070.9,8.0,8.48528137423857,2.0,1.414213562373095,Marriott,2,0.5,False,True,False,False,False,False,False,False,2486.6885,99.6415,5,3,5,4.5,2164.4167659775485,5,5966.680661497282,False,292.466
3805,556533,1981-08-15,41.0,F,True,True,usa,winston-salem,INT,36.134,-80.222,2023-01-27,182,8,10.375,0.375,78.0,1.3333333333333333,49.0,76.0,7.0,0.0,3,2,0.6666666666666666,0,0.0,2,2,1.0,348.72,344.049875454127,0.1,59.2,59.2,638.24,1,0.5,1.0,0.0,1.0,0.0,Air Canada,2,0.5,INT-PNE,2,0.5,1909.5711488326924,1848.487949225886,0.0,3,137.33333333333334,22.5905584998099,2,0.6666666666666666,0.075,9.175,18.35,393.65,5.333333333333333,0.5773502691896257,1.3333333333333333,0.5773502691896257,Accor,3,0.3333333333333333,False,True,False,False,False,False,False,False,1031.89,77.55,2,3,2,2.25,898.1583405579638,2,2475.9667758114574,False,348.72
3807,556621,1966-12-19,56.0,F,False,False,canada,toronto,YKZ,43.862,-79.37,2023-01-27,182,8,9.75,0.125,73.0,1.1428571428571428,10.0,128.0,13.0,0.0,1,0,0.0,0,0.0,0,0,0.0,0.0,0.0,0.0,0.0,0.0,0.0,0,0.0,0.0,0.0,0.0,0.0,MISSING,0,0.0,MISSING,0,0.0,0.0,0.0,0.0,1,228.0,0.0,0,0.0,0.0,0.0,0.0,228.0,4.0,0.0,3.0,0.0,Choice Hotels,1,1.0,False,True,True,False,True,False,True,True,228.0,0.0,5,1,1,2.6,595.3544514838279,1,1641.2226832850758,True,
3808,556622,1971-01-27,52.0,F,True,False,usa,los angeles,LAX,33.942,-118.408,2023-01-27,182,8,19.625,0.5,144.625,1.1428571428571428,10.0,10.0,6.75,0.0,4,2,0.5,0,0.0,4,4,1.0,600.2275,643.757260224432,0.0,0.0,0.0,2400.91,0,0.0,1.5,1.0,0.5,0.5773502691896257,Ryanair,2,0.75,LAX-LOU,4,0.25,2173.55842383003,1203.9771446902869,0.0,2,206.0,70.71067811865476,0,0.0,0.0,0.0,0.0,412.0,4.0,0.0,2.0,1.414213562373095,Best Western,2,0.5,False,True,False,False,True,False,False,True,2812.91,0.0,5,4,5,4.75,1836.270274258086,5,5062.074230306384,False,400.15166666666664
3818,556887,1976-09-13,46.0,F,True,True,usa,phoenix,PHX,33.434,-112.008,2023-01-27,182,8,15.5,0.5,115.625,1.3333333333333333,31.0,31.0,90.25,0.0,4,3,0.75,0,0.0,4,3,0.75,872.42,884.114161444475,0.1,56.841,56.841,3432.839,1,0.25,1.75,1.5,1.0,1.414213562373095,Air Canada,4,0.25,PHX-BWI,4,0.25,2919.3870774119982,654.2726211166242,0.0,3,202.33333333333334,69.47181682764122,2,0.6666666666666666,0.125,21.375,42.75,564.25,7.0,3.4641016151377544,1.3333333333333333,0.5773502691896257,Banyan Tree,3,0.3333333333333333,False,True,False,False,False,False,False,False,3997.089,99.591,3,4,5,3.95,2609.3034310603534,5,7193.106506479452,False,498.5257142857143
3822,557005,1974-01-22,49.0,M,False,True,canada,hamilton,YHM,43.173,-79.935,2023-01-27,182,8,27.625,0.5,204.625,1.1428571428571428,12.0,12.0,54.25,0.0,4,3,0.75,0,0.0,3,3,1.0,1637.56,2655.806335032734,0.0,0.0,0.0,4912.68,0,0.0,1.3333333333333333,0.5773502691896257,1.0,1.0,AeroMéxico,3,0.3333333333333333,YHM-JFK,3,0.3333333333333333,4574.964991370001,6917.916146637891,0.3333333333333333,4,201.75,24.52719579025155,0,0.0,0.0,0.0,0.0,807.0,6.5,5.802298395176403,1.0,0.0,Accor,4,0.25,False,True,False,False,True,False,False,True,5719.68,0.0,5,4,5,4.75,3733.8124441480495,5,10293.057628434191,False,1228.17
3833,557262,1997-08-23,25.0,F,True,True,usa,los angeles,LAX,33.942,-118.408,2023-01-28,181,8,48.125,0.625,1071.75,1.1428571428571428,10.0,11.0,54.5,196.0,4,3,0.75,1,0.25,3,2,0.6666666666666666,434.715,132.872435252764,0.0,0.0,0.0,869.43,1,0.3333333333333333,2.5,1.7320508075688772,1.0,1.7320508075688772,Delta Air Lines,2,0.6666666666666666,LAX-LGA,3,0.3333333333333333,3469.6113426288716,582.6601600436371,0.0,4,194.0,64.09368143584827,2,0.5,0.05,9.5,9.5,572.5,8.75,6.994045086119096,1.25,0.5,Hyatt,4,0.25,False,False,False,False,True,False,False,False,1441.93,9.5,5,4,3,4.05,941.2932502500834,2,2594.877438277686,False,173.886
3842,557492,1998-07-21,25.0,M,False,True,usa,chicago,MDW,41.786,-87.752,2023-01-28,181,8,14.0,0.25,104.25,1.6,74.0,140.0,10.5,0.0,2,1,0.5,0,0.0,1,0,0.0,252.54,0.0,0.0,0.0,0.0,252.54,0,0.0,1.0,0.0,0.0,0.0,Alaska Airlines,1,1.0,MDW-SJC,1,1.0,2950.379568634588,0.0,0.0,2,606.0,244.658946290545,0,0.0,0.0,0.0,0.0,1212.0,5.5,4.949747468305833,1.0,0.0,Shangri-La,2,0.5,False,True,False,True,True,False,False,True,1464.54,0.0,1,2,3,1.9499999999999997,1912.1061587195732,5,5271.132167934923,True,252.54
3847,557569,1984-06-20,39.0,F,True,True,usa,los angeles,LAX,33.942,-118.408,2023-01-28,181,8,34.75,0.375,973.5,1.3333333333333333,38.0,102.0,100.0,132.0,2,0,0.0,1,0.5,1,1,1.0,0.0,0.0,0.0,0.0,0.0,0.0,1,1.0,5.0,0.0,4.0,0.0,China Southern Airlines,1,1.0,LAX-MFM,1,1.0,0.0,0.0,0.0,1,155.0,0.0,0,0.0,0.0,0.0,0.0,155.0,15.0,0.0,2.0,0.0,NH Hotel,1,1.0,False,False,True,True,True,False,True,True,155.0,0.0,3,2,1,2.0500000000000003,202.36828942980992,1,557.8717454148832,True,0.0
3850,557692,1981-09-23,41.0,F,False,True,usa,seattle,BFI,47.53,-122.302,2023-01-28,181,9,17.0,0.3333333333333333,126.22222222222223,1.2857142857142858,22.0,22.0,7.0,0.0,3,2,0.6666666666666666,0,0.0,2,2,1.0,652.53,146.965073401812,0.05,37.8225,37.8225,1267.2375,1,0.5,1.5,0.7071067811865476,1.5,0.7071067811865476,Southwest Airlines,2,0.5,BFI-TUS,2,0.5,2633.0834486599324,948.8681824710368,0.0,3,198.33333333333334,107.12764971441003,0,0.0,0.0,0.0,0.0,595.0,7.0,4.358898943540674,1.6666666666666667,0.5773502691896257,Choice Hotels,2,0.6666666666666666,False,True,False,False,False,False,False,True,1862.2375,37.8225,4,3,4,3.75,1620.8938382238523,4,4468.342729041069,False,435.02
3853,557794,1978-02-17,45.0,F,False,True,usa,new york,JFK,40.64,-73.779,2023-01-28,181,8,13.5,0.5,100.25,1.3333333333333333,28.0,28.0,8.0,0.0,4,3,0.75,0,0.0,4,4,1.0,397.775,369.74389239941,0.125,9.11775,18.2355,1572.8645,2,0.5,1.0,0.0,1.0,1.414213562373095,Delta Air Lines,3,0.5,JFK-BOS,4,0.25,2245.533587976299,2087.1456877769106,0.0,3,181.66666666666666,38.00438571182717,0,0.0,0.0,0.0,0.0,545.0,4.666666666666667,2.0816659994661326,1.0,0.0,Radisson,2,0.6666666666666666,False,True,False,False,False,False,False,True,2117.8645,18.2355,3,4,4,3.6,1382.5439229326444,4,3811.279887636191,False,397.775
3858,557875,1968-08-19,54.0,F,True,True,canada,calgary,YYC,51.114,-114.02,2023-01-28,181,8,19.375,0.25,144.375,1.3333333333333333,36.0,149.0,10.5,0.0,2,2,1.0,0,0.0,2,2,1.0,444.92,56.766532393656036,0.0,0.0,0.0,889.84,0,0.0,1.0,0.0,0.0,0.0,Ryanair,2,0.5,YYC-MDW,2,0.5,2472.119302356496,318.1650200009939,0.0,2,174.5,161.927452891719,0,0.0,0.0,0.0,0.0,349.0,5.0,1.414213562373095,1.0,0.0,Fairmont,2,0.5,False,True,False,False,True,False,False,True,1238.84,0.0,3,2,3,2.75,1617.431817272424,4,4458.798923159832,True,444.92
3864,557956,1959-08-18,63.0,F,True,True,usa,shreveport,SHV,32.446,-93.826,2023-01-28,181,8,14.375,0.375,107.125,1.3333333333333333,44.0,105.0,5.0,0.0,3,1,0.3333333333333333,0,0.0,1,1,1.0,394.67,0.0,0.0,0.0,0.0,394.67,0,0.0,1.0,0.0,0.0,0.0,Delta Air Lines,1,1.0,SHV-JFK,1,1.0,2002.8250005882117,0.0,0.0,3,145.0,75.02666192761077,0,0.0,0.0,0.0,0.0,435.0,9.333333333333334,9.29157324317757,1.0,0.0,Conrad,3,0.3333333333333333,False,True,False,True,True,False,False,True,829.67,0.0,2,3,2,2.25,722.1458008224964,1,1990.7503269607148,True,394.67
3874,558147,1949-02-03,74.0,F,True,False,usa,cleveland,CLE,41.412,-81.85,2023-01-28,181,8,14.25,0.125,105.875,1.3333333333333333,35.0,35.0,4.0,0.0,1,0,0.0,0,0.0,0,0,0.0,0.0,0.0,0.0,0.0,0.0,0.0,0,0.0,0.0,0.0,0.0,0.0,MISSING,0,0.0,MISSING,0,0.0,0.0,0.0,0.0,1,414.0,0.0,0,0.0,0.0,0.0,0.0,414.0,13.0,0.0,2.0,0.0,Marriott,1,1.0,False,True,True,False,True,False,True,True,414.0,0.0,3,1,1,1.8000000000000003,1081.0383461153717,3,2980.1148722807957,False,
3885,558395,1988-06-03,35.0,F,False,True,usa,houston,IAH,29.98,-95.34,2023-01-28,181,8,20.5,0.125,151.375,2.0,108.0,175.0,5.0,0.0,1,0,0.0,0,0.0,0,0,0.0,0.0,0.0,0.0,0.0,0.0,0.0,0,0.0,0.0,0.0,0.0,0.0,MISSING,0,0.0,MISSING,0,0.0,0.0,0.0,0.0,1,136.0,0.0,0,0.0,0.0,0.0,0.0,136.0,9.0,0.0,1.0,0.0,Wyndham,1,1.0,False,True,True,False,True,False,True,True,136.0,0.0,1,1,1,1.0,355.1237079026342,1,978.9749338893434,True,
3886,558437,1980-02-09,43.0,F,True,True,usa,louisville,LOU,38.228,-85.664,2023-01-28,181,10,9.4,0.1,69.8,2.0,81.0,96.0,6.0,0.0,1,1,1.0,0,0.0,1,1,1.0,159.41,0.0,0.0,0.0,0.0,159.41,0,0.0,1.0,0.0,0.0,0.0,United Airlines,1,1.0,LOU-YZD,1,1.0,818.6675687672221,0.0,0.0,1,206.0,0.0,1,1.0,0.05,10.3,10.3,195.7,5.0,0.0,1.0,0.0,Hilton,1,1.0,False,True,False,True,True,False,True,False,355.11,10.3,1,1,1,1.0,927.264558186062,2,2556.204329216506,True,159.41
3890,558513,1978-07-25,45.0,F,False,True,canada,quebec,YQB,46.788,-71.398,2023-01-28,181,8,14.125,0.375,104.5,1.1428571428571428,15.0,58.0,7.0,0.0,3,3,1.0,0,0.0,3,3,1.0,377.33666666666664,326.001927806161,0.0,0.0,0.0,1132.01,0,0.0,1.3333333333333333,0.5773502691896257,0.3333333333333333,0.5773502691896257,Air France,3,0.3333333333333333,YQB-JFK,2,0.6666666666666666,1887.3720587176094,2039.595954601918,0.0,3,195.66666666666666,189.816578130924,0,0.0,0.0,0.0,0.0,587.0,4.333333333333333,2.516611478423583,1.3333333333333333,0.5773502691896257,Accor,3,0.3333333333333333,False,True,False,False,True,False,False,True,1719.01,0.0,5,3,4,4.15,1496.228443925753,4,4124.675738002746,False,283.0025
3895,558786,1985-05-04,38.0,F,True,True,usa,houston,EFD,29.607,-95.159,2023-01-28,181,9,20.11111111111111,0.3333333333333333,149.11111111111111,1.2857142857142858,8.0,43.0,9.333333333333334,0.0,3,2,0.6666666666666666,0,0.0,3,3,1.0,331.45,68.11595040810926,0.0,0.0,0.0,994.35,0,0.0,1.0,0.0,0.0,0.0,AirTran Airways,3,0.3333333333333333,EFD-LSQ,3,0.3333333333333333,2010.9702348430867,435.12653514193556,0.0,2,138.5,58.68986283848344,0,0.0,0.0,0.0,0.0,277.0,4.0,4.242640687119285,1.0,0.0,Starwood,2,0.5,False,True,False,False,True,False,False,True,1271.35,0.0,5,3,3,3.8,1106.584622651995,3,3050.5386818632765,False,331.45
3905,559071,1984-01-06,39.0,F,False,True,usa,los angeles,LAX,33.942,-118.408,2023-01-28,181,8,9.0,0.375,67.0,1.1428571428571428,20.0,20.0,9.0,0.0,3,0,0.0,0,0.0,2,2,1.0,282.35,89.4207235488508,0.15,32.868,32.868,531.832,1,0.5,1.0,0.0,0.5,0.7071067811865476,American Airlines,2,0.5,LAX-ELP,2,0.5,1554.1648577440365,577.0408877573201,0.0,1,203.0,0.0,0,0.0,0.0,0.0,0.0,203.0,5.0,0.0,1.0,0.0,Best Western,1,1.0,False,True,False,False,False,False,True,True,734.832,32.868,4,3,2,3.05,639.5986875625208,1,1763.1914426955245,False,282.35
3909,559112,1980-04-12,43.0,F,False,True,canada,toronto,YTZ,43.627,-79.396,2023-01-28,181,8,12.75,0.375,96.125,1.1428571428571428,17.0,17.0,5.666666666666667,0.0,3,2,0.6666666666666666,0,0.0,3,3,1.0,254.93666666666667,311.255161617174,0.0,0.0,0.0,764.81,0,0.0,1.0,0.0,1.0,0.0,Ryanair,3,0.3333333333333333,YTZ-LAX,3,0.3333333333333333,1460.3287779825832,1779.0655408270447,0.0,2,109.0,29.698484809834994,0,0.0,0.0,0.0,0.0,218.0,5.0,1.414213562373095,1.0,0.0,Conrad,2,0.5,False,True,False,False,True,False,False,True,982.81,0.0,4,3,2,3.05,855.4390474602644,2,2358.201849940651,False,254.93666666666667
3910,559146,1989-07-25,34.0,F,True,True,canada,montreal,YHU,45.517,-73.417,2023-01-28,181,8,23.875,0.5,176.375,1.1428571428571428,12.0,72.0,5.0,0.0,4,1,0.25,0,0.0,2,2,1.0,283.39,272.929075402384,0.0,0.0,0.0,566.78,0,0.0,1.0,0.0,0.5,0.7071067811865476,American Airlines,2,0.5,YHU-JFK,2,0.5,1672.6849911473996,1597.4852499463639,0.0,3,199.0,92.69843580125827,0,0.0,0.0,0.0,0.0,597.0,6.0,4.58257569495584,1.0,0.0,Best Western,3,0.3333333333333333,False,True,False,False,True,False,False,True,1163.78,0.0,5,4,3,4.05,759.7166705568523,2,2094.3225157384927,False,283.39
3915,559211,1981-04-22,42.0,F,True,True,usa,columbus,LCK,39.814,-82.928,2023-01-28,181,8,17.75,0.5,133.5,1.1428571428571428,10.0,45.0,8.0,0.0,4,4,1.0,0,0.0,4,4,1.0,240.2125,165.886242824212,0.05,6.841,6.841,954.009,1,0.25,1.0,0.0,0.5,0.5773502691896257,Alaska Airlines,4,0.25,LCK-BOS,4,0.25,1326.4358199085696,926.6266797805159,0.0,4,202.75,194.198137649841,0,0.0,0.0,0.0,0.0,811.0,4.0,1.414213562373095,1.0,0.0,Best Western,4,0.25,False,True,False,False,False,False,False,True,1765.009,6.841,5,4,4,4.4,1152.1995230910304,3,3176.285972590251,False,240.2125
3921,559345,1985-10-14,37.0,F,False,False,canada,toronto,YKZ,43.862,-79.37,2023-01-29,180,8,7.375,0.25,55.375,2.0,92.0,92.0,9.5,0.0,2,0,0.0,0,0.0,1,1,1.0,102.16,0.0,0.0,0.0,0.0,102.16,0,0.0,1.0,0.0,0.0,0.0,JetBlue Airways,1,1.0,YKZ-LGA,1,1.0,582.9688256475414,0.0,0.0,1,362.0,0.0,0,0.0,0.0,0.0,0.0,362.0,8.0,0.0,2.0,0.0,NH Hotel,1,1.0,False,True,False,True,True,False,True,True,464.16,0.0,1,2,1,1.25,606.008162720907,1,1670.5919313017562,True,102.16
3924,559432,2006-07-21,17.0,F,False,True,usa,knoxville,TYS,35.812,-83.993,2023-01-29,180,8,16.25,0.125,120.625,1.6,62.0,62.0,225.0,0.0,1,1,1.0,0,0.0,1,1,1.0,229.65,0.0,0.0,0.0,0.0,229.65,0,0.0,2.0,0.0,1.0,0.0,United Airlines,1,1.0,TYS-MEM,1,1.0,548.8232024893716,0.0,0.0,1,106.0,0.0,0,0.0,0.0,0.0,0.0,106.0,12.0,0.0,1.0,0.0,Starwood,1,1.0,False,True,False,True,True,False,True,True,335.65,0.0,2,1,1,1.4,876.4505335111703,2,2416.1245335291037,False,114.825
3933,559537,1969-10-25,53.0,M,True,True,usa,los angeles,LAX,33.942,-118.408,2023-01-29,180,8,11.5,0.25,84.875,1.1428571428571428,18.0,40.0,7.0,0.0,2,2,1.0,0,0.0,2,2,1.0,1623.61,1759.324097999001,0.1,37.958,37.958,3209.262,1,0.5,2.5,2.1213203435596424,1.5,0.7071067811865476,AirTran Airways,2,0.5,LAX-DAL,2,0.5,2928.780223273803,1311.7733282473077,0.0,2,112.5,24.748737341529164,0,0.0,0.0,0.0,0.0,225.0,4.0,1.414213562373095,2.5,2.1213203435596424,Best Western,2,0.5,False,True,False,False,False,False,False,True,3434.262,37.958,4,2,5,3.85,4483.778879959987,5,12360.501523561341,False,649.444
3936,559695,1968-02-01,55.0,F,True,True,usa,san antonio,RND,29.529,-98.279,2023-01-29,180,8,47.125,0.625,706.775376875,1.3333333333333333,45.0,45.0,6.25,2.0,4,2,0.5,1,0.25,3,3,1.0,435.005,9.199459223236984,0.0,0.0,0.0,870.01,1,0.3333333333333333,1.0,0.0,1.0,1.7320508075688772,AirTran Airways,3,0.3333333333333333,RND-BWI,3,0.3333333333333333,2318.8034241447403,53.5568629281395,0.0,3,141.5,31.81980515339464,1,0.3333333333333333,0.1,0.0,0.0,283.0,4.0,1.0,1.0,0.0,InterContinental,3,0.3333333333333333,False,False,False,False,True,False,False,True,1153.01,0.0,2,4,3,2.8499999999999996,752.6860045015005,2,2074.9409715510146,False,435.005
3938,559758,1976-03-24,47.0,F,True,True,usa,chicago,ORD,41.979,-87.904,2023-01-29,180,8,11.0,0.125,83.625,1.1428571428571428,19.0,19.0,11.0,0.0,1,0,0.0,0,0.0,0,0,0.0,0.0,0.0,0.0,0.0,0.0,0.0,0,0.0,0.0,0.0,0.0,0.0,MISSING,0,0.0,MISSING,0,0.0,0.0,0.0,0.0,1,143.0,0.0,0,0.0,0.0,0.0,0.0,143.0,6.0,0.0,1.0,0.0,NH Hotel,1,1.0,False,True,True,False,True,False,True,True,143.0,0.0,4,1,1,2.2,373.40213404468153,1,1029.3633496042362,False,
3946,559846,1966-10-20,56.0,F,True,True,usa,los angeles,LAX,33.942,-118.408,2023-01-29,180,9,15.11111111111111,0.1111111111111111,113.44444444444444,1.5,33.0,179.0,7.0,0.0,1,1,1.0,0,0.0,1,1,1.0,728.52,0.0,0.15,109.278,109.278,619.242,1,1.0,1.0,0.0,0.0,0.0,American Airlines,1,1.0,LAX-PHL,1,1.0,3856.344039057121,0.0,0.0,1,391.0,0.0,1,1.0,0.1,39.1,39.1,351.9,5.0,0.0,1.0,0.0,Starwood,1,1.0,False,True,False,True,False,False,True,False,971.142,148.378,3,1,2,2.1500000000000004,2535.8496172057353,5,6990.615259170329,True,728.52
3952,559995,1973-02-28,50.0,F,True,False,usa,oklahoma city,TIK,35.415,-97.386,2023-01-29,180,8,16.625,0.125,124.5,1.3333333333333333,39.0,39.0,7.0,0.0,1,1,1.0,0,0.0,1,1,1.0,503.9,0.0,0.0,0.0,0.0,503.9,0,0.0,2.0,0.0,1.0,0.0,Ryanair,1,1.0,TIK-YKZ,1,1.0,1800.255908298235,0.0,0.0,1,271.0,0.0,0,0.0,0.0,0.0,0.0,271.0,5.0,0.0,2.0,0.0,Fairmont,1,1.0,False,True,False,True,True,False,True,True,774.9,0.0,3,1,2,2.1500000000000004,2023.4217739246415,5,5577.99761963862,False,251.95
3957,560085,1977-06-17,46.0,F,True,True,usa,fresno,FAT,36.776,-119.718,2023-01-29,180,8,25.375,0.75,270.89720525,1.1428571428571428,8.0,8.0,8.0,4.0,5,4,0.8,1,0.2,5,4,0.8,633.705,79.09576663766525,0.0,0.0,0.0,2534.82,1,0.2,1.5,0.5477225575051661,0.6,0.5477225575051661,American Airlines,3,0.6,FAT-YTZ,5,0.2,3211.4429894898794,770.6104068670525,0.0,4,211.33333333333334,81.6414927186742,1,0.25,0.0,0.0,0.0,634.0,5.5,2.6457513110645907,1.5,0.5773502691896257,Wyndham,3,0.5,False,False,False,False,True,False,False,True,3168.82,0.0,5,5,5,5.0,1654.8869236412138,4,4562.051985304749,False,422.47
3968,560341,1976-09-05,46.0,F,True,True,usa,omaha,OMA,41.302,-95.894,2023-01-29,180,8,19.25,0.375,142.25,1.3333333333333333,54.0,54.0,7.333333333333333,0.0,3,1,0.3333333333333333,0,0.0,1,1,1.0,322.31,0.0,0.0,0.0,0.0,322.31,0,0.0,1.0,0.0,0.0,0.0,WestJet,1,1.0,OMA-YYC,1,1.0,1762.7087345676507,0.0,0.0,3,87.0,51.264022471905186,0,0.0,0.0,0.0,0.0,261.0,6.333333333333333,3.2145502536643185,1.3333333333333333,0.5773502691896257,Best Western,3,0.3333333333333333,False,True,False,True,True,False,False,True,583.31,0.0,2,3,1,1.9,507.7137501389351,1,1399.622227174002,False,322.31
3971,560374,1979-02-10,44.0,F,True,False,usa,new york,LGA,40.777,-73.872,2023-01-29,180,8,19.625,0.625,146.25,1.1428571428571428,16.0,16.0,9.0,0.0,5,4,0.8,0,0.0,4,4,1.0,1135.355,872.436787719699,0.075,39.68975,79.3795,4462.0405,2,0.5,2.25,1.5,0.5,0.5773502691896257,American Airlines,4,0.25,LGA-FAT,4,0.25,2949.0933248323818,1264.2543251368343,0.0,5,134.6,67.51518347749638,0,0.0,0.0,0.0,0.0,673.0,4.6,3.361547262794322,2.0,1.414213562373095,Banyan Tree,5,0.2,False,True,False,False,False,False,False,True,5135.0405,79.3795,4,5,5,4.6,2681.727386162054,5,7392.758726480295,False,504.6022222222222
3973,560468,1982-11-21,40.0,F,True,True,canada,toronto,YTZ,43.627,-79.396,2023-01-29,180,8,13.25,0.375,99.0,1.6,57.0,117.0,7.333333333333333,0.0,3,3,1.0,0,0.0,3,3,1.0,98.41666666666667,36.72547934790414,0.0,0.0,0.0,295.25,0,0.0,1.0,0.0,0.3333333333333333,0.5773502691896257,Air Canada,2,0.6666666666666666,YTZ-YQB,2,0.6666666666666666,586.4455433797343,227.7276494178396,0.0,3,222.66666666666666,133.762226855467,0,0.0,0.0,0.0,0.0,668.0,6.333333333333333,4.163331998932265,1.0,0.0,Fairmont,3,0.3333333333333333,False,True,False,False,True,False,False,True,963.25,0.0,2,3,2,2.25,838.4139991108146,2,2311.2686398747796,True,98.41666666666667
3980,560529,2006-09-08,16.0,F,False,False,usa,san diego,NZY,32.699,-117.215,2023-01-29,180,8,11.875,0.125,88.625,2.0,107.0,179.0,8.0,0.0,1,0,0.0,0,0.0,0,0,0.0,0.0,0.0,0.0,0.0,0.0,0.0,0,0.0,0.0,0.0,0.0,0.0,MISSING,0,0.0,MISSING,0,0.0,0.0,0.0,0.0,1,98.0,0.0,0,0.0,0.0,0.0,0.0,98.0,8.0,0.0,2.0,0.0,Hilton,1,1.0,False,True,True,False,True,False,True,True,98.0,0.0,1,1,1,1.0,255.8979659886629,1,705.4378200084975,True,
3990,560854,1986-04-19,37.0,F,True,True,usa,new york,JFK,40.64,-73.779,2023-01-29,180,9,15.777777777777779,0.4444444444444444,116.44444444444444,1.5,38.0,38.0,75.5,0.0,4,4,1.0,0,0.0,4,4,1.0,438.125,190.822545925091,0.0,0.0,0.0,1752.5,0,0.0,2.0,2.0,1.25,1.8929694486000912,Ryanair,3,0.5,JFK-EFD,4,0.25,2055.529884098712,1417.1846690489353,0.0,4,70.25,14.660036380127666,0,0.0,0.0,0.0,0.0,281.0,5.25,4.5,1.5,1.0,Banyan Tree,4,0.25,False,True,False,False,True,False,False,True,2033.5,0.0,3,4,4,3.6,1327.4706985661887,3,3659.458691294081,False,219.0625
3997,560949,1985-02-16,38.0,F,False,False,usa,lubbock,LBB,33.664,-101.823,2023-01-29,180,8,15.0,0.25,111.875,1.6,81.0,81.0,5.0,0.0,2,1,0.5,0,0.0,1,1,1.0,1212.38,0.0,0.0,0.0,0.0,1212.38,0,0.0,3.0,0.0,2.0,0.0,Air Canada,1,1.0,LBB-YYC,1,1.0,2177.0033831098735,0.0,0.0,2,107.5,7.7781745930520225,0,0.0,0.0,0.0,0.0,215.0,6.5,0.7071067811865476,3.0,0.0,Hyatt,2,0.5,False,True,False,True,True,False,False,True,1427.38,0.0,1,2,3,1.9499999999999997,1863.5899933311105,5,5137.386915937394,False,404.1266666666667
3998,560978,2006-07-13,17.0,F,False,True,usa,los angeles,LAX,33.942,-118.408,2023-01-29,180,8,19.0,0.25,142.125,1.1428571428571428,9.0,65.0,30.5,0.0,2,1,0.5,0,0.0,1,1,1.0,4589.44,0.0,0.0,0.0,0.0,4589.44,0,0.0,2.0,0.0,1.0,0.0,Ethiopian Airlines,1,1.0,LAX-SIN,1,1.0,14106.084705284515,0.0,1.0,2,169.5,183.140656327316,0,0.0,0.0,0.0,0.0,339.0,13.0,4.242640687119285,1.0,0.0,Choice Hotels,2,0.5,False,True,False,True,True,False,False,True,4928.44,0.0,5,2,5,4.25,6434.580466822274,5,17738.30596756469,False,2294.72
3999,560991,1970-10-16,52.0,F,True,True,usa,philadelphia,PNE,40.082,-75.011,2023-01-29,180,8,20.375,0.5,153.625,1.1428571428571428,15.0,52.0,10.25,0.0,4,4,1.0,0,0.0,4,4,1.0,291.4325,308.040951971758,0.0,0.0,0.0,1165.73,0,0.0,1.0,0.0,0.5,0.5773502691896257,AirTran Airways,3,0.5,PNE-BWI,4,0.25,1640.2557649300938,1729.9602785502761,0.0,4,137.25,49.216359068911224,0,0.0,0.0,0.0,0.0,549.0,8.0,5.291502622129181,1.0,0.0,Banyan Tree,3,0.5,False,True,False,False,True,False,False,True,1714.73,0.0,5,4,4,4.4,1119.377344948316,3,3085.804574242783,False,291.4325
4011,561331,1982-10-02,40.0,F,False,True,usa,sacramento,SMF,38.695,-121.591,2023-01-30,179,8,9.875,0.25,74.5,2.0,116.0,116.0,7.5,0.0,2,2,1.0,0,0.0,2,2,1.0,361.33,351.078516859121,0.0,0.0,0.0,722.66,0,0.0,1.0,0.0,0.0,0.0,Delta Air Lines,2,0.5,SMF-LAX,2,0.5,2067.93709926619,2075.3654253538775,0.0,2,98.0,7.0710678118654755,1,0.5,0.1,10.3,10.3,185.7,7.0,1.414213562373095,1.0,0.0,Crowne Plaza,2,0.5,False,True,False,False,True,False,False,False,908.36,10.3,1,2,2,1.6,1185.9565121707235,3,3269.3443784842793,True,361.33
4016,561386,1975-07-23,48.0,F,False,True,usa,chicago,MDW,41.786,-87.752,2023-01-30,179,8,14.375,0.5,107.375,1.3333333333333333,29.0,29.0,8.5,0.0,4,3,0.75,0,0.0,4,3,0.75,258.6925,185.838508634962,0.0,0.0,0.0,1034.77,0,0.0,1.0,0.0,0.75,0.5,United Airlines,3,0.5,MDW-HLZ,4,0.25,1586.1096827988108,1014.7863532944881,0.0,3,160.0,45.17742799230607,1,0.3333333333333333,0.05,5.55,5.55,474.45,4.333333333333333,3.2145502536643185,1.0,0.0,Conrad,3,0.3333333333333333,False,True,False,False,True,False,False,False,1509.22,5.55,3,4,3,3.25,985.220225075025,2,2715.9715987582263,False,258.6925
4018,561519,1963-08-24,59.0,F,True,False,canada,quebec,YQB,46.788,-71.398,2023-01-30,179,8,5.75,0.25,42.875,1.3333333333333333,34.0,90.0,5.5,0.0,2,0,0.0,0,0.0,0,0,0.0,0.0,0.0,0.0,0.0,0.0,0.0,0,0.0,0.0,0.0,0.0,0.0,MISSING,0,0.0,MISSING,0,0.0,0.0,0.0,0.0,2,149.5,154.856385079854,0,0.0,0.0,0.0,0.0,299.0,14.5,4.949747468305833,2.5,0.7071067811865476,Banyan Tree,2,0.5,False,True,True,False,True,False,False,True,299.0,0.0,3,2,1,2.0500000000000003,390.3749583194398,1,1076.1525927680652,False,
4019,561642,1971-04-02,52.0,F,False,True,usa,houston,EFD,29.607,-95.159,2023-01-30,179,8,15.625,0.5,116.5,1.1428571428571428,18.0,18.0,5.75,0.0,4,3,0.75,0,0.0,3,3,1.0,377.3566666666667,37.990447922251896,0.1,41.213,41.213,1090.857,1,0.3333333333333333,1.0,0.0,0.6666666666666666,0.5773502691896257,AirTran Airways,3,0.3333333333333333,EFD-BWI,3,0.3333333333333333,2127.3559077364603,124.58365274029394,0.0,4,320.5,221.254755127809,1,0.25,0.1,26.6,26.6,1255.4,6.0,8.0,1.0,0.0,Aman Resorts,3,0.5,False,True,False,False,False,False,False,False,2346.257,67.813,4,4,5,4.35,1531.6387601700567,4,4222.291896070606,False,377.3566666666667
4031,561896,1976-07-17,47.0,F,True,True,usa,new york,JFK,40.64,-73.779,2023-01-30,179,8,16.0,0.125,119.75,1.1428571428571428,10.0,141.0,10.0,0.0,1,1,1.0,0,0.0,1,1,1.0,677.81,0.0,0.0,0.0,0.0,677.81,0,0.0,1.0,0.0,1.0,0.0,Delta Air Lines,1,1.0,JFK-LAX,1,1.0,3974.209842999768,0.0,0.0,1,250.0,0.0,1,1.0,0.1,25.0,25.0,225.0,4.0,0.0,1.0,0.0,NH Hotel,1,1.0,False,True,False,True,True,False,True,False,902.81,25.0,5,1,2,2.95,2357.420843614538,5,6498.7379416517515,True,677.81
4035,561992,1980-07-21,43.0,M,True,True,canada,montreal,YMX,45.68,-74.039,2023-01-30,179,8,11.75,0.25,87.5,1.6,66.0,149.0,6.0,0.0,2,2,1.0,0,0.0,2,2,1.0,353.36,345.096393490283,0.0,0.0,0.0,706.72,0,0.0,1.0,0.0,0.5,0.7071067811865476,United Airlines,1,1.0,YMX-JFK,2,0.5,2067.259550248967,2130.429864320346,0.0,2,148.0,7.0710678118654755,0,0.0,0.0,0.0,0.0,296.0,5.0,1.414213562373095,1.0,0.0,Rosewood,2,0.5,False,True,False,False,True,False,False,True,1002.72,0.0,1,2,2,1.6,1309.1531043681227,3,3608.962300402656,True,353.36
4047,562283,1997-08-27,25.0,F,False,True,usa,anchorage,ANC,61.174,-149.996,2023-01-30,179,8,19.0,0.125,139.75,1.1428571428571428,15.0,132.0,25.0,0.0,1,0,0.0,0,0.0,0,0,0.0,0.0,0.0,0.0,0.0,0.0,0.0,0,0.0,0.0,0.0,0.0,0.0,MISSING,0,0.0,MISSING,0,0.0,0.0,0.0,0.0,1,102.0,0.0,1,1.0,0.1,10.2,10.2,91.8,4.0,0.0,1.0,0.0,Shangri-La,1,1.0,False,True,True,False,True,False,True,False,91.8,10.2,5,1,1,2.6,239.70850283427808,1,660.8080803753069,True,
4061,562587,1993-10-16,29.0,F,False,True,usa,little rock,LIT,34.729,-92.224,2023-01-30,179,8,10.875,0.125,80.625,1.1428571428571428,26.0,126.0,3.0,0.0,1,0,0.0,0,0.0,0,0,0.0,0.0,0.0,0.0,0.0,0.0,0.0,0,0.0,0.0,0.0,0.0,0.0,MISSING,0,0.0,MISSING,0,0.0,0.0,0.0,0.0,1,113.0,0.0,0,0.0,0.0,0.0,0.0,113.0,9.0,0.0,1.0,0.0,Conrad,1,1.0,False,True,True,False,True,False,True,True,113.0,0.0,4,1,1,2.2,295.0660220073358,1,813.4129965404104,True,
4064,562648,1980-12-28,42.0,F,False,True,usa,oklahoma city,OKC,35.393,-97.601,2023-01-30,179,8,23.625,0.375,174.625,1.3333333333333333,33.0,33.0,6.333333333333333,0.0,3,3,1.0,0,0.0,3,3,1.0,325.57,124.6730415928,0.05,18.343,18.343,958.367,1,0.3333333333333333,1.3333333333333333,0.5773502691896257,0.6666666666666666,0.5773502691896257,AirTran Airways,3,0.3333333333333333,OKC-BWI,3,0.3333333333333333,1370.465074440706,453.840412018294,0.0,3,114.66666666666667,62.94706771036545,0,0.0,0.0,0.0,0.0,344.0,4.333333333333333,4.041451884327381,1.3333333333333333,0.5773502691896257,Banyan Tree,3,0.3333333333333333,False,True,False,False,False,False,False,True,1302.367,18.343,3,3,3,3.0,1133.581858063799,3,3124.962371874173,False,244.1775
4066,562814,2006-12-12,16.0,M,False,False,usa,new york,JFK,40.64,-73.779,2023-01-30,179,8,9.0,0.125,66.5,1.1428571428571428,21.0,170.0,11.0,0.0,1,0,0.0,0,0.0,0,0,0.0,0.0,0.0,0.0,0.0,0.0,0.0,0,0.0,0.0,0.0,0.0,0.0,MISSING,0,0.0,MISSING,0,0.0,0.0,0.0,0.0,1,69.0,0.0,0,0.0,0.0,0.0,0.0,69.0,11.0,0.0,2.0,0.0,Starwood,1,1.0,False,True,True,False,True,False,True,True,69.0,0.0,4,1,1,2.2,180.1730576858953,1,496.68581204679924,True,
4073,563012,1999-08-05,23.0,F,False,False,usa,chicago,ORD,41.979,-87.904,2023-01-30,179,8,11.875,0.125,88.625,1.3333333333333333,51.0,128.0,6.0,0.0,1,0,0.0,0,0.0,0,0,0.0,0.0,0.0,0.0,0.0,0.0,0.0,0,0.0,0.0,0.0,0.0,0.0,MISSING,0,0.0,MISSING,0,0.0,0.0,0.0,0.0,1,142.0,0.0,1,1.0,0.1,14.2,14.2,127.8,9.0,0.0,2.0,0.0,Crowne Plaza,1,1.0,False,True,True,False,True,False,True,False,127.8,14.2,2,1,1,1.4,333.711837279093,1,919.9485040518977,True,
4076,563059,1983-05-21,40.0,M,False,True,usa,cleveland,CLE,41.412,-81.85,2023-01-30,179,8,54.25,0.75,1118.875,1.6,60.0,60.0,10.0,3.0,5,4,0.8,1,0.2,5,5,1.0,656.5825,290.496090894525,0.21666666666666667,232.5775,465.155,2161.175,3,0.6,1.1666666666666667,0.4472135954999579,0.6,0.5477225575051661,American Airlines,3,0.4,CLE-SJC,5,0.2,2799.0205047529694,633.3064755948536,0.0,4,182.33333333333334,137.79090439261,1,0.25,0.0,0.0,0.0,547.0,4.0,2.70801280154532,1.25,0.5,NH Hotel,4,0.25,False,False,False,False,False,False,False,True,2708.175,465.155,2,5,5,3.8,1414.3193347782594,4,3898.875649390842,False,562.785
4081,563201,1996-10-15,26.0,F,False,False,usa,los angeles,LAX,33.942,-118.408,2023-01-31,178,8,14.625,0.375,109.375,1.3333333333333333,29.0,60.0,7.666666666666667,0.0,3,2,0.6666666666666666,0,0.0,3,3,1.0,1027.7333333333333,748.08545643752,0.0,0.0,0.0,3083.2,0,0.0,1.6666666666666667,1.1547005383792515,0.0,0.0,Delta Air Lines,2,0.6666666666666666,LAX-CLT,3,0.3333333333333333,3328.8222701331383,691.0696588277743,0.0,2,117.5,27.577164466275352,0,0.0,0.0,0.0,0.0,235.0,8.5,7.7781745930520225,2.0,1.414213562373095,Best Western,2,0.5,False,True,False,False,True,False,False,True,3318.2,0.0,3,3,5,3.7,2888.165410692453,5,7961.849572626518,False,616.64
4091,563375,1959-02-24,64.0,F,True,True,usa,los angeles,LAX,33.942,-118.408,2023-01-31,178,9,13.333333333333334,0.3333333333333333,99.11111111111111,1.2857142857142858,13.0,13.0,7.0,0.0,3,1,0.3333333333333333,0,0.0,2,2,1.0,911.685,391.2916795052,0.25,158.75,158.75,1664.62,1,0.5,2.0,1.414213562373095,0.5,0.7071067811865476,American Airlines,2,0.5,LAX-IAH,2,0.5,3109.4690968351592,1222.92809116262,0.0,2,102.5,0.7071067811865476,2,1.0,0.1,10.275,20.55,184.45,7.5,4.949747468305833,1.5,0.7071067811865476,InterContinental,2,0.5,False,True,False,False,False,False,False,False,1849.07,179.3,5,3,4,4.15,1609.4328298321664,4,4436.747992663648,False,455.8425
4093,563425,1960-09-21,62.0,F,True,True,usa,el paso,BIF,31.849,-106.38,2023-01-31,178,8,24.5,0.25,184.0,1.1428571428571428,15.0,15.0,11.0,0.0,2,1,0.5,0,0.0,1,1,1.0,534.77,0.0,0.0,0.0,0.0,534.77,0,0.0,1.0,0.0,0.0,0.0,AirTran Airways,1,1.0,BIF-LGA,1,1.0,3062.2046199096585,0.0,0.0,2,201.5,53.033008588991066,1,0.5,0.1,23.9,23.9,379.1,5.5,2.1213203435596424,1.0,0.0,Accor,2,0.5,False,True,False,True,True,False,False,False,913.87,23.9,5,2,2,3.2,1193.1503784594865,3,3289.175819240641,False,534.77
4098,563544,1974-05-08,49.0,F,True,True,usa,new york,LGA,40.777,-73.872,2023-01-31,178,8,16.875,0.375,126.625,1.6,78.0,78.0,8.333333333333334,0.0,3,3,1.0,0,0.0,3,2,0.6666666666666666,351.54,314.335461092127,0.0,0.0,0.0,1054.62,0,0.0,1.0,0.0,1.0,0.0,Air India Limited,3,0.3333333333333333,LGA-DAL,3,0.3333333333333333,2380.3361962893546,1685.8924378162512,0.0,3,199.66666666666666,92.25146791966691,1,0.3333333333333333,0.1,15.2,15.2,583.8,4.666666666666667,1.1547005383792515,1.0,0.0,Banyan Tree,3,0.3333333333333333,False,True,False,False,True,False,False,False,1638.42,15.2,1,3,4,2.55,1426.082807602534,4,3931.3041940759267,False,351.54
4099,563588,1981-08-25,41.0,F,True,True,usa,houston,EFD,29.607,-95.159,2023-01-31,178,9,16.666666666666668,0.2222222222222222,123.33333333333333,1.2857142857142858,7.0,72.0,9.5,0.0,2,1,0.5,0,0.0,2,2,1.0,436.175,130.072292399265,0.1,52.815,52.815,819.535,1,0.5,1.0,0.0,0.5,0.7071067811865476,Delta Air Lines,2,0.5,EFD-LSV,2,0.5,2527.166021976498,749.8588006039357,0.0,1,95.0,0.0,1,1.0,0.05,4.75,4.75,90.25,15.0,0.0,1.0,0.0,InterContinental,1,1.0,False,True,False,False,False,False,True,False,909.785,57.565,5,2,2,3.2,1187.8169948316104,3,3274.473199369545,False,436.175
4100,563592,1986-10-14,36.0,M,False,False,usa,newark,EWR,40.692,-74.169,2023-01-31,178,8,16.75,0.375,124.875,1.3333333333333333,33.0,75.0,7.666666666666667,0.0,3,2,0.6666666666666666,0,0.0,2,2,1.0,1211.96,1132.360799392137,0.05,20.563,20.563,2403.357,1,0.5,2.0,1.414213562373095,0.0,0.0,AirTran Airways,2,0.5,EWR-DAL,2,0.5,3045.6197233454586,1206.5918151916726,0.0,3,143.33333333333334,114.605119141046,0,0.0,0.0,0.0,0.0,430.0,4.666666666666667,3.511884584284246,2.0,1.0,Conrad,3,0.3333333333333333,False,True,False,False,False,False,False,True,2833.357,20.563,3,3,5,3.7,2466.157459931088,5,6798.493827842913,False,605.98
4103,563691,2006-06-05,17.0,F,False,True,usa,san diego,SAN,32.733,-117.189,2023-01-31,178,8,9.375,0.125,69.375,1.6,86.0,86.0,5.0,0.0,1,0,0.0,0,0.0,0,0,0.0,0.0,0.0,0.0,0.0,0.0,0.0,0,0.0,0.0,0.0,0.0,0.0,MISSING,0,0.0,MISSING,0,0.0,0.0,0.0,0.0,1,105.0,0.0,0,0.0,0.0,0.0,0.0,105.0,5.0,0.0,1.0,0.0,Accor,1,1.0,False,True,True,False,True,False,True,True,105.0,0.0,1,1,1,1.0,274.1763921307102,1,755.8262357233901,False,
4107,563736,1983-11-11,39.0,F,True,True,usa,san jose,SJC,37.362,-121.929,2023-01-31,178,8,11.25,0.375,84.25,1.3333333333333333,45.0,119.0,13.666666666666666,0.0,3,2,0.6666666666666666,0,0.0,2,2,1.0,1222.555,126.45190567959,0.0,0.0,0.0,2445.11,0,0.0,2.0,0.0,0.5,0.7071067811865476,JetBlue Airways,2,0.5,SJC-CLT,2,0.5,3301.426092594729,496.4547552083641,0.0,3,255.0,107.53139076567363,1,0.3333333333333333,0.05,12.6,12.6,752.4,5.0,1.0,1.6666666666666667,0.5773502691896257,Extended Stay,3,0.3333333333333333,False,True,False,False,True,False,False,False,3197.51,12.6,2,3,5,3.3,2783.1166844503728,5,7672.26014916793,True,611.2775
4116,563974,1967-03-07,56.0,F,True,True,usa,miami,MIA,25.793,-80.291,2023-01-31,178,8,13.375,0.125,99.75,1.1428571428571428,20.0,172.0,9.0,0.0,1,0,0.0,0,0.0,0,0,0.0,0.0,0.0,0.0,0.0,0.0,0.0,0,0.0,0.0,0.0,0.0,0.0,MISSING,0,0.0,MISSING,0,0.0,0.0,0.0,0.0,1,134.0,0.0,0,0.0,0.0,0.0,0.0,134.0,6.0,0.0,1.0,0.0,Rosewood,1,1.0,False,True,True,False,True,False,True,True,134.0,0.0,4,1,1,2.2,349.90130043347784,1,964.5782436850885,True,
4117,563995,1997-05-08,26.0,M,False,True,usa,sacramento,MHR,38.554,-121.297,2023-01-31,178,8,8.375,0.25,62.125,1.3333333333333333,36.0,36.0,9.5,0.0,2,2,1.0,0,0.0,2,2,1.0,1313.525,223.877077991473,0.0,0.0,0.0,2627.05,0,0.0,2.0,0.0,1.0,0.0,American Airlines,2,0.5,MHR-DET,2,0.5,3633.4351639240917,558.2169847830282,0.0,2,152.5,57.27564927611035,1,0.5,0.1,19.3,19.3,285.7,5.0,2.8284271247461903,2.0,0.0,Banyan Tree,2,0.5,False,True,False,False,True,False,False,False,2912.75,19.3,3,2,5,3.45,3802.891838946315,5,10483.489848110974,False,656.7625
4124,564219,1981-09-28,41.0,F,False,True,usa,baltimore,BWI,39.175,-76.668,2023-01-31,178,8,26.625,0.375,198.75,1.3333333333333333,39.0,88.0,7.333333333333333,0.0,3,2,0.6666666666666666,0,0.0,2,2,1.0,187.2,194.765491810023,0.0,0.0,0.0,374.4,0,0.0,1.0,0.0,0.5,0.7071067811865476,American Airlines,2,0.5,BWI-LGA,2,0.5,1094.9367860573254,1130.7585821602852,0.0,3,133.33333333333334,69.17610377387074,0,0.0,0.0,0.0,0.0,400.0,4.666666666666667,3.0550504633038935,1.0,0.0,Four Seasons,3,0.3333333333333333,False,True,False,False,True,False,False,True,774.4,0.0,3,3,2,2.6500000000000004,674.0387240191175,1,1858.1328156958518,False,187.2
4130,564364,1969-02-04,54.0,F,False,True,usa,omaha,OFF,41.118,-95.913,2023-01-31,178,8,9.75,0.125,71.875,4.0,149.0,149.0,9.0,0.0,1,1,1.0,0,0.0,1,1,1.0,720.12,0.0,0.0,0.0,0.0,720.12,0,0.0,2.0,0.0,1.0,0.0,JetBlue Airways,1,1.0,OFF-BOS,1,1.0,2063.8379662078287,0.0,0.0,1,162.0,0.0,0,0.0,0.0,0.0,0.0,162.0,11.0,0.0,2.0,0.0,Rosewood,1,1.0,False,True,False,True,True,False,True,True,882.12,0.0,1,1,2,1.35,2303.395038346115,5,6349.804181488732,True,360.06
4133,564430,1981-09-09,41.0,F,False,True,canada,hamilton,YHM,43.173,-79.935,2023-01-31,178,8,21.875,0.75,162.5,1.1428571428571428,7.0,7.0,10.0,0.0,6,4,0.6666666666666666,0,0.0,5,4,0.8,496.182,564.786546289835,0.0,0.0,0.0,2480.91,0,0.0,1.8,1.3038404810405297,0.8,0.8366600265340756,Delta Air Lines,4,0.4,YHM-JFK,4,0.4,1579.7658917585277,955.3322642800633,0.0,5,142.6,46.39827583003489,1,0.2,0.1,14.8,14.8,698.2,4.4,1.949358868961793,1.2,0.4472135954999579,Hyatt,3,0.6,False,True,False,False,True,False,False,False,3179.11,14.8,5,5,5,5.0,1383.5506507724797,4,3814.055149604106,False,275.6566666666667
4139,564588,2006-01-28,17.0,F,False,True,usa,indianapolis,IND,39.717,-86.294,2023-01-31,178,8,13.75,0.25,102.625,1.1428571428571428,9.0,9.0,11.0,0.0,2,0,0.0,0,0.0,0,0,0.0,0.0,0.0,0.0,0.0,0.0,0.0,0,0.0,0.0,0.0,0.0,0.0,MISSING,0,0.0,MISSING,0,0.0,0.0,0.0,0.0,2,133.5,50.204581464244875,1,0.5,0.1,9.8,9.8,257.2,4.0,1.414213562373095,1.0,0.0,Aman Resorts,2,0.5,False,True,True,False,True,False,False,False,257.2,9.8,5,2,1,2.85,335.8008002667556,1,925.7071801335998,False,
4141,564596,1991-06-24,32.0,F,False,True,usa,austin,AUS,30.194,-97.67,2023-01-31,178,8,15.5,0.5,115.5,1.3333333333333333,32.0,83.0,6.25,0.0,4,4,1.0,0,0.0,4,4,1.0,652.91,706.581553537877,0.0,0.0,0.0,2611.64,0,0.0,1.75,1.5,0.75,0.5,American Airlines,3,0.5,AUS-JFK,4,0.25,1862.0349057614528,415.01632248524686,0.0,4,206.0,186.270412751641,0,0.0,0.0,0.0,0.0,824.0,4.5,2.3804761428476167,1.75,1.5,Best Western,3,0.5,False,True,False,False,True,False,False,True,3435.64,0.0,3,4,5,3.95,2242.7889996665554,5,6182.730591668353,False,373.09142857142854
4143,564606,1987-08-09,35.0,F,False,False,usa,los angeles,LAX,33.942,-118.408,2023-01-31,178,8,10.5,0.375,78.625,1.3333333333333333,32.0,32.0,5.666666666666667,0.0,3,2,0.6666666666666666,0,0.0,2,2,1.0,985.45,882.030856716476,0.0,0.0,0.0,1970.9,0,0.0,2.5,2.1213203435596424,1.5,0.7071067811865476,American Airlines,2,0.5,LAX-EFD,2,0.5,2244.7283506705503,0.0,0.0,3,162.66666666666666,121.492112226816,0,0.0,0.0,0.0,0.0,488.0,5.666666666666667,3.7859388972001824,2.3333333333333335,1.5275252316519468,Aman Resorts,3,0.3333333333333333,False,True,False,False,True,False,False,True,2458.9,0.0,3,3,5,3.7,2140.2296209847727,5,5900.0035905404575,False,394.18
4147,564713,1984-01-16,39.0,F,True,True,usa,los angeles,LAX,33.942,-118.408,2023-01-31,178,7,19.285714285714285,0.42857142857142855,144.57142857142858,1.0,20.0,20.0,127.66666666666667,0.0,3,1,0.3333333333333333,0,0.0,3,3,1.0,613.75,100.8657647569283,0.0,0.0,0.0,1841.25,0,0.0,2.3333333333333335,2.309401076758503,2.0,1.7320508075688772,American Airlines,3,0.3333333333333333,LAX-DMA,3,0.3333333333333333,2355.1947657042347,1451.183190474484,0.0,1,173.0,0.0,0,0.0,0.0,0.0,0.0,173.0,6.0,0.0,1.0,0.0,Four Seasons,1,1.0,False,True,False,False,True,False,True,True,2014.25,0.0,4,3,4,3.75,1753.2057074580414,5,4833.088873986789,False,263.0357142857143
4150,564792,1979-01-01,44.0,F,True,True,usa,new york,LGA,40.777,-73.872,2023-01-31,178,8,11.25,0.25,84.875,1.1428571428571428,12.0,12.0,8.0,0.0,2,1,0.5,0,0.0,1,1,1.0,433.82,0.0,0.0,0.0,0.0,433.82,0,0.0,1.0,0.0,1.0,0.0,Spirit Airlines,1,1.0,LGA-IAH,1,1.0,2289.204193662252,0.0,0.0,2,155.0,66.46803743153546,1,0.5,0.1,10.8,10.8,299.2,5.5,3.5355339059327378,1.0,0.0,Four Seasons,2,0.5,False,True,False,True,True,False,False,False,733.02,10.8,5,2,2,3.2,957.0322807602533,2,2638.2654633807592,False,433.82
4170,565365,1972-10-09,50.0,M,False,True,usa,memphis,MEM,35.042,-89.977,2023-02-01,177,8,17.125,0.125,128.125,1.3333333333333333,9.0,170.0,4.0,0.0,1,1,1.0,0,0.0,1,1,1.0,234.44,0.0,0.0,0.0,0.0,234.44,0,0.0,1.0,0.0,1.0,0.0,United Airlines,1,1.0,MEM-YKZ,1,1.0,1336.1598607382946,0.0,0.0,1,241.0,0.0,0,0.0,0.0,0.0,0.0,241.0,9.0,0.0,1.0,0.0,Wyndham,1,1.0,False,True,False,True,True,False,True,True,475.44,0.0,5,1,1,2.6,1241.470703567856,3,3422.381195355511,True,234.44
4175,565460,1985-10-01,37.0,F,False,True,usa,chicago,ORD,41.979,-87.904,2023-02-01,177,7,18.571428571428573,0.2857142857142857,137.42857142857142,1.1666666666666667,25.0,25.0,7.5,0.0,2,1,0.5,0,0.0,1,1,1.0,256.52,0.0,0.0,0.0,0.0,256.52,0,0.0,1.0,0.0,1.0,0.0,Delta Air Lines,1,1.0,ORD-EFD,1,1.0,1521.932605304775,0.0,0.0,2,345.0,325.269119345812,0,0.0,0.0,0.0,0.0,690.0,8.0,7.0710678118654755,1.0,0.0,Extended Stay,2,0.5,False,True,False,True,True,False,False,True,946.52,0.0,4,2,2,2.8,1235.7782794264754,3,3406.6888030328723,False,256.52
4183,565565,1964-08-12,58.0,F,True,True,usa,chicago,MDW,41.786,-87.752,2023-02-01,177,8,57.625,0.625,1143.25,2.0,86.0,122.0,6.25,1.0,4,1,0.25,1,0.25,2,2,1.0,247.275,4.433559518039653,0.15,36.621,36.621,457.929,1,0.5,1.0,0.0,0.0,0.0,AirTran Airways,2,0.5,MDW-DAL,1,1.0,1277.2936912519817,0.0,0.0,3,98.0,76.36753236814714,1,0.3333333333333333,0.0,0.0,0.0,196.0,4.666666666666667,1.1547005383792515,1.0,0.0,Four Seasons,3,0.3333333333333333,False,False,False,False,False,False,False,True,653.929,36.621,1,4,2,2.0999999999999996,426.8854617372457,1,1176.8016535722875,True,247.275
4185,565582,1997-05-06,26.0,F,True,True,usa,anchorage,ANC,61.174,-149.996,2023-02-01,177,8,11.75,0.25,85.5,1.3333333333333333,12.0,12.0,8.0,0.0,2,2,1.0,0,0.0,2,2,1.0,769.79,189.476333086747,0.1,63.581,63.581,1475.999,1,0.5,1.0,0.0,0.5,0.7071067811865476,American Airlines,2,0.5,ANC-LAX,2,0.5,4597.5154186383625,1169.1084952018564,0.5,2,101.0,22.627416997969522,0,0.0,0.0,0.0,0.0,202.0,7.0,7.0710678118654755,1.0,0.0,Extended Stay,2,0.5,False,True,False,False,False,False,False,True,1677.999,63.581,5,2,4,3.9,2190.7986277092364,5,6039.407941512442,False,769.79
4189,565764,1992-11-15,30.0,F,False,True,canada,montreal,YUL,45.468,-73.741,2023-02-01,177,8,9.25,0.125,69.5,2.0,59.0,59.0,7.0,0.0,1,1,1.0,0,0.0,1,1,1.0,91.96,0.0,0.0,0.0,0.0,91.96,0,0.0,1.0,0.0,1.0,0.0,Porter Airlines,1,1.0,YUL-YTZ,1,1.0,479.51728968988704,0.0,0.0,1,240.0,0.0,0,0.0,0.0,0.0,0.0,240.0,5.0,0.0,1.0,0.0,Accor,1,1.0,False,True,False,True,True,False,True,True,331.96,0.0,2,1,1,1.4,866.8151917305768,2,2389.562640102253,False,91.96
4192,565826,1999-02-12,24.0,F,False,True,usa,providence,PVD,41.724,-71.428,2023-02-01,177,8,10.5,0.125,77.75,1.6,33.0,33.0,18.0,0.0,1,0,0.0,0,0.0,0,0,0.0,0.0,0.0,0.0,0.0,0.0,0.0,0,0.0,0.0,0.0,0.0,0.0,MISSING,0,0.0,MISSING,0,0.0,0.0,0.0,0.0,1,96.0,0.0,0,0.0,0.0,0.0,0.0,96.0,11.0,0.0,2.0,0.0,Fairmont,1,1.0,False,True,True,False,True,False,True,True,96.0,0.0,3,1,1,1.8000000000000003,250.6755585195065,1,691.0411298042425,False,
4194,565841,1980-10-07,42.0,F,True,True,canada,toronto,YYZ,43.677,-79.631,2023-02-01,177,8,11.75,0.375,88.375,1.3333333333333333,13.0,13.0,6.0,0.0,3,2,0.6666666666666666,0,0.0,2,2,1.0,448.22,72.84614059783813,0.0,0.0,0.0,896.44,0,0.0,1.0,0.0,0.0,0.0,Delta Air Lines,2,0.5,YYZ-EFD,2,0.5,2601.4285153783785,733.7685238792958,0.0,3,75.0,20.952326839756964,0,0.0,0.0,0.0,0.0,225.0,4.666666666666667,2.309401076758503,1.0,0.0,Aman Resorts,3,0.3333333333333333,False,True,False,False,True,False,False,True,1121.44,0.0,5,3,3,3.8,976.1027720351228,2,2690.837377109964,False,448.22
4195,565902,2001-06-19,22.0,F,False,True,usa,nashville,BNA,36.124,-86.678,2023-02-01,177,8,14.5,0.25,108.25,1.3333333333333333,23.0,47.0,6.0,0.0,2,2,1.0,0,0.0,2,2,1.0,110.645,76.64330401280989,0.0,0.0,0.0,221.29,0,0.0,1.0,0.0,0.0,0.0,Allegiant Air,2,0.5,BNA-MEM,2,0.5,655.0478915136714,471.48465757184346,0.0,2,141.5,86.97413408594535,0,0.0,0.0,0.0,0.0,283.0,4.0,4.242640687119285,1.0,0.0,Accor,2,0.5,False,True,False,False,True,False,False,True,504.29,0.0,4,2,1,2.45,658.4019656552184,1,1815.026725775945,False,110.645
4197,565912,1969-12-04,53.0,F,False,False,usa,philadelphia,PNE,40.082,-75.011,2023-02-01,177,9,11.666666666666666,0.2222222222222222,87.22222222222223,1.8,45.0,88.0,7.5,0.0,2,0,0.0,0,0.0,1,1,1.0,692.45,0.0,0.1,69.245,69.245,623.205,1,1.0,1.0,0.0,0.0,0.0,Southwest Airlines,1,1.0,PNE-SAN,1,1.0,3828.7322314521393,0.0,0.0,1,126.0,0.0,0,0.0,0.0,0.0,0.0,126.0,4.0,0.0,2.0,0.0,Starwood,1,1.0,False,True,False,True,False,False,True,True,749.205,69.245,2,2,2,2.0,978.1634469823275,2,2696.5180711197268,False,692.45
4200,565949,1986-09-21,36.0,F,False,True,usa,los angeles,LAX,33.942,-118.408,2023-02-01,177,8,18.25,0.5,134.875,1.3333333333333333,21.0,21.0,6.5,0.0,4,3,0.75,0,0.0,3,3,1.0,494.06333333333333,236.543068876121,0.15,52.068,52.068,1430.122,1,0.3333333333333333,1.0,0.0,1.0,0.0,Air Transat,3,0.3333333333333333,LAX-FTW,3,0.3333333333333333,2623.6743668698036,1169.6149785602177,0.0,4,173.5,47.148700936505136,1,0.25,0.15,21.0,21.0,673.0,6.5,5.066228051190222,1.0,0.0,Banyan Tree,3,0.5,False,True,False,False,False,False,False,False,2103.122,73.068,4,4,4,4.0,1372.9200051683893,4,3784.749486969161,False,494.06333333333333
4205,566059,1995-07-03,28.0,F,True,True,usa,baltimore,BWI,39.175,-76.668,2023-02-01,177,11,38.90909090909091,0.45454545454545453,809.8181818181819,2.2,35.0,51.0,55.75,181.0,4,4,1.0,1,0.25,4,4,1.0,257.35,297.434266351407,0.0,0.0,0.0,772.05,1,0.25,2.2,1.5,1.0,1.414213562373095,United Airlines,4,0.25,BWI-MEM,4,0.25,1385.4412213889461,1275.159526743837,0.0,4,227.0,140.630722105804,2,0.5,0.1,37.1,37.1,643.9,7.25,5.439056290693573,1.25,0.5,Crowne Plaza,3,0.5,False,False,False,False,True,False,False,False,1415.95,37.1,3,4,3,3.25,924.333481993998,2,2548.1241868393677,False,116.97727272727273
4210,566173,1978-07-22,45.0,F,False,True,usa,san francisco,SFO,37.619,-122.375,2023-02-01,177,8,13.625,0.25,102.125,1.6,27.0,154.0,14.5,0.0,2,1,0.5,0,0.0,1,1,1.0,727.25,0.0,0.0,0.0,0.0,727.25,0,0.0,1.0,0.0,0.0,0.0,JetBlue Airways,1,1.0,SFO-JFK,1,1.0,4151.773538909842,0.0,0.0,2,244.0,193.747258045114,0,0.0,0.0,0.0,0.0,488.0,8.5,7.7781745930520225,1.0,0.0,Aman Resorts,2,0.5,False,True,False,True,True,False,False,True,1215.25,0.0,3,2,3,2.75,1586.6326692230743,4,4373.894442680238,True,727.25
4211,566174,1976-09-17,46.0,M,True,True,usa,new york,LGA,40.777,-73.872,2023-02-01,177,9,11.333333333333334,0.3333333333333333,83.33333333333333,1.5,21.0,21.0,6.333333333333333,0.0,3,3,1.0,0,0.0,3,3,1.0,334.02666666666664,321.327176929268,0.0,0.0,0.0,1002.08,0,0.0,1.0,0.0,0.6666666666666666,0.5773502691896257,AirTran Airways,3,0.3333333333333333,LGA-BOS,3,0.3333333333333333,1936.3604463073873,1865.1002823687804,0.0,3,107.0,41.0731055558257,0,0.0,0.0,0.0,0.0,321.0,4.666666666666667,3.7859388972001824,1.0,0.0,Hilton,2,0.6666666666666666,False,True,False,False,True,False,False,True,1323.08,0.0,4,3,3,3.4,1151.6104790485717,3,3174.6621459076287,False,334.02666666666664
4212,566196,1974-03-28,49.0,M,True,False,usa,shreveport,SHV,32.446,-93.826,2023-02-01,177,7,11.857142857142858,0.2857142857142857,89.71428571428571,1.1666666666666667,16.0,146.0,6.0,0.0,2,1,0.5,0,0.0,1,1,1.0,74.75,0.0,0.0,0.0,0.0,74.75,0,0.0,1.0,0.0,0.0,0.0,AirTran Airways,1,1.0,SHV-AUS,1,1.0,442.70526980738316,0.0,0.0,2,170.0,42.42640687119285,0,0.0,0.0,0.0,0.0,340.0,7.0,2.8284271247461903,2.0,1.414213562373095,Radisson,2,0.5,False,True,False,True,True,False,False,True,414.75,0.0,4,2,1,2.45,541.4983744581527,1,1492.7568155536958,True,74.75
4228,566625,1975-06-24,48.0,F,True,True,usa,austin,AUS,30.194,-97.67,2023-02-01,177,9,15.555555555555555,0.4444444444444444,116.0,1.8,41.0,55.0,6.75,0.0,4,2,0.5,0,0.0,2,2,1.0,277.045,329.433978287001,0.1,50.999,50.999,503.091,1,0.5,1.0,0.0,0.0,0.0,Delta Air Lines,2,0.5,AUS-EFD,2,0.5,1577.3075035914767,1876.1274624232453,0.0,4,191.0,38.33188403057347,1,0.25,0.25,49.75,49.75,714.25,4.5,3.109126351029605,1.0,0.0,Hyatt,3,0.5,False,True,False,False,False,False,False,False,1217.341,100.749,2,4,3,2.8499999999999996,794.6813413637879,2,2190.710156242256,False,277.045
4233,566726,1969-04-19,54.0,F,True,True,usa,portland,PDX,45.589,-122.597,2023-02-01,177,8,11.0,0.25,82.625,1.3333333333333333,23.0,158.0,9.5,0.0,2,2,1.0,0,0.0,2,1,0.5,474.915,173.446222357248,0.0,0.0,0.0,949.83,0,0.0,1.0,0.0,1.0,0.0,American Airlines,2,0.5,PDX-BOS,2,0.5,3725.5605306575117,490.31378438031703,0.0,2,102.5,60.10407640085654,0,0.0,0.0,0.0,0.0,205.0,4.0,0.0,1.0,0.0,Hyatt,2,0.5,False,True,False,False,True,False,False,True,1154.83,0.0,4,2,3,3.15,1507.748204401467,4,4156.432437144965,True,474.915
4236,566762,1983-09-21,39.0,F,True,True,usa,mobile,MOB,30.691,-88.243,2023-02-01,177,8,12.75,0.5,96.125,1.6,39.0,69.0,7.75,0.0,4,3,0.75,0,0.0,3,3,1.0,201.90666666666667,105.88753341793043,0.15,48.201,48.201,557.519,1,0.3333333333333333,1.0,0.0,0.3333333333333333,0.5773502691896257,AirTran Airways,3,0.3333333333333333,MOB-FTW,3,0.3333333333333333,1092.4793921896262,544.0681197960921,0.0,4,188.25,92.31964399122576,1,0.25,0.15,48.0,48.0,705.0,6.25,5.909032633745279,1.0,0.0,Aman Resorts,4,0.25,False,True,False,False,False,False,False,False,1262.519,96.201,3,4,3,3.25,824.1735819439813,2,2272.011864998235,False,201.90666666666667
4237,566770,1991-10-21,31.0,F,True,True,canada,calgary,YYC,51.114,-114.02,2023-02-01,177,8,10.375,0.25,77.75,1.6,37.0,124.0,4.5,0.0,2,0,0.0,0,0.0,1,1,1.0,981.75,0.0,0.15,147.2625,147.2625,834.4875,1,1.0,2.0,0.0,1.0,0.0,JetBlue Airways,1,1.0,YYC-BNA,1,1.0,2734.1033490294126,0.0,0.0,1,218.0,0.0,0,0.0,0.0,0.0,0.0,218.0,4.0,0.0,1.0,0.0,NH Hotel,1,1.0,False,True,False,True,False,False,True,True,1052.4875,147.2625,3,2,3,2.75,1374.1296452984327,4,3788.0841203377217,True,490.875
4240,566861,1976-11-22,46.0,F,True,True,usa,indianapolis,IND,39.717,-86.294,2023-02-01,177,8,19.625,0.625,145.5,1.6,47.0,47.0,6.4,0.0,5,3,0.6,0,0.0,4,4,1.0,358.1225,251.917613698738,0.0,0.0,0.0,1432.49,0,0.0,1.0,0.0,0.75,0.5,American Airlines,3,0.5,IND-FAT,4,0.25,1826.1230889143776,1259.084455298481,0.0,4,274.5,254.097750219609,0,0.0,0.0,0.0,0.0,1098.0,5.0,3.3665016461206925,1.5,1.0,Aman Resorts,4,0.25,False,True,False,False,True,False,False,True,2530.49,0.0,2,5,5,3.8,1321.524987662554,3,3643.0680594965356,False,358.1225
4242,566881,1970-10-10,52.0,M,True,True,usa,new york,LGA,40.777,-73.872,2023-02-01,177,7,13.714285714285714,0.5714285714285714,102.57142857142857,1.4,31.0,31.0,8.0,0.0,4,3,0.75,0,0.0,4,4,1.0,709.9225,315.32803220086,0.15,100.296,200.592,2639.098,2,0.5,1.25,0.5,0.75,0.5,Air Canada,3,0.5,LGA-YYC,3,0.5,3000.9636416509234,521.2458290675205,0.0,3,103.0,66.15889962809237,0,0.0,0.0,0.0,0.0,309.0,6.333333333333333,3.0550504633038935,1.3333333333333333,0.5773502691896257,Accor,3,0.3333333333333333,False,True,False,False,False,False,False,True,2948.098,200.592,3,4,5,3.95,1924.5211268756252,5,5305.356699722988,False,567.938
4243,566953,1993-04-28,30.0,F,False,True,canada,edmonton,YEG,53.31,-113.58,2023-02-01,177,9,35.0,0.3333333333333333,804.3412767777778,1.8,37.0,73.0,101.0,160.0,2,1,0.5,1,0.5,2,2,1.0,476.2,0.0,0.1,47.62,47.62,428.58,2,1.0,1.0,0.0,0.5,0.7071067811865476,JetBlue Airways,2,0.5,YEG-DXB,2,0.5,2555.2969053786906,6122.580377946124,0.0,1,157.0,0.0,0,0.0,0.0,0.0,0.0,157.0,5.0,0.0,1.0,0.0,Hilton,1,1.0,False,False,False,False,False,False,True,True,585.58,47.62,3,2,1,2.0500000000000003,764.5343414471491,2,2107.6034624519184,False,476.2
4250,567061,1990-08-20,32.0,F,True,True,usa,chicago,UGN,42.422,-87.868,2023-02-01,177,8,9.75,0.125,73.25,1.3333333333333333,17.0,17.0,9.0,0.0,1,1,1.0,0,0.0,1,1,1.0,258.47,0.0,0.0,0.0,0.0,258.47,0,0.0,1.0,0.0,1.0,0.0,Southwest Airlines,1,1.0,UGN-DAL,1,1.0,1324.7200562595897,0.0,0.0,1,175.0,0.0,0,0.0,0.0,0.0,0.0,175.0,5.0,0.0,1.0,0.0,Choice Hotels,1,1.0,False,True,False,True,True,False,True,True,433.47,0.0,4,1,1,2.2,1131.8784828276093,3,3120.2666514192188,False,258.47
4256,567243,1991-05-15,32.0,F,False,True,usa,houston,IAH,29.98,-95.34,2023-02-01,177,8,16.0,0.125,119.75,2.0,75.0,127.0,8.0,0.0,1,1,1.0,0,0.0,1,1,1.0,250.08,0.0,0.0,0.0,0.0,250.08,0,0.0,1.0,0.0,1.0,0.0,Delta Air Lines,1,1.0,IAH-DMA,1,1.0,1498.7483549851245,0.0,0.0,1,205.0,0.0,0,0.0,0.0,0.0,0.0,205.0,9.0,0.0,1.0,0.0,Conrad,1,1.0,False,True,False,True,True,False,True,True,455.08,0.0,1,1,1,1.0,1188.3065955318439,3,3275.8228890761943,True,250.08
4262,567432,1979-05-12,44.0,F,False,True,canada,montreal,YMX,45.68,-74.039,2023-02-02,176,8,20.25,0.625,151.625,1.3333333333333333,12.0,12.0,10.6,0.0,5,5,1.0,0,0.0,5,5,1.0,388.408,235.052426428659,0.0,0.0,0.0,1942.04,0,0.0,1.0,0.0,0.8,0.4472135954999579,AirTran Airways,5,0.2,YMX-CLT,5,0.2,2258.004322085935,1329.1287128958759,0.0,5,332.8,204.20504401214,2,0.4,0.075,37.4,74.8,1589.2,6.6,7.700649323271382,1.0,0.0,Shangri-La,4,0.4,False,True,False,False,True,False,False,False,3531.24,74.8,5,5,5,5.0,1844.1574151383793,5,5083.816831687361,False,388.408
4267,567547,1990-05-06,33.0,F,False,False,usa,san jose,SJC,37.362,-121.929,2023-02-02,176,8,13.5,0.25,100.875,1.6,36.0,36.0,6.5,0.0,2,1,0.5,0,0.0,2,2,1.0,999.485,446.205592132147,0.0,0.0,0.0,1998.97,0,0.0,1.5,0.7071067811865476,1.0,0.0,Air China,2,0.5,SJC-IAD,2,0.5,3826.3068934875255,92.03536549485449,0.0,1,129.0,0.0,0,0.0,0.0,0.0,0.0,129.0,5.0,0.0,2.0,0.0,Conrad,1,1.0,False,True,False,False,True,False,True,True,2127.97,0.0,3,2,4,3.1,2778.281605535178,5,7658.931213487155,False,666.3233333333334
4269,567558,1987-10-13,35.0,F,False,True,usa,honolulu,HNL,21.316,-157.927,2023-02-02,176,8,14.625,0.25,109.375,1.3333333333333333,26.0,26.0,8.0,0.0,2,1,0.5,0,0.0,1,0,0.0,786.74,0.0,0.0,0.0,0.0,786.74,0,0.0,1.0,0.0,0.0,0.0,Delta Air Lines,1,1.0,HNL-JFK,1,1.0,8007.273774697621,0.0,1.0,2,118.5,6.363961030678928,1,0.5,0.05,6.15,6.15,230.85,4.0,2.8284271247461903,1.0,0.0,Accor,2,0.5,False,True,False,True,True,False,False,False,1017.59,6.15,4,2,2,2.8,1328.5674041347115,3,3662.4819962369743,False,786.74
4275,567778,1980-07-11,43.0,F,False,True,usa,san diego,SAN,32.733,-117.189,2023-02-02,176,8,9.625,0.5,72.25,1.3333333333333333,18.0,18.0,6.5,0.0,4,3,0.75,0,0.0,3,3,1.0,323.4066666666667,227.139411228728,0.0,0.0,0.0,970.22,0,0.0,1.0,0.0,0.3333333333333333,0.5773502691896257,American Airlines,3,0.3333333333333333,SAN-IND,3,0.3333333333333333,1716.8848927645504,1207.123563612006,0.0,4,192.5,88.67355862939075,0,0.0,0.0,0.0,0.0,770.0,6.0,6.0553007081949835,1.0,0.0,Conrad,4,0.25,False,True,False,False,True,False,False,True,1740.22,0.0,4,4,4,4.0,1136.0172407469156,3,3131.6760284060906,False,323.4066666666667
4278,567885,1984-12-22,38.0,F,False,True,canada,toronto,YZD,43.742,-79.466,2023-02-02,176,7,16.571428571428573,0.2857142857142857,122.14285714285714,1.75,77.0,77.0,6.5,0.0,2,1,0.5,0,0.0,1,1,1.0,665.23,0.0,0.0,0.0,0.0,665.23,0,0.0,1.0,0.0,1.0,0.0,AirTran Airways,1,1.0,YZD-SJC,1,1.0,3616.15764616586,0.0,0.0,2,162.0,21.213203435596427,0,0.0,0.0,0.0,0.0,324.0,4.5,0.7071067811865476,1.0,0.0,Banyan Tree,2,0.5,False,True,False,True,True,False,False,True,989.23,0.0,1,2,2,1.6,1291.5405351783927,3,3560.409462688806,False,665.23
4285,568060,1982-08-12,40.0,F,False,True,usa,laredo,LRD,27.544,-99.461,2023-02-02,176,7,14.285714285714286,0.42857142857142855,105.57142857142857,1.4,48.0,48.0,8.333333333333334,0.0,3,1,0.3333333333333333,0,0.0,1,1,1.0,421.87,0.0,0.0,0.0,0.0,421.87,0,0.0,1.0,0.0,0.0,0.0,Southwest Airlines,1,1.0,LRD-BWI,1,1.0,2469.8654996544847,0.0,0.0,3,151.66666666666666,101.35252011338116,1,0.3333333333333333,0.05,1.75,1.75,453.25,7.0,5.291502622129181,1.3333333333333333,0.5773502691896257,Aman Resorts,3,0.3333333333333333,False,True,False,True,True,False,False,False,875.12,1.75,2,3,2,2.25,761.705537401356,2,2099.8052552579466,False,421.87
4287,568078,1987-01-12,36.0,F,True,True,usa,san jose,SJC,37.362,-121.929,2023-02-02,176,8,23.125,0.25,171.875,2.0,71.0,71.0,7.5,0.0,2,1,0.5,0,0.0,2,2,1.0,703.345,52.813805486823235,0.0,0.0,0.0,1406.69,0,0.0,1.0,0.0,0.5,0.7071067811865476,Air Canada,2,0.5,SJC-PHL,2,0.5,3962.692353338046,80.52878015033774,0.0,1,206.0,0.0,0,0.0,0.0,0.0,0.0,206.0,7.0,0.0,1.0,0.0,Wyndham,1,1.0,False,True,False,False,True,False,True,True,1612.69,0.0,1,2,4,2.3,2105.5310753584527,5,5804.34958137502,False,703.345
4291,568105,1984-01-01,39.0,F,False,True,usa,new york,LGA,40.777,-73.872,2023-02-02,176,8,17.75,0.5,132.625,1.6,38.0,38.0,8.0,0.0,4,3,0.75,0,0.0,3,3,1.0,194.14,174.637289259768,0.3999999999999999,10.399999999999997,10.399999999999997,572.02,1,0.3333333333333333,1.0,0.0,0.3333333333333333,0.5773502691896257,AirTran Airways,3,0.3333333333333333,LGA-DAL,3,0.3333333333333333,1144.2115266942524,1035.3211402752206,0.0,4,318.25,201.952758502246,0,0.0,0.0,0.0,0.0,1273.0,6.25,7.182153808805081,1.0,0.0,Choice Hotels,4,0.25,False,True,False,False,False,False,False,True,1845.02,10.399999999999997,3,4,4,3.6,1204.4307785928643,3,3320.2726700818316,False,194.14
4293,568155,2002-02-03,21.0,F,False,True,usa,san jose,SJC,37.362,-121.929,2023-02-02,176,8,12.75,0.125,94.25,1.3333333333333333,11.0,151.0,15.0,0.0,1,0,0.0,0,0.0,0,0,0.0,0.0,0.0,0.0,0.0,0.0,0.0,0,0.0,0.0,0.0,0.0,0.0,MISSING,0,0.0,MISSING,0,0.0,0.0,0.0,0.0,1,197.0,0.0,0,0.0,0.0,0.0,0.0,197.0,13.0,0.0,2.0,0.0,Four Seasons,1,1.0,False,True,True,False,True,False,True,True,197.0,0.0,5,1,1,2.6,514.407135711904,1,1418.0739851191224,True,
4295,568182,1985-12-07,37.0,F,False,True,usa,jacksonville,JAX,30.494,-81.688,2023-02-02,176,8,10.0,0.25,75.625,1.3333333333333333,20.0,95.0,9.0,0.0,2,1,0.5,0,0.0,1,1,1.0,252.9,0.0,0.0,0.0,0.0,252.9,0,0.0,1.0,0.0,1.0,0.0,WestJet,1,1.0,JAX-LGA,1,1.0,1334.4962787162733,0.0,0.0,2,188.0,55.154328932550705,0,0.0,0.0,0.0,0.0,376.0,4.5,3.5355339059327378,1.0,0.0,Four Seasons,2,0.5,False,True,False,True,True,False,False,True,628.9,0.0,4,2,2,2.8,821.0930143381127,2,2263.519617364,True,252.9
4296,568258,2000-03-05,23.0,F,False,False,usa,houston,IAH,29.98,-95.34,2023-02-02,176,8,10.375,0.25,77.75,1.3333333333333333,10.0,56.0,11.0,0.0,2,0,0.0,0,0.0,0,0,0.0,0.0,0.0,0.0,0.0,0.0,0.0,0,0.0,0.0,0.0,0.0,0.0,MISSING,0,0.0,MISSING,0,0.0,0.0,0.0,0.0,2,266.5,153.442171517481,1,0.5,0.35,131.25,131.25,401.75,13.5,3.5355339059327378,2.0,1.414213562373095,Four Seasons,2,0.5,False,True,True,False,True,False,False,False,401.75,131.25,5,2,1,2.85,524.5255501833944,1,1445.9675723898667,False,
4300,568416,1992-07-28,31.0,M,False,True,canada,saskatoon,YXE,52.171,-106.7,2023-02-02,176,8,10.125,0.25,74.125,2.6666666666666665,94.0,121.0,7.5,0.0,2,2,1.0,0,0.0,2,2,1.0,917.56,572.912056252965,0.0,0.0,0.0,1835.12,0,0.0,2.0,1.414213562373095,0.5,0.7071067811865476,Delta Air Lines,2,0.5,YXE-LGA,2,0.5,2659.2428783726155,196.58375064875742,0.0,2,101.0,7.0710678118654755,0,0.0,0.0,0.0,0.0,202.0,4.0,1.414213562373095,2.0,1.414213562373095,InterContinental,2,0.5,False,True,False,False,True,False,False,True,2037.12,0.0,1,2,4,2.3,2659.667675891964,5,7331.946387223013,True,458.78
4303,568513,1998-08-12,24.0,F,False,True,usa,new york,LGA,40.777,-73.872,2023-02-02,176,10,10.9,0.2,81.2,2.0,35.0,35.0,13.5,0.0,2,0,0.0,0,0.0,0,0,0.0,0.0,0.0,0.0,0.0,0.0,0.0,0,0.0,0.0,0.0,0.0,0.0,MISSING,0,0.0,MISSING,0,0.0,0.0,0.0,0.0,2,90.0,36.76955262170047,0,0.0,0.0,0.0,0.0,180.0,7.5,2.1213203435596424,1.0,0.0,Four Seasons,1,1.0,False,True,True,False,True,False,False,True,180.0,0.0,3,2,1,2.0500000000000003,235.00833611203734,1,647.8510591914772,False,
4308,568696,1975-05-03,48.0,F,True,True,usa,tulsa,TUL,36.198,-95.888,2023-02-02,176,9,10.222222222222221,0.3333333333333333,75.88888888888889,1.5,25.0,69.0,7.666666666666667,0.0,3,2,0.6666666666666666,0,0.0,3,3,1.0,237.09333333333333,190.702423774144,0.0,0.0,0.0,711.28,0,0.0,1.0,0.0,0.6666666666666666,0.5773502691896257,Allegiant Air,3,0.3333333333333333,TUL-LAX,3,0.3333333333333333,1256.8001136252535,970.4388098880381,0.0,2,136.5,57.27564927611035,0,0.0,0.0,0.0,0.0,273.0,6.5,3.5355339059327378,1.0,0.0,Marriott,2,0.5,False,True,False,False,True,False,False,True,984.28,0.0,4,3,2,3.05,856.7185372902078,2,2361.7290390406934,False,237.09333333333333
4316,568984,1956-05-13,67.0,F,True,False,canada,montreal,YMX,45.68,-74.039,2023-02-02,176,8,11.0,0.125,82.0,1.3333333333333333,9.0,155.0,10.0,0.0,1,0,0.0,0,0.0,0,0,0.0,0.0,0.0,0.0,0.0,0.0,0.0,0,0.0,0.0,0.0,0.0,0.0,MISSING,0,0.0,MISSING,0,0.0,0.0,0.0,0.0,1,123.0,0.0,0,0.0,0.0,0.0,0.0,123.0,8.0,0.0,2.0,0.0,Accor,1,1.0,False,True,True,False,True,False,True,True,123.0,0.0,5,1,1,2.6,321.1780593531177,1,885.3964475616857,True,
4322,569180,1979-07-14,44.0,F,False,True,usa,washington,IAD,38.944,-77.456,2023-02-02,176,8,15.5,0.375,115.25,1.3333333333333333,23.0,23.0,8.333333333333334,0.0,3,1,0.3333333333333333,0,0.0,2,2,1.0,674.825,120.5122087176233,0.0,0.0,0.0,1349.65,0,0.0,1.0,0.0,1.5,0.7071067811865476,United Airlines,1,1.0,IAD-LSQ,2,0.5,3421.8171176803303,356.69323526058156,0.0,2,411.0,152.735064736294,0,0.0,0.0,0.0,0.0,822.0,4.5,3.5355339059327378,1.0,0.0,Choice Hotels,2,0.5,False,True,False,False,True,False,False,True,2171.65,0.0,4,3,4,3.75,1890.2068633989106,5,5210.762047011746,False,674.825
4326,569243,1986-05-02,37.0,F,False,True,usa,louisville,LOU,38.228,-85.664,2023-02-02,176,8,21.875,0.25,161.75,2.0,66.0,66.0,8.0,0.0,2,2,1.0,0,0.0,2,2,1.0,529.91,100.97484835343899,0.1,60.131,60.131,999.689,1,0.5,1.0,0.0,0.5,0.7071067811865476,American Airlines,2,0.5,LOU-LUF,2,0.5,2810.718510777384,504.4729067174696,0.0,2,79.5,61.518289963229634,0,0.0,0.0,0.0,0.0,159.0,8.0,4.242640687119285,1.0,0.0,Best Western,2,0.5,False,True,False,False,False,False,False,True,1158.689,60.131,1,2,3,1.9499999999999997,1512.7865220073359,4,4170.32164401952,False,529.91
4336,569572,1982-03-12,41.0,F,True,True,usa,new york,LGA,40.777,-73.872,2023-02-03,175,8,19.375,0.5,144.75,1.3333333333333333,7.0,64.0,6.5,0.0,4,3,0.75,0,0.0,3,3,1.0,284.9866666666667,261.374124643839,0.1,58.068,58.068,796.892,1,0.3333333333333333,1.0,0.0,0.6666666666666666,0.5773502691896257,American Airlines,2,0.6666666666666666,LGA-ELP,3,0.3333333333333333,1544.915253740557,1334.909023415859,0.0,4,154.0,11.430952132988164,1,0.25,0.15,23.1,23.1,592.9,4.75,6.849574196011506,1.0,0.0,Accor,4,0.25,False,True,False,False,False,False,False,False,1389.792,81.168,5,4,3,4.05,907.2575151717239,2,2501.0506090440044,False,284.9866666666667
4353,570162,1987-06-07,36.0,F,False,True,usa,nashville,BNA,36.124,-86.678,2023-02-03,175,8,20.625,0.5,153.875,1.3333333333333333,13.0,111.0,6.75,0.0,4,3,0.75,0,0.0,3,3,1.0,285.21,66.29087720041122,0.15,45.8085,91.617,764.013,2,0.6666666666666666,1.3333333333333333,0.5773502691896257,0.6666666666666666,0.5773502691896257,JetBlue Airways,2,0.6666666666666666,BNA-LGA,3,0.3333333333333333,1271.8406159991039,234.65376010241846,0.0,4,137.25,81.39768628980393,1,0.25,0.15,6.45,6.45,542.55,6.5,7.681145747868608,1.25,0.5,Extended Stay,3,0.5,False,True,False,False,False,False,False,False,1306.563,98.067,5,4,3,4.05,852.9255462654219,2,2351.272842917762,True,213.9075
4360,570291,1969-06-18,54.0,F,True,True,usa,jacksonville,LRF,34.918,-92.146,2023-02-03,175,9,13.222222222222221,0.2222222222222222,100.55555555555556,1.5,13.0,13.0,7.5,0.0,2,2,1.0,0,0.0,2,2,1.0,233.9,101.34254387965599,0.0,0.0,0.0,467.8,0,0.0,1.0,0.0,0.5,0.7071067811865476,Allegiant Air,1,1.0,LRF-JFK,2,0.5,1361.5626993122214,522.3119662217483,0.0,2,373.5,396.686904245653,1,0.5,0.1,65.4,65.4,681.6,4.0,2.8284271247461903,1.0,0.0,Accor,2,0.5,False,True,False,False,True,False,False,False,1149.4,65.4,5,2,3,3.55,1500.6587862620875,4,4136.888930192689,False,233.9
4369,570601,1986-05-22,37.0,M,True,True,usa,baltimore,BWI,39.175,-76.668,2023-02-03,175,8,11.375,0.25,85.125,1.6,50.0,50.0,8.0,0.0,2,1,0.5,0,0.0,2,2,1.0,205.475,209.338962570277,0.05,17.675,17.675,393.275,1,0.5,1.0,0.0,1.0,0.0,American Airlines,2,0.5,BWI-EFD,2,0.5,1146.002804049405,1202.9768373810728,0.0,1,197.0,0.0,0,0.0,0.0,0.0,0.0,197.0,8.0,0.0,1.0,0.0,Radisson,1,1.0,False,True,False,False,False,False,True,True,590.275,17.675,2,2,1,1.65,770.6641422140713,2,2124.5015775791626,False,205.475
4387,570862,1946-04-25,77.0,F,True,False,usa,houston,IAH,29.98,-95.34,2023-02-03,175,8,14.125,0.125,105.5,1.3333333333333333,11.0,11.0,10.0,0.0,1,0,0.0,0,0.0,0,0,0.0,0.0,0.0,0.0,0.0,0.0,0.0,0,0.0,0.0,0.0,0.0,0.0,MISSING,0,0.0,MISSING,0,0.0,0.0,0.0,0.0,1,126.0,0.0,0,0.0,0.0,0.0,0.0,126.0,10.0,0.0,2.0,0.0,Banyan Tree,1,1.0,False,True,True,False,True,False,True,True,126.0,0.0,5,1,1,2.6,329.01167055685227,1,906.9914828680681,False,
4393,571001,2006-10-09,16.0,M,False,False,usa,richmond,RIC,37.505,-77.319,2023-02-03,175,8,16.875,0.125,125.75,1.6,27.0,151.0,4.0,0.0,1,0,0.0,0,0.0,0,0,0.0,0.0,0.0,0.0,0.0,0.0,0.0,0,0.0,0.0,0.0,0.0,0.0,MISSING,0,0.0,MISSING,0,0.0,0.0,0.0,0.0,1,745.0,0.0,0,0.0,0.0,0.0,0.0,745.0,5.0,0.0,2.0,0.0,Rosewood,1,1.0,False,True,True,False,True,False,True,True,745.0,0.0,3,1,2,2.1500000000000004,1945.3467822607536,5,5362.767101085006,True,
4397,571208,1989-09-04,33.0,F,True,True,usa,new york,JFK,40.64,-73.779,2023-02-03,175,8,39.0,0.25,1004.0,1.3333333333333333,17.0,125.0,225.0,117.0,1,1,1.0,1,1.0,1,1,1.0,0.0,0.0,0.0,0.0,0.0,0.0,1,1.0,4.0,0.0,3.0,0.0,Egyptair,1,1.0,JFK-YYZ,1,1.0,0.0,0.0,0.0,1,0.0,0.0,1,1.0,0.0,0.0,0.0,0.0,15.0,0.0,2.0,0.0,Best Western,1,1.0,False,False,True,True,True,True,True,True,0.0,0.0,4,1,0,1.85,0.0,1,0.0,True,0.0
4408,571553,1974-04-11,49.0,M,True,True,usa,tucson,TUS,32.116,-110.941,2023-02-04,174,8,21.5,0.625,157.625,1.6,36.0,36.0,8.6,0.0,5,4,0.8,0,0.0,4,4,1.0,587.0225,398.998223669814,0.1,62.159,62.159,2285.931,1,0.25,1.25,0.5,0.5,0.5773502691896257,American Airlines,3,0.5,TUS-YHU,3,0.5,2654.1369622270163,1095.2941475773594,0.0,5,174.0,47.86439177509728,0,0.0,0.0,0.0,0.0,870.0,6.0,4.358898943540674,1.4,0.5477225575051661,Aman Resorts,5,0.2,False,True,False,False,False,False,False,True,3155.931,62.159,3,5,5,4.2,1648.155762654218,4,4543.496091300485,False,469.61800000000005
4410,571561,1992-03-15,31.0,F,False,False,usa,des moines,DSM,41.534,-93.663,2023-02-04,174,9,8.222222222222221,0.1111111111111111,61.333333333333336,3.0,110.0,148.0,10.0,0.0,1,0,0.0,0,0.0,0,0,0.0,0.0,0.0,0.0,0.0,0.0,0.0,0,0.0,0.0,0.0,0.0,0.0,MISSING,0,0.0,MISSING,0,0.0,0.0,0.0,0.0,1,111.0,0.0,1,1.0,0.2,22.2,22.2,88.8,6.0,0.0,2.0,0.0,Extended Stay,1,1.0,False,True,True,False,True,False,True,False,88.8,22.2,1,1,1,1.0,231.8748916305435,1,639.2130450689242,True,
4412,571580,1995-05-07,28.0,F,False,False,usa,omaha,OMA,41.302,-95.894,2023-02-04,174,8,12.75,0.25,95.625,1.3333333333333333,7.0,7.0,131.5,0.0,2,1,0.5,0,0.0,2,2,1.0,540.1,525.762176083446,0.0,0.0,0.0,1080.2,0,0.0,2.0,1.414213562373095,0.5,0.7071067811865476,AirTran Airways,2,0.5,OMA-BWI,2,0.5,1294.742657318835,496.07021739460356,0.0,1,143.0,0.0,0,0.0,0.0,0.0,0.0,143.0,7.0,0.0,3.0,0.0,Extended Stay,1,1.0,False,True,False,False,True,False,True,True,1223.2,0.0,5,2,3,3.55,1597.0122040680226,4,4402.507864461195,False,270.05
4414,571637,1983-04-07,40.0,F,False,True,usa,seattle,BFI,47.53,-122.302,2023-02-04,174,8,13.875,0.375,102.0,1.3333333333333333,24.0,118.0,8.333333333333334,0.0,3,1,0.3333333333333333,0,0.0,2,2,1.0,593.585,106.51149445012966,0.0,0.0,0.0,1187.17,0,0.0,1.0,0.0,1.0,0.0,AirTran Airways,2,0.5,BFI-DAL,2,0.5,3286.5844920392256,846.2916387883752,0.0,2,96.0,22.627416997969522,0,0.0,0.0,0.0,0.0,192.0,9.0,7.0710678118654755,1.0,0.0,Four Seasons,2,0.5,False,True,False,False,True,False,False,True,1379.17,0.0,4,3,3,3.4,1200.4312848727354,3,3309.24720483374,True,593.585
4423,571940,1988-05-01,35.0,F,False,True,usa,richmond,RIC,37.505,-77.319,2023-02-04,174,9,8.333333333333334,0.2222222222222222,62.55555555555556,2.25,79.0,79.0,4.5,0.0,2,0,0.0,0,0.0,0,0,0.0,0.0,0.0,0.0,0.0,0.0,0.0,0,0.0,0.0,0.0,0.0,0.0,MISSING,0,0.0,MISSING,0,0.0,0.0,0.0,0.0,2,323.0,289.913780286484,1,0.5,0.15,79.2,79.2,566.8,7.5,3.5355339059327378,1.0,0.0,Accor,2,0.5,False,True,True,False,True,False,False,False,566.8,79.2,1,2,1,1.25,740.0151383794597,1,2040.0110019429405,False,
4434,572489,1978-10-04,44.0,F,True,True,usa,los angeles,LAX,33.942,-118.408,2023-02-04,174,8,34.5,0.5,970.875,1.3333333333333333,5.0,48.0,69.0,153.0,3,0,0.0,1,0.3333333333333333,2,2,1.0,363.73,0.0,0.35,127.3055,127.3055,236.4245,2,1.0,3.0,2.1213203435596424,1.5,2.1213203435596424,Singapore Airlines,2,0.5,LAX-IST,2,0.5,1942.110291915344,6429.304882528544,0.0,1,142.0,0.0,0,0.0,0.0,0.0,0.0,142.0,7.0,0.0,2.0,0.0,Accor,1,1.0,False,False,False,False,False,False,True,True,378.4245,127.3055,5,3,1,3.1,329.38115588529513,1,908.0100487000194,False,121.24333333333334
4440,572591,1981-05-05,42.0,F,True,False,usa,wichita,ICT,37.65,-97.433,2023-02-04,174,8,14.5,0.25,106.75,2.0,80.0,80.0,8.0,0.0,2,2,1.0,0,0.0,2,2,1.0,428.9,349.183470685541,0.0,0.0,0.0,857.8,0,0.0,2.0,0.0,1.0,1.414213562373095,Delta Air Lines,2,0.5,ICT-DAL,2,0.5,1298.5015134168661,1077.3993907338893,0.0,2,368.5,133.643181644257,0,0.0,0.0,0.0,0.0,737.0,4.0,1.414213562373095,2.0,0.0,Banyan Tree,2,0.5,False,True,False,False,True,False,False,True,1594.8,0.0,1,2,4,2.3,2082.173857952651,5,5739.960384436489,False,214.45
4452,573010,1978-08-21,44.0,F,False,True,usa,new york,JFK,40.64,-73.779,2023-02-04,174,8,43.5,0.5,1039.5,1.6,49.0,81.0,110.33333333333333,277.0,3,2,0.6666666666666666,1,0.3333333333333333,3,3,1.0,399.44,382.261925909448,0.1,66.974,66.974,731.906,2,0.6666666666666666,1.75,0.5773502691896257,0.6666666666666666,0.5773502691896257,Aer Lingus,3,0.3333333333333333,JFK-DUB,3,0.3333333333333333,1809.3089872826065,2401.8022313982824,0.0,2,254.5,99.7020561473032,0,0.0,0.0,0.0,0.0,509.0,4.5,2.1213203435596424,1.5,0.7071067811865476,Crowne Plaza,2,0.5,False,False,False,False,False,False,False,True,1240.906,66.974,2,3,3,2.5999999999999996,1080.0861271534957,3,2977.4898757668866,False,228.25142857142856
4453,573011,1981-05-14,42.0,F,True,False,usa,san antonio,SKF,29.384,-98.581,2023-02-04,174,8,13.25,0.5,97.75,1.3333333333333333,10.0,10.0,10.25,0.0,4,2,0.5,0,0.0,2,2,1.0,1073.695,286.97928714456,0.0,0.0,0.0,2147.39,0,0.0,2.5,0.7071067811865476,1.0,0.0,American Airlines,2,0.5,SKF-PHL,2,0.5,2362.458146110291,85.06488641751999,0.0,4,174.0,63.314032146647136,0,0.0,0.0,0.0,0.0,696.0,6.25,5.315072906367325,2.25,0.5,Best Western,4,0.25,False,True,False,False,True,False,False,True,2843.39,0.0,5,4,5,4.75,1856.1676467155717,5,5116.925619984596,False,429.47799999999995
4455,573086,1979-03-27,44.0,F,False,True,usa,new york,LGA,40.777,-73.872,2023-02-04,174,8,33.75,0.5,787.552429625,1.6,34.0,34.0,7.666666666666667,0.0,3,2,0.6666666666666666,1,0.3333333333333333,2,2,1.0,292.425,179.612193489195,0.1,16.542,16.542,568.308,1,0.5,1.0,0.0,1.0,1.414213562373095,JetBlue Airways,2,0.5,LGA-CLT,2,0.5,1582.0739139421917,1000.0332319447893,0.0,3,181.5,113.84419177103415,1,0.3333333333333333,0.05,0.0,0.0,363.0,6.0,1.7320508075688772,1.0,0.0,Wyndham,3,0.3333333333333333,False,False,False,False,False,False,False,True,931.308,16.542,3,3,2,2.6500000000000004,810.6116425475158,2,2234.6254601240603,False,292.425
4486,573841,1979-11-06,43.0,F,True,True,usa,sacramento,MCC,38.667,-121.401,2023-02-05,173,8,12.25,0.25,92.25,2.0,71.0,134.0,7.0,0.0,2,1,0.5,0,0.0,1,1,1.0,734.88,0.0,0.0,0.0,0.0,734.88,0,0.0,1.0,0.0,0.0,0.0,China Airlines,1,1.0,MCC-JFK,1,1.0,4032.687941462172,0.0,0.0,2,137.5,116.67261889578035,0,0.0,0.0,0.0,0.0,275.0,5.0,4.242640687119285,1.5,0.7071067811865476,Marriott,2,0.5,False,True,False,True,True,False,False,True,1009.88,0.0,1,2,2,1.6,1318.5012137379126,3,3634.732375868273,True,734.88
4487,573922,1982-12-13,40.0,F,True,True,usa,tulsa,TUL,36.198,-95.888,2023-02-05,173,8,13.125,0.25,98.125,1.6,55.0,137.0,8.5,0.0,2,2,1.0,0,0.0,2,2,1.0,328.225,268.467231613096,0.45,233.127,233.127,423.323,1,0.5,1.5,0.7071067811865476,0.0,0.0,Delta Air Lines,2,0.5,TUL-BNA,2,0.5,1185.1190576110057,507.087262959775,0.0,2,90.5,36.062445840513924,1,0.5,0.05,5.8,5.8,175.2,6.5,4.949747468305833,1.5,0.7071067811865476,Conrad,2,0.5,False,True,False,False,False,False,False,False,598.523,238.927,2,2,1,1.65,781.4327464154718,2,2154.1875527803363,True,218.8166666666667
4492,573988,1975-12-13,47.0,F,True,True,usa,houston,HOU,29.645,-95.279,2023-02-05,173,8,15.25,0.375,114.25,2.0,57.0,103.0,9.0,0.0,3,3,1.0,0,0.0,3,3,1.0,354.79333333333335,60.9975944880889,0.0,0.0,0.0,1064.38,0,0.0,1.0,0.0,0.0,0.0,AirTran Airways,3,0.3333333333333333,HOU-CMH,3,0.3333333333333333,1942.511382737145,313.09039485531673,0.0,3,90.0,37.64306044943742,0,0.0,0.0,0.0,0.0,270.0,7.0,7.810249675906654,1.0,0.0,Accor,3,0.3333333333333333,False,True,False,False,True,False,False,True,1334.38,0.0,2,3,3,2.5999999999999996,1161.4460131154829,3,3201.7759124589757,True,354.79333333333335
4496,574116,1978-06-26,45.0,F,True,True,usa,stockton,SCK,37.894,-121.239,2023-02-05,173,8,7.625,0.125,57.875,2.0,79.0,79.0,10.0,0.0,1,0,0.0,0,0.0,0,0,0.0,0.0,0.0,0.0,0.0,0.0,0.0,0,0.0,0.0,0.0,0.0,0.0,MISSING,0,0.0,MISSING,0,0.0,0.0,0.0,0.0,1,260.0,0.0,1,1.0,0.1,26.0,26.0,234.0,7.0,0.0,2.0,0.0,Hyatt,1,1.0,False,True,True,False,True,False,True,False,234.0,26.0,1,1,1,1.0,611.021673891297,1,1684.412753897841,False,
4504,574440,1974-05-24,49.0,F,True,True,usa,san francisco,SFO,37.619,-122.375,2023-02-05,173,8,13.75,0.25,102.75,1.6,37.0,108.0,9.0,0.0,2,2,1.0,0,0.0,2,2,1.0,566.625,74.29570949927054,0.0,0.0,0.0,1133.25,0,0.0,1.0,0.0,1.0,0.0,AirTran Airways,2,0.5,SFO-BNA,2,0.5,2911.109419557105,352.83241923312306,0.0,2,266.5,123.743686707646,0,0.0,0.0,0.0,0.0,533.0,4.0,1.414213562373095,1.0,0.0,Banyan Tree,2,0.5,False,True,False,False,True,False,False,True,1666.25,0.0,3,2,4,3.1,2175.459111370457,5,5997.121263209995,True,566.625
4510,574603,1981-11-08,41.0,F,True,True,usa,indianapolis,IND,39.717,-86.294,2023-02-05,173,8,17.625,0.5,129.75,2.0,63.0,63.0,6.75,0.0,4,3,0.75,0,0.0,3,3,1.0,386.3066666666667,165.273147647564,0.0,0.0,0.0,1158.92,0,0.0,1.3333333333333333,0.5773502691896257,0.3333333333333333,0.5773502691896257,AirTran Airways,3,0.3333333333333333,IND-DAL,3,0.3333333333333333,1731.631210287448,1025.6887942942005,0.0,4,170.25,72.91719047430905,1,0.25,0.15,34.95,34.95,646.05,4.75,3.593976442141304,1.25,0.5,Accor,4,0.25,False,True,False,False,True,False,False,False,1804.97,34.95,2,4,4,3.2,1178.2861012004,3,3248.1992397467798,False,289.73
4514,574840,1985-03-05,38.0,F,False,True,usa,new york,JFK,40.64,-73.779,2023-02-05,173,8,12.125,0.375,90.375,1.6,42.0,119.0,7.333333333333333,0.0,3,2,0.6666666666666666,0,0.0,3,3,1.0,394.05,157.919080861054,0.25,94.5125,94.5125,1087.6375,1,0.3333333333333333,1.0,0.0,1.0,0.0,Southwest Airlines,2,0.6666666666666666,JFK-DAL,3,0.3333333333333333,2278.0307458471902,972.4982270980693,0.0,2,364.0,280.014285349873,0,0.0,0.0,0.0,0.0,728.0,4.5,2.1213203435596424,1.0,0.0,Four Seasons,2,0.5,False,True,False,False,False,False,False,True,1815.6375,94.5125,2,3,4,2.95,1580.3331402134045,4,4356.528435121355,True,394.05
4517,574987,1981-12-27,41.0,F,True,True,usa,new york,LGA,40.777,-73.872,2023-02-05,173,8,11.875,0.125,88.375,2.0,59.0,154.0,7.0,0.0,1,1,1.0,0,0.0,1,0,0.0,50.54,0.0,0.2,10.108,10.108,40.432,1,1.0,1.0,0.0,1.0,0.0,Porter Airlines,1,1.0,LGA-YTZ,1,1.0,567.2430413127435,0.0,0.0,1,87.0,0.0,0,0.0,0.0,0.0,0.0,87.0,9.0,0.0,1.0,0.0,Accor,1,1.0,False,True,False,True,False,False,True,True,127.432,10.108,2,1,1,1.4,332.75091430476823,1,917.2995130543147,True,50.54
4520,575092,1998-10-21,24.0,F,False,False,canada,london,YXU,43.036,-81.154,2023-02-05,173,8,15.0,0.125,111.875,1.6,51.0,165.0,11.0,0.0,1,0,0.0,0,0.0,0,0,0.0,0.0,0.0,0.0,0.0,0.0,0.0,0,0.0,0.0,0.0,0.0,0.0,MISSING,0,0.0,MISSING,0,0.0,0.0,0.0,0.0,1,153.0,0.0,0,0.0,0.0,0.0,0.0,153.0,6.0,0.0,2.0,0.0,NH Hotel,1,1.0,False,True,True,False,True,False,True,True,153.0,0.0,2,1,1,1.4,399.5141713904635,1,1101.3468006255114,True,
4536,575711,1975-04-04,48.0,F,True,True,usa,santa ana,SNA,33.676,-117.868,2023-02-06,172,9,20.555555555555557,0.3333333333333333,154.22222222222223,1.5,9.0,9.0,7.0,0.0,3,2,0.6666666666666666,0,0.0,2,2,1.0,525.755,239.984970466902,0.0,0.0,0.0,1051.51,0,0.0,1.0,0.0,1.0,0.0,American Airlines,2,0.5,SNA-DAL,2,0.5,2946.870898003008,1405.7578701513214,0.0,3,136.66666666666666,71.0234702991436,0,0.0,0.0,0.0,0.0,410.0,10.0,3.0,1.0,0.0,Aman Resorts,3,0.3333333333333333,False,True,False,False,True,False,False,True,1461.51,0.0,5,3,3,3.8,1272.1001233744582,3,3506.817783403467,False,525.755
4544,575923,1984-06-09,39.0,F,True,True,usa,washington,DCA,38.852,-77.037,2023-02-06,172,8,8.125,0.25,60.25,1.3333333333333333,23.0,115.0,6.0,0.0,2,1,0.5,0,0.0,1,1,1.0,131.49,0.0,0.0,0.0,0.0,131.49,0,0.0,2.0,0.0,0.0,0.0,Southwest Airlines,1,1.0,DCA-LGA,1,1.0,342.181908958409,0.0,0.0,2,141.0,79.19595949289332,0,0.0,0.0,0.0,0.0,282.0,13.0,12.727922061357855,1.5,0.7071067811865476,InterContinental,2,0.5,False,True,False,True,True,False,False,True,413.49,0.0,4,2,1,2.45,539.8533161053684,1,1488.2218581393552,True,65.745
4548,576103,1972-10-28,50.0,F,True,True,usa,sacramento,MCC,38.667,-121.401,2023-02-06,172,8,55.75,0.375,1193.25,1.6,39.0,146.0,6.5,4.0,2,1,0.5,1,0.5,1,1,1.0,99.94,0.0,0.0,0.0,0.0,99.94,0,0.0,1.0,0.0,1.0,0.0,Allegiant Air,1,1.0,MCC-LAX,1,1.0,589.7974872136821,0.0,0.0,2,103.0,0.0,1,0.5,0.1,0.0,0.0,103.0,7.0,8.48528137423857,2.0,1.414213562373095,InterContinental,2,0.5,False,False,False,True,True,False,False,True,202.94,0.0,3,2,1,2.0500000000000003,264.9588429476492,1,730.41607751288,True,99.94
4550,576159,1995-10-25,27.0,F,True,True,usa,new york,LGA,40.777,-73.872,2023-02-06,172,9,11.11111111111111,0.2222222222222222,82.77777777777777,1.8,43.0,43.0,7.5,0.0,2,1,0.5,0,0.0,1,0,0.0,24.44,0.0,0.0,0.0,0.0,24.44,0,0.0,1.0,0.0,1.0,0.0,Southwest Airlines,1,1.0,LGA-BWI,1,1.0,297.4518983308985,0.0,0.0,2,133.5,10.606601717798213,0,0.0,0.0,0.0,0.0,267.0,6.0,7.0710678118654755,1.0,0.0,InterContinental,2,0.5,False,True,False,True,True,False,False,True,291.44,0.0,2,2,1,1.65,380.50460820273423,1,1048.942848282023,False,24.44
4554,576357,1990-08-14,32.0,F,True,False,usa,seattle,BFI,47.53,-122.302,2023-02-06,172,8,11.375,0.25,84.25,1.6,41.0,108.0,8.0,0.0,2,1,0.5,0,0.0,1,1,1.0,115.85,0.0,0.0,0.0,0.0,115.85,0,0.0,1.0,0.0,1.0,0.0,Air Canada,1,1.0,BFI-YYC,1,1.0,719.8449442212815,0.0,0.0,2,87.5,33.23401871576773,0,0.0,0.0,0.0,0.0,175.0,5.0,5.656854249492381,2.0,1.414213562373095,Banyan Tree,2,0.5,False,True,False,True,True,False,False,True,290.85,0.0,2,2,1,1.65,379.7343031010337,1,1046.8193364768954,True,115.85
4564,576691,1980-10-06,42.0,F,True,True,canada,winnipeg,YWG,49.91,-97.234,2023-02-06,172,8,19.75,0.625,146.375,1.3333333333333333,15.0,15.0,7.8,0.0,5,3,0.6,0,0.0,4,4,1.0,358.3575,109.090598242928,0.0,0.0,0.0,1433.43,0,0.0,1.0,0.0,0.75,0.5,Southwest Airlines,2,0.75,YWG-DAL,4,0.25,1989.169036206429,609.7816747213576,0.0,4,160.25,126.800039432171,1,0.25,0.05,11.95,11.95,629.05,4.5,4.358898943540674,1.25,0.5,Choice Hotels,4,0.25,False,True,False,False,True,False,False,False,2062.48,11.95,5,5,4,4.65,1077.111095698566,3,2969.2885612471955,False,358.3575
4579,577046,1981-07-14,42.0,F,True,True,usa,new york,JFK,40.64,-73.779,2023-02-06,172,8,8.75,0.125,66.25,2.0,58.0,58.0,8.0,0.0,1,1,1.0,0,0.0,1,1,1.0,94.26,0.0,0.0,0.0,0.0,94.26,0,0.0,1.0,0.0,0.0,0.0,Ryanair,1,1.0,JFK-YKZ,1,1.0,582.9688256475414,0.0,0.0,1,59.0,0.0,0,0.0,0.0,0.0,0.0,59.0,4.0,0.0,1.0,0.0,Starwood,1,1.0,False,True,False,True,True,False,True,True,153.26,0.0,2,1,1,1.4,400.19308436145377,1,1103.2183703520645,False,94.26
4590,577287,1980-03-22,43.0,F,False,True,canada,montreal,YUL,45.468,-73.741,2023-02-06,172,8,42.75,0.625,590.2091145,1.6,29.0,83.0,7.5,4.0,4,4,1.0,1,0.25,4,4,1.0,606.5366666666666,167.649565860856,0.0,0.0,0.0,1819.61,1,0.25,1.0,0.0,0.5,0.5773502691896257,Air Canada,4,0.25,YUL-YOW,4,0.25,3495.914244107658,1825.8584616192088,0.0,4,110.33333333333333,50.80682368868707,2,0.5,0.15,12.15,12.15,318.85,5.5,3.511884584284246,1.0,0.0,Aman Resorts,4,0.25,False,False,False,False,True,False,False,False,2138.46,12.15,3,4,4,3.6,1395.9886845615206,4,3848.3432667739075,False,606.5366666666666
4593,577386,1970-12-28,52.0,F,False,False,usa,houston,EFD,29.607,-95.159,2023-02-06,172,8,23.625,0.25,177.625,1.6,34.0,125.0,11.5,0.0,2,1,0.5,0,0.0,2,2,1.0,611.585,159.685924395358,0.0,0.0,0.0,1223.17,0,0.0,1.5,0.7071067811865476,0.5,0.7071067811865476,Air Canada,2,0.5,EFD-YQB,2,0.5,2456.3659146618456,487.09513019880507,0.0,1,89.0,0.0,0,0.0,0.0,0.0,0.0,89.0,4.0,0.0,2.0,0.0,Starwood,1,1.0,False,True,False,False,True,False,True,True,1312.17,0.0,3,2,3,2.75,1713.1716022007336,4,4722.726246329337,True,407.72333333333336
4594,577410,1988-06-17,35.0,F,True,True,usa,milwaukee,MKE,42.947,-87.896,2023-02-06,172,7,13.857142857142858,0.5714285714285714,102.71428571428571,1.1666666666666667,24.0,24.0,6.0,0.0,4,2,0.5,0,0.0,2,2,1.0,185.015,20.880863248438747,0.0,0.0,0.0,370.03,0,0.0,1.0,0.0,1.0,1.414213562373095,Allegiant Air,2,0.5,MKE-JFK,2,0.5,1152.322809222314,62.553876434111906,0.0,4,93.5,30.315012782448235,1,0.25,0.15,14.55,14.55,359.45,4.75,2.217355782608345,1.25,0.5,Radisson,4,0.25,False,True,False,False,True,False,False,False,729.48,14.55,4,4,2,3.3,476.205225075025,1,1312.7621962749968,False,185.015
4606,577851,1996-07-16,27.0,F,True,True,usa,santa ana,SNA,33.676,-117.868,2023-02-06,172,8,38.375,0.375,999.0,1.3333333333333333,3.0,112.0,87.5,59.0,2,2,1.0,1,0.5,2,2,1.0,687.02,0.0,0.0,0.0,0.0,687.02,1,0.5,1.0,0.0,0.0,0.0,American Airlines,1,1.0,SNA-ORD,2,0.5,3940.8918206933654,820.2114606547696,0.0,2,93.0,0.0,1,0.5,0.0,0.0,0.0,93.0,9.5,10.606601717798213,1.0,0.0,Hyatt,2,0.5,False,False,False,False,True,False,False,True,780.02,0.0,5,2,2,3.2,1018.3955685228409,2,2807.426573280756,True,687.02
4607,577901,1995-02-13,28.0,F,True,True,usa,jacksonville,NZC,30.219,-81.876,2023-02-06,172,8,20.375,0.25,521.383408625,1.6,55.0,128.0,197.0,124.0,1,1,1.0,1,1.0,1,1,1.0,0.0,0.0,0.0,0.0,0.0,0.0,1,1.0,4.0,0.0,3.0,0.0,Asiana Airlines,1,1.0,NZC-KWL,1,1.0,0.0,0.0,0.0,1,0.0,0.0,1,1.0,0.0,0.0,0.0,0.0,14.0,0.0,2.0,0.0,Fairmont,1,1.0,False,False,True,True,True,True,True,True,0.0,0.0,2,1,0,1.05,0.0,1,0.0,True,0.0
4611,577944,1955-04-27,68.0,F,True,False,usa,san diego,NZY,32.699,-117.215,2023-02-06,172,8,10.75,0.125,80.875,1.3333333333333333,26.0,147.0,12.0,0.0,1,0,0.0,0,0.0,0,0,0.0,0.0,0.0,0.0,0.0,0.0,0.0,0,0.0,0.0,0.0,0.0,0.0,MISSING,0,0.0,MISSING,0,0.0,0.0,0.0,0.0,1,73.0,0.0,1,1.0,0.1,7.3,7.3,65.7,6.0,0.0,2.0,0.0,Conrad,1,1.0,False,True,True,False,True,False,True,False,65.7,7.3,4,1,1,2.2,171.55608536178727,1,472.93127320977845,True,
4612,577984,1977-03-05,46.0,F,False,True,usa,el paso,ELP,31.807,-106.378,2023-02-06,172,7,16.571428571428573,0.2857142857142857,122.14285714285714,1.1666666666666667,14.0,108.0,10.5,0.0,2,2,1.0,0,0.0,2,2,1.0,416.995,19.820203076658927,0.0,0.0,0.0,833.99,0,0.0,1.0,0.0,0.0,0.0,Alaska Airlines,2,0.5,ELP-CLT,2,0.5,2384.6945182990567,4.261985266166521,0.0,2,126.0,18.384776310850235,0,0.0,0.0,0.0,0.0,252.0,5.5,4.949747468305833,1.0,0.0,NH Hotel,2,0.5,False,True,False,False,True,False,False,True,1085.99,0.0,5,2,3,3.55,1417.8705718572858,4,3908.665398729736,True,416.995
4617,578396,1968-08-12,54.0,F,True,True,usa,riverside,RIV,33.881,-117.259,2023-02-07,171,8,9.0,0.375,67.0,1.3333333333333333,18.0,70.0,5.666666666666667,0.0,3,1,0.3333333333333333,0,0.0,1,1,1.0,690.99,0.0,0.0,0.0,0.0,690.99,0,0.0,1.0,0.0,1.0,0.0,American Airlines,1,1.0,RIV-JFK,1,1.0,3880.210668298057,0.0,0.0,3,225.66666666666666,115.084027272829,0,0.0,0.0,0.0,0.0,677.0,5.333333333333333,2.0816659994661326,1.0,0.0,Aman Resorts,3,0.3333333333333333,False,True,False,True,True,False,False,True,1367.99,0.0,4,3,3,3.4,1190.7001989552073,3,3282.4213720864777,False,690.99
4631,578947,1975-10-19,47.0,F,True,True,usa,el paso,BIF,31.849,-106.38,2023-02-07,171,8,12.75,0.5,95.75,1.3333333333333333,16.0,16.0,7.25,0.0,4,3,0.75,0,0.0,3,3,1.0,325.47333333333336,192.670815728105,0.1,54.696,54.696,921.724,1,0.3333333333333333,1.0,0.0,0.3333333333333333,0.5773502691896257,Allegiant Air,3,0.3333333333333333,BIF-FAT,3,0.3333333333333333,1898.2244387332723,1138.6404029052858,0.0,4,117.25,63.66252168008008,2,0.5,0.15,25.95,51.9,417.1,6.5,5.196152422706632,1.0,0.0,Accor,3,0.5,False,True,False,False,False,False,False,False,1338.824,106.596,4,4,3,3.65,873.9855571857286,2,2409.3292957526955,False,325.47333333333336
4635,579065,1973-12-09,49.0,F,True,True,usa,louisville,LOU,38.228,-85.664,2023-02-07,171,8,18.125,0.5,134.5,1.3333333333333333,12.0,12.0,6.75,0.0,4,4,1.0,0,0.0,4,4,1.0,254.1075,166.015351574285,0.125,28.47475,56.9495,959.4805,2,0.5,1.0,0.0,0.5,0.5773502691896257,United Airlines,3,0.5,LOU-AUS,4,0.25,1475.8422849248027,1023.0664805470194,0.0,4,203.5,83.0762701778713,0,0.0,0.0,0.0,0.0,814.0,4.25,2.629955639676583,1.0,0.0,Radisson,3,0.5,False,True,False,False,False,False,False,True,1773.4805,56.9495,5,4,4,4.4,1157.7297262004001,3,3191.531167723419,False,254.1075
4645,579714,1938-09-09,84.0,F,True,False,usa,mobile,MOB,30.691,-88.243,2023-02-07,171,8,13.625,0.25,100.25,1.3333333333333333,17.0,17.0,6.0,0.0,2,0,0.0,0,0.0,0,0,0.0,0.0,0.0,0.0,0.0,0.0,0.0,0,0.0,0.0,0.0,0.0,0.0,MISSING,0,0.0,MISSING,0,0.0,0.0,0.0,0.0,2,84.5,19.091883092036785,0,0.0,0.0,0.0,0.0,169.0,10.0,7.0710678118654755,2.0,1.414213562373095,Fairmont,2,0.5,False,True,True,False,True,False,False,True,169.0,0.0,4,2,1,2.45,220.64671557185727,1,608.2601611297758,False,
4651,579950,1988-08-08,34.0,F,False,True,usa,baltimore,BWI,39.175,-76.668,2023-02-07,171,9,16.11111111111111,0.5555555555555556,120.44444444444444,1.5,25.0,25.0,8.2,0.0,5,4,0.8,0,0.0,4,4,1.0,529.5,261.988821644487,0.1,64.378,64.378,2053.622,1,0.25,1.0,0.0,0.5,0.5773502691896257,Alaska Airlines,4,0.25,BWI-BNA,4,0.25,2873.6639317807917,1309.534887226418,0.0,5,131.6,64.43834262300669,0,0.0,0.0,0.0,0.0,658.0,5.8,5.357238094391549,1.0,0.0,Accor,5,0.2,False,True,False,False,False,False,False,True,2711.622,64.378,4,5,5,4.6,1416.1194986328776,4,3903.838188504249,False,529.5
4659,580460,1981-06-15,42.0,F,False,True,usa,colorado springs,COS,38.806,-104.7,2023-02-08,170,8,13.0,0.375,97.25,2.0,67.0,93.0,6.666666666666667,0.0,3,2,0.6666666666666666,0,0.0,3,1,0.3333333333333333,213.58666666666667,85.79241827418862,0.05,13.4645,13.4645,627.2955,1,0.3333333333333333,1.0,0.0,0.3333333333333333,0.5773502691896257,Air India Limited,3,0.3333333333333333,COS-JFK,3,0.3333333333333333,1816.829613678292,714.898977801208,0.0,2,83.0,18.384776310850235,0,0.0,0.0,0.0,0.0,166.0,5.5,6.363961030678928,1.0,0.0,Banyan Tree,2,0.5,False,True,False,False,False,False,False,True,793.2955,13.4645,1,3,2,1.8499999999999999,690.4853907413582,1,1903.471592321602,True,213.58666666666667
4660,580515,1976-09-08,46.0,F,False,False,usa,corpus christi,CRP,27.77,-97.501,2023-02-08,170,9,17.11111111111111,0.3333333333333333,128.88888888888889,1.8,36.0,119.0,9.666666666666666,0.0,3,3,1.0,0,0.0,3,3,1.0,895.7066666666667,794.291622411651,0.1,48.00325,96.0065,2591.1135,2,0.6666666666666666,2.0,1.7320508075688772,0.6666666666666666,0.5773502691896257,Delta Air Lines,1,1.0,CRP-JFK,3,0.3333333333333333,2347.4115170327914,333.6062629254832,0.0,3,151.33333333333334,57.51811308912466,0,0.0,0.0,0.0,0.0,454.0,4.333333333333333,2.0816659994661326,2.0,1.7320508075688772,Banyan Tree,3,0.3333333333333333,False,True,False,False,False,False,False,True,3045.1135,96.0065,3,3,5,3.7,2650.470581138157,5,7306.592616049134,True,447.85333333333335
4666,580895,1951-11-14,71.0,F,True,False,usa,austin,AUS,30.194,-97.67,2023-02-08,170,8,8.625,0.25,64.5,1.3333333333333333,15.0,135.0,17.0,0.0,2,0,0.0,0,0.0,0,0,0.0,0.0,0.0,0.0,0.0,0.0,0.0,0,0.0,0.0,0.0,0.0,0.0,MISSING,0,0.0,MISSING,0,0.0,0.0,0.0,0.0,2,130.5,0.7071067811865476,1,0.5,0.1,13.0,13.0,248.0,5.0,2.8284271247461903,2.0,1.414213562373095,Aman Resorts,2,0.5,False,True,True,False,True,False,False,False,248.0,13.0,5,2,1,2.85,323.7892630876959,1,892.5947926638131,True,
4668,580944,1982-08-10,40.0,F,True,True,canada,winnipeg,YWG,49.91,-97.234,2023-02-08,170,8,14.0,0.375,106.375,1.6,31.0,77.0,6.333333333333333,0.0,3,1,0.3333333333333333,0,0.0,2,2,1.0,397.66,149.708647712816,0.0,0.0,0.0,795.32,0,0.0,1.0,0.0,0.5,0.7071067811865476,Delta Air Lines,1,1.0,YWG-NIP,2,0.5,2066.9071791523493,639.8138765861158,0.0,2,251.5,137.885822331377,1,0.5,0.2,30.8,30.8,472.2,7.0,7.0710678118654755,1.0,0.0,Banyan Tree,2,0.5,False,True,False,False,True,False,False,False,1267.52,30.8,3,3,3,3.0,1103.2509858841836,3,3041.348794616227,False,397.66
4677,581239,1987-09-15,35.0,M,False,True,usa,chicago,UGN,42.422,-87.868,2023-02-08,170,8,13.0,0.25,96.0,1.6,40.0,40.0,7.0,0.0,2,1,0.5,0,0.0,2,2,1.0,266.145,31.982439713067546,0.0,0.0,0.0,532.29,0,0.0,1.0,0.0,1.0,0.0,Delta Air Lines,2,0.5,UGN-FTW,2,0.5,1460.659282095608,150.4841124046432,0.0,1,45.0,0.0,0,0.0,0.0,0.0,0.0,45.0,6.0,0.0,1.0,0.0,Hyatt,1,1.0,False,True,False,False,True,False,True,True,577.29,0.0,3,2,1,2.0500000000000003,753.7109019673223,2,2077.7663220035993,False,266.145
4682,581385,1973-06-21,50.0,F,True,True,canada,calgary,YYC,51.114,-114.02,2023-02-08,170,8,10.125,0.125,75.5,2.0,62.0,167.0,9.0,0.0,1,0,0.0,0,0.0,0,0,0.0,0.0,0.0,0.0,0.0,0.0,0.0,0,0.0,0.0,0.0,0.0,0.0,MISSING,0,0.0,MISSING,0,0.0,0.0,0.0,0.0,1,233.0,0.0,0,0.0,0.0,0.0,0.0,233.0,4.0,0.0,1.0,0.0,InterContinental,1,1.0,False,True,True,False,True,False,True,True,233.0,0.0,2,1,1,1.4,608.4104701567189,1,1677.2144087957136,True,
4686,581438,1984-02-01,39.0,M,True,False,usa,new york,JFK,40.64,-73.779,2023-02-08,170,8,15.625,0.375,116.5,1.3333333333333333,16.0,16.0,9.333333333333334,0.0,3,3,1.0,0,0.0,3,3,1.0,515.2466666666667,250.427028559885,0.05,35.485,35.485,1510.255,1,0.3333333333333333,2.0,1.7320508075688772,1.0,1.0,American Airlines,3,0.3333333333333333,JFK-BNA,3,0.3333333333333333,2024.8374397690925,1697.734632698881,0.0,3,101.66666666666667,42.015870017569945,0,0.0,0.0,0.0,0.0,305.0,5.666666666666667,3.7859388972001824,2.0,1.7320508075688772,Best Western,3,0.3333333333333333,False,True,False,False,False,False,False,True,1815.255,35.485,4,3,4,3.75,1580.0002117372458,4,4355.610646120834,False,257.62333333333333
4697,581770,1968-01-23,55.0,F,True,True,canada,vancouver,YVR,49.195,-123.182,2023-02-08,170,8,20.0,0.25,148.75,2.6666666666666665,105.0,130.0,12.0,0.0,2,1,0.5,0,0.0,1,1,1.0,490.36,0.0,0.0,0.0,0.0,490.36,0,0.0,1.0,0.0,0.0,0.0,AirTran Airways,1,1.0,YVR-DAL,1,1.0,2835.0669161754913,0.0,0.0,2,141.5,17.67766952966369,0,0.0,0.0,0.0,0.0,283.0,4.5,2.1213203435596424,1.0,0.0,Choice Hotels,2,0.5,False,True,False,True,True,False,False,True,773.36,0.0,1,2,2,1.6,1009.7002600866956,2,2783.4560840906715,True,490.36
4703,582038,1995-01-22,28.0,F,False,False,usa,norfolk,NGU,36.938,-76.289,2023-02-08,170,9,16.444444444444443,0.2222222222222222,123.77777777777777,1.5,11.0,11.0,7.0,0.0,2,2,1.0,0,0.0,2,2,1.0,1186.18,836.464895736815,0.0,0.0,0.0,2372.36,0,0.0,2.0,1.414213562373095,2.5,3.5355339059327378,American Airlines,2,0.5,NGU-PHX,2,0.5,3337.108575827211,80.34686017955698,0.0,2,111.5,78.48885271170677,0,0.0,0.0,0.0,0.0,223.0,4.5,0.7071067811865476,2.0,1.414213562373095,Four Seasons,2,0.5,False,True,False,False,True,False,False,True,2595.36,0.0,5,2,5,4.25,3388.506862287429,5,9341.148472128847,False,593.09
4705,582227,1993-05-07,30.0,F,False,True,canada,halifax,YHZ,44.881,-63.509,2023-02-09,169,8,18.5,0.5,138.25,1.6,29.0,57.0,9.25,0.0,4,2,0.5,0,0.0,3,3,1.0,550.3933333333333,110.110486482139,0.125,69.88975,139.7795,1511.4005,2,0.6666666666666666,1.0,0.0,0.3333333333333333,0.5773502691896257,Delta Air Lines,2,0.6666666666666666,YHZ-DEN,3,0.3333333333333333,3184.2159849472396,615.9038935161412,0.0,3,236.0,285.79013278978,0,0.0,0.0,0.0,0.0,708.0,6.333333333333333,2.516611478423583,1.0,0.0,Crowne Plaza,3,0.3333333333333333,False,True,False,False,False,False,False,True,2219.4005,139.7795,3,4,5,3.95,1448.8267185311772,4,3994.0026797085957,False,550.3933333333333
4713,582446,1990-09-10,32.0,F,False,True,usa,rochester,ROC,43.119,-77.672,2023-02-09,169,7,22.142857142857142,0.42857142857142855,290.0555822857143,1.1666666666666667,3.0,27.0,103.0,173.0,2,0,0.0,1,0.5,1,1,1.0,0.0,0.0,0.15,0.0,0.0,0.0,1,1.0,1.0,0.0,0.0,0.0,All Nippon Airways,1,1.0,ROC-SEA,1,1.0,0.0,0.0,0.0,1,149.0,0.0,1,1.0,0.1,14.9,14.9,134.1,5.0,0.0,1.0,0.0,Crowne Plaza,1,1.0,False,False,True,True,True,False,True,False,134.1,14.9,5,2,1,2.85,175.08121040346782,1,482.6490390976506,False,0.0
4719,582664,1969-10-13,53.0,F,True,True,usa,anchorage,MRI,61.214,-149.846,2023-02-09,169,8,14.125,0.125,104.75,1.6,35.0,35.0,11.0,0.0,1,1,1.0,0,0.0,1,1,1.0,933.5,0.0,0.0,0.0,0.0,933.5,0,0.0,1.0,0.0,0.0,0.0,American Airlines,1,1.0,MRI-DET,1,1.0,4785.290114472207,0.0,0.0,1,343.0,0.0,0,0.0,0.0,0.0,0.0,343.0,4.0,0.0,1.0,0.0,Fairmont,1,1.0,False,True,False,True,True,False,True,True,1276.5,0.0,3,1,3,2.5,3333.201567189063,5,9188.687522865786,False,933.5
4720,582723,1975-10-19,47.0,F,True,True,usa,new york,LGA,40.777,-73.872,2023-02-09,169,9,18.333333333333332,0.4444444444444444,134.55555555555554,1.8,36.0,36.0,9.25,0.0,4,4,1.0,0,0.0,4,4,1.0,882.7475,508.444977840933,0.05,80.857,80.857,3450.133,1,0.25,1.25,0.5,0.25,0.5,AirTran Airways,4,0.25,LGA-LAX,3,0.5,3651.586798297078,749.3180793601485,0.0,4,186.25,80.49171800046678,1,0.25,0.15,16.2,16.2,728.8,5.0,6.683312551921141,1.25,0.5,Extended Stay,4,0.25,False,True,False,False,False,False,False,False,4178.933,97.057,3,4,5,3.95,2728.0113640380127,5,7520.350473167272,False,706.198
4724,582796,1999-05-04,24.0,F,False,False,canada,toronto,YKZ,43.862,-79.37,2023-02-09,169,9,21.22222222222222,0.1111111111111111,156.44444444444446,1.8,30.0,30.0,17.0,0.0,1,0,0.0,0,0.0,0,0,0.0,0.0,0.0,0.0,0.0,0.0,0.0,0,0.0,0.0,0.0,0.0,0.0,MISSING,0,0.0,MISSING,0,0.0,0.0,0.0,0.0,1,139.0,0.0,0,0.0,0.0,0.0,0.0,139.0,21.0,0.0,2.0,0.0,Marriott,1,1.0,False,True,True,False,True,False,True,True,139.0,0.0,3,1,1,1.8000000000000003,362.9573191063688,1,1000.5699691957261,False,
4732,583023,1970-09-21,52.0,F,True,False,usa,cleveland,CLE,41.412,-81.85,2023-02-09,169,7,16.428571428571427,0.2857142857142857,121.28571428571429,1.75,58.0,58.0,6.5,0.0,2,1,0.5,0,0.0,1,1,1.0,88.09,0.0,0.0,0.0,0.0,88.09,0,0.0,1.0,0.0,0.0,0.0,KLM Royal Dutch Airlines,1,1.0,CLE-MDW,1,1.0,492.42748009354995,0.0,0.0,2,444.0,111.72287142747452,0,0.0,0.0,0.0,0.0,888.0,5.0,4.242640687119285,2.0,1.414213562373095,Aman Resorts,2,0.5,False,True,False,True,True,False,False,True,976.09,0.0,2,2,2,2.0,1274.3849266422142,3,3513.1163353678285,False,88.09
4736,583087,1978-01-18,45.0,F,True,True,usa,chicago,UGN,42.422,-87.868,2023-02-09,169,8,21.0,0.375,156.75,1.6,30.0,95.0,8.333333333333334,0.0,3,3,1.0,0,0.0,3,3,1.0,287.2266666666667,124.12616739968,0.0,0.0,0.0,861.68,0,0.0,1.3333333333333333,0.5773502691896257,0.3333333333333333,0.5773502691896257,JetBlue Airways,2,0.6666666666666666,UGN-LGA,2,0.6666666666666666,1174.4788255867927,23.33577527761053,0.0,3,126.33333333333333,29.143323992525858,1,0.3333333333333333,0.05,6.15,6.15,372.85,4.666666666666667,1.5275252316519468,1.3333333333333333,0.5773502691896257,NH Hotel,3,0.3333333333333333,False,True,False,False,True,False,False,False,1234.53,6.15,3,3,3,3.0,1074.536448816272,3,2962.190992976498,True,215.42000000000002
4737,583120,1971-04-05,52.0,F,True,True,usa,stockton,SCK,37.894,-121.239,2023-02-09,169,8,35.125,0.375,975.375,1.6,54.0,87.0,116.0,192.0,2,1,0.5,1,0.5,2,2,1.0,796.57,0.0,0.0,0.0,0.0,796.57,1,0.5,2.3333333333333335,1.414213562373095,1.5,0.7071067811865476,United Airlines,2,0.5,SCK-RKE,2,0.5,4047.460001884421,3316.875634551897,0.0,1,191.0,0.0,0,0.0,0.0,0.0,0.0,191.0,4.0,0.0,1.0,0.0,Shangri-La,1,1.0,False,False,False,False,True,False,True,True,987.57,0.0,2,2,2,2.0,1289.373236078693,3,3554.4348362540404,False,341.38714285714286
4742,583297,1969-10-28,53.0,F,True,True,usa,los angeles,LAX,33.942,-118.408,2023-02-09,169,8,16.0,0.5,119.75,1.6,31.0,31.0,10.0,0.0,4,4,1.0,0,0.0,4,4,1.0,564.48,154.025438375181,0.05,34.418,34.418,2223.502,1,0.25,1.0,0.0,0.5,0.5773502691896257,American Airlines,3,0.5,LAX-BNA,4,0.25,3155.775001846039,965.1735700489452,0.0,4,177.0,42.4813684650891,0,0.0,0.0,0.0,0.0,708.0,4.0,2.160246899469287,1.0,0.0,Hyatt,4,0.25,False,True,False,False,False,False,False,True,2931.502,34.418,3,4,5,3.95,1913.6872425808601,5,5275.490765894261,False,564.48
4744,583336,1987-10-07,35.0,F,False,True,usa,columbus,CMH,39.998,-82.892,2023-02-09,169,9,15.777777777777779,0.2222222222222222,116.77777777777777,2.25,61.0,61.0,13.5,0.0,2,1,0.5,0,0.0,1,1,1.0,280.75,0.0,0.0,0.0,0.0,280.75,0,0.0,1.0,0.0,0.0,0.0,United Airlines,1,1.0,CMH-FTW,1,1.0,1518.2006914240267,0.0,0.0,2,129.0,43.840620433565945,0,0.0,0.0,0.0,0.0,258.0,6.5,4.949747468305833,1.0,0.0,Choice Hotels,2,0.5,False,True,False,True,True,False,False,True,538.75,0.0,2,2,1,1.65,703.3930060020007,1,1939.0542118856022,False,280.75
4752,583526,1993-03-22,30.0,F,False,True,usa,san jose,SJC,37.362,-121.929,2023-02-09,169,9,11.777777777777779,0.3333333333333333,87.66666666666667,1.5,7.0,38.0,17.666666666666668,0.0,3,2,0.6666666666666666,0,0.0,2,2,1.0,534.99,47.31958579700376,0.0,0.0,0.0,1069.98,0,0.0,1.0,0.0,0.5,0.7071067811865476,American Airlines,2,0.5,SJC-ORD,2,0.5,2950.379568634588,0.0,0.0,3,119.66666666666667,51.597803570823956,0,0.0,0.0,0.0,0.0,359.0,5.666666666666667,4.725815626252609,1.0,0.0,Accor,3,0.3333333333333333,False,True,False,False,True,False,False,True,1428.98,0.0,5,3,3,3.8,1243.7859708791818,3,3428.76372801273,False,534.99
4753,583612,1984-07-22,39.0,F,False,True,usa,st. louis,STL,38.748,-90.36,2023-02-09,169,9,15.0,0.4444444444444444,110.44444444444444,1.5,16.0,16.0,89.75,0.0,4,3,0.75,0,0.0,4,4,1.0,1648.0775,2996.906439395742,0.0,0.0,0.0,6592.31,0,0.0,1.25,0.5,0.5,0.5773502691896257,AirTran Airways,4,0.25,STL-DAL,4,0.25,4413.569226071967,6880.232439170433,0.25,3,221.33333333333334,97.00171819784087,0,0.0,0.0,0.0,0.0,664.0,8.0,10.44030650891055,1.0,0.0,Accor,3,0.3333333333333333,False,True,False,False,True,False,False,True,7256.31,0.0,4,4,5,4.35,4736.925942814271,5,13058.355887004747,False,1318.462
4754,583623,1969-02-14,54.0,F,False,True,usa,tucson,TUS,32.116,-110.941,2023-02-09,169,8,14.5,0.125,106.5,1.6,56.0,163.0,9.0,0.0,1,1,1.0,0,0.0,1,1,1.0,633.95,0.0,0.0,0.0,0.0,633.95,0,0.0,1.0,0.0,0.0,0.0,American Airlines,1,1.0,TUS-YHU,1,1.0,3534.926163601872,0.0,0.0,1,142.0,0.0,0,0.0,0.0,0.0,0.0,142.0,4.0,0.0,1.0,0.0,Shangri-La,1,1.0,False,True,False,True,True,False,True,True,775.95,0.0,2,1,2,1.75,2026.1635378459487,5,5585.555881995853,True,633.95
4756,583759,1987-01-07,36.0,F,False,True,usa,akron,AKR,41.038,-81.467,2023-02-09,169,8,12.75,0.25,96.25,1.3333333333333333,14.0,129.0,5.5,0.0,2,1,0.5,0,0.0,1,1,1.0,115.02,0.0,0.0,0.0,0.0,115.02,0,0.0,1.0,0.0,0.0,0.0,American Airlines,1,1.0,AKR-LGA,1,1.0,648.0504080947285,0.0,0.0,2,188.5,17.67766952966369,0,0.0,0.0,0.0,0.0,377.0,5.5,3.5355339059327378,1.0,0.0,Crowne Plaza,1,1.0,False,True,False,True,True,False,False,True,492.02,0.0,5,2,1,2.85,642.3822307435812,1,1770.8648785743926,True,115.02
4757,583764,1979-08-21,43.0,F,False,True,usa,honolulu,HNL,21.316,-157.927,2023-02-09,169,8,12.75,0.25,95.5,1.3333333333333333,13.0,13.0,9.5,0.0,2,2,1.0,0,0.0,2,2,1.0,1999.26,1626.670865848405,0.0,0.0,0.0,3998.52,0,0.0,2.5,2.1213203435596424,2.5,2.1213203435596424,Delta Air Lines,2,0.5,HNL-LSQ,2,0.5,4568.843498674356,650.7232272017226,0.5,2,253.0,110.30865786510141,0,0.0,0.0,0.0,0.0,506.0,4.0,2.8284271247461903,2.5,2.1213203435596424,Extended Stay,2,0.5,False,True,False,False,True,False,False,True,4504.52,0.0,5,2,5,4.25,5881.109723241081,5,16212.544739717743,False,799.704
4762,584012,1976-11-28,46.0,F,True,True,usa,milwaukee,MKE,42.947,-87.896,2023-02-09,169,8,12.25,0.25,91.375,1.3333333333333333,25.0,69.0,9.0,0.0,2,2,1.0,0,0.0,2,2,1.0,265.9,139.964716268065,0.0,0.0,0.0,531.8,0,0.0,1.0,0.0,1.0,0.0,JetBlue Airways,2,0.5,MKE-DCA,2,0.5,1617.8708638021335,847.1209074849953,0.0,2,107.0,4.242640687119285,0,0.0,0.0,0.0,0.0,214.0,4.0,0.0,1.0,0.0,InterContinental,2,0.5,False,True,False,False,True,False,False,True,745.8,0.0,4,2,2,2.8,973.717872624208,2,2684.262888583354,False,265.9
4773,584459,1986-09-10,36.0,F,True,True,usa,richmond,RIC,37.505,-77.319,2023-02-10,168,8,8.75,0.25,66.5,1.3333333333333333,25.0,49.0,8.5,0.0,2,1,0.5,0,0.0,1,1,1.0,346.13,0.0,0.0,0.0,0.0,346.13,0,0.0,1.0,0.0,1.0,0.0,Alaska Airlines,1,1.0,RIC-AUS,1,1.0,2042.0622736071223,0.0,0.0,2,244.5,191.625937701554,0,0.0,0.0,0.0,0.0,489.0,7.0,4.242640687119285,1.0,0.0,Hyatt,2,0.5,False,True,False,True,True,False,False,True,835.13,0.0,4,2,2,2.8,1090.347287429143,3,3005.7769725698804,False,346.13
4775,584530,1981-02-01,42.0,F,True,True,usa,brownsville,BRO,25.907,-97.426,2023-02-10,168,8,20.5,0.5,152.625,1.3333333333333333,21.0,61.0,6.75,0.0,4,4,1.0,0,0.0,4,4,1.0,799.1175,469.649299468941,0.125,108.69675,217.3935,2979.0765,2,0.5,1.5,0.5773502691896257,1.0,0.0,American Airlines,2,0.5,BRO-BFI,3,0.5,2704.962391769709,704.464020256576,0.0,4,128.25,46.11127844681819,1,0.25,0.1,17.9,17.9,495.1,6.25,4.112987559751022,1.5,0.5773502691896257,Best Western,4,0.25,False,True,False,False,False,False,False,False,3474.1765,235.2935,4,4,5,4.35,2267.9456628459484,5,6252.0803481753865,False,532.745
4808,585915,1977-07-06,46.0,F,True,False,usa,los angeles,LAX,33.942,-118.408,2023-02-10,168,8,14.125,0.375,106.125,2.0,79.0,79.0,7.666666666666667,0.0,3,1,0.3333333333333333,0,0.0,3,3,1.0,282.0466666666667,206.49851920373,0.0,0.0,0.0,846.14,0,0.0,1.3333333333333333,0.5773502691896257,1.0,1.0,Southwest Airlines,2,0.6666666666666666,LAX-MDW,3,0.3333333333333333,1361.0708873199228,1259.5949795731597,0.0,1,193.0,0.0,0,0.0,0.0,0.0,0.0,193.0,5.0,0.0,2.0,0.0,Crowne Plaza,1,1.0,False,True,False,False,True,False,True,True,1039.14,0.0,1,3,2,1.8499999999999999,904.4687495831945,2,2493.3627764749326,False,211.53500000000003
4812,586006,1981-12-22,41.0,F,False,True,usa,los angeles,LAX,33.942,-118.408,2023-02-10,168,8,15.375,0.375,115.0,1.6,39.0,39.0,11.333333333333334,0.0,3,3,1.0,0,0.0,3,3,1.0,433.39,353.558640680722,0.0,0.0,0.0,1300.17,0,0.0,1.0,0.0,1.0,0.0,United Airlines,2,0.6666666666666666,LAX-BOS,3,0.3333333333333333,2332.224137430186,1818.6805188218716,0.0,3,125.66666666666667,37.5410886008029,0,0.0,0.0,0.0,0.0,377.0,4.333333333333333,1.5275252316519468,1.0,0.0,Aman Resorts,3,0.3333333333333333,False,True,False,False,True,False,False,True,1677.17,0.0,3,3,4,3.35,1459.810855840836,4,4024.2828183117413,False,433.39
4820,586251,1988-06-12,35.0,F,False,True,usa,long beach,LGB,33.818,-118.151,2023-02-10,168,8,40.5,0.5,1015.25,1.6,37.0,37.0,117.66666666666667,337.0,3,2,0.6666666666666666,1,0.3333333333333333,3,3,1.0,403.67,74.47248619456718,0.0,0.0,0.0,807.34,1,0.3333333333333333,1.0,0.0,0.6666666666666666,0.5773502691896257,Air China,3,0.3333333333333333,LGB-SZX,3,0.3333333333333333,2387.4896652133048,5375.833423747935,0.0,2,109.5,85.55992052357225,1,0.5,0.1,4.9,4.9,214.1,7.0,8.48528137423857,1.0,0.0,Banyan Tree,2,0.5,False,False,False,False,True,False,False,False,1021.44,4.9,3,3,2,2.6500000000000004,889.0626475491831,2,2450.89254037238,False,403.67
4822,586270,1988-09-12,34.0,F,False,True,usa,boston,BOS,42.364,-71.005,2023-02-10,168,9,12.444444444444445,0.2222222222222222,92.44444444444444,2.25,71.0,71.0,6.5,0.0,2,1,0.5,0,0.0,1,1,1.0,92.54,0.0,0.0,0.0,0.0,92.54,0,0.0,1.0,0.0,0.0,0.0,Lufthansa,1,1.0,BOS-YOW,1,1.0,498.00695363948813,0.0,0.0,2,121.5,40.30508652763321,1,0.5,0.15,22.5,22.5,220.5,4.5,2.1213203435596424,1.0,0.0,Crowne Plaza,2,0.5,False,True,False,True,True,False,False,False,313.04,22.5,1,2,1,1.25,408.7056085361787,1,1126.6849753850004,False,92.54
4831,586637,1977-05-22,46.0,F,True,False,usa,chicago,MDW,41.786,-87.752,2023-02-11,167,7,18.0,0.42857142857142855,133.42857142857142,1.1666666666666667,18.0,18.0,7.333333333333333,0.0,3,2,0.6666666666666666,0,0.0,2,2,1.0,336.855,190.105658122003,0.0,0.0,0.0,673.71,0,0.0,2.0,1.414213562373095,0.5,0.7071067811865476,Allegiant Air,2,0.5,MDW-CMH,2,0.5,1632.9128410445771,1666.9041229588972,0.0,3,208.66666666666666,138.030189934425,1,0.3333333333333333,0.1,18.5,18.5,607.5,5.666666666666667,2.516611478423583,2.3333333333333335,1.1547005383792515,Banyan Tree,3,0.3333333333333333,False,True,False,False,True,False,False,False,1281.21,18.5,4,3,3,3.4,1115.1667789263088,3,3074.1972427656024,False,168.4275
4840,586803,1988-03-06,35.0,F,True,True,usa,corpus christi,CRP,27.77,-97.501,2023-02-11,167,8,7.5,0.125,56.25,1.6,47.0,124.0,8.0,0.0,1,0,0.0,0,0.0,0,0,0.0,0.0,0.0,0.0,0.0,0.0,0.0,0,0.0,0.0,0.0,0.0,0.0,MISSING,0,0.0,MISSING,0,0.0,0.0,0.0,0.0,1,135.0,0.0,0,0.0,0.0,0.0,0.0,135.0,4.0,0.0,2.0,0.0,Crowne Plaza,1,1.0,False,True,True,False,True,False,True,True,135.0,0.0,2,1,1,1.4,352.512504168056,1,971.7765887872159,True,
4845,586876,1989-09-18,33.0,F,False,True,canada,toronto,YZD,43.742,-79.466,2023-02-11,167,8,17.625,0.5,131.25,1.6,33.0,75.0,7.5,0.0,4,3,0.75,0,0.0,3,3,1.0,118.9,18.891720408686975,0.15,20.196,20.196,336.504,1,0.3333333333333333,1.0,0.0,0.6666666666666666,0.5773502691896257,Delta Air Lines,2,0.6666666666666666,YZD-IND,3,0.3333333333333333,702.2709456391386,112.28035283248143,0.0,4,212.75,126.857860090208,0,0.0,0.0,0.0,0.0,851.0,5.25,3.593976442141304,1.25,0.5,Aman Resorts,4,0.25,False,True,False,False,False,False,False,True,1187.504,20.196,3,4,3,3.25,775.2037199066355,2,2137.015900539211,False,118.9
4847,586936,1975-01-28,48.0,F,False,False,usa,tucson,DMA,32.166,-110.883,2023-02-11,167,8,11.0,0.25,82.0,1.3333333333333333,22.0,22.0,7.5,0.0,2,1,0.5,0,0.0,1,1,1.0,1218.98,0.0,0.0,0.0,0.0,1218.98,0,0.0,3.0,0.0,1.0,0.0,Delta Air Lines,1,1.0,DMA-UGN,1,1.0,2306.204729706472,0.0,0.0,2,86.0,25.45584412271571,1,0.5,0.1,6.8,6.8,165.2,12.0,8.48528137423857,2.0,1.414213562373095,Conrad,2,0.5,False,True,False,True,True,False,False,False,1384.18,6.8,4,2,3,3.15,1807.1879926642214,5,4981.902661731439,False,406.32666666666665
4848,586953,1983-12-16,39.0,F,False,True,usa,memphis,MEM,35.042,-89.977,2023-02-11,167,8,16.0,0.5,118.5,1.6,33.0,70.0,8.25,0.0,4,2,0.5,0,0.0,3,3,1.0,307.56,197.338730106383,0.0,0.0,0.0,922.68,0,0.0,1.0,0.0,0.6666666666666666,0.5773502691896257,United Airlines,2,0.6666666666666666,MEM-JFK,3,0.3333333333333333,1614.2461058566332,954.7412180053406,0.0,3,198.33333333333334,126.26295313089,0,0.0,0.0,0.0,0.0,595.0,4.333333333333333,2.8867513459481287,1.0,0.0,Aman Resorts,3,0.3333333333333333,False,True,False,False,True,False,False,True,1517.68,0.0,3,4,4,3.6,990.7429209736579,2,2731.196098649226,False,307.56
4852,587234,1984-01-07,39.0,F,False,True,canada,toronto,YZD,43.742,-79.466,2023-02-11,167,9,24.666666666666668,0.4444444444444444,786.1138921111111,1.5,2.0,17.0,89.33333333333333,238.0,3,3,1.0,1,0.3333333333333333,3,3,1.0,141.98,56.32812618932038,0.0,0.0,0.0,283.96,1,0.3333333333333333,1.0,0.0,0.3333333333333333,0.5773502691896257,Xiamen Airlines,3,0.3333333333333333,YZD-SZX,3,0.3333333333333333,802.264747838618,6764.094834119575,0.0,3,161.0,31.11269837220809,2,0.6666666666666666,0.05,9.15,9.15,312.85,7.0,4.358898943540674,1.0,0.0,Rosewood,3,0.3333333333333333,False,False,False,False,True,False,False,False,596.81,9.15,5,3,1,3.1,519.4641669445369,1,1432.0147801335759,False,141.98
4857,587470,1968-01-26,55.0,F,True,True,usa,indianapolis,IND,39.717,-86.294,2023-02-11,167,8,12.25,0.125,92.75,1.3333333333333333,15.0,127.0,7.0,0.0,1,1,1.0,0,0.0,1,1,1.0,198.72,0.0,0.0,0.0,0.0,198.72,0,0.0,1.0,0.0,0.0,0.0,United Airlines,1,1.0,IND-PNE,1,1.0,943.8802340490256,0.0,0.0,1,105.0,0.0,1,1.0,0.05,5.25,5.25,99.75,7.0,0.0,1.0,0.0,Starwood,1,1.0,False,True,False,True,True,False,True,False,298.47,5.25,5,1,1,2.6,779.3659786595532,2,2148.4900626320027,True,198.72
4868,587810,1970-12-01,52.0,F,False,True,usa,lincoln,LNK,40.851,-96.759,2023-02-11,167,8,21.75,0.375,161.0,1.6,39.0,78.0,5.0,0.0,3,2,0.6666666666666666,0,0.0,3,3,1.0,365.47,185.158581761689,0.15,86.5635,86.5635,1009.8465,1,0.3333333333333333,1.3333333333333333,0.5773502691896257,0.6666666666666666,0.5773502691896257,American Airlines,3,0.3333333333333333,LNK-LUF,2,0.6666666666666666,1556.023398653312,79.21749289950114,0.0,2,340.0,165.462986797652,0,0.0,0.0,0.0,0.0,680.0,4.5,3.5355339059327378,1.0,0.0,Conrad,2,0.5,False,True,False,False,False,False,False,True,1689.8465,86.5635,3,3,4,3.35,1470.8444972212963,4,4054.6994255407812,False,274.1025
4875,588370,1984-10-23,38.0,M,True,True,canada,calgary,YYC,51.114,-114.02,2023-02-11,167,8,10.0,0.5,75.0,1.6,36.0,88.0,7.75,0.0,4,1,0.25,0,0.0,2,2,1.0,380.825,130.100576670513,0.2,94.564,94.564,667.086,1,0.5,1.0,0.0,1.0,0.0,Air Canada,2,0.5,YYC-AUS,2,0.5,2164.5517230354526,744.0200655985276,0.0,3,189.66666666666666,99.8615708535237,1,0.3333333333333333,0.15,45.15,45.15,523.85,6.333333333333333,5.507570547286102,1.3333333333333333,0.5773502691896257,Best Western,3,0.3333333333333333,False,True,False,False,False,False,False,False,1190.936,139.714,3,4,3,3.25,777.4441327109035,2,2143.1920806368366,False,380.825
4877,588391,1976-01-01,47.0,F,False,True,usa,kansas city,MCI,39.297,-94.714,2023-02-11,167,8,14.125,0.25,103.875,1.3333333333333333,22.0,63.0,6.0,0.0,2,2,1.0,0,0.0,2,2,1.0,296.845,17.995867581197633,0.0,0.0,0.0,593.69,0,0.0,1.5,0.7071067811865476,0.5,0.7071067811865476,Southwest Airlines,2,0.5,MCI-DEN,2,0.5,1320.4637496042585,658.4711458585966,0.0,2,157.5,53.033008588991066,1,0.5,0.1,12.0,12.0,303.0,5.0,4.242640687119285,1.5,0.7071067811865476,Conrad,2,0.5,False,True,False,False,True,False,False,False,896.69,12.0,4,2,2,2.8,1170.72013837946,3,3227.342034813366,False,197.89666666666668
4879,588497,2004-02-14,19.0,F,False,True,usa,san jose,SJC,37.362,-121.929,2023-02-11,167,8,15.125,0.125,112.875,1.6,50.0,163.0,4.0,0.0,1,1,1.0,0,0.0,1,1,1.0,467.71,0.0,0.0,0.0,0.0,467.71,0,0.0,1.0,0.0,0.0,0.0,AirTran Airways,1,1.0,SJC-HOU,1,1.0,2617.400317678516,0.0,0.0,1,170.0,0.0,0,0.0,0.0,0.0,0.0,170.0,6.0,0.0,1.0,0.0,Marriott,1,1.0,False,True,False,True,True,False,True,True,637.71,0.0,2,1,2,1.75,1665.1907335778594,4,4590.4566550777445,True,467.71
4886,588797,1979-09-13,43.0,M,True,True,canada,victoria,YYJ,48.647,-123.426,2023-02-12,166,8,37.625,0.5,993.0,1.3333333333333333,15.0,22.0,98.66666666666667,274.0,3,3,1.0,1,0.3333333333333333,3,3,1.0,1575.01,1183.781604520023,0.15,0.0,0.0,3150.02,1,0.3333333333333333,3.25,1.7320508075688772,2.3333333333333335,1.1547005383792515,JetBlue Airways,3,0.3333333333333333,YYJ-LGA,3,0.3333333333333333,3603.092388830507,300.8900560199834,0.0,3,183.0,0.0,1,0.3333333333333333,0.05,0.0,0.0,366.0,5.666666666666667,5.507570547286102,2.3333333333333335,1.5275252316519468,Four Seasons,3,0.3333333333333333,False,False,False,False,True,False,False,True,3516.02,0.0,5,3,5,4.5,3060.348184950539,5,8436.508448660807,False,484.61846153846153
4889,588919,1970-04-16,53.0,F,True,True,usa,fort worth,FTW,32.82,-97.362,2023-02-12,166,8,16.25,0.25,121.5,1.6,39.0,150.0,6.5,0.0,2,1,0.5,0,0.0,1,1,1.0,218.05,0.0,0.0,0.0,0.0,218.05,0,0.0,1.0,0.0,2.0,0.0,Southwest Airlines,1,1.0,FTW-IND,1,1.0,1252.416971494906,0.0,0.0,2,305.0,319.612265096319,1,0.5,0.05,3.95,3.95,606.05,5.5,4.949747468305833,1.0,0.0,Choice Hotels,2,0.5,False,True,False,True,True,False,False,False,824.1,3.95,3,2,2,2.4000000000000004,1075.9464988329444,3,2966.078099331647,True,218.05
4890,588970,1999-12-01,23.0,F,False,True,usa,omaha,OFF,41.118,-95.913,2023-02-12,166,8,12.25,0.375,92.75,1.3333333333333333,17.0,17.0,14.0,0.0,3,0,0.0,0,0.0,0,0,0.0,0.0,0.0,0.0,0.0,0.0,0.0,0,0.0,0.0,0.0,0.0,0.0,MISSING,0,0.0,MISSING,0,0.0,0.0,0.0,0.0,3,194.0,55.072679252057455,1,0.3333333333333333,0.1,21.8,21.8,560.2,9.666666666666666,7.023769168568492,1.0,0.0,Accor,3,0.3333333333333333,False,True,True,False,True,False,False,False,560.2,21.8,4,3,1,2.7,487.59877737023453,1,1344.1709754039466,False,
4894,589154,1986-06-10,37.0,F,True,True,usa,washington,DCA,38.852,-77.037,2023-02-12,166,8,18.25,0.5,135.125,1.3333333333333333,10.0,10.0,5.0,0.0,4,3,0.75,0,0.0,3,3,1.0,345.1433333333333,298.975638862656,0.05,16.119,16.119,1019.311,1,0.3333333333333333,1.0,0.0,0.3333333333333333,0.5773502691896257,JetBlue Airways,2,0.6666666666666666,DCA-LAX,3,0.3333333333333333,1970.7533906618075,1687.1720996628953,0.0,4,208.75,80.88417645003256,0,0.0,0.0,0.0,0.0,835.0,13.75,19.517086531208154,1.25,0.5,Aman Resorts,4,0.25,False,True,False,False,False,False,False,True,1854.311,16.119,5,4,4,4.4,1210.4959520673558,3,3336.992626167799,False,345.1433333333333
4895,589162,1974-08-08,48.0,F,False,True,usa,sacramento,SMF,38.695,-121.591,2023-02-12,166,9,16.0,0.3333333333333333,120.11111111111111,1.5,13.0,108.0,8.0,0.0,3,3,1.0,0,0.0,3,3,1.0,502.43666666666667,270.221029221142,0.0,0.0,0.0,1507.31,0,0.0,1.0,0.0,0.0,0.0,Delta Air Lines,3,0.3333333333333333,SMF-YMX,3,0.3333333333333333,2898.0601950907785,1509.5124537521372,0.0,3,162.66666666666666,55.07570547286102,1,0.3333333333333333,0.1,22.6,22.6,465.4,5.0,5.291502622129181,1.0,0.0,Hilton,3,0.3333333333333333,False,True,False,False,True,False,False,False,1972.71,22.6,5,3,4,4.15,1717.0492397465823,4,4733.415788805997,True,502.43666666666667
4896,589164,1978-11-27,44.0,F,True,True,usa,oklahoma city,TIK,35.415,-97.386,2023-02-12,166,8,15.125,0.5,111.625,1.3333333333333333,20.0,20.0,6.0,0.0,4,4,1.0,0,0.0,4,4,1.0,342.6025,54.12792463230047,0.0,0.0,0.0,1370.41,0,0.0,1.0,0.0,0.25,0.5,Allegiant Air,4,0.25,TIK-NCA,4,0.25,1973.6495460338858,368.15280508146117,0.0,4,171.5,111.129054106776,0,0.0,0.0,0.0,0.0,686.0,5.5,3.511884584284246,1.0,0.0,Aman Resorts,4,0.25,False,True,False,False,True,False,False,True,2056.41,0.0,4,4,4,4.0,1342.4263679559851,4,3700.687212866516,False,342.6025
4897,589171,1988-05-13,35.0,F,True,True,usa,los angeles,LAX,33.942,-118.408,2023-02-12,166,10,16.8,0.1,123.9,1.6666666666666667,19.0,138.0,4.0,0.0,1,1,1.0,0,0.0,1,1,1.0,695.01,0.0,0.0,0.0,0.0,695.01,0,0.0,1.0,0.0,0.0,0.0,United Airlines,1,1.0,LAX-YKZ,1,1.0,3516.5337244636776,0.0,0.0,1,56.0,0.0,0,0.0,0.0,0.0,0.0,56.0,6.0,0.0,1.0,0.0,Hyatt,1,1.0,False,True,False,True,True,False,True,True,751.01,0.0,4,1,2,2.55,1961.0401167055684,5,5406.029155148793,True,695.01
4899,589259,1985-12-26,37.0,M,True,True,usa,los angeles,LAX,33.942,-118.408,2023-02-12,166,8,19.5,0.25,144.875,2.6666666666666665,92.0,143.0,7.5,0.0,2,1,0.5,0,0.0,1,1,1.0,736.89,0.0,0.0,0.0,0.0,736.89,0,0.0,1.0,0.0,2.0,0.0,JetBlue Airways,1,1.0,LAX-JFK,1,1.0,3974.209842999768,0.0,0.0,2,277.0,190.918830920368,0,0.0,0.0,0.0,0.0,554.0,4.5,2.1213203435596424,1.0,0.0,Conrad,2,0.5,False,True,False,True,True,False,False,True,1290.89,0.0,1,2,3,1.9499999999999997,1685.3883944648217,4,4646.135854442701,True,736.89
4901,589311,1982-02-04,41.0,F,True,True,usa,portland,PWM,43.646,-70.309,2023-02-12,166,8,13.75,0.5,101.875,1.3333333333333333,14.0,14.0,6.5,0.0,4,1,0.25,0,0.0,2,2,1.0,464.68,134.703841816037,0.0,0.0,0.0,929.36,0,0.0,1.0,0.0,0.5,0.7071067811865476,AirTran Airways,2,0.5,PWM-HOU,2,0.5,2417.2207301826784,392.348619723036,0.0,3,249.0,104.09610943738484,0,0.0,0.0,0.0,0.0,747.0,5.666666666666667,2.0816659994661326,1.0,0.0,Conrad,3,0.3333333333333333,False,True,False,False,True,False,False,True,1676.36,0.0,5,4,4,4.4,1094.3293731243748,3,3016.7544488506246,False,464.68
4902,589404,1983-06-25,40.0,F,False,True,usa,new orleans,MSY,29.993,-90.258,2023-02-12,166,8,50.5,0.625,1089.375,1.3333333333333333,10.0,46.0,10.5,3.0,4,2,0.5,1,0.25,2,2,1.0,287.27,89.43486568447453,0.0,0.0,0.0,574.54,0,0.0,1.0,0.0,0.0,0.0,Ryanair,2,0.5,MSY-DET,2,0.5,1637.775807871481,160.01923169646747,0.0,4,111.33333333333333,42.12283624512164,1,0.25,0.0,0.0,0.0,334.0,7.5,5.5677643628300215,1.75,0.9574271077563381,Crowne Plaza,4,0.25,False,False,False,False,True,False,False,True,908.54,0.0,5,4,2,3.7,593.0957602534178,1,1634.9961147717354,False,287.27
4906,589539,2001-12-17,21.0,F,False,False,usa,richmond,RIC,37.505,-77.319,2023-02-12,166,8,12.125,0.25,89.5,1.3333333333333333,7.0,95.0,6.0,0.0,2,0,0.0,0,0.0,0,0,0.0,0.0,0.0,0.0,0.0,0.0,0.0,0,0.0,0.0,0.0,0.0,0.0,MISSING,0,0.0,MISSING,0,0.0,0.0,0.0,0.0,2,314.5,27.577164466275352,0,0.0,0.0,0.0,0.0,629.0,10.0,11.313708498984761,2.0,1.414213562373095,Choice Hotels,2,0.5,False,True,True,False,True,False,False,True,629.0,0.0,5,2,2,3.2,821.2235745248416,2,2263.879534619107,True,
4907,589630,1975-03-21,48.0,F,True,True,usa,charlotte,CLT,35.214,-80.943,2023-02-12,166,8,18.5,0.5,138.375,1.3333333333333333,13.0,13.0,6.25,0.0,4,2,0.5,0,0.0,3,3,1.0,521.4333333333333,245.519788476068,0.0,0.0,0.0,1564.3,0,0.0,1.3333333333333333,0.5773502691896257,0.0,0.0,Conviasa,3,0.3333333333333333,CLT-BFI,3,0.3333333333333333,2238.034301547727,1251.1994820084115,0.0,3,149.66666666666666,85.90886644190653,1,0.3333333333333333,0.1,12.2,12.2,436.8,7.333333333333333,5.131601439446884,1.3333333333333333,0.5773502691896257,Crowne Plaza,3,0.3333333333333333,False,True,False,False,True,False,False,False,2001.1,12.2,5,4,4,4.4,1306.3199483161052,3,3601.1520959668474,False,391.075
4926,590227,1975-01-15,48.0,F,False,False,canada,toronto,YYZ,43.677,-79.631,2023-02-12,166,8,11.125,0.25,82.5,1.3333333333333333,12.0,33.0,8.5,0.0,2,2,1.0,0,0.0,2,2,1.0,224.16,121.32538151598783,0.15,20.7555,20.7555,427.5645,1,0.5,2.0,1.414213562373095,1.0,1.414213562373095,AirTran Airways,2,0.5,YYZ-JFK,2,0.5,642.0383534179387,75.58604641009532,0.0,2,229.5,60.10407640085654,1,0.5,0.05,13.6,13.6,445.4,4.0,1.414213562373095,2.0,1.414213562373095,Extended Stay,2,0.5,False,True,False,False,False,False,False,False,872.9645,34.3555,5,2,2,3.2,1139.7440812770924,3,3141.9498664531025,False,112.08
4932,590404,1972-03-23,51.0,F,True,True,usa,san antonio,RND,29.529,-98.279,2023-02-12,166,8,20.375,0.5,152.125,1.3333333333333333,15.0,15.0,7.25,0.0,4,4,1.0,0,0.0,4,4,1.0,499.31,439.812593953379,0.075,13.5045,27.009,1970.231,2,0.5,1.25,0.5,0.5,0.5773502691896257,United Airlines,3,0.5,RND-JFK,3,0.5,2054.6823743696787,1124.4201296159047,0.0,4,95.75,11.7011395456454,0,0.0,0.0,0.0,0.0,383.0,4.0,2.160246899469287,1.25,0.5,Wyndham,3,0.5,False,True,False,False,False,False,False,True,2353.231,27.009,5,4,5,4.75,1536.1913938812938,4,4234.842210756165,False,399.448
4946,590843,1988-11-11,34.0,F,True,True,usa,columbus,LCK,39.814,-82.928,2023-02-13,165,8,8.625,0.25,64.375,1.6,30.0,30.0,7.0,0.0,2,0,0.0,0,0.0,0,0,0.0,0.0,0.0,0.0,0.0,0.0,0.0,0,0.0,0.0,0.0,0.0,0.0,MISSING,0,0.0,MISSING,0,0.0,0.0,0.0,0.0,2,140.5,14.849242404917497,0,0.0,0.0,0.0,0.0,281.0,12.0,7.0710678118654755,1.5,0.7071067811865476,Four Seasons,2,0.5,False,True,True,False,True,False,False,True,281.0,0.0,3,2,1,2.0500000000000003,366.8741247082361,1,1011.3674868489173,False,
4950,590967,1978-04-11,45.0,F,False,True,usa,houston,HOU,29.645,-95.279,2023-02-13,165,9,19.88888888888889,0.5555555555555556,147.88888888888889,1.5,17.0,17.0,8.0,0.0,5,5,1.0,0,0.0,5,5,1.0,387.422,27.02155380432443,0.1,41.593,41.593,1895.517,1,0.2,1.0,0.0,0.4,0.5477225575051661,Allegiant Air,5,0.2,HOU-JFK,4,0.4,2186.18219446024,140.95060855270785,0.0,5,233.4,197.216378630174,0,0.0,0.0,0.0,0.0,1167.0,4.8,6.3796551630946325,1.0,0.0,Crowne Plaza,4,0.4,False,True,False,False,False,False,False,True,3062.517,41.593,4,5,5,4.6,1599.3711655218403,4,4409.010849426456,False,387.422
4952,591003,1977-06-15,46.0,F,False,True,usa,philadelphia,PNE,40.082,-75.011,2023-02-13,165,8,17.0,0.5,127.125,1.6,41.0,79.0,9.0,0.0,4,3,0.75,0,0.0,4,4,1.0,305.5975,301.467067120661,0.0,0.0,0.0,1222.39,0,0.0,1.0,0.0,0.75,0.5,JetBlue Airways,3,0.5,PNE-DEN,4,0.25,1766.1733237094777,1749.416466397564,0.0,3,136.0,55.018178813915675,1,0.3333333333333333,0.1,9.3,9.3,398.7,4.666666666666667,3.7859388972001824,1.0,0.0,Aman Resorts,3,0.3333333333333333,False,True,False,False,True,False,False,False,1621.09,9.3,2,4,4,3.2,1058.2490655218405,2,2917.2913154019775,False,305.5975
4969,592035,1980-07-11,43.0,F,False,True,usa,jacksonville,LRF,34.918,-92.146,2023-02-13,165,9,31.666666666666668,0.4444444444444444,836.8575247777778,2.25,74.0,74.0,8.0,2.0,3,2,0.6666666666666666,1,0.3333333333333333,3,3,1.0,299.465,119.53640135958585,0.3999999999999999,0.0,0.0,598.93,1,0.3333333333333333,1.5,0.5773502691896257,0.6666666666666666,0.5773502691896257,Delta Air Lines,3,0.3333333333333333,LRF-PNE,3,0.3333333333333333,838.9546096239217,459.1854967493171,0.0,2,21.0,0.0,1,0.5,0.0,0.0,0.0,21.0,5.5,3.5355339059327378,1.5,0.7071067811865476,Choice Hotels,2,0.5,False,False,False,False,True,False,False,True,619.93,0.0,1,3,2,1.8499999999999999,539.5878437256863,1,1487.4900263873055,False,199.64333333333332
4982,592445,1987-02-28,36.0,M,False,True,usa,new york,JFK,40.64,-73.779,2023-02-13,165,8,11.25,0.375,84.125,1.6,35.0,87.0,9.0,0.0,3,2,0.6666666666666666,0,0.0,2,2,1.0,1005.48,1388.135464282935,0.0,0.0,0.0,2010.96,0,0.0,2.0,1.414213562373095,0.5,0.7071067811865476,American Airlines,2,0.5,JFK-LSQ,2,0.5,2062.4108246712617,2703.6921002517424,0.0,3,141.0,58.92367945062494,0,0.0,0.0,0.0,0.0,423.0,4.666666666666667,2.8867513459481287,1.6666666666666667,1.1547005383792515,Hilton,2,0.6666666666666666,False,True,False,False,True,False,False,True,2433.96,0.0,3,3,5,3.7,2118.5218139379795,5,5840.161348258104,False,502.74
4984,592598,1973-10-06,49.0,F,True,True,usa,fresno,FAT,36.776,-119.718,2023-02-13,165,7,16.571428571428573,0.5714285714285714,124.71428571428571,1.4,54.0,54.0,54.75,0.0,4,3,0.75,0,0.0,4,4,1.0,1170.1425,1322.696402287766,0.0,0.0,0.0,4680.57,0,0.0,2.0,2.0,2.0,2.0,Air Canada,4,0.25,FAT-BWI,4,0.25,3056.4436361213607,919.1863009534849,0.0,3,69.66666666666667,39.52636251077669,0,0.0,0.0,0.0,0.0,209.0,7.666666666666667,5.507570547286102,1.6666666666666667,1.1547005383792515,Banyan Tree,3,0.3333333333333333,False,True,False,False,True,False,False,True,4889.57,0.0,2,4,5,3.55,3191.9158611203734,5,8799.20306525242,False,585.07125
4994,593350,1976-06-14,47.0,F,False,True,usa,sacramento,MHR,38.554,-121.297,2023-02-14,164,8,20.375,0.5,151.75,1.3333333333333333,13.0,13.0,6.5,0.0,4,4,1.0,0,0.0,4,4,1.0,289.315,345.842980218866,0.0,0.0,0.0,1157.26,0,0.0,1.5,1.0,0.5,0.5773502691896257,Allegiant Air,4,0.25,MHR-ELP,4,0.25,903.6895654087825,434.70469402339666,0.0,4,194.0,63.1453350084813,0,0.0,0.0,0.0,0.0,776.0,4.5,3.109126351029605,1.5,1.0,InterContinental,2,0.5,False,True,False,False,True,False,False,True,1933.26,0.0,5,4,4,4.4,1262.033932977659,3,3479.068163034765,False,192.87666666666667
4995,593385,1978-11-25,44.0,F,True,True,usa,new york,JFK,40.64,-73.779,2023-02-14,164,8,14.25,0.5,106.5,1.6,41.0,82.0,9.25,0.0,4,4,1.0,0,0.0,4,4,1.0,871.14,502.700522975658,0.1,162.05,162.05,3322.51,1,0.25,1.5,1.0,1.0,0.816496580927726,American Airlines,4,0.25,JFK-BIF,4,0.25,3571.9340189695395,472.7211637495205,0.0,4,165.75,65.9159818759204,1,0.25,0.1,26.3,26.3,636.7,5.75,4.193248541803041,1.5,1.0,Extended Stay,4,0.25,False,True,False,False,False,False,False,False,3959.21,188.35,2,4,5,3.55,2584.5759844948316,5,7124.93997794858,False,580.76
5000,593536,1977-10-28,45.0,F,True,True,usa,houston,EFD,29.607,-95.159,2023-02-14,164,8,15.375,0.625,113.125,1.3333333333333333,23.0,44.0,5.8,0.0,5,3,0.6,0,0.0,4,4,1.0,339.6125,134.081235419676,0.0,0.0,0.0,1358.45,0,0.0,1.0,0.0,0.75,0.5,Allegiant Air,4,0.25,EFD-BIF,4,0.25,1826.7730090985503,740.4195476327733,0.0,4,158.25,117.443248706201,0,0.0,0.0,0.0,0.0,633.0,4.5,3.6968455021364726,1.0,0.0,Best Western,4,0.25,False,True,False,False,True,False,False,True,1991.45,0.0,4,5,4,4.25,1040.0163354451483,2,2867.028870726372,False,339.6125
5001,593632,1968-11-07,54.0,F,True,True,usa,dallas,DAL,32.847,-96.852,2023-02-14,164,9,15.777777777777779,0.4444444444444444,116.55555555555556,1.5,7.0,7.0,6.5,0.0,4,2,0.5,0,0.0,4,4,1.0,358.3575,134.147852355774,0.15,74.7615,74.7615,1358.6685,1,0.25,1.0,0.0,0.75,0.5,Delta Air Lines,4,0.25,DAL-BWI,4,0.25,2022.9958044363652,576.2324394905256,0.0,2,123.5,84.14570696119915,1,0.5,0.1,6.4,6.4,240.6,5.0,1.414213562373095,1.0,0.0,Aman Resorts,2,0.5,False,True,False,False,False,False,False,False,1599.2685,81.1615,5,4,4,4.4,1044.0039699483161,2,2878.0216434904587,False,358.3575
5003,593719,1986-10-26,36.0,M,False,True,usa,houston,HOU,29.645,-95.279,2023-02-14,164,8,9.75,0.125,72.5,2.0,57.0,57.0,10.0,0.0,1,1,1.0,0,0.0,1,1,1.0,505.27,0.0,0.0,0.0,0.0,505.27,0,0.0,1.0,0.0,1.0,0.0,Air Canada,1,1.0,HOU-YYC,1,1.0,2848.7165216556127,0.0,0.0,1,55.0,0.0,0,0.0,0.0,0.0,0.0,55.0,7.0,0.0,1.0,0.0,Conrad,1,1.0,False,True,False,True,True,False,True,True,560.27,0.0,2,1,1,1.4,1462.979116372124,4,4033.016810368989,False,505.27
5004,593786,1978-10-13,44.0,F,False,True,canada,vancouver,YVR,49.195,-123.182,2023-02-14,164,8,28.125,0.5,566.92464775,2.0,62.0,97.0,8.0,10.0,3,3,1.0,1,0.3333333333333333,3,3,1.0,431.295,144.963961211054,0.125,26.69,26.69,835.9,2,0.6666666666666666,1.0,0.0,0.6666666666666666,0.5773502691896257,American Airlines,3,0.3333333333333333,YVR-LUF,3,0.3333333333333333,2273.181620045719,562.7638233170442,0.0,3,200.5,174.655374953077,1,0.3333333333333333,0.0,0.0,0.0,401.0,4.666666666666667,4.041451884327381,1.0,0.0,Hyatt,3,0.3333333333333333,False,False,False,False,False,False,False,True,1236.9,26.69,2,3,3,2.5999999999999996,1076.599299766589,3,2967.877685607179,True,431.295
5009,594027,1990-04-08,33.0,F,False,True,usa,san francisco,SFO,37.619,-122.375,2023-02-14,164,8,25.5,0.5,310.747780875,1.3333333333333333,8.0,95.0,9.333333333333334,2.0,3,2,0.6666666666666666,1,0.3333333333333333,2,2,1.0,583.68,0.0,0.15,87.552,87.552,496.128,2,1.0,1.0,0.0,0.5,0.7071067811865476,Delta Air Lines,2,0.5,SFO-LGA,2,0.5,2977.502268552511,830.3351782222102,0.0,3,139.5,27.577164466275352,1,0.3333333333333333,0.0,0.0,0.0,279.0,4.333333333333333,4.041451884327381,1.3333333333333333,0.5773502691896257,Hyatt,3,0.3333333333333333,False,False,False,False,False,False,False,True,775.128,87.552,5,3,2,3.45,674.6723761253752,1,1859.8796141073017,True,583.68
5011,594103,1987-12-09,35.0,F,False,True,usa,tampa,TPA,27.975,-82.533,2023-02-14,164,8,10.5,0.375,78.625,1.6,27.0,27.0,7.666666666666667,0.0,3,2,0.6666666666666666,0,0.0,2,2,1.0,214.02,0.09899494936611665,0.0,0.0,0.0,428.04,0,0.0,1.0,0.0,0.0,0.0,Allegiant Air,2,0.5,TPA-CMH,2,0.5,1290.17790165078,66.64456746738337,0.0,3,228.66666666666666,127.421871487329,0,0.0,0.0,0.0,0.0,686.0,4.333333333333333,5.773502691896257,1.3333333333333333,0.5773502691896257,Fairmont,3,0.3333333333333333,False,True,False,False,True,False,False,True,1114.04,0.0,3,3,3,3.0,969.6618028231632,2,2673.0814591913827,False,214.02
5012,594123,1976-12-08,46.0,F,False,True,canada,quebec,YQB,46.788,-71.398,2023-02-14,164,8,14.625,0.25,111.0,1.6,41.0,135.0,5.5,0.0,2,1,0.5,0,0.0,1,1,1.0,114.9,0.0,0.0,0.0,0.0,114.9,0,0.0,1.0,0.0,1.0,0.0,Delta Air Lines,1,1.0,YQB-JFK,1,1.0,709.8107852901204,0.0,0.0,2,312.0,67.88225099390856,1,0.5,0.05,18.0,18.0,606.0,4.0,4.242640687119285,1.5,0.7071067811865476,Aman Resorts,2,0.5,False,True,False,True,True,False,False,False,720.9,18.0,2,2,2,2.0,941.2083861287095,2,2594.6434920618667,True,114.9
5019,594446,1998-09-01,24.0,F,False,True,canada,montreal,YUL,45.468,-73.741,2023-02-14,164,8,12.875,0.375,96.875,1.3333333333333333,9.0,9.0,97.33333333333333,0.0,3,1,0.3333333333333333,0,0.0,2,2,1.0,2813.455,3082.243103853101,0.15,748.9395,748.9395,4877.9705,1,0.5,1.5,0.7071067811865476,1.0,0.0,Jetstar Pacific,2,0.5,YUL-LSQ,2,0.5,8864.325388286714,6917.895578089215,0.5,2,219.5,154.856385079854,0,0.0,0.0,0.0,0.0,439.0,8.0,5.656854249492381,1.0,0.0,Choice Hotels,2,0.5,False,True,False,False,False,False,False,True,5316.9705,748.9395,5,3,5,4.5,4627.897742080694,5,12757.796185610516,False,1875.6366666666665
5028,594875,2006-04-02,17.0,F,False,True,canada,edmonton,YED,53.667,-113.467,2023-02-15,163,8,14.625,0.125,109.875,1.3333333333333333,13.0,83.0,9.0,0.0,1,0,0.0,0,0.0,0,0,0.0,0.0,0.0,0.0,0.0,0.0,0.0,0,0.0,0.0,0.0,0.0,0.0,MISSING,0,0.0,MISSING,0,0.0,0.0,0.0,0.0,1,222.0,0.0,0,0.0,0.0,0.0,0.0,222.0,5.0,0.0,1.0,0.0,Hyatt,1,1.0,False,True,True,False,True,False,True,True,222.0,0.0,5,1,1,2.6,579.6872290763588,1,1598.0326126723107,False,
5036,595123,1982-12-27,40.0,F,False,True,canada,victoria,YYJ,48.647,-123.426,2023-02-15,163,8,33.5,0.375,962.875,1.3333333333333333,11.0,41.0,145.0,250.0,2,1,0.5,1,0.5,2,2,1.0,624.83,0.0,0.25,156.2075,156.2075,468.6225,2,1.0,1.0,0.0,0.0,0.0,JetBlue Airways,2,0.5,YYJ-IND,2,0.5,3380.5826972767595,207.0826802667332,0.0,1,146.0,0.0,0,0.0,0.0,0.0,0.0,146.0,5.0,0.0,1.0,0.0,Shangri-La,1,1.0,False,False,False,False,False,False,True,True,614.6225,156.2075,5,2,2,3.2,802.4522836778925,2,2212.1324312661873,False,624.83
5057,595897,1998-05-03,25.0,F,False,False,canada,montreal,YMX,45.68,-74.039,2023-02-15,163,8,8.0,0.125,59.875,2.6666666666666665,90.0,146.0,3.0,0.0,1,0,0.0,0,0.0,0,0,0.0,0.0,0.0,0.0,0.0,0.0,0.0,0,0.0,0.0,0.0,0.0,0.0,MISSING,0,0.0,MISSING,0,0.0,0.0,0.0,0.0,1,174.0,0.0,1,1.0,0.1,17.4,17.4,156.6,12.0,0.0,2.0,0.0,Choice Hotels,1,1.0,False,True,True,False,True,False,True,False,156.6,17.4,1,1,1,1.0,408.914504834945,1,1127.2608429931706,True,
5076,596856,1994-02-03,29.0,F,False,True,canada,quebec,YQB,46.788,-71.398,2023-02-15,163,8,15.875,0.375,117.75,1.3333333333333333,24.0,24.0,8.666666666666666,0.0,3,1,0.3333333333333333,0,0.0,1,1,1.0,263.24,0.0,0.0,0.0,0.0,263.24,0,0.0,1.0,0.0,1.0,0.0,JetBlue Airways,1,1.0,YQB-CLT,1,1.0,1513.3116024817696,0.0,0.0,3,140.66666666666666,73.51417096950311,0,0.0,0.0,0.0,0.0,422.0,6.666666666666667,4.932882862316247,1.0,0.0,Choice Hotels,3,0.3333333333333333,False,True,False,True,True,False,False,True,685.24,0.0,4,3,2,3.05,596.4337490274536,1,1644.1979992606218,False,263.24
5077,596863,1985-01-04,38.0,F,True,True,usa,chicago,ORD,41.979,-87.904,2023-02-15,163,8,28.25,0.5,804.07480975,1.3333333333333333,12.0,50.0,71.0,159.0,3,2,0.6666666666666666,1,0.3333333333333333,2,1,0.5,117.72,0.0,0.0,0.0,0.0,117.72,1,0.5,2.6666666666666665,0.7071067811865476,1.0,1.414213562373095,American Airlines,2,0.5,ORD-LGA,2,0.5,659.5755865961595,373.4818342156255,0.0,3,205.5,40.30508652763321,1,0.3333333333333333,0.0,0.0,0.0,411.0,17.0,7.54983443527075,1.6666666666666667,0.5773502691896257,NH Hotel,3,0.3333333333333333,False,False,False,False,True,False,False,True,528.72,0.0,5,3,1,3.1,460.1985461820607,1,1268.6363407989552,False,44.145
5079,597010,1984-05-04,39.0,F,True,False,canada,edmonton,YXD,53.573,-113.521,2023-02-16,162,8,14.5,0.5,107.875,1.3333333333333333,10.0,96.0,7.0,0.0,4,3,0.75,0,0.0,4,4,1.0,567.25,401.554771274522,0.1,40.497,40.497,2228.503,1,0.25,1.75,0.9574271077563381,0.25,0.5,AirTran Airways,4,0.25,YXD-LAX,3,0.5,1900.0309545151567,717.4394612063239,0.0,3,77.33333333333333,14.047538337136984,0,0.0,0.0,0.0,0.0,232.0,4.333333333333333,2.516611478423583,2.0,1.0,Rosewood,2,0.6666666666666666,False,True,False,False,False,False,False,True,2460.503,40.497,5,4,5,4.75,1606.2186556352117,4,4427.887429705021,True,324.14285714285717
5080,597029,1984-09-16,38.0,F,True,False,canada,montreal,YUL,45.468,-73.741,2023-02-16,162,7,15.0,0.5714285714285714,112.42857142857143,1.4,36.0,36.0,10.75,0.0,4,2,0.5,0,0.0,3,3,1.0,436.2033333333333,208.630147709609,0.0,0.0,0.0,1308.61,0,0.0,1.3333333333333333,0.5773502691896257,0.6666666666666666,0.5773502691896257,American Airlines,3,0.3333333333333333,YUL-DEN,3,0.3333333333333333,2289.7586120067467,1624.7412813998405,0.0,3,153.0,46.8081189538738,0,0.0,0.0,0.0,0.0,459.0,8.0,11.269427669584644,2.0,1.0,Aman Resorts,3,0.3333333333333333,False,True,False,False,True,False,False,True,1767.61,0.0,3,4,4,3.6,1153.8974583194397,3,3180.966696492909,False,327.15250000000003
5081,597300,1987-09-04,35.0,F,True,True,usa,new york,JFK,40.64,-73.779,2023-02-16,162,8,11.375,0.25,83.75,1.3333333333333333,20.0,123.0,9.5,0.0,2,2,1.0,0,0.0,2,1,0.5,268.375,237.679802360234,0.05,21.822,21.822,514.928,1,0.5,1.5,0.7071067811865476,0.0,0.0,Delta Air Lines,2,0.5,JFK-AUS,2,0.5,1494.2977094397525,1345.2075368005396,0.0,2,221.0,125.865007051205,0,0.0,0.0,0.0,0.0,442.0,8.0,4.242640687119285,1.5,0.7071067811865476,Aman Resorts,2,0.5,False,True,False,False,False,False,False,True,956.928,21.822,4,2,2,2.8,1249.3669836612203,3,3444.148990944344,True,178.91666666666666
5096,598185,1989-07-21,34.0,F,True,True,usa,cleveland,CLE,41.412,-81.85,2023-02-16,162,8,10.5,0.25,78.5,2.0,59.0,59.0,91.5,0.0,2,1,0.5,0,0.0,1,1,1.0,693.86,0.0,0.0,0.0,0.0,693.86,0,0.0,5.0,0.0,4.0,0.0,Aer Lingus,1,1.0,CLE-JFK,1,1.0,682.214171145925,0.0,0.0,2,140.5,88.38834764831844,0,0.0,0.0,0.0,0.0,281.0,6.5,6.363961030678928,2.0,1.414213562373095,Hyatt,2,0.5,False,True,False,True,True,False,False,True,974.86,0.0,2,2,2,2.0,1272.7790363454485,3,3508.6893531300198,False,138.772
5102,598533,1985-08-14,37.0,F,False,True,canada,victoria,YYJ,48.647,-123.426,2023-02-16,162,8,27.375,0.375,814.7903735,1.6,39.0,101.0,143.0,219.0,2,2,1.0,1,0.5,2,2,1.0,680.07,0.0,0.05,0.0,0.0,680.07,1,0.5,1.6666666666666667,0.7071067811865476,0.5,0.7071067811865476,China Eastern Airlines,2,0.5,YYJ-MFM,2,0.5,3953.9097044366417,4506.477166979294,0.0,2,170.0,0.0,1,0.5,0.0,0.0,0.0,170.0,7.5,6.363961030678928,1.0,0.0,Hyatt,2,0.5,False,False,False,False,True,False,False,True,850.07,0.0,3,2,2,2.4000000000000004,1109.8529793264422,3,3059.5486104827733,True,408.04200000000003
5113,599239,1985-01-03,38.0,F,False,True,usa,nashville,BNA,36.124,-86.678,2023-02-16,162,10,10.6,0.2,79.3,1.6666666666666667,15.0,125.0,5.5,0.0,2,1,0.5,0,0.0,1,1,1.0,464.9,0.0,0.0,0.0,0.0,464.9,0,0.0,1.0,0.0,0.0,0.0,Southwest Airlines,1,1.0,BNA-PHX,1,1.0,2356.8773430529754,0.0,0.0,2,134.5,47.37615433949868,0,0.0,0.0,0.0,0.0,269.0,4.5,4.949747468305833,1.0,0.0,Marriott,2,0.5,False,True,False,True,True,False,False,True,733.9,0.0,5,2,2,3.2,958.1812104034677,2,2641.4327352256955,True,464.9
5120,599649,1968-04-21,55.0,F,True,True,usa,new york,JFK,40.64,-73.779,2023-02-17,161,8,49.0,0.625,1079.75,1.3333333333333333,10.0,29.0,8.0,6.0,4,4,1.0,1,0.25,4,4,1.0,1106.8333333333333,968.944263223295,0.15,61.35,61.35,3259.15,2,0.5,1.6,0.9574271077563381,0.75,0.9574271077563381,Ryanair,4,0.25,JFK-PNE,4,0.25,3085.4699683477797,1996.8925073781913,0.0,4,248.0,91.93475947648963,2,0.5,0.15,28.5,28.5,715.5,5.0,1.1547005383792515,1.75,0.9574271077563381,Crowne Plaza,4,0.25,False,False,False,False,False,False,False,False,3974.65,89.85,5,4,5,4.75,2594.6552309103035,5,7152.725590042793,False,691.7708333333333
5125,599833,1980-06-20,43.0,F,True,True,usa,el paso,BIF,31.849,-106.38,2023-02-17,161,8,23.5,0.5,172.0,1.6,41.0,41.0,9.5,0.0,4,4,1.0,0,0.0,4,4,1.0,326.4375,179.046024134392,0.1,35.965,35.965,1269.785,1,0.25,1.0,0.0,0.25,0.5,Ryanair,4,0.25,BIF-LGA,4,0.25,1802.7085920634797,1026.3326047237229,0.0,4,102.75,44.14653629297169,0,0.0,0.0,0.0,0.0,411.0,5.5,3.6968455021364726,1.0,0.0,Extended Stay,4,0.25,False,True,False,False,False,False,False,True,1680.785,35.965,2,4,4,3.2,1097.2180172557519,3,3024.7176181198533,False,326.4375
5133,600163,1969-05-17,54.0,M,True,True,usa,minneapolis,MSP,44.88,-93.217,2023-02-17,161,8,14.875,0.125,111.25,1.6,51.0,144.0,4.0,0.0,1,0,0.0,0,0.0,0,0,0.0,0.0,0.0,0.0,0.0,0.0,0.0,0,0.0,0.0,0.0,0.0,0.0,MISSING,0,0.0,MISSING,0,0.0,0.0,0.0,0.0,1,66.0,0.0,0,0.0,0.0,0.0,0.0,66.0,5.0,0.0,2.0,0.0,Extended Stay,1,1.0,False,True,True,False,True,False,True,True,66.0,0.0,2,1,1,1.4,172.33944648216072,1,475.0907767404167,True,
5134,600265,1988-10-27,34.0,F,False,True,canada,victoria,YYJ,48.647,-123.426,2023-02-17,161,8,15.625,0.125,115.75,1.6,34.0,34.0,225.0,0.0,1,1,1.0,0,0.0,1,1,1.0,460.28,0.0,0.0,0.0,0.0,460.28,0,0.0,1.0,0.0,0.0,0.0,AirTran Airways,1,1.0,YYJ-OKC,1,1.0,2572.639169401979,0.0,0.0,1,85.0,0.0,0,0.0,0.0,0.0,0.0,85.0,17.0,0.0,1.0,0.0,Marriott,1,1.0,False,True,False,True,True,False,True,True,545.28,0.0,3,1,1,1.8000000000000003,1423.837172390797,4,3925.113617288097,False,460.28
5147,600833,1952-01-01,71.0,F,True,False,usa,san diego,SAN,32.733,-117.189,2023-02-17,161,8,9.75,0.125,73.5,1.3333333333333333,21.0,160.0,4.0,0.0,1,0,0.0,0,0.0,0,0,0.0,0.0,0.0,0.0,0.0,0.0,0.0,0,0.0,0.0,0.0,0.0,0.0,MISSING,0,0.0,MISSING,0,0.0,0.0,0.0,0.0,1,138.0,0.0,0,0.0,0.0,0.0,0.0,138.0,9.0,0.0,2.0,0.0,Fairmont,1,1.0,False,True,True,False,True,False,True,True,138.0,0.0,4,1,1,2.2,360.3461153717906,1,993.3716240935985,True,
5157,601582,1971-06-27,52.0,M,False,True,usa,sacramento,SMF,38.695,-121.591,2023-02-17,161,8,10.625,0.25,80.0,1.6,33.0,81.0,10.0,0.0,2,1,0.5,0,0.0,1,1,1.0,188.89,0.0,0.0,0.0,0.0,188.89,0,0.0,1.0,0.0,0.0,0.0,American Airlines,1,1.0,SMF-PHX,1,1.0,1005.8010434955104,0.0,0.0,2,284.0,326.683332908185,0,0.0,0.0,0.0,0.0,568.0,9.5,6.363961030678928,1.0,0.0,Accor,2,0.5,False,True,False,True,True,False,False,True,756.89,0.0,3,2,2,2.4000000000000004,988.1969973324441,2,2724.1777121746513,False,188.89
5163,602190,1979-07-13,44.0,F,False,True,usa,houston,HOU,29.645,-95.279,2023-02-18,160,8,10.5,0.25,78.75,1.6,39.0,39.0,7.5,0.0,2,1,0.5,0,0.0,1,1,1.0,247.69,0.0,0.0,0.0,0.0,247.69,0,0.0,1.0,0.0,0.0,0.0,Allegiant Air,1,1.0,HOU-CMH,1,1.0,1610.4793927943972,0.0,0.0,2,205.0,149.906637611548,0,0.0,0.0,0.0,0.0,410.0,7.5,3.5355339059327378,1.0,0.0,Wyndham,1,1.0,False,True,False,True,True,False,False,True,657.69,0.0,3,2,2,2.4000000000000004,858.6812920973658,2,2367.139795109126,False,247.69
5168,602598,1992-06-01,31.0,F,True,True,usa,new york,LGA,40.777,-73.872,2023-02-18,160,6,16.166666666666668,0.3333333333333333,120.66666666666667,1.5,43.0,43.0,9.0,0.0,2,1,0.5,0,0.0,1,1,1.0,425.03,0.0,0.0,0.0,0.0,425.03,0,0.0,1.0,0.0,1.0,0.0,Virgin Atlantic Airways,1,1.0,LGA-HOU,1,1.0,2289.204193662252,0.0,0.0,2,76.0,60.81118318204309,0,0.0,0.0,0.0,0.0,152.0,6.0,2.8284271247461903,1.5,0.7071067811865476,NH Hotel,2,0.5,False,True,False,True,True,False,False,True,577.03,0.0,2,2,1,1.65,753.3714454818272,2,2076.830537140323,False,425.03
5180,602962,1983-07-02,40.0,F,True,True,canada,ottawa,YOW,45.323,-75.669,2023-02-18,160,8,18.375,0.375,136.375,1.3333333333333333,19.0,40.0,9.333333333333334,0.0,3,3,1.0,0,0.0,3,3,1.0,238.19666666666666,217.392954194319,0.2,18.89,18.89,695.7,1,0.3333333333333333,1.0,0.0,0.6666666666666666,0.5773502691896257,AirTran Airways,3,0.3333333333333333,YOW-AUS,3,0.3333333333333333,1259.8157533770902,1117.9790993953131,0.0,3,121.66666666666667,61.85736280616345,0,0.0,0.0,0.0,0.0,365.0,4.0,2.6457513110645907,1.0,0.0,Aman Resorts,3,0.3333333333333333,False,True,False,False,False,False,False,True,1060.7,18.89,4,3,3,3.4,923.234600422363,2,2545.0948832755553,False,238.19666666666666
5183,603100,1998-05-10,25.0,F,False,True,usa,fort worth,FTW,32.82,-97.362,2023-02-18,160,8,7.875,0.125,58.375,1.3333333333333333,9.0,119.0,5.0,0.0,1,0,0.0,0,0.0,0,0,0.0,0.0,0.0,0.0,0.0,0.0,0.0,0,0.0,0.0,0.0,0.0,0.0,MISSING,0,0.0,MISSING,0,0.0,0.0,0.0,0.0,1,144.0,0.0,0,0.0,0.0,0.0,0.0,144.0,17.0,0.0,1.0,0.0,Aman Resorts,1,1.0,False,True,True,False,True,False,True,True,144.0,0.0,5,1,1,2.6,376.01333777925976,1,1036.5616947063638,True,
5226,606041,1968-02-20,55.0,F,False,True,canada,vancouver,YVR,49.195,-123.182,2023-02-19,159,8,11.5,0.25,85.375,1.3333333333333333,19.0,77.0,6.0,0.0,2,1,0.5,0,0.0,2,2,1.0,631.015,64.11337185018427,0.0,0.0,0.0,1262.03,0,0.0,1.0,0.0,0.5,0.7071067811865476,AirTran Airways,2,0.5,YVR-CMH,2,0.5,3617.9068390676057,441.66799965113347,0.0,1,246.0,0.0,0,0.0,0.0,0.0,0.0,246.0,5.0,0.0,1.0,0.0,InterContinental,1,1.0,False,True,False,False,True,False,True,True,1508.03,0.0,4,2,3,3.15,1968.886783927976,5,5427.660182180686,False,631.015
5229,606161,1977-05-01,46.0,F,True,True,usa,orlando,MCO,28.429,-81.316,2023-02-19,159,8,11.875,0.375,87.875,1.3333333333333333,11.0,11.0,6.333333333333333,0.0,3,1,0.3333333333333333,0,0.0,1,1,1.0,297.15,0.0,0.0,0.0,0.0,297.15,0,0.0,1.0,0.0,1.0,0.0,American Airlines,1,1.0,MCO-ORD,1,1.0,1595.2061208619393,0.0,0.0,3,544.3333333333334,722.155338783377,0,0.0,0.0,0.0,0.0,1633.0,5.666666666666667,1.1547005383792515,1.3333333333333333,0.5773502691896257,Shangri-La,2,0.6666666666666666,False,True,False,True,True,False,False,True,1930.15,0.0,5,3,4,4.15,1680.0049627653661,4,4631.295266290481,False,297.15
5246,607280,1987-12-02,35.0,F,True,True,usa,omaha,OMA,41.302,-95.894,2023-02-20,158,8,17.25,0.125,129.25,2.0,62.0,148.0,5.0,0.0,1,1,1.0,0,0.0,1,1,1.0,264.94,0.0,0.1,26.494,26.494,238.446,1,1.0,1.0,0.0,1.0,0.0,United Airlines,1,1.0,OMA-BIF,1,1.0,1405.5275813305389,0.0,0.0,1,244.0,0.0,0,0.0,0.0,0.0,0.0,244.0,6.0,0.0,1.0,0.0,Conrad,1,1.0,False,True,False,True,False,False,True,True,482.446,26.494,2,1,1,1.4,1259.764796932311,3,3472.8128011410167,True,264.94
5250,607706,1986-01-05,37.0,F,False,False,canada,calgary,YYC,51.114,-114.02,2023-02-20,158,8,13.875,0.25,103.5,1.3333333333333333,9.0,46.0,5.5,0.0,2,0,0.0,0,0.0,1,1,1.0,321.79,0.0,0.0,0.0,0.0,321.79,0,0.0,1.0,0.0,1.0,0.0,Ryanair,1,1.0,YYC-UGN,1,1.0,2247.14265917744,0.0,0.0,1,84.0,0.0,0,0.0,0.0,0.0,0.0,84.0,4.0,0.0,2.0,0.0,Hyatt,1,1.0,False,True,False,True,True,False,True,True,405.79,0.0,5,2,1,2.85,529.8001817272424,1,1460.5082294961642,False,321.79
5253,607949,2006-02-20,17.0,F,False,False,usa,new york,JFK,40.64,-73.779,2023-02-20,158,8,12.25,0.25,91.75,2.0,82.0,134.0,5.0,0.0,2,0,0.0,0,0.0,1,1,1.0,572.0,0.0,0.0,0.0,0.0,572.0,0,0.0,1.0,0.0,0.0,0.0,Southwest Airlines,1,1.0,JFK-PHX,1,1.0,3484.7626473984324,0.0,0.0,1,111.0,0.0,0,0.0,0.0,0.0,0.0,111.0,12.0,0.0,2.0,0.0,Accor,1,1.0,False,True,False,True,True,False,True,True,683.0,0.0,1,2,2,1.6,891.7260753584528,2,2458.23485237655,True,572.0
5256,608086,1996-10-02,26.0,F,False,False,usa,new york,LGA,40.777,-73.872,2023-02-20,158,8,39.625,0.5,1009.0,1.3333333333333333,1.0,61.0,70.0,137.0,3,2,0.6666666666666666,1,0.3333333333333333,3,1,0.3333333333333333,227.08,243.668996796884,0.3,16.434,16.434,437.726,2,0.6666666666666666,2.0,1.0,0.3333333333333333,0.5773502691896257,American Airlines,3,0.3333333333333333,LGA-DCA,3,0.3333333333333333,674.0500375713652,218.05943552090548,0.0,2,168.0,62.22539674441618,0,0.0,0.0,0.0,0.0,336.0,4.0,2.8284271247461903,2.0,1.414213562373095,Four Seasons,2,0.5,False,False,False,False,False,False,False,True,773.726,16.434,5,3,2,3.45,673.4520735800821,1,1856.5155874962404,False,113.54
5265,608727,1969-02-01,54.0,F,False,True,canada,hamilton,YHM,43.173,-79.935,2023-02-20,158,8,22.5,0.5,166.375,1.3333333333333333,8.0,8.0,9.0,0.0,4,2,0.5,0,0.0,2,2,1.0,328.685,288.747054097527,0.05,26.643,26.643,630.727,1,0.5,1.0,0.0,0.0,0.0,Allegiant Air,2,0.5,YHM-IND,2,0.5,1873.553696657581,1724.1896397516105,0.0,4,149.0,68.27395794395791,0,0.0,0.0,0.0,0.0,596.0,7.75,6.238322424070967,1.0,0.0,Marriott,3,0.5,False,True,False,False,False,False,False,True,1226.727,26.643,5,4,3,4.05,800.8085309269757,2,2207.6010730243984,False,328.685
5268,608820,1983-12-05,39.0,F,True,True,usa,san diego,NZY,32.699,-117.215,2023-02-20,158,8,14.125,0.375,104.5,2.6666666666666665,110.0,110.0,59.0,0.0,3,2,0.6666666666666666,0,0.0,2,2,1.0,7237.175,9241.001746631693,0.1,1050.43625,2100.8725,12373.4775,2,1.0,3.5,3.5355339059327378,3.5,2.1213203435596424,AirTran Airways,2,0.5,NZY-LGA,2,0.5,8617.017294136913,6625.896505991211,0.5,3,138.0,16.522711641858304,1,0.3333333333333333,0.1,15.7,15.7,398.3,7.333333333333333,5.507570547286102,2.0,1.0,Fairmont,3,0.3333333333333333,False,True,False,False,False,False,False,False,12771.7775,2116.5725,1,3,5,2.9,11116.571035067245,5,30645.220670862513,True,2067.764285714286
5274,609102,1981-12-06,41.0,F,False,True,usa,new york,LGA,40.777,-73.872,2023-02-21,157,8,15.625,0.125,115.375,1.6,43.0,128.0,10.0,0.0,1,1,1.0,0,0.0,1,1,1.0,198.24,0.0,0.0,0.0,0.0,198.24,0,0.0,1.0,0.0,2.0,0.0,AirTran Airways,1,1.0,LGA-MDW,1,1.0,1163.9512039219505,0.0,0.0,1,206.0,0.0,0,0.0,0.0,0.0,0.0,206.0,4.0,0.0,1.0,0.0,InterContinental,1,1.0,False,True,False,True,True,False,True,True,404.24,0.0,2,1,1,1.4,1055.5529976658886,2,2909.859024084031,True,198.24
5281,609243,1986-07-21,37.0,M,False,True,usa,minneapolis,MSP,44.88,-93.217,2023-02-21,157,8,16.625,0.375,124.75,1.6,28.0,59.0,11.0,0.0,3,2,0.6666666666666666,0,0.0,2,2,1.0,578.47,225.849905910983,0.1,41.877,41.877,1115.063,1,0.5,1.5,0.7071067811865476,1.0,0.0,Allegiant Air,2,0.5,MSP-LAS,2,0.5,2277.826222958387,268.3844282220572,0.0,3,207.66666666666666,131.153853673208,0,0.0,0.0,0.0,0.0,623.0,5.666666666666667,5.686240703077327,1.3333333333333333,0.5773502691896257,Choice Hotels,3,0.3333333333333333,False,True,False,False,False,False,False,True,1738.063,41.877,3,3,4,3.35,1512.8121988440591,4,4170.3924277463575,False,385.6466666666667
5294,610226,1966-09-06,56.0,F,False,True,usa,houston,IAH,29.98,-95.34,2023-02-21,157,8,15.0,0.125,112.25,1.6,48.0,72.0,5.0,0.0,1,1,1.0,0,0.0,1,1,1.0,248.2,0.0,0.0,0.0,0.0,248.2,0,0.0,1.0,0.0,1.0,0.0,American Airlines,1,1.0,IAH-CLT,1,1.0,1467.008169644523,0.0,0.0,1,372.0,0.0,0,0.0,0.0,0.0,0.0,372.0,6.0,0.0,1.0,0.0,Four Seasons,1,1.0,False,True,False,True,True,False,True,True,620.2,0.0,2,1,2,1.75,1619.4685561853953,4,4464.413632339492,False,248.2
5295,610280,1965-10-20,57.0,F,True,True,canada,toronto,YKZ,43.862,-79.37,2023-02-21,157,9,15.777777777777779,0.2222222222222222,116.33333333333333,1.8,47.0,47.0,11.0,0.0,2,0,0.0,0,0.0,0,0,0.0,0.0,0.0,0.0,0.0,0.0,0.0,0,0.0,0.0,0.0,0.0,0.0,MISSING,0,0.0,MISSING,0,0.0,0.0,0.0,0.0,2,117.5,71.4177848998413,0,0.0,0.0,0.0,0.0,235.0,9.0,4.242640687119285,1.0,0.0,Crowne Plaza,2,0.5,False,True,True,False,True,False,False,True,235.0,0.0,2,2,1,1.65,306.81643881293763,1,845.8055494999842,False,
5298,610338,2005-05-11,18.0,F,False,True,usa,columbus,CMH,39.998,-82.892,2023-02-21,157,8,11.375,0.375,150.5,1.6,46.0,47.0,116.0,224.0,2,2,1.0,1,0.5,2,2,1.0,147.31,0.0,0.0,0.0,0.0,147.31,1,0.5,1.6666666666666667,0.7071067811865476,1.0,0.0,Alaska Airlines,2,0.5,CMH-TUS,2,0.5,775.5475076244146,1324.5541766028825,0.0,2,109.0,0.0,1,0.5,0.0,0.0,0.0,109.0,11.0,7.0710678118654755,1.0,0.0,Radisson,2,0.5,False,False,False,False,True,False,False,True,256.31,0.0,2,2,1,1.65,334.6388146048683,1,922.5039165631531,False,88.386
5305,610763,1999-01-08,24.0,F,False,True,usa,milwaukee,MKE,42.947,-87.896,2023-02-21,157,8,23.5,0.375,500.13325175,1.3333333333333333,24.0,28.0,6.5,2.0,2,1,0.5,1,0.5,1,1,1.0,249.61,0.0,0.0,0.0,0.0,249.61,0,0.0,1.0,0.0,1.0,0.0,AirTran Airways,1,1.0,MKE-DAL,1,1.0,1368.8881560524928,0.0,0.0,2,157.0,0.0,1,0.5,0.0,0.0,0.0,157.0,5.0,2.8284271247461903,1.0,0.0,NH Hotel,2,0.5,False,False,False,True,True,False,False,True,406.61,0.0,4,2,1,2.45,530.8707752584195,1,1463.4595509880367,False,249.61
5312,611087,1985-04-07,38.0,F,False,True,usa,buffalo,BUF,42.94,-78.732,2023-02-22,156,9,12.0,0.2222222222222222,89.44444444444444,1.5,24.0,24.0,8.5,0.0,2,1,0.5,0,0.0,1,1,1.0,663.66,0.0,0.05,33.183,33.183,630.477,1,1.0,1.0,0.0,1.0,0.0,Delta Air Lines,1,1.0,BUF-LAX,1,1.0,3561.1385648460955,0.0,0.0,2,239.0,62.22539674441618,2,1.0,0.075,19.025,38.05,439.95,4.0,1.414213562373095,1.0,0.0,Aman Resorts,2,0.5,False,True,False,True,False,False,False,False,1070.427,71.233,4,2,3,3.15,1397.5514899966654,4,3852.65147631753,False,663.66
5313,611126,1972-09-09,50.0,F,True,True,usa,miami,OPF,25.907,-80.278,2023-02-22,156,8,9.75,0.25,73.625,1.6,49.0,49.0,6.0,0.0,2,2,1.0,0,0.0,2,2,1.0,901.66,766.744167111821,0.0,0.0,0.0,1803.32,0,0.0,1.5,0.7071067811865476,0.5,0.7071067811865476,Kenmore Air,2,0.5,OPF-BFI,2,0.5,3319.2318338387367,1491.3952737856182,0.0,2,130.5,103.94469683442249,0,0.0,0.0,0.0,0.0,261.0,4.0,0.0,1.5,0.7071067811865476,Conrad,2,0.5,False,True,False,False,True,False,False,True,2064.32,0.0,2,2,4,2.7,2695.1800466822274,5,7429.843880611947,False,601.1066666666667
5323,612002,1980-10-03,42.0,F,False,True,usa,los angeles,LAX,33.942,-118.408,2023-02-22,156,9,32.666666666666664,0.5555555555555556,802.4916878888889,1.5,17.0,37.0,61.5,205.0,4,2,0.5,1,0.25,3,2,0.6666666666666666,619.89,130.843038790759,0.0,0.0,0.0,1239.78,1,0.3333333333333333,1.5,0.5773502691896257,0.6666666666666666,0.5773502691896257,Delta Air Lines,2,0.6666666666666666,LAX-LGA,3,0.3333333333333333,3443.5709572088376,612.7290071077537,0.0,3,99.0,2.6457513110645907,0,0.0,0.0,0.0,0.0,297.0,8.666666666666666,4.725815626252609,1.0,0.0,Hilton,3,0.3333333333333333,False,False,False,False,True,False,False,True,1536.78,0.0,4,4,4,4.0,1003.2114188062687,2,2765.5681965118847,False,413.26
5324,612128,1978-10-23,44.0,M,True,True,usa,phoenix,PHX,33.434,-112.008,2023-02-22,156,8,10.75,0.25,80.375,1.3333333333333333,20.0,133.0,7.0,0.0,2,1,0.5,0,0.0,1,1,1.0,263.56,0.0,0.0,0.0,0.0,263.56,0,0.0,1.0,0.0,2.0,0.0,United Airlines,1,1.0,PHX-IAH,1,1.0,1650.6704199838907,0.0,0.0,2,247.0,79.19595949289332,1,0.5,0.2,60.6,60.6,433.4,4.0,1.414213562373095,1.5,0.7071067811865476,Choice Hotels,2,0.5,False,True,False,True,True,False,False,False,696.96,60.6,4,2,2,2.8,909.9522774258086,2,2508.4793011894003,True,263.56
5325,612175,1986-09-09,36.0,F,True,True,usa,little rock,LIT,34.729,-92.224,2023-02-22,156,8,12.125,0.375,90.375,1.6,47.0,85.0,6.666666666666667,0.0,3,2,0.6666666666666666,0,0.0,2,2,1.0,304.755,35.60282643274267,0.0,0.0,0.0,609.51,0,0.0,1.0,0.0,1.5,0.7071067811865476,Delta Air Lines,2,0.5,LIT-JFK,2,0.5,1675.5065978607972,100.89601729469474,0.0,3,290.6666666666667,289.904007101201,0,0.0,0.0,0.0,0.0,872.0,4.333333333333333,5.773502691896257,1.6666666666666667,1.1547005383792515,Banyan Tree,3,0.3333333333333333,False,True,False,False,True,False,False,True,1481.51,0.0,2,3,3,2.5999999999999996,1289.508148271646,3,3554.806750750983,False,304.755
5352,614632,1972-06-04,51.0,F,True,True,usa,baltimore,BWI,39.175,-76.668,2023-02-23,155,8,11.125,0.25,83.25,1.3333333333333333,11.0,109.0,8.0,0.0,2,0,0.0,0,0.0,1,1,1.0,104.24,0.0,0.0,0.0,0.0,104.24,0,0.0,1.0,0.0,1.0,0.0,American Airlines,1,1.0,BWI-YKZ,1,1.0,567.5617980537027,0.0,0.0,1,111.0,0.0,0,0.0,0.0,0.0,0.0,111.0,7.0,0.0,1.0,0.0,Hilton,1,1.0,False,True,False,True,True,False,True,True,215.24,0.0,5,2,1,2.85,281.0177459153051,1,774.6858998909644,True,104.24
5374,616461,1993-03-03,30.0,F,False,True,canada,london,YXU,43.036,-81.154,2023-02-24,154,8,16.75,0.25,125.25,1.3333333333333333,21.0,60.0,8.0,0.0,2,1,0.5,0,0.0,2,2,1.0,283.42,236.201949187554,0.0,0.0,0.0,566.84,0,0.0,1.0,0.0,0.5,0.7071067811865476,Emirates,2,0.5,YXU-ELP,2,0.5,1601.3494070010315,1322.4651780560744,0.0,1,270.0,0.0,0,0.0,0.0,0.0,0.0,270.0,4.0,0.0,1.0,0.0,Conrad,1,1.0,False,True,False,False,True,False,True,True,836.84,0.0,4,2,2,2.8,1092.5798666222074,3,3011.931557632199,False,283.42
5382,616752,2006-03-15,17.0,F,False,True,usa,honolulu,HNL,21.316,-157.927,2023-02-24,154,9,11.777777777777779,0.2222222222222222,87.55555555555556,1.5,23.0,23.0,9.0,0.0,2,1,0.5,0,0.0,1,1,1.0,1046.34,0.0,0.0,0.0,0.0,1046.34,0,0.0,1.0,0.0,1.0,0.0,Delta Air Lines,1,1.0,HNL-SKF,1,1.0,5996.864083672993,0.0,1.0,2,289.5,180.31222920257,0,0.0,0.0,0.0,0.0,579.0,6.5,2.1213203435596424,1.0,0.0,Accor,2,0.5,False,True,False,True,True,False,False,True,1625.34,0.0,4,2,4,3.5,2122.04693897966,5,5849.879114145976,False,1046.34
5387,616992,1986-10-23,36.0,F,False,True,usa,san antonio,SAT,29.534,-98.47,2023-02-24,154,8,40.375,0.5,1012.5,1.6,28.0,78.0,70.0,147.0,3,1,0.3333333333333333,1,0.3333333333333333,3,3,1.0,314.985,272.511882401484,0.0,0.0,0.0,629.97,1,0.3333333333333333,1.0,0.0,0.6666666666666666,0.5773502691896257,United Airlines,3,0.3333333333333333,SAT-VIR,3,0.3333333333333333,1603.7060280381006,7891.4906171799785,0.0,1,1063.0,0.0,0,0.0,0.0,0.0,0.0,1063.0,4.0,0.0,1.0,0.0,Starwood,1,1.0,False,False,False,False,True,False,True,True,1692.97,0.0,3,3,4,3.35,1473.5631955096144,4,4062.194102516279,False,314.985
5392,617407,1982-10-02,40.0,F,True,True,usa,honolulu,HNL,21.316,-157.927,2023-02-24,154,8,21.0,0.25,156.375,1.3333333333333333,22.0,77.0,6.5,0.0,2,2,1.0,0,0.0,2,2,1.0,1476.69,1088.350473331086,0.05,112.3135,112.3135,2841.0665,1,0.5,1.5,0.7071067811865476,0.0,0.0,American Airlines,1,1.0,HNL-FTW,2,0.5,5080.270302399777,1373.9899491913366,0.5,2,99.5,9.192388155425117,0,0.0,0.0,0.0,0.0,199.0,4.0,1.414213562373095,1.5,0.7071067811865476,Shangri-La,1,1.0,False,True,False,False,False,False,False,True,3040.0665,112.3135,4,2,5,3.85,3969.1164990830275,5,10941.723900208484,False,984.46
5394,617506,1979-12-02,43.0,F,True,False,canada,halifax,YHZ,44.881,-63.509,2023-02-24,154,8,11.75,0.25,88.25,1.3333333333333333,11.0,11.0,9.0,0.0,2,2,1.0,0,0.0,2,2,1.0,1216.54,1485.150514661729,0.0,0.0,0.0,2433.08,0,0.0,2.0,1.414213562373095,1.0,0.0,American Airlines,2,0.5,YHZ-LGA,2,0.5,2858.017955287286,2682.919387974094,0.0,2,200.0,49.49747468305833,0,0.0,0.0,0.0,0.0,400.0,6.0,5.656854249492381,2.0,1.414213562373095,Crowne Plaza,2,0.5,False,True,False,False,True,False,False,True,2833.08,0.0,5,2,5,4.25,3698.874538179393,5,10196.743770967725,False,608.27
5403,618157,1986-06-17,37.0,F,True,True,usa,detroit,DTW,42.212,-83.353,2023-02-25,153,8,34.25,0.5,1009.75,1.6,47.0,50.0,79.0,222.0,3,3,1.0,1,0.3333333333333333,3,2,0.6666666666666666,86.615,48.13275859536829,0.0,0.0,0.0,173.23,1,0.3333333333333333,3.0,2.309401076758503,2.3333333333333335,1.5275252316519468,Ryanair,2,0.6666666666666666,DTW-STN,3,0.3333333333333333,831.7379570565652,644.9641017522239,0.0,3,736.5,593.262589415513,2,0.6666666666666666,0.15,173.4,173.4,1299.6,6.666666666666667,3.511884584284246,1.6666666666666667,1.1547005383792515,Four Seasons,3,0.3333333333333333,False,False,False,False,True,False,False,False,1472.83,173.4,2,3,3,2.5999999999999996,1281.9530654662665,3,3533.9795389221613,False,28.871666666666666
5407,618266,1980-11-15,42.0,F,False,True,usa,miami,OPF,25.907,-80.278,2023-02-25,153,8,20.5,0.375,538.261396625,1.3333333333333333,6.0,23.0,170.5,319.0,2,1,0.5,1,0.5,2,2,1.0,309.68,0.0,0.0,0.0,0.0,309.68,1,0.5,1.6666666666666667,0.7071067811865476,1.0,0.0,United Airlines,2,0.5,OPF-PNE,2,0.5,1851.7944753307493,162.68571470872004,0.0,1,367.0,0.0,1,1.0,0.1,36.7,36.7,330.3,4.0,0.0,1.0,0.0,Aman Resorts,1,1.0,False,False,False,False,True,False,True,False,639.98,36.7,5,2,2,3.2,835.5590830276759,2,2303.398449229787,False,185.808
5409,618343,1984-04-27,39.0,M,True,True,usa,new york,LGA,40.777,-73.872,2023-02-25,153,8,14.625,0.125,109.125,1.6,37.0,89.0,7.0,0.0,1,0,0.0,0,0.0,0,0,0.0,0.0,0.0,0.0,0.0,0.0,0.0,0,0.0,0.0,0.0,0.0,0.0,MISSING,0,0.0,MISSING,0,0.0,0.0,0.0,0.0,1,88.0,0.0,0,0.0,0.0,0.0,0.0,88.0,6.0,0.0,2.0,0.0,Best Western,1,1.0,False,True,True,False,True,False,True,True,88.0,0.0,3,1,1,1.8000000000000003,229.78592864288095,1,633.4543689872222,False,
5410,618392,1983-12-18,39.0,F,True,True,usa,denver,DEN,39.858,-104.667,2023-02-25,153,8,16.25,0.25,120.875,1.6,29.0,119.0,7.0,0.0,2,0,0.0,0,0.0,1,1,1.0,366.58,0.0,0.0,0.0,0.0,366.58,0,0.0,1.0,0.0,1.0,0.0,Air Canada,1,1.0,DEN-YYZ,1,1.0,2132.860075797709,0.0,0.0,1,65.0,0.0,0,0.0,0.0,0.0,0.0,65.0,9.0,0.0,1.0,0.0,Radisson,1,1.0,False,True,False,True,True,False,True,True,431.58,0.0,3,2,1,2.0500000000000003,563.4716538846282,1,1553.3308895880987,True,366.58
5412,618429,1977-06-14,46.0,M,False,True,usa,philadelphia,PHL,39.872,-75.241,2023-02-25,153,8,21.25,0.375,156.625,1.6,35.0,35.0,9.0,0.0,3,3,1.0,0,0.0,3,2,0.6666666666666666,390.36333333333334,195.872273773838,0.0,0.0,0.0,1171.09,0,0.0,1.0,0.0,1.0,1.0,American Airlines,3,0.3333333333333333,PHL-LAX,3,0.3333333333333333,2940.2595390401634,1586.7048980557029,0.0,3,128.66666666666666,71.86329614854397,1,0.3333333333333333,0.15,29.4,29.4,356.6,4.0,2.6457513110645907,1.0,0.0,Hilton,3,0.3333333333333333,False,True,False,False,True,False,False,False,1527.69,29.4,3,3,4,3.35,1329.703277759253,3,3665.6132763564,False,390.36333333333334
5413,618535,1995-06-28,28.0,F,False,True,usa,indianapolis,IND,39.717,-86.294,2023-02-25,153,8,14.375,0.375,106.25,1.3333333333333333,8.0,8.0,6.0,0.0,3,3,1.0,0,0.0,3,3,1.0,574.49,438.839829892411,0.0,0.0,0.0,1723.47,0,0.0,1.6666666666666667,0.5773502691896257,1.0,1.0,American Airlines,2,0.6666666666666666,IND-AUS,3,0.3333333333333333,1778.7649830074213,1018.0710798330238,0.0,3,160.66666666666666,96.74881566889248,0,0.0,0.0,0.0,0.0,482.0,9.666666666666666,10.785793124908958,1.6666666666666667,0.5773502691896257,Choice Hotels,3,0.3333333333333333,False,True,False,False,True,False,False,True,2205.47,0.0,5,3,5,4.5,1919.6438335000555,5,5291.911390796397,False,344.694
5416,618759,2000-04-13,23.0,F,False,True,usa,san diego,SAN,32.733,-117.189,2023-02-25,153,8,11.75,0.25,86.625,1.3333333333333333,13.0,71.0,9.5,0.0,2,0,0.0,0,0.0,1,1,1.0,117.77,0.0,0.0,0.0,0.0,117.77,0,0.0,1.0,0.0,1.0,0.0,American Airlines,1,1.0,SAN-SFO,1,1.0,718.9989768242195,0.0,0.0,1,152.0,0.0,1,1.0,0.05,7.6,7.6,144.4,16.0,0.0,1.0,0.0,Crowne Plaza,1,1.0,False,True,False,True,True,False,True,False,262.17,7.6,5,2,1,2.85,342.2896415471824,1,943.5950677123867,False,117.77
5418,618815,1992-08-26,30.0,F,False,True,usa,san francisco,SFO,37.619,-122.375,2023-02-25,153,8,12.125,0.125,91.0,1.3333333333333333,20.0,130.0,2.0,0.0,1,0,0.0,0,0.0,0,0,0.0,0.0,0.0,0.0,0.0,0.0,0.0,0,0.0,0.0,0.0,0.0,0.0,MISSING,0,0.0,MISSING,0,0.0,0.0,0.0,0.0,1,104.0,0.0,0,0.0,0.0,0.0,0.0,104.0,8.0,0.0,1.0,0.0,NH Hotel,1,1.0,False,True,True,False,True,False,True,True,104.0,0.0,4,1,1,2.2,271.56518839613204,1,748.6278906212626,True,
5436,620382,2006-09-02,16.0,F,False,True,usa,st. louis,STL,38.748,-90.36,2023-02-26,152,8,13.125,0.25,97.375,1.6,38.0,66.0,9.0,0.0,2,1,0.5,0,0.0,1,1,1.0,201.37,0.0,0.1,20.137,20.137,181.233,1,1.0,1.0,0.0,0.0,0.0,Southwest Airlines,1,1.0,STL-AUS,1,1.0,1162.5600090360515,0.0,0.0,2,129.0,96.16652224137046,1,0.5,0.05,9.85,9.85,248.15,5.0,4.242640687119285,1.5,0.7071067811865476,Choice Hotels,2,0.5,False,True,False,True,False,False,False,False,429.383,29.987,3,2,1,2.0500000000000003,560.6032465821941,1,1545.4235074934118,False,201.37
5444,621072,1969-09-19,53.0,F,True,True,usa,providence,PVD,41.724,-71.428,2023-02-26,152,8,8.5,0.125,64.5,1.3333333333333333,22.0,22.0,8.0,0.0,1,1,1.0,0,0.0,1,1,1.0,460.17,0.0,0.0,0.0,0.0,460.17,0,0.0,1.0,0.0,0.0,0.0,Southwest Airlines,1,1.0,PVD-HOU,1,1.0,2518.931712679056,0.0,0.0,1,89.0,0.0,0,0.0,0.0,0.0,0.0,89.0,5.0,0.0,1.0,0.0,Best Western,1,1.0,False,True,False,True,True,False,True,True,549.17,0.0,4,1,1,2.2,1433.994754918306,4,3953.1151797353727,False,460.17
5449,621291,1971-04-16,52.0,F,True,False,usa,indianapolis,IND,39.717,-86.294,2023-02-26,152,8,20.25,0.625,151.5,1.3333333333333333,21.0,21.0,7.8,0.0,5,3,0.6,0,0.0,4,4,1.0,429.4525,369.70545540786,0.0,0.0,0.0,1717.81,0,0.0,2.25,1.5,0.25,0.5,Delta Air Lines,3,0.5,IND-JFK,3,0.5,902.5023631872164,433.4225383850916,0.0,4,209.0,74.59669340303675,0,0.0,0.0,0.0,0.0,836.0,6.0,8.04155872120988,2.25,1.5,Aman Resorts,4,0.25,False,True,False,False,True,False,False,True,2553.81,0.0,4,5,5,4.6,1333.703641880627,4,3676.6411410528594,False,190.86777777777777
5451,621607,1991-04-09,32.0,F,False,True,canada,ottawa,YOW,45.323,-75.669,2023-02-26,152,8,12.125,0.25,90.0,1.3333333333333333,15.0,92.0,7.5,0.0,2,2,1.0,0,0.0,2,2,1.0,218.315,166.969124241579,0.15,50.457,50.457,386.173,1,0.5,1.0,0.0,0.0,0.0,AeroMéxico,2,0.5,YOW-JFK,2,0.5,1109.7419189421041,801.6296847217457,0.0,2,131.5,72.8319984622144,0,0.0,0.0,0.0,0.0,263.0,4.0,2.8284271247461903,1.0,0.0,Banyan Tree,2,0.5,False,True,False,False,False,False,False,True,649.173,50.457,5,2,2,3.2,847.5614809936645,2,2336.485642491716,True,218.315
5453,621811,1983-02-24,40.0,F,True,True,usa,norfolk,NGU,36.938,-76.289,2023-02-26,152,8,19.25,0.25,143.5,1.6,54.0,89.0,8.0,0.0,2,1,0.5,0,0.0,2,2,1.0,341.64,371.188633716066,0.0,0.0,0.0,683.28,0,0.0,1.0,0.0,0.0,0.0,Delta Air Lines,2,0.5,NGU-JFK,2,0.5,2132.43433106174,2357.347632064609,0.0,1,163.0,0.0,0,0.0,0.0,0.0,0.0,163.0,4.0,0.0,1.0,0.0,Four Seasons,1,1.0,False,True,False,False,True,False,True,True,846.28,0.0,2,2,2,2.0,1104.9047482494163,3,3045.907746514241,False,341.64
5458,622293,1995-06-25,28.0,F,False,False,usa,las vegas,LAS,36.08,-115.152,2023-02-26,152,10,11.2,0.3,84.6,1.6666666666666667,12.0,12.0,100.33333333333333,0.0,3,1,0.3333333333333333,0,0.0,3,3,1.0,1189.67,395.500406194482,0.1,103.7925,207.585,3361.425,2,0.6666666666666666,1.6666666666666667,0.5773502691896257,0.6666666666666666,0.5773502691896257,Delta Air Lines,3,0.3333333333333333,LAS-JFK,2,0.6666666666666666,3609.2759637485883,2.6254850544756925e-13,0.0,1,226.0,0.0,0,0.0,0.0,0.0,0.0,226.0,4.0,0.0,2.0,0.0,Choice Hotels,1,1.0,False,True,False,False,False,False,True,True,3587.425,207.585,5,3,5,4.5,3122.4991858397243,5,8607.84105933328,False,713.802
5470,623750,1980-10-14,42.0,F,False,True,usa,chicago,UGN,42.422,-87.868,2023-02-27,151,8,20.0,0.25,148.125,1.3333333333333333,7.0,33.0,7.5,0.0,2,2,1.0,0,0.0,2,2,1.0,405.785,182.157777901467,0.0,0.0,0.0,811.57,0,0.0,1.0,0.0,0.0,0.0,Delta Air Lines,2,0.5,UGN-FAT,2,0.5,2109.260547438419,952.3726352409772,0.0,2,187.0,22.627416997969522,0,0.0,0.0,0.0,0.0,374.0,5.5,0.7071067811865476,1.0,0.0,Four Seasons,2,0.5,False,True,False,False,True,False,False,True,1185.57,0.0,5,2,3,3.55,1547.8824058019338,4,4267.071001364665,False,405.785
5473,623935,1965-02-01,58.0,F,True,True,usa,new york,LGA,40.777,-73.872,2023-02-27,151,9,23.11111111111111,0.2222222222222222,170.66666666666666,1.5,24.0,24.0,114.5,0.0,2,0,0.0,0,0.0,1,1,1.0,4688.71,0.0,0.0,0.0,0.0,4688.71,0,0.0,2.0,0.0,1.0,0.0,Japan Airlines,1,1.0,LGA-HKG,1,1.0,12954.181577369762,0.0,1.0,1,93.0,0.0,0,0.0,0.0,0.0,0.0,93.0,8.0,0.0,3.0,0.0,Wyndham,1,1.0,False,True,False,True,True,False,True,True,4781.71,0.0,4,2,5,3.85,6243.009504834945,5,17210.199379147107,False,2344.355
5474,623941,1983-07-08,40.0,F,False,True,canada,toronto,YYZ,43.677,-79.631,2023-02-27,151,8,13.5,0.5,100.5,2.0,57.0,57.0,6.75,0.0,4,2,0.5,0,0.0,3,3,1.0,227.18666666666667,160.759133592258,0.3999999999999999,86.61999999999998,86.61999999999998,594.94,1,0.3333333333333333,2.0,1.7320508075688772,1.3333333333333333,1.1547005383792515,American Airlines,3,0.3333333333333333,YYZ-LGA,3,0.3333333333333333,809.3521119263199,431.705533953236,0.0,3,233.66666666666666,127.61008319617,0,0.0,0.0,0.0,0.0,701.0,4.333333333333333,3.2145502536643185,1.0,0.0,Four Seasons,3,0.3333333333333333,False,True,False,False,False,False,False,True,1295.94,86.61999999999998,2,4,3,2.8499999999999996,845.9908419473157,2,2332.1558379127864,False,113.59333333333333
5481,624593,1983-10-04,39.0,M,True,True,usa,new york,JFK,40.64,-73.779,2023-02-27,151,8,22.625,0.25,168.375,2.0,59.0,106.0,5.5,0.0,2,2,1.0,0,0.0,2,1,0.5,310.96,78.51713698295424,0.0,0.0,0.0,621.92,0,0.0,1.0,0.0,1.0,0.0,Delta Air Lines,2,0.5,JFK-JAX,2,0.5,2654.353060858021,1866.5593616949707,0.0,2,84.0,52.32590180780452,0,0.0,0.0,0.0,0.0,168.0,5.0,1.414213562373095,1.0,0.0,Choice Hotels,2,0.5,False,True,False,False,True,False,False,True,789.92,0.0,2,2,2,2.0,1031.3210270090028,2,2843.058381536287,True,310.96
5486,625089,1986-07-28,37.0,F,False,True,usa,louisville,LOU,38.228,-85.664,2023-02-27,151,8,13.875,0.5,104.125,1.6,32.0,80.0,9.25,0.0,4,3,0.75,0,0.0,4,3,0.75,228.3325,111.375198727844,0.0,0.0,0.0,913.33,0,0.0,1.0,0.0,0.5,0.5773502691896257,Southwest Airlines,3,0.5,LOU-DAL,3,0.5,1468.0063886566145,608.241458240209,0.0,3,254.66666666666666,78.4240609337041,1,0.3333333333333333,0.15,32.25,32.25,731.75,4.0,2.0,1.0,0.0,Banyan Tree,3,0.3333333333333333,False,True,False,False,True,False,False,False,1645.08,32.25,3,4,4,3.6,1073.9097599199733,3,2960.4633901519874,False,228.3325
5488,625400,1978-03-21,45.0,M,False,True,canada,toronto,YZD,43.742,-79.466,2023-02-28,150,8,19.625,0.375,146.375,1.6,36.0,57.0,8.666666666666666,0.0,3,3,1.0,0,0.0,3,3,1.0,308.61333333333334,310.619336380293,0.0,0.0,0.0,925.84,0,0.0,1.0,0.0,0.6666666666666666,1.1547005383792515,AirTran Airways,3,0.3333333333333333,YZD-BWI,3,0.3333333333333333,1674.3728051380024,1600.1719307944286,0.0,3,327.0,223.725277963846,0,0.0,0.0,0.0,0.0,981.0,5.333333333333333,5.8594652770823155,1.0,0.0,Aman Resorts,3,0.3333333333333333,False,True,False,False,True,False,False,True,1906.84,0.0,3,3,4,3.35,1659.7159097476936,4,4575.36412484695,False,308.61333333333334
5490,625597,1964-02-14,59.0,F,False,False,usa,madison,MSN,43.14,-89.337,2023-02-28,150,8,12.125,0.25,90.125,1.3333333333333333,23.0,138.0,14.0,0.0,2,0,0.0,0,0.0,1,1,1.0,370.8,0.0,0.0,0.0,0.0,370.8,0,0.0,1.0,0.0,1.0,0.0,WestJet,1,1.0,MSN-YYC,1,1.0,2054.012055724216,0.0,0.0,1,63.0,0.0,1,1.0,0.15,9.45,9.45,53.55,9.0,0.0,2.0,0.0,Extended Stay,1,1.0,False,True,False,True,True,False,True,False,424.35,9.45,4,2,1,2.45,554.032152384128,1,1527.3088720439077,True,370.8
5504,626645,1967-08-28,55.0,M,False,False,usa,salt lake city,SLC,40.788,-111.978,2023-02-28,150,8,20.125,0.375,149.25,2.6666666666666665,99.0,99.0,7.333333333333333,0.0,3,3,1.0,0,0.0,3,3,1.0,919.0733333333334,402.265848703731,0.175,204.40625,408.8125,2348.4075,2,0.6666666666666666,2.0,1.0,0.6666666666666666,0.5773502691896257,Delta Air Lines,3,0.3333333333333333,SLC-BWI,3,0.3333333333333333,2648.353901141165,364.75937825940986,0.0,3,224.0,74.54528824815154,0,0.0,0.0,0.0,0.0,672.0,5.0,1.0,2.0,1.0,Choice Hotels,2,0.6666666666666666,False,True,False,False,False,False,False,True,3020.4075,408.8125,1,3,5,2.9,2628.9664479826606,5,7247.3118446847475,True,459.5366666666667
5512,627518,2006-02-11,17.0,F,False,True,usa,anchorage,ANC,61.174,-149.996,2023-02-28,150,8,12.25,0.125,91.25,1.3333333333333333,23.0,23.0,9.0,0.0,1,1,1.0,0,0.0,1,1,1.0,1035.3,0.0,0.05,51.765,51.765,983.535,1,1.0,1.0,0.0,1.0,0.0,JetBlue Airways,1,1.0,ANC-CLT,1,1.0,5532.91378778671,0.0,1.0,1,159.0,0.0,0,0.0,0.0,0.0,0.0,159.0,4.0,0.0,1.0,0.0,InterContinental,1,1.0,False,True,False,True,False,False,True,True,1142.535,51.765,4,1,3,2.9,2983.3916588862958,5,8224.361221259274,False,1035.3
5517,627972,1985-11-06,37.0,F,True,True,usa,memphis,MEM,35.042,-89.977,2023-03-01,149,8,13.125,0.375,98.25,1.6,14.0,62.0,8.666666666666666,0.0,3,2,0.6666666666666666,0,0.0,2,2,1.0,191.075,89.10252549731685,0.0,0.0,0.0,382.15,0,0.0,1.0,0.0,0.5,0.7071067811865476,Southwest Airlines,2,0.5,MEM-DAL,2,0.5,1007.746813339968,464.4461856909916,0.0,3,131.0,45.53020975132884,1,0.3333333333333333,0.05,6.15,6.15,386.85,6.0,5.196152422706632,1.0,0.0,Aman Resorts,3,0.3333333333333333,False,True,False,False,True,False,False,False,769.0,6.15,5,3,2,3.45,669.3385572968766,1,1845.175794512022,False,191.075
5519,628033,1990-05-06,33.0,M,True,True,usa,st. petersburg,PIE,27.911,-82.687,2023-03-01,149,7,12.714285714285714,0.42857142857142855,94.14285714285714,1.4,14.0,30.0,8.0,0.0,3,1,0.3333333333333333,0,0.0,2,2,1.0,468.925,254.975634228057,0.1,64.922,64.922,872.928,1,0.5,1.0,0.0,0.0,0.0,American Airlines,2,0.5,PIE-LSQ,2,0.5,2532.237064655774,1304.5755949186157,0.0,2,176.5,71.4177848998413,0,0.0,0.0,0.0,0.0,353.0,8.0,8.48528137423857,2.0,1.414213562373095,Rosewood,2,0.5,False,True,False,False,False,False,False,True,1225.928,64.922,5,3,3,3.8,1067.0492573079916,3,2941.5509381203315,False,468.925
5520,628570,1979-09-04,43.0,F,False,True,usa,columbus,LCK,39.814,-82.928,2023-03-01,149,8,17.375,0.625,129.25,2.6666666666666665,57.0,57.0,8.4,0.0,5,4,0.8,0,0.0,5,4,0.8,311.912,249.648374659239,0.2,80.83225,161.6645,1397.8955,2,0.4,1.2,0.4472135954999579,0.2,0.4472135954999579,Air Canada,5,0.2,LCK-LGA,4,0.4,1709.035287338608,1384.6819270929645,0.0,4,140.75,56.85874309784439,0,0.0,0.0,0.0,0.0,563.0,5.5,4.43471156521669,1.25,0.5,Four Seasons,4,0.25,False,True,False,False,False,False,False,True,1960.8955,161.6645,2,5,4,3.4499999999999997,1024.0595305435145,2,2823.040503641781,False,259.9266666666667
5525,628762,2006-12-20,16.0,F,False,True,usa,los angeles,LAX,33.942,-118.408,2023-03-01,149,8,10.125,0.125,75.25,2.0,50.0,94.0,4.0,0.0,1,0,0.0,0,0.0,0,0,0.0,0.0,0.0,0.0,0.0,0.0,0.0,0,0.0,0.0,0.0,0.0,0.0,MISSING,0,0.0,MISSING,0,0.0,0.0,0.0,0.0,1,53.0,0.0,0,0.0,0.0,0.0,0.0,53.0,8.0,0.0,1.0,0.0,InterContinental,1,1.0,False,True,True,False,True,False,True,True,53.0,0.0,2,1,1,1.4,138.39379793264422,1,381.5122904127589,True,
5539,630267,2005-09-11,17.0,F,False,True,usa,corpus christi,CRP,27.77,-97.501,2023-03-02,148,8,13.375,0.25,99.875,2.6666666666666665,73.0,104.0,7.0,0.0,2,1,0.5,0,0.0,1,1,1.0,158.1,0.0,0.0,0.0,0.0,158.1,0,0.0,1.0,0.0,1.0,0.0,American Airlines,1,1.0,CRP-TIK,1,1.0,847.691687459262,0.0,0.0,2,200.0,103.23759005323593,0,0.0,0.0,0.0,0.0,400.0,10.0,1.414213562373095,1.5,0.7071067811865476,Marriott,2,0.5,False,True,False,True,True,False,False,True,558.1,0.0,1,2,1,1.25,728.6564021340447,1,2008.698200748686,True,158.1
5544,630992,1965-03-04,58.0,F,True,True,usa,montgomery,MXF,32.379,-86.362,2023-03-02,148,8,12.875,0.125,96.0,1.6,21.0,68.0,11.0,0.0,1,0,0.0,0,0.0,0,0,0.0,0.0,0.0,0.0,0.0,0.0,0.0,0,0.0,0.0,0.0,0.0,0.0,MISSING,0,0.0,MISSING,0,0.0,0.0,0.0,0.0,1,91.0,0.0,0,0.0,0.0,0.0,0.0,91.0,6.0,0.0,1.0,0.0,Fairmont,1,1.0,False,True,True,False,True,False,True,True,91.0,0.0,4,1,1,2.2,237.61953984661554,1,655.0494042936049,False,
5551,631477,1964-06-11,59.0,F,True,True,usa,riverside,RAL,33.952,-117.445,2023-03-02,148,9,7.555555555555555,0.1111111111111111,57.0,2.25,34.0,75.0,5.0,0.0,1,1,1.0,0,0.0,1,1,1.0,691.17,0.0,0.0,0.0,0.0,691.17,0,0.0,1.0,0.0,1.0,0.0,Delta Air Lines,1,1.0,RAL-JFK,1,1.0,3892.6594752579203,0.0,0.0,1,44.0,0.0,0,0.0,0.0,0.0,0.0,44.0,4.0,0.0,1.0,0.0,InterContinental,1,1.0,False,True,False,True,True,False,True,True,735.17,0.0,3,1,2,2.1500000000000004,1919.6786495498498,5,5292.007368731092,False,691.17
5568,632988,1975-12-27,47.0,F,True,True,usa,phoenix,PHX,33.434,-112.008,2023-03-03,147,8,15.75,0.375,116.875,1.6,11.0,11.0,8.666666666666666,0.0,3,3,1.0,0,0.0,3,2,0.6666666666666666,234.98333333333332,179.550235960116,0.0,0.0,0.0,704.95,0,0.0,1.0,0.0,0.3333333333333333,0.5773502691896257,American Airlines,3,0.3333333333333333,PHX-DAL,3,0.3333333333333333,1419.6267875067624,829.0446450866871,0.0,3,158.33333333333334,31.533051443419385,1,0.3333333333333333,0.2,33.0,33.0,442.0,4.666666666666667,2.0816659994661326,1.0,0.0,Accor,3,0.3333333333333333,False,True,False,False,True,False,False,False,1146.95,33.0,5,3,3,3.8,998.306707791486,2,2752.0473049617217,False,234.98333333333332
5571,633235,1998-04-01,25.0,F,False,True,canada,calgary,YYC,51.114,-114.02,2023-03-03,147,8,5.75,0.125,43.0,1.6,11.0,69.0,7.0,0.0,1,0,0.0,0,0.0,0,0,0.0,0.0,0.0,0.0,0.0,0.0,0.0,0,0.0,0.0,0.0,0.0,0.0,MISSING,0,0.0,MISSING,0,0.0,0.0,0.0,0.0,1,98.0,0.0,0,0.0,0.0,0.0,0.0,98.0,4.0,0.0,1.0,0.0,Marriott,1,1.0,False,True,True,False,True,False,True,True,98.0,0.0,5,1,1,2.6,255.8979659886629,1,705.4378200084975,False,
5583,635303,1980-10-24,42.0,F,False,True,usa,los angeles,LAX,33.942,-118.408,2023-03-04,146,7,17.142857142857142,0.42857142857142855,128.42857142857142,1.75,39.0,39.0,8.666666666666666,0.0,3,2,0.6666666666666666,0,0.0,3,3,1.0,1120.9733333333334,737.872023682517,0.0,0.0,0.0,3362.92,0,0.0,2.0,1.0,1.3333333333333333,0.5773502691896257,Ryanair,2,0.6666666666666666,LAX-DET,3,0.3333333333333333,3382.4594805577544,526.6934476182014,0.0,2,384.0,206.475180106472,0,0.0,0.0,0.0,0.0,768.0,4.0,0.0,2.0,1.414213562373095,Fairmont,1,1.0,False,True,False,False,True,False,False,True,4130.92,0.0,3,3,5,3.7,3595.5579104145827,5,9911.929249760213,False,560.4866666666667
5594,636251,1956-01-16,67.0,F,True,False,usa,louisville,LOU,38.228,-85.664,2023-03-04,146,8,12.0,0.125,88.75,2.6666666666666665,63.0,88.0,9.0,0.0,1,0,0.0,0,0.0,0,0,0.0,0.0,0.0,0.0,0.0,0.0,0.0,0,0.0,0.0,0.0,0.0,0.0,MISSING,0,0.0,MISSING,0,0.0,0.0,0.0,0.0,1,189.0,0.0,0,0.0,0.0,0.0,0.0,189.0,5.0,0.0,2.0,0.0,Shangri-La,1,1.0,False,True,True,False,True,False,True,True,189.0,0.0,2,1,1,1.4,493.5175058352784,1,1360.4872243021023,False,
5595,636520,1972-12-21,50.0,F,False,False,usa,rochester,ROC,43.119,-77.672,2023-03-04,146,8,9.875,0.125,74.375,1.6,12.0,145.0,8.0,0.0,1,1,1.0,0,0.0,1,1,1.0,1253.01,0.0,0.05,62.6505,62.6505,1190.3595,1,1.0,2.0,0.0,1.0,0.0,Delta Air Lines,1,1.0,ROC-LUF,1,1.0,3183.115253052601,0.0,0.0,1,345.0,0.0,0,0.0,0.0,0.0,0.0,345.0,7.0,0.0,2.0,0.0,Shangri-La,1,1.0,False,True,False,True,False,False,True,True,1535.3595,62.6505,5,1,4,3.65,4009.136460320107,5,11052.047536829967,True,626.505
5612,638565,1976-04-10,47.0,F,True,True,usa,chicago,MDW,41.786,-87.752,2023-03-05,145,8,22.0,0.375,162.25,1.6,8.0,8.0,7.0,0.0,3,2,0.6666666666666666,0,0.0,3,3,1.0,165.46,108.625469849387,0.0,0.0,0.0,496.38,0,0.0,1.0,0.0,0.3333333333333333,0.5773502691896257,American Airlines,3,0.3333333333333333,MDW-FTW,3,0.3333333333333333,893.5052375287146,556.7349721382138,0.0,2,91.5,61.518289963229634,0,0.0,0.0,0.0,0.0,183.0,4.5,3.5355339059327378,1.0,0.0,Aman Resorts,2,0.5,False,True,False,False,True,False,False,True,679.38,0.0,5,3,2,3.45,591.3331977325776,1,1630.1372318277995,False,165.46
5613,638576,1986-04-02,37.0,F,False,True,usa,phoenix,PHX,33.434,-112.008,2023-03-05,145,8,14.875,0.375,110.625,1.6,22.0,113.0,8.333333333333334,0.0,3,2,0.6666666666666666,0,0.0,3,3,1.0,585.5466666666666,88.04410050272155,0.1,48.934,48.934,1707.706,1,0.3333333333333333,1.0,0.0,0.6666666666666666,0.5773502691896257,American Airlines,3,0.3333333333333333,PHX-JFK,2,0.6666666666666666,3482.830656584254,43.37629225744838,0.0,2,154.0,97.58073580374356,0,0.0,0.0,0.0,0.0,308.0,5.5,0.7071067811865476,1.0,0.0,Crowne Plaza,2,0.5,False,True,False,False,False,False,False,True,2015.706,48.934,4,3,4,3.75,1754.4730116705566,5,4836.582470809688,True,585.5466666666666
5619,639168,1982-08-08,40.0,F,False,True,canada,montreal,YUL,45.468,-73.741,2023-03-05,145,8,11.0,0.25,81.375,1.6,9.0,37.0,6.0,0.0,2,2,1.0,0,0.0,2,2,1.0,448.635,335.670660097066,0.0,0.0,0.0,897.27,0,0.0,1.0,0.0,0.5,0.7071067811865476,KLM Royal Dutch Airlines,2,0.5,YUL-MKE,2,0.5,2453.0519918406385,1827.444155002543,0.0,2,286.5,77.07463914933368,1,0.5,0.05,17.05,17.05,555.95,7.0,0.0,1.0,0.0,Banyan Tree,2,0.5,False,True,False,False,True,False,False,False,1453.22,17.05,5,2,3,3.55,1897.3267455818607,5,5230.389534656882,False,448.635
5624,639894,1980-03-01,43.0,F,True,True,usa,brownsville,BRO,25.907,-97.426,2023-03-06,144,8,20.625,0.25,154.5,2.0,55.0,55.0,6.5,0.0,2,1,0.5,0,0.0,1,1,1.0,653.32,0.0,0.0,0.0,0.0,653.32,0,0.0,1.0,0.0,0.0,0.0,Sun Country Airlines,1,1.0,BRO-SEA,1,1.0,3242.2280729385675,0.0,0.0,2,192.0,168.291413922398,0,0.0,0.0,0.0,0.0,384.0,10.0,11.313708498984761,1.0,0.0,InterContinental,2,0.5,False,True,False,True,True,False,False,True,1037.32,0.0,2,2,2,2.0,1354.3269289763252,4,3733.493670669462,False,653.32
5627,640649,1960-04-10,63.0,F,True,True,usa,los angeles,LAX,33.942,-118.408,2023-03-06,144,8,21.5,0.25,160.875,2.0,53.0,123.0,8.5,0.0,2,2,1.0,0,0.0,2,2,1.0,229.365,146.576164672159,0.0,0.0,0.0,458.73,0,0.0,1.0,0.0,1.0,1.414213562373095,Allegiant Air,2,0.5,LAX-AUS,2,0.5,1361.3690313027764,895.1692085228093,0.0,2,248.0,166.877200360025,0,0.0,0.0,0.0,0.0,496.0,8.5,7.7781745930520225,1.0,0.0,Crowne Plaza,2,0.5,False,True,False,False,True,False,False,True,954.73,0.0,2,2,2,2.0,1246.4972707569189,3,3436.2380096771058,True,229.365
5634,641102,1983-12-10,39.0,F,False,False,canada,montreal,YMX,45.68,-74.039,2023-03-06,144,8,18.25,0.375,134.625,2.0,27.0,65.0,8.333333333333334,0.0,3,1,0.3333333333333333,0,0.0,2,2,1.0,445.35,382.827611334397,0.0,0.0,0.0,890.7,0,0.0,1.5,0.7071067811865476,0.5,0.7071067811865476,Cebu Pacific,2,0.5,YMX-SJI,2,0.5,2248.2804106183166,2519.4849587738354,0.0,2,188.5,41.71930009000631,0,0.0,0.0,0.0,0.0,377.0,6.0,7.0710678118654755,2.0,0.0,Rosewood,1,1.0,False,True,False,False,True,False,False,True,1267.7,0.0,3,3,3,3.0,1103.4076581082584,3,3041.780695322355,False,296.90000000000003
5636,641310,1979-12-14,43.0,F,False,True,usa,los angeles,LAX,33.942,-118.408,2023-03-06,144,8,20.375,0.125,152.25,1.6,10.0,86.0,4.0,0.0,1,1,1.0,0,0.0,1,1,1.0,102.78,0.0,0.0,0.0,0.0,102.78,0,0.0,1.0,0.0,1.0,0.0,United Airlines,1,1.0,LAX-SFO,1,1.0,543.2317983362374,0.0,0.0,1,286.0,0.0,0,0.0,0.0,0.0,0.0,286.0,6.0,0.0,1.0,0.0,Hyatt,1,1.0,False,True,False,True,True,False,True,True,388.78,0.0,5,1,1,2.6,1015.1837879293097,2,2798.572608805139,False,102.78
5638,641529,1948-05-25,75.0,F,True,False,usa,philadelphia,PHL,39.872,-75.241,2023-03-06,144,8,20.875,0.25,155.5,2.0,34.0,34.0,7.0,0.0,2,0,0.0,0,0.0,0,0,0.0,0.0,0.0,0.0,0.0,0.0,0.0,0,0.0,0.0,0.0,0.0,0.0,MISSING,0,0.0,MISSING,0,0.0,0.0,0.0,0.0,2,109.5,91.21677477306463,0,0.0,0.0,0.0,0.0,219.0,7.0,2.8284271247461903,2.0,0.0,Choice Hotels,2,0.5,False,True,True,False,True,False,False,True,219.0,0.0,3,2,1,2.0500000000000003,285.9268089363121,1,788.2187886829641,False,
5654,643929,1983-02-02,40.0,F,True,False,usa,new york,LGA,40.777,-73.872,2023-03-07,143,8,18.375,0.25,137.0,1.6,9.0,114.0,12.0,0.0,2,1,0.5,0,0.0,1,1,1.0,941.99,0.0,0.0,0.0,0.0,941.99,0,0.0,2.0,0.0,1.0,0.0,JetBlue Airways,1,1.0,LGA-SAT,1,1.0,2534.4937835688997,0.0,0.0,2,202.5,86.97413408594535,0,0.0,0.0,0.0,0.0,405.0,4.0,2.8284271247461903,2.5,0.7071067811865476,Aman Resorts,2,0.5,False,True,False,True,True,False,False,True,1346.99,0.0,5,2,3,3.55,1758.63265921974,5,4848.049434557378,True,470.995
5663,645415,1988-05-21,35.0,F,False,True,usa,san diego,SAN,32.733,-117.189,2023-03-08,142,7,10.142857142857142,0.14285714285714285,76.42857142857143,1.4,21.0,140.0,6.0,0.0,1,0,0.0,0,0.0,0,0,0.0,0.0,0.0,0.0,0.0,0.0,0.0,0,0.0,0.0,0.0,0.0,0.0,MISSING,0,0.0,MISSING,0,0.0,0.0,0.0,0.0,1,345.0,0.0,0,0.0,0.0,0.0,0.0,345.0,11.0,0.0,1.0,0.0,Starwood,1,1.0,False,True,True,False,True,False,True,True,345.0,0.0,4,1,1,2.2,900.8652884294764,2,2483.429060233996,True,
5665,645664,2005-06-22,18.0,M,False,False,usa,brownsville,BRO,25.907,-97.426,2023-03-08,142,8,14.375,0.125,105.25,1.6,7.0,124.0,10.0,0.0,1,0,0.0,0,0.0,0,0,0.0,0.0,0.0,0.0,0.0,0.0,0.0,0,0.0,0.0,0.0,0.0,0.0,MISSING,0,0.0,MISSING,0,0.0,0.0,0.0,0.0,1,240.0,0.0,0,0.0,0.0,0.0,0.0,240.0,11.0,0.0,2.0,0.0,Aman Resorts,1,1.0,False,True,True,False,True,False,True,True,240.0,0.0,5,1,1,2.6,626.6888962987663,1,1727.6028245106063,True,
5672,646259,2000-04-07,23.0,F,True,True,usa,new york,JFK,40.64,-73.779,2023-03-08,142,8,12.5,0.25,91.75,2.0,35.0,107.0,7.5,0.0,2,0,0.0,0,0.0,0,0,0.0,0.0,0.0,0.0,0.0,0.0,0.0,0,0.0,0.0,0.0,0.0,0.0,MISSING,0,0.0,MISSING,0,0.0,0.0,0.0,0.0,2,210.5,149.199530830362,0,0.0,0.0,0.0,0.0,421.0,4.5,3.5355339059327378,1.5,0.7071067811865476,Choice Hotels,2,0.5,False,True,True,False,True,False,False,True,421.0,0.0,3,2,1,2.0500000000000003,549.6583861287096,1,1515.2516439978442,True,
5673,646405,1996-04-26,27.0,F,False,True,usa,los angeles,LAX,33.942,-118.408,2023-03-08,142,8,13.375,0.25,100.375,1.6,18.0,74.0,8.0,0.0,2,1,0.5,0,0.0,1,1,1.0,395.37,0.0,0.0,0.0,0.0,395.37,0,0.0,1.0,0.0,0.0,0.0,United Airlines,1,1.0,LAX-IAH,1,1.0,2244.7283506705503,0.0,0.0,2,109.0,32.526911934581186,1,0.5,0.15,12.9,12.9,205.1,5.0,0.0,1.5,0.7071067811865476,Banyan Tree,2,0.5,False,True,False,True,True,False,False,False,600.47,12.9,4,2,1,2.45,783.9747532510837,2,2161.195141737258,False,395.37
5674,646424,1980-01-28,43.0,F,True,False,canada,montreal,YMX,45.68,-74.039,2023-03-08,142,8,43.625,0.5,1060.25,2.0,35.0,35.0,6.666666666666667,4.0,3,2,0.6666666666666666,1,0.3333333333333333,2,1,0.5,580.85,0.0,0.0,0.0,0.0,580.85,1,0.5,1.3333333333333333,0.7071067811865476,0.5,0.7071067811865476,Abu Dhabi Amiri Flight,2,0.5,YMX-YWG,2,0.5,1789.1990397451486,10.161218150361849,0.0,3,126.0,4.242640687119285,2,0.6666666666666666,0.1,12.9,12.9,239.1,5.666666666666667,5.507570547286102,2.0,1.0,Starwood,3,0.3333333333333333,False,False,False,False,True,False,False,False,819.95,12.9,3,3,2,2.6500000000000004,713.685500722463,1,1967.4276888298214,False,435.63750000000005
5676,646933,1988-06-10,35.0,M,True,False,usa,new york,JFK,40.64,-73.779,2023-03-08,142,8,15.875,0.25,118.5,1.6,15.0,15.0,7.5,0.0,2,2,1.0,0,0.0,2,2,1.0,1748.35,1911.111639648506,0.0,0.0,0.0,3496.7,0,0.0,2.5,2.1213203435596424,1.0,0.0,United Airlines,1,1.0,JFK-IAH,2,0.5,3220.685270781817,1316.7576565531297,0.0,2,243.0,144.249783362056,0,0.0,0.0,0.0,0.0,486.0,4.5,2.1213203435596424,2.5,2.1213203435596424,Marriott,2,0.5,False,True,False,False,True,False,False,True,3982.7,0.0,5,2,5,4.25,5199.8205568522835,5,14334.424519121647,False,699.3399999999999
5678,647016,1976-05-12,47.0,F,True,False,usa,knoxville,TYS,35.812,-83.993,2023-03-08,142,8,9.375,0.125,70.75,1.6,10.0,109.0,5.0,0.0,1,0,0.0,0,0.0,0,0,0.0,0.0,0.0,0.0,0.0,0.0,0.0,0,0.0,0.0,0.0,0.0,0.0,MISSING,0,0.0,MISSING,0,0.0,0.0,0.0,0.0,1,84.0,0.0,0,0.0,0.0,0.0,0.0,84.0,9.0,0.0,3.0,0.0,Four Seasons,1,1.0,False,True,True,False,True,False,True,True,84.0,0.0,5,1,1,2.6,219.3411137045682,1,604.6609885787121,True,
5687,648379,1983-12-22,39.0,M,True,True,canada,montreal,YMX,45.68,-74.039,2023-03-09,141,8,12.375,0.125,92.0,1.6,24.0,83.0,7.0,0.0,1,1,1.0,0,0.0,1,1,1.0,710.38,0.0,0.0,0.0,0.0,710.38,0,0.0,1.0,0.0,0.0,0.0,Air Transat,1,1.0,YMX-YVR,1,1.0,3651.205645414608,0.0,0.0,1,245.0,0.0,0,0.0,0.0,0.0,0.0,245.0,5.0,0.0,1.0,0.0,Hilton,1,1.0,False,True,False,True,True,False,True,True,955.38,0.0,4,1,2,2.55,2494.6918239413135,5,6877.154943670595,False,710.38
5693,649208,1989-10-09,33.0,F,False,True,usa,el paso,BIF,31.849,-106.38,2023-03-09,141,8,22.375,0.125,164.875,1.6,11.0,110.0,12.0,0.0,1,1,1.0,0,0.0,1,1,1.0,417.01,0.0,0.0,0.0,0.0,417.01,0,0.0,1.0,0.0,0.0,0.0,American Airlines,1,1.0,BIF-DET,1,1.0,2369.8617010301527,0.0,0.0,1,168.0,0.0,0,0.0,0.0,0.0,0.0,168.0,6.0,0.0,1.0,0.0,Best Western,1,1.0,False,True,False,True,True,False,True,True,585.01,0.0,5,1,1,2.6,1527.5802967655884,4,4211.103868195623,True,417.01
5696,650049,2000-06-27,23.0,F,False,True,canada,gatineau,YND,45.521,-75.564,2023-03-10,140,8,19.0,0.125,142.125,1.6,11.0,11.0,281.0,0.0,1,1,1.0,0,0.0,1,0,0.0,103.1,0.0,0.0,0.0,0.0,103.1,0,0.0,3.0,0.0,2.0,0.0,WestJet,1,1.0,YND-YYZ,1,1.0,352.85337599181105,0.0,0.0,1,183.0,0.0,0,0.0,0.0,0.0,0.0,183.0,9.0,0.0,2.0,0.0,Four Seasons,1,1.0,False,True,False,True,True,False,True,True,286.1,0.0,5,1,1,2.6,747.065388462821,2,2059.4465337186853,False,34.36666666666667
5703,651193,1979-07-07,44.0,F,True,True,usa,tacoma,TCM,47.138,-122.476,2023-03-10,140,8,14.75,0.375,109.125,2.0,27.0,27.0,91.33333333333333,0.0,3,2,0.6666666666666666,0,0.0,3,2,0.6666666666666666,2538.23,2979.94714308828,0.45,157.0815,157.0815,7457.6085,1,0.3333333333333333,3.0,2.6457513110645907,1.6666666666666667,2.8867513459481287,Frontier Airlines,3,0.3333333333333333,TCM-BIF,3,0.3333333333333333,5524.302892634255,4384.1342624868075,0.3333333333333333,2,187.0,63.63961030678928,0,0.0,0.0,0.0,0.0,374.0,4.5,0.7071067811865476,1.5,0.7071067811865476,Choice Hotels,2,0.5,False,True,False,False,False,False,False,True,7831.6085,157.0815,3,3,5,3.7,6816.64178765144,5,18791.54022925177,False,846.0766666666667
5714,651828,1981-10-11,41.0,F,True,True,usa,phoenix,PHX,33.434,-112.008,2023-03-10,140,9,12.444444444444445,0.2222222222222222,92.22222222222223,2.25,27.0,62.0,11.0,0.0,2,1,0.5,0,0.0,1,1,1.0,2081.78,0.0,0.0,0.0,0.0,2081.78,0,0.0,3.0,0.0,0.0,0.0,American Airlines,1,1.0,PHX-LGA,1,1.0,3457.7873425729686,0.0,0.0,2,57.0,2.8284271247461903,0,0.0,0.0,0.0,0.0,114.0,5.0,0.0,2.5,0.7071067811865476,Radisson,2,0.5,False,True,False,True,True,False,False,True,2195.78,0.0,3,2,5,3.45,2866.814468156052,5,7902.991104174789,False,693.9266666666667
5723,652737,1990-06-08,33.0,F,False,True,usa,miami,OPF,25.907,-80.278,2023-03-11,139,8,24.75,0.125,185.0,2.6666666666666665,63.0,63.0,8.0,0.0,1,1,1.0,0,0.0,1,1,1.0,664.28,0.0,0.0,0.0,0.0,664.28,0,0.0,2.0,0.0,1.0,0.0,Spirit Airlines,1,1.0,OPF-LGA,1,1.0,1744.7370196429856,0.0,0.0,1,228.0,0.0,0,0.0,0.0,0.0,0.0,228.0,6.0,0.0,2.0,0.0,Starwood,1,1.0,False,True,False,True,True,False,True,True,892.28,0.0,2,1,2,1.75,2329.9248682894295,5,6422.939367726348,False,332.14
5727,653332,1970-12-18,52.0,F,True,True,usa,new york,LGA,40.777,-73.872,2023-03-11,139,9,11.222222222222221,0.1111111111111111,83.44444444444444,1.8,10.0,25.0,7.0,0.0,1,1,1.0,0,0.0,1,1,1.0,408.33,0.0,0.0,0.0,0.0,408.33,0,0.0,1.0,0.0,0.0,0.0,Southwest Airlines,1,1.0,LGA-HOU,1,1.0,2289.204193662252,0.0,0.0,1,200.0,0.0,0,0.0,0.0,0.0,0.0,200.0,4.0,0.0,1.0,0.0,Extended Stay,1,1.0,False,True,False,True,True,False,True,True,608.33,0.0,5,1,2,2.95,1588.473567855952,4,4378.969275977238,False,408.33
5728,653640,1986-02-05,37.0,F,True,True,usa,san jose,SJC,37.362,-121.929,2023-03-11,139,8,10.625,0.25,79.0,1.6,7.0,7.0,118.5,0.0,2,2,1.0,0,0.0,2,2,1.0,1839.71,1725.821378706383,0.25,337.8935,675.787,3003.633,2,1.0,1.5,0.7071067811865476,1.0,0.0,Alitalia,2,0.5,SJC-CDG,2,0.5,6293.016390385515,3775.9120965787447,0.5,2,238.5,77.07463914933368,0,0.0,0.0,0.0,0.0,477.0,6.5,4.949747468305833,1.0,0.0,Conrad,2,0.5,False,True,False,False,False,False,False,True,3480.633,675.787,5,2,5,4.25,4544.320944148049,5,12527.398753926718,False,1226.4733333333334
5743,656346,1976-09-11,46.0,F,True,True,usa,chicago,UGN,42.422,-87.868,2023-03-12,138,8,14.375,0.25,105.875,1.6,8.0,8.0,8.0,0.0,2,2,1.0,0,0.0,2,2,1.0,377.065,151.002653122387,0.0,0.0,0.0,754.13,0,0.0,1.0,0.0,1.0,0.0,Allegiant Air,2,0.5,UGN-HOU,2,0.5,2189.9406953011667,880.8755529372744,0.0,2,138.5,47.37615433949868,0,0.0,0.0,0.0,0.0,277.0,9.0,7.0710678118654755,1.0,0.0,Rosewood,2,0.5,False,True,False,False,True,False,False,True,1031.13,0.0,5,2,2,3.2,1346.245253417806,4,3711.214792578378,False,377.065
5745,656471,1995-05-05,28.0,F,False,True,usa,new york,JFK,40.64,-73.779,2023-03-12,138,8,29.375,0.375,621.655801375,1.6,21.0,108.0,7.0,4.0,2,2,1.0,1,0.5,2,2,1.0,108.67,0.0,0.15,0.0,0.0,108.67,1,0.5,1.3333333333333333,0.7071067811865476,1.0,0.0,American Airlines,1,1.0,JFK-IND,2,0.5,295.369724726902,545.8138550932069,0.0,2,136.0,0.0,1,0.5,0.05,0.0,0.0,136.0,6.5,4.949747468305833,1.5,0.7071067811865476,Accor,2,0.5,False,False,False,False,True,False,False,True,244.67,0.0,4,2,1,2.45,319.44160886962317,1,880.6095480687708,True,81.50250000000001
5746,656560,1984-06-06,39.0,F,True,True,canada,london,YXU,43.036,-81.154,2023-03-12,138,8,12.75,0.125,96.25,1.6,16.0,16.0,5.0,0.0,1,1,1.0,0,0.0,1,1,1.0,246.88,0.0,0.0,0.0,0.0,246.88,0,0.0,1.0,0.0,2.0,0.0,American Airlines,1,1.0,YXU-YAV,1,1.0,1439.0425455399195,0.0,0.0,1,58.0,0.0,0,0.0,0.0,0.0,0.0,58.0,8.0,0.0,1.0,0.0,Shangri-La,1,1.0,False,True,False,True,True,False,True,True,304.88,0.0,4,1,1,2.2,796.1037945981993,2,2194.6314547366396,False,246.88
5752,657122,1964-11-06,58.0,F,True,True,canada,toronto,YTZ,43.627,-79.396,2023-03-12,138,9,10.222222222222221,0.2222222222222222,76.11111111111111,1.8,23.0,59.0,5.0,0.0,2,1,0.5,0,0.0,1,1,1.0,171.08,0.0,0.0,0.0,0.0,171.08,0,0.0,1.0,0.0,0.0,0.0,United Airlines,1,1.0,YTZ-CLT,1,1.0,944.8228552455687,0.0,0.0,2,93.5,3.5355339059327378,0,0.0,0.0,0.0,0.0,187.0,5.5,4.949747468305833,1.0,0.0,Best Western,2,0.5,False,True,False,True,True,False,False,True,358.08,0.0,4,2,1,2.45,467.5099166388796,1,1288.791707084912,False,171.08
5757,657796,1982-06-24,41.0,F,True,True,usa,modesto,MOD,37.626,-120.954,2023-03-13,137,8,10.0,0.125,74.75,1.6,7.0,22.0,7.0,0.0,1,1,1.0,0,0.0,1,1,1.0,519.49,0.0,0.0,0.0,0.0,519.49,0,0.0,1.0,0.0,1.0,0.0,Asiana Airlines,1,1.0,MOD-ORD,1,1.0,2859.511189374192,0.0,0.0,1,34.0,0.0,0,0.0,0.0,0.0,0.0,34.0,5.0,0.0,1.0,0.0,Marriott,1,1.0,False,True,False,True,True,False,True,True,553.49,0.0,5,1,1,2.6,1445.275155051684,4,3984.2120305765643,False,519.49
5760,658774,1982-09-13,40.0,F,False,True,usa,milwaukee,MKE,42.947,-87.896,2023-03-13,137,8,13.0,0.25,97.625,1.6,18.0,71.0,16.0,0.0,2,0,0.0,0,0.0,1,1,1.0,87.33,0.0,0.0,0.0,0.0,87.33,0,0.0,1.0,0.0,2.0,0.0,Allegiant Air,1,1.0,MKE-LCK,1,1.0,530.2499275523835,0.0,0.0,1,345.0,0.0,0,0.0,0.0,0.0,0.0,345.0,12.0,0.0,2.0,0.0,Radisson,1,1.0,False,True,False,True,True,False,True,True,432.33,0.0,4,2,1,2.45,564.450855285095,1,1556.0302690013966,False,87.33
5763,659162,1984-07-22,39.0,M,True,True,usa,phoenix,PHX,33.434,-112.008,2023-03-13,137,8,20.0,0.5,148.125,1.6,16.0,16.0,7.25,0.0,4,4,1.0,0,0.0,4,3,0.75,522.595,167.293784204116,0.0,0.0,0.0,2090.38,0,0.0,1.25,0.5,0.5,0.5773502691896257,American Airlines,4,0.25,PHX-JFK,3,0.5,2935.922440961416,866.9662988767013,0.0,4,216.25,129.26813219042,0,0.0,0.0,0.0,0.0,865.0,4.25,2.5,1.25,0.5,Crowne Plaza,4,0.25,False,True,False,False,True,False,False,True,2955.38,0.0,4,4,5,4.35,1929.2748232744248,5,5318.461286981412,False,418.076
5766,659744,1975-12-16,47.0,F,True,True,canada,montreal,YMX,45.68,-74.039,2023-03-13,137,8,14.875,0.5,109.375,1.6,18.0,18.0,7.25,0.0,4,2,0.5,0,0.0,2,2,1.0,301.015,293.187684683378,0.0,0.0,0.0,602.03,0,0.0,1.0,0.0,0.0,0.0,JetBlue Airways,2,0.5,YMX-JFK,2,0.5,1767.5926015056307,1706.6368012125563,0.0,4,202.25,85.46880522545443,1,0.25,0.1,11.1,11.1,797.9,6.0,4.08248290463863,1.0,0.0,Extended Stay,4,0.25,False,True,False,False,True,False,False,False,1399.93,11.1,4,4,3,3.65,913.8756110370124,2,2519.294814705347,False,301.015
5776,661930,1991-10-16,31.0,F,True,True,usa,stockton,SCK,37.894,-121.239,2023-03-14,136,8,12.125,0.125,89.375,2.6666666666666665,67.0,67.0,21.0,0.0,1,0,0.0,0,0.0,0,0,0.0,0.0,0.0,0.0,0.0,0.0,0.0,0,0.0,0.0,0.0,0.0,0.0,MISSING,0,0.0,MISSING,0,0.0,0.0,0.0,0.0,1,427.0,0.0,0,0.0,0.0,0.0,0.0,427.0,5.0,0.0,1.0,0.0,Hyatt,1,1.0,False,True,True,False,True,False,True,True,427.0,0.0,1,1,1,1.0,1114.9839946648883,3,3073.6933586084533,False,
5779,662596,2004-05-04,19.0,F,False,False,usa,nashville,BNA,36.124,-86.678,2023-03-14,136,8,41.25,0.375,1021.125,1.6,12.0,69.0,7.5,10.0,2,0,0.0,1,0.5,1,1,1.0,226.09,0.0,0.0,0.0,0.0,226.09,0,0.0,1.0,0.0,1.0,0.0,Delta Air Lines,1,1.0,BNA-LGA,1,1.0,1229.7711374054747,0.0,0.0,1,0.0,0.0,1,1.0,0.0,0.0,0.0,0.0,9.0,0.0,2.0,0.0,Radisson,1,1.0,False,False,False,True,True,True,True,True,226.09,0.0,5,2,1,2.85,295.1835261753918,1,813.7369220700062,False,226.09
5797,665887,1976-01-02,47.0,F,True,True,canada,toronto,YZD,43.742,-79.466,2023-03-16,134,8,19.75,0.625,147.125,1.6,13.0,13.0,7.0,0.0,5,1,0.2,0,0.0,3,2,0.6666666666666666,592.59,792.317842724749,0.0,0.0,0.0,1777.77,0,0.0,1.6666666666666667,1.1547005383792515,0.3333333333333333,0.5773502691896257,Alaska Airlines,3,0.3333333333333333,YZD-IAH,3,0.3333333333333333,1791.928839488708,1090.2685512181097,0.0,3,92.66666666666667,16.772994167212165,0,0.0,0.0,0.0,0.0,278.0,5.333333333333333,4.932882862316247,1.0,0.0,Aman Resorts,3,0.3333333333333333,False,True,False,False,True,False,False,True,2055.77,0.0,5,5,4,4.65,1073.6068602867622,3,2959.6283821201405,False,355.55400000000003
5798,665892,1992-06-13,31.0,F,False,True,usa,knoxville,TYS,35.812,-83.993,2023-03-16,134,7,17.857142857142858,0.5714285714285714,132.42857142857142,1.4,7.0,7.0,8.5,0.0,4,3,0.75,0,0.0,3,2,0.6666666666666666,342.5466666666667,233.540739558077,0.15,26.088,26.088,1001.552,1,0.3333333333333333,1.0,0.0,0.3333333333333333,0.5773502691896257,Delta Air Lines,2,0.6666666666666666,TYS-JFK,3,0.3333333333333333,2400.6174205104217,1212.7772017591756,0.0,4,218.25,70.2109915421605,2,0.5,0.1,24.3,48.6,824.4,4.5,1.2909944487358056,1.0,0.0,Conrad,4,0.25,False,True,False,False,False,False,False,False,1825.952,74.688,5,4,4,4.4,1191.98317039013,3,3285.95815897999,False,342.5466666666667
5815,668776,1986-08-18,36.0,F,True,True,usa,sacramento,SMF,38.695,-121.591,2023-03-17,133,8,12.25,0.375,90.5,1.6,26.0,26.0,5.666666666666667,0.0,3,2,0.6666666666666666,0,0.0,2,2,1.0,294.545,348.681424870898,0.1,54.11,54.11,534.98,1,0.5,1.0,0.0,0.5,0.7071067811865476,Southwest Airlines,2,0.5,SMF-BNA,2,0.5,1673.8882654060112,1986.045369304273,0.0,3,171.0,27.2213151776324,1,0.3333333333333333,0.05,8.75,8.75,504.25,6.0,3.4641016151377544,1.3333333333333333,0.5773502691896257,Best Western,3,0.3333333333333333,False,True,False,False,False,False,False,False,1039.23,62.86,4,3,2,3.05,904.5470856952318,2,2493.5787268279964,False,294.545
5817,669155,2003-10-28,19.0,F,False,True,usa,new york,LGA,40.777,-73.872,2023-03-17,133,8,9.75,0.125,73.0,2.0,28.0,81.0,6.0,0.0,1,0,0.0,0,0.0,0,0,0.0,0.0,0.0,0.0,0.0,0.0,0.0,0,0.0,0.0,0.0,0.0,0.0,MISSING,0,0.0,MISSING,0,0.0,0.0,0.0,0.0,1,96.0,0.0,1,1.0,0.05,4.8,4.8,91.2,17.0,0.0,1.0,0.0,Wyndham,1,1.0,False,True,True,False,True,False,True,False,91.2,4.8,3,1,1,1.8000000000000003,238.14178059353117,1,656.4890733140303,False,
5818,669329,1991-12-01,31.0,F,False,False,canada,vancouver,YVR,49.195,-123.182,2023-03-17,133,8,11.875,0.25,88.625,1.6,25.0,25.0,11.5,0.0,2,1,0.5,0,0.0,1,1,1.0,968.62,0.0,0.0,0.0,0.0,968.62,0,0.0,3.0,0.0,0.0,0.0,Allegiant Air,1,1.0,YVR-PHX,1,1.0,1956.1207275027698,0.0,0.0,2,368.0,325.269119345812,0,0.0,0.0,0.0,0.0,736.0,9.0,4.242640687119285,2.0,1.414213562373095,InterContinental,2,0.5,False,True,False,True,True,False,False,True,1704.62,0.0,4,2,4,3.5,2225.5550550183393,5,6135.221513994311,False,322.87333333333333
5825,671066,1975-04-19,48.0,F,True,True,usa,providence,PVD,41.724,-71.428,2023-03-17,133,8,22.375,0.125,165.75,2.0,32.0,62.0,5.0,0.0,1,1,1.0,0,0.0,1,1,1.0,97.51,0.0,0.0,0.0,0.0,97.51,0,0.0,1.0,0.0,0.0,0.0,Ryanair,1,1.0,PVD-YKZ,1,1.0,689.917320022235,0.0,0.0,1,92.0,0.0,0,0.0,0.0,0.0,0.0,92.0,6.0,0.0,1.0,0.0,Crowne Plaza,1,1.0,False,True,False,True,True,False,True,True,189.51,0.0,3,1,1,1.8000000000000003,494.8492197399133,1,1364.1583803041874,False,97.51
5832,672112,1973-10-25,49.0,F,True,True,usa,madison,MSN,43.14,-89.337,2023-03-18,132,8,12.875,0.5,95.25,2.0,28.0,28.0,8.75,0.0,4,1,0.25,0,0.0,2,2,1.0,245.42,229.866272428123,0.15,44.94,89.88,400.96,2,1.0,1.0,0.0,0.5,0.7071067811865476,American Airlines,2,0.5,MSN-IND,2,0.5,1361.4224789807029,1278.5571916721744,0.0,3,110.0,30.265491900843113,0,0.0,0.0,0.0,0.0,330.0,5.0,3.0,1.0,0.0,Aman Resorts,3,0.3333333333333333,False,True,False,False,False,False,False,True,730.96,89.88,3,4,2,2.9000000000000004,477.171370456819,1,1315.4255839627842,False,245.42
5836,673874,1973-08-02,49.0,F,True,True,usa,anchorage,ANC,61.174,-149.996,2023-03-18,132,8,19.75,0.125,147.0,1.6,12.0,60.0,6.0,0.0,1,1,1.0,0,0.0,1,1,1.0,868.71,0.0,0.0,0.0,0.0,868.71,0,0.0,1.0,0.0,1.0,0.0,Delta Air Lines,1,1.0,ANC-UGN,1,1.0,4592.890252168993,0.0,0.0,1,121.0,0.0,0,0.0,0.0,0.0,0.0,121.0,12.0,0.0,1.0,0.0,Rosewood,1,1.0,False,True,False,True,True,False,True,True,989.71,0.0,5,1,2,2.95,2584.334448149383,5,7124.274131026634,False,868.71
5839,675201,1979-03-22,44.0,M,False,True,usa,phoenix,PHX,33.434,-112.008,2023-03-19,131,8,20.5,0.75,152.0,1.6,18.0,18.0,8.333333333333334,0.0,6,5,0.8333333333333334,0,0.0,5,5,1.0,531.346,90.6340903302946,0.15,84.1275,84.1275,2572.6025,1,0.2,1.0,0.0,0.6,0.8944271909999159,Delta Air Lines,4,0.4,PHX-JAX,5,0.2,3003.2074487545196,447.7637415602801,0.0,6,141.16666666666666,51.21881164832572,2,0.3333333333333333,0.075,13.075,26.15,820.85,4.0,2.9664793948382653,1.0,0.0,Crowne Plaza,4,0.3333333333333333,False,True,False,False,False,False,False,False,3393.4525,110.2775,4,5,5,4.6,1476.8326401856175,4,4071.207030446235,False,531.346
5842,676373,1989-08-23,33.0,F,True,True,usa,new york,LGA,40.777,-73.872,2023-03-19,131,8,11.125,0.25,82.875,1.6,26.0,26.0,6.5,0.0,2,1,0.5,0,0.0,1,1,1.0,508.72,0.0,0.0,0.0,0.0,508.72,0,0.0,1.0,0.0,1.0,0.0,Virgin Atlantic Airways,1,1.0,LGA-HOU,1,1.0,2289.204193662252,0.0,0.0,2,152.0,52.32590180780452,0,0.0,0.0,0.0,0.0,304.0,7.0,5.656854249492381,1.0,0.0,Crowne Plaza,2,0.5,False,True,False,True,True,False,False,True,812.72,0.0,4,2,2,2.8,1061.0887495831944,2,2925.1195157005413,False,508.72
5848,677896,1958-11-25,64.0,F,True,True,usa,denver,DEN,39.858,-104.667,2023-03-20,130,8,12.0,0.25,89.5,1.6,19.0,98.0,7.5,0.0,2,1,0.5,0,0.0,1,1,1.0,314.7,0.0,0.1,31.47,31.47,283.23,1,1.0,1.0,0.0,0.0,0.0,Allegiant Air,1,1.0,DEN-LCK,1,1.0,1852.1794490886896,0.0,0.0,2,112.0,73.53910524340094,0,0.0,0.0,0.0,0.0,224.0,4.5,2.1213203435596424,1.0,0.0,Crowne Plaza,2,0.5,False,True,False,True,False,False,False,True,507.23,31.47,4,2,1,2.45,662.2404351450483,1,1825.6082930760724,True,314.7
5850,678547,1992-10-23,30.0,F,False,False,canada,toronto,YKZ,43.862,-79.37,2023-03-20,130,8,19.125,0.25,142.25,2.0,39.0,100.0,3.5,0.0,2,0,0.0,0,0.0,1,1,1.0,274.58,0.0,0.0,0.0,0.0,274.58,0,0.0,1.0,0.0,1.0,0.0,American Airlines,1,1.0,YKZ-LRF,1,1.0,1500.3981051164092,0.0,0.0,1,213.0,0.0,1,1.0,0.1,21.3,21.3,191.7,10.0,0.0,2.0,0.0,NH Hotel,1,1.0,False,True,False,True,True,False,True,False,466.28,21.3,3,2,1,2.0500000000000003,608.7760386795597,1,1678.222177110011,True,274.58
5858,680424,1974-03-22,49.0,F,True,True,usa,new york,LGA,40.777,-73.872,2023-03-21,129,8,13.625,0.375,101.375,2.0,35.0,88.0,6.666666666666667,0.0,3,2,0.6666666666666666,0,0.0,2,1,0.5,187.32,133.728034458,0.0,0.0,0.0,374.64,0,0.0,1.0,0.0,0.0,0.0,Delta Air Lines,2,0.5,LGA-DMA,2,0.5,1972.754679151826,2042.693415667546,0.0,3,143.0,86.69486720677297,0,0.0,0.0,0.0,0.0,429.0,4.0,2.0,1.0,0.0,Accor,3,0.3333333333333333,False,True,False,False,True,False,False,True,803.64,0.0,3,3,2,2.6500000000000004,699.4892564188062,1,1928.2926859579215,False,187.32
5867,683976,2001-03-08,22.0,F,False,True,usa,los angeles,LAX,33.942,-118.408,2023-03-22,128,8,33.375,0.125,249.0,1.6,20.0,20.0,14.0,0.0,1,0,0.0,0,0.0,0,0,0.0,0.0,0.0,0.0,0.0,0.0,0.0,0,0.0,0.0,0.0,0.0,0.0,MISSING,0,0.0,MISSING,0,0.0,0.0,0.0,0.0,1,56.0,0.0,0,0.0,0.0,0.0,0.0,56.0,5.0,0.0,1.0,0.0,Hilton,1,1.0,False,True,True,False,True,False,True,True,56.0,0.0,4,1,1,2.2,146.22740913637878,1,403.1073257191414,False,
5869,684510,1988-02-07,35.0,F,False,True,usa,corpus christi,CRP,27.77,-97.501,2023-03-22,128,8,12.75,0.375,95.25,2.0,27.0,60.0,6.333333333333333,0.0,3,1,0.3333333333333333,0,0.0,1,1,1.0,37.12,0.0,0.0,0.0,0.0,37.12,0,0.0,1.0,0.0,0.0,0.0,Conviasa,1,1.0,CRP-SVZ,1,1.0,209.8067591014953,0.0,0.0,3,183.33333333333334,30.74627348693388,0,0.0,0.0,0.0,0.0,550.0,5.666666666666667,5.686240703077327,1.6666666666666667,1.1547005383792515,Best Western,3,0.3333333333333333,False,True,False,True,True,False,False,True,587.12,0.0,3,3,1,2.3000000000000003,511.0299788818495,1,1408.7641254537043,False,37.12
5871,684543,1979-02-01,44.0,F,True,True,usa,madison,MSN,43.14,-89.337,2023-03-22,128,8,14.375,0.25,107.625,2.0,39.0,60.0,7.0,0.0,2,1,0.5,0,0.0,1,1,1.0,464.29,0.0,0.0,0.0,0.0,464.29,0,0.0,1.0,0.0,0.0,0.0,Cebu Pacific,1,1.0,MSN-SJI,1,1.0,2820.554273003017,0.0,0.0,2,236.0,154.149278298667,1,0.5,0.1,12.7,12.7,459.3,5.0,4.242640687119285,1.0,0.0,Hyatt,2,0.5,False,True,False,True,True,False,False,False,923.59,12.7,3,2,2,2.4000000000000004,1205.8408286095366,3,3324.1597764369812,False,464.29
5873,684806,1996-03-26,27.0,F,False,True,usa,dallas,DAL,32.847,-96.852,2023-03-22,128,8,14.0,0.5,105.125,1.6,14.0,14.0,5.5,0.0,4,4,1.0,0,0.0,4,4,1.0,482.89,380.31885841576,0.0,0.0,0.0,1931.56,0,0.0,1.5,1.0,0.0,0.0,Air Canada,4,0.25,DAL-HOU,4,0.25,1761.0108636484688,940.6542500324813,0.0,4,96.5,59.98055240381391,0,0.0,0.0,0.0,0.0,386.0,4.25,2.217355782608345,1.5,1.0,Aman Resorts,4,0.25,False,True,False,False,True,False,False,True,2317.56,0.0,5,4,5,4.75,1512.905331777259,4,4170.649168721668,False,321.9266666666667
5879,686445,1983-08-05,39.0,F,True,True,usa,portland,PWM,43.646,-70.309,2023-03-23,127,8,14.125,0.125,105.25,2.0,33.0,56.0,7.0,0.0,1,0,0.0,0,0.0,0,0,0.0,0.0,0.0,0.0,0.0,0.0,0.0,0,0.0,0.0,0.0,0.0,0.0,MISSING,0,0.0,MISSING,0,0.0,0.0,0.0,0.0,1,204.0,0.0,0,0.0,0.0,0.0,0.0,204.0,5.0,0.0,1.0,0.0,Rosewood,1,1.0,False,True,True,False,True,False,True,True,204.0,0.0,3,1,1,1.8000000000000003,532.6855618539513,1,1468.4624008340152,False,
5886,689374,1968-04-12,55.0,F,True,True,usa,san jose,SJC,37.362,-121.929,2023-03-24,126,8,14.0,0.125,103.375,1.6,19.0,19.0,7.0,0.0,1,1,1.0,0,0.0,1,1,1.0,670.38,0.0,0.0,0.0,0.0,670.38,0,0.0,1.0,0.0,0.0,0.0,Porter Airlines,1,1.0,SJC-YTZ,1,1.0,3623.0433417303707,0.0,0.0,1,86.0,0.0,0,0.0,0.0,0.0,0.0,86.0,4.0,0.0,1.0,0.0,Wyndham,1,1.0,False,True,False,True,True,False,True,True,756.38,0.0,4,1,2,2.55,1975.0622807602533,5,5444.684268347218,False,670.38
5888,689624,1995-08-16,27.0,F,False,True,canada,toronto,YYZ,43.677,-79.631,2023-03-24,126,8,16.25,0.375,123.0,1.6,10.0,46.0,7.666666666666667,0.0,3,2,0.6666666666666666,0,0.0,3,3,1.0,458.69,324.02201838764,0.0,0.0,0.0,1376.07,0,0.0,1.0,0.0,0.6666666666666666,0.5773502691896257,AirTran Airways,3,0.3333333333333333,YYZ-LAX,3,0.3333333333333333,2351.204266975669,1572.35760756962,0.0,2,171.0,1.414213562373095,1,0.5,0.05,8.5,8.5,333.5,8.5,10.606601717798213,1.0,0.0,Radisson,1,1.0,False,True,False,False,True,False,False,False,1709.57,8.5,5,3,4,4.15,1488.0118561742804,4,4102.024945414718,False,458.69
5889,689984,2003-04-11,20.0,F,False,True,usa,philadelphia,PHL,39.872,-75.241,2023-03-24,126,8,13.75,0.375,102.25,1.6,20.0,20.0,6.0,0.0,3,2,0.6666666666666666,0,0.0,2,2,1.0,269.075,224.570042637036,0.25,27.57,27.57,510.58,1,0.5,1.0,0.0,0.5,0.7071067811865476,Air Canada,2,0.5,PHL-FTW,2,0.5,1341.7926857078057,1105.6744675049297,0.0,3,170.66666666666666,107.8208390494775,0,0.0,0.0,0.0,0.0,512.0,5.0,4.358898943540674,1.0,0.0,Hilton,3,0.3333333333333333,False,True,False,False,False,False,False,True,1022.58,27.57,4,3,2,3.05,890.0549049683228,2,2453.6279115111884,False,269.075
5893,691541,2002-02-10,21.0,F,False,True,usa,new york,JFK,40.64,-73.779,2023-03-25,125,8,38.75,0.25,1001.375,1.6,15.0,30.0,337.0,322.0,1,1,1.0,1,1.0,1,1,1.0,0.0,0.0,0.0,0.0,0.0,0.0,1,1.0,1.0,0.0,0.0,0.0,Air Canada,1,1.0,JFK-YYZ,1,1.0,0.0,0.0,0.0,1,0.0,0.0,1,1.0,0.0,0.0,0.0,0.0,10.0,0.0,1.0,0.0,Fairmont,1,1.0,False,False,True,True,True,True,True,True,0.0,0.0,5,1,0,2.25,0.0,1,0.0,False,0.0
5914,700289,1953-08-17,69.0,F,True,False,usa,new york,JFK,40.64,-73.779,2023-03-28,122,8,8.875,0.125,66.25,2.0,28.0,103.0,5.0,0.0,1,0,0.0,0,0.0,0,0,0.0,0.0,0.0,0.0,0.0,0.0,0.0,0,0.0,0.0,0.0,0.0,0.0,MISSING,0,0.0,MISSING,0,0.0,0.0,0.0,0.0,1,201.0,0.0,1,1.0,0.1,20.1,20.1,180.9,4.0,0.0,2.0,0.0,Wyndham,1,1.0,False,True,True,False,True,False,True,False,180.9,20.1,3,1,1,1.8000000000000003,472.36675558519505,1,1302.1806289748693,True,
5915,700666,1965-09-15,57.0,F,True,True,usa,portland,PDX,45.589,-122.597,2023-03-28,122,8,7.875,0.125,57.5,2.0,30.0,30.0,4.0,0.0,1,0,0.0,0,0.0,0,0,0.0,0.0,0.0,0.0,0.0,0.0,0.0,0,0.0,0.0,0.0,0.0,0.0,MISSING,0,0.0,MISSING,0,0.0,0.0,0.0,0.0,1,275.0,0.0,0,0.0,0.0,0.0,0.0,275.0,14.0,0.0,2.0,0.0,Four Seasons,1,1.0,False,True,True,False,True,False,True,True,275.0,0.0,3,1,1,1.8000000000000003,718.081027009003,1,1979.5449030850696,False,
5918,702877,1994-03-08,29.0,F,False,True,usa,phoenix,LUF,33.535,-112.383,2023-03-29,121,8,8.75,0.25,65.0,1.6,23.0,23.0,5.0,0.0,2,1,0.5,0,0.0,2,2,1.0,1142.17,884.689578213737,0.0,0.0,0.0,2284.34,0,0.0,2.0,1.414213562373095,1.0,0.0,AirTran Airways,2,0.5,LUF-LGA,2,0.5,3272.9873295204225,299.49552671895566,0.0,1,225.0,0.0,1,1.0,0.1,22.5,22.5,202.5,5.0,0.0,3.0,0.0,Starwood,1,1.0,False,True,False,False,True,False,True,False,2486.84,22.5,4,2,5,3.85,3246.8229476492165,5,8950.566266887408,False,571.085
5919,703333,1981-06-02,42.0,F,False,True,usa,boston,BOS,42.364,-71.005,2023-03-29,121,9,9.88888888888889,0.1111111111111111,74.22222222222223,1.8,23.0,23.0,8.0,0.0,1,1,1.0,0,0.0,1,1,1.0,729.6,0.0,0.1,72.96,72.96,656.64,1,1.0,1.0,0.0,0.0,0.0,Delta Air Lines,1,1.0,BOS-LSQ,1,1.0,4193.0733474725275,0.0,0.0,1,113.0,0.0,0,0.0,0.0,0.0,0.0,113.0,5.0,0.0,1.0,0.0,Marriott,1,1.0,False,True,False,True,False,False,True,True,769.64,72.96,4,1,2,2.55,2009.6868422807602,5,5540.134324401429,False,729.6
5922,705215,1992-01-07,31.0,F,False,True,canada,hamilton,YHM,43.173,-79.935,2023-03-30,120,8,13.875,0.5,103.875,1.6,7.0,7.0,6.5,0.0,4,2,0.5,0,0.0,3,3,1.0,332.4866666666667,386.399927838158,0.15,15.9705,15.9705,981.4895,1,0.3333333333333333,1.3333333333333333,0.5773502691896257,1.0,0.0,Air France,3,0.3333333333333333,YHM-HOU,3,0.3333333333333333,1085.0611480273503,815.7551010702497,0.0,3,228.33333333333334,77.55213300311819,0,0.0,0.0,0.0,0.0,685.0,5.0,5.196152422706632,1.3333333333333333,0.5773502691896257,Choice Hotels,3,0.3333333333333333,False,True,False,False,False,False,False,True,1666.4895,15.9705,5,4,4,4.4,1087.8859015088362,3,2998.991632517987,False,249.365
5927,707525,1978-11-08,44.0,F,True,True,usa,indianapolis,IND,39.717,-86.294,2023-03-31,119,8,19.125,0.375,142.25,1.6,21.0,21.0,117.66666666666667,0.0,3,3,1.0,0,0.0,3,2,0.6666666666666666,259.3066666666667,100.98067257318766,0.0,0.0,0.0,777.92,0,0.0,1.6666666666666667,1.1547005383792515,1.0,1.0,United Airlines,1,1.0,IND-EFD,3,0.3333333333333333,1172.980674812109,183.10131530661823,0.0,3,235.33333333333334,138.58330827821,0,0.0,0.0,0.0,0.0,706.0,7.0,5.5677643628300215,1.3333333333333333,0.5773502691896257,Radisson,2,0.6666666666666666,False,True,False,False,True,False,False,True,1483.92,0.0,4,3,3,3.4,1291.6058152717574,3,3560.5894213163597,False,155.584
5945,721496,1973-12-10,49.0,F,True,True,usa,chicago,MDW,41.786,-87.752,2023-04-05,114,8,13.0,0.25,98.375,2.6666666666666665,40.0,40.0,15.0,0.0,2,1,0.5,0,0.0,1,1,1.0,64.27,0.0,0.05,3.2135,3.2135,61.0565,1,1.0,1.0,0.0,0.0,0.0,Ryanair,1,1.0,MDW-YIP,1,1.0,397.27869793921553,0.0,0.0,2,136.0,45.254833995939045,1,0.5,0.05,8.4,8.4,263.6,8.0,4.242640687119285,1.0,0.0,Banyan Tree,2,0.5,False,True,False,True,False,False,False,False,324.6565,11.6135,3,2,1,2.0500000000000003,423.8721326275425,1,1168.4947633244324,False,64.27
5954,728820,1985-07-15,38.0,M,False,True,usa,houston,HOU,29.645,-95.279,2023-04-07,112,8,37.75,0.375,995.375,2.0,19.0,24.0,170.5,332.0,2,0,0.0,1,0.5,1,1,1.0,0.0,0.0,0.0,0.0,0.0,0.0,1,1.0,1.0,0.0,0.0,0.0,AirTran Airways,1,1.0,HOU-DAL,1,1.0,0.0,0.0,0.0,1,90.0,0.0,0,0.0,0.0,0.0,0.0,90.0,5.0,0.0,1.0,0.0,Marriott,1,1.0,False,False,True,True,True,False,True,True,90.0,0.0,4,2,1,2.45,117.50416805601867,1,323.9255295957386,False,0.0
5956,732729,1982-01-22,41.0,F,False,True,usa,columbus,CMH,39.998,-82.892,2023-04-09,110,8,21.875,0.625,163.75,2.0,7.0,46.0,6.8,0.0,5,3,0.6,0,0.0,3,2,0.6666666666666666,236.04333333333332,305.687692315758,0.15,7.1895,7.1895,700.9405,1,0.3333333333333333,1.0,0.0,0.0,0.0,Delta Air Lines,2,0.6666666666666666,CMH-BFI,3,0.3333333333333333,1426.5815533474606,1587.3322271620673,0.0,5,165.0,77.51451476981585,1,0.2,0.1,6.9,6.9,818.1,4.4,2.792848008753788,1.4,0.5477225575051661,Banyan Tree,4,0.4,False,True,False,False,False,False,False,False,1519.0405,14.0895,5,5,4,4.65,793.3048453151051,2,2186.9155486216696,False,236.04333333333332
5966,741773,1984-11-01,38.0,F,True,True,usa,minneapolis,MSP,44.88,-93.217,2023-04-12,107,8,8.875,0.125,66.0,2.0,21.0,21.0,7.0,0.0,1,1,1.0,0,0.0,1,1,1.0,159.63,0.0,0.0,0.0,0.0,159.63,0,0.0,1.0,0.0,0.0,0.0,Allegiant Air,1,1.0,MSP-PHL,1,1.0,1574.0038588127084,0.0,0.0,1,76.0,0.0,0,0.0,0.0,0.0,0.0,76.0,5.0,0.0,1.0,0.0,Conrad,1,1.0,False,True,False,True,True,False,True,True,235.63,0.0,4,1,1,2.2,615.2779359786596,1,1696.146056414309,False,159.63
5974,751545,1975-11-04,47.0,F,True,True,usa,phoenix,LUF,33.535,-112.383,2023-04-15,104,8,17.125,0.375,128.125,2.0,14.0,14.0,7.666666666666667,0.0,3,1,0.3333333333333333,0,0.0,1,1,1.0,499.79,0.0,0.0,0.0,0.0,499.79,0,0.0,1.0,0.0,0.0,0.0,Avianca - Aerovias Nacionales de Colombia,1,1.0,LUF-YYZ,1,1.0,3061.212011642412,0.0,0.0,3,204.33333333333334,114.128582455638,1,0.3333333333333333,0.1,32.9,32.9,580.1,5.666666666666667,3.0550504633038935,1.6666666666666667,0.5773502691896257,Hilton,3,0.3333333333333333,False,True,False,True,True,False,False,False,1079.89,32.9,5,3,3,3.8,939.937600311215,2,2591.140297445498,False,499.79
5975,752933,1955-11-09,67.0,F,True,False,usa,fresno,FAT,36.776,-119.718,2023-04-16,103,8,26.25,0.375,571.990138,2.0,8.0,39.0,2.5,2.0,2,0,0.0,1,0.5,0,0,0.0,0.0,0.0,0.0,0.0,0.0,0.0,0,0.0,0.0,0.0,0.0,0.0,MISSING,0,0.0,MISSING,0,0.0,0.0,0.0,0.0,2,248.0,0.0,2,1.0,0.05,12.4,12.4,235.6,5.5,2.1213203435596424,2.0,0.0,Conrad,2,0.5,False,False,True,False,True,False,False,False,235.6,12.4,5,2,1,2.85,307.5997999333111,1,847.9650530306225,False,
5985,768291,1963-07-26,60.0,F,False,True,usa,dallas,DAL,32.847,-96.852,2023-04-21,98,7,11.857142857142858,0.14285714285714285,87.85714285714286,1.75,11.0,11.0,280.0,0.0,1,1,1.0,0,0.0,1,1,1.0,904.65,0.0,0.0,0.0,0.0,904.65,0,0.0,3.0,0.0,3.0,0.0,American Airlines,1,1.0,DAL-MIA,1,1.0,1783.9581626367203,0.0,0.0,1,139.0,0.0,0,0.0,0.0,0.0,0.0,139.0,12.0,0.0,2.0,0.0,Wyndham,1,1.0,False,True,False,True,True,False,True,True,1043.65,0.0,5,1,2,2.95,2725.182777592531,5,7512.552865835392,False,301.55
5989,777846,1979-05-07,44.0,F,True,True,usa,new york,JFK,40.64,-73.779,2023-04-24,95,8,23.5,0.25,173.625,2.6666666666666665,35.0,35.0,9.5,0.0,2,2,1.0,0,0.0,2,1,0.5,136.65,4.115361466505707,0.0,0.0,0.0,273.3,0,0.0,1.0,0.0,0.5,0.7071067811865476,Allegiant Air,2,0.5,JFK-DTW,2,0.5,1171.1577072366442,535.0932625787973,0.0,2,212.5,37.476659402887016,0,0.0,0.0,0.0,0.0,425.0,4.0,1.414213562373095,1.0,0.0,Crowne Plaza,2,0.5,False,True,False,False,True,False,False,True,698.3,0.0,3,2,2,2.4000000000000004,911.701783927976,2,2513.3021924078257,False,136.65
5996,811077,1979-02-22,44.0,F,True,True,usa,knoxville,TYS,35.812,-83.993,2023-05-06,83,8,13.125,0.125,99.125,2.6666666666666665,18.0,18.0,11.0,0.0,1,1,1.0,0,0.0,1,1,1.0,579.79,0.0,0.0,0.0,0.0,579.79,0,0.0,1.0,0.0,0.0,0.0,Frontier Airlines,1,1.0,TYS-FAT,1,1.0,3184.843424658803,0.0,0.0,1,142.0,0.0,0,0.0,0.0,0.0,0.0,142.0,7.0,0.0,1.0,0.0,Radisson,1,1.0,False,True,False,True,True,False,True,True,721.79,0.0,4,1,2,2.55,1884.7407435811936,5,5195.693511264626,False,579.79
