,user_id,birthdate,age_in_years,gender,married,has_children,home_country,home_city,home_airport,home_airport_lat,home_airport_lon,sign_up_date,days_as_customer,total_sessions,avg_clicks_per_session,proportion_planning_sessions,avg_session_duration_seconds,avg_sessions_per_month,days_since_last_session,days_since_last_booking,avg_booking_lead_time_days,avg_cancellation_lead_time_days,total_trips,trips_with_flight_and_hotel,proportion_trips_with_flight_and_hotel,total_trips_cancelled,trip_cancellation_rate,total_flights,flights_with_return,proportion_flights_with_return,avg_flight_price,stddev_flight_price,avg_flight_discount_pct,avg_flight_discount_savings,total_flight_discount_savings,total_flight_spend,flights_with_discount,proportion_flights_with_discount,avg_seats_booked,stddev_seats,avg_bags_checked,stddev_checked_bags,top_airline,airline_variety,airline_concentration,top_flight_route,flight_route_variety,flight_route_concentration,avg_distance_flown,stddev_distance_flown_km,proportion_longhaul_flights,total_hotels_booked,avg_hotel_price_per_room,stddev_hotel_per_room_usd,hotels_with_discount,proportion_hotels_with_discount,avg_hotel_discount_pct,avg_hotel_discount_savings,total_hotel_discount_savings,total_hotel_spend,avg_trip_length_nights,stddev_stay_in_nights,avg_rooms_booked,stddev_rooms,top_hotel_chain,hotel_chain_variety,hotel_chain_concentration,never_booked_trips,never_cancelled_trips,never_booked_flights,booked_only_one_flight,never_booked_flights_with_discounts,never_booked_hotels,booked_only_one_hotel,never_booked_hotels_with_discounts,total_spend,total_savings,R_score,F_score,M_score,RFM_score,CV,CV_quantile,CLV,is_churned,avg_flight_price_per_seat
5,118043,1972-05-04,51.0,F,False,True,usa,los angeles,LAX,33.942,-118.408,2022-03-10,505,8,20.5,0.625,153.125,1.3333333333333333,12.0,12.0,8.6,0.0,5,2,0.4,0,0.0,3,3,1.0,779.7633333333333,372.595257931892,0.0,0.0,0.0,2339.29,0,0.0,2.0,1.0,1.0,0.0,American Airlines,3,0.3333333333333333,LAX-BIF,3,0.3333333333333333,2455.0245088864162,1425.717263051663,0.0,4,227.25,147.101722174374,2,0.5,0.15,16.8,33.6,875.4,6.0,3.162277660168379,1.25,0.5,Fairmont,2,0.75,False,True,False,False,True,False,False,False,3214.69,33.6,5,5,5,5.0,1678.842106702234,4,4628.089603271667,False,389.88166666666666
18,181157,1970-08-10,52.0,F,True,False,usa,houston,HOU,29.645,-95.279,2022-05-15,439,8,19.125,0.375,141.125,1.1428571428571428,20.0,121.0,6.0,0.0,3,3,1.0,0,0.0,3,3,1.0,346.4766666666667,209.460878527073,0.15,80.4045,80.4045,959.0255,1,0.3333333333333333,2.0,1.7320508075688772,1.0,1.0,Air France,3,0.3333333333333333,HOU-OKC,2,0.6666666666666666,1194.2256923912298,899.0756652222474,0.0,3,162.33333333333334,57.51811308912466,1,0.3333333333333333,0.15,15.6,15.6,471.4,3.6666666666666665,3.0550504633038935,2.0,1.7320508075688772,Radisson,2,0.6666666666666666,False,True,False,False,False,False,False,False,1430.4255,96.0045,4,3,3,3.4,1245.0441358786263,3,3432.2321306277727,True,173.23833333333334
24,204943,1982-12-20,40.0,M,False,False,canada,ottawa,YOW,45.323,-75.669,2022-06-06,417,8,36.5,0.875,1043.5,1.1428571428571428,0.0,41.0,40.333333333333336,155.0,6,6,1.0,1,0.16666666666666666,6,6,1.0,470.116,540.576684273379,0.1,26.758,26.758,2323.822,2,0.3333333333333333,1.4285714285714286,0.8366600265340756,1.3333333333333333,1.8618986725025255,American Airlines,6,0.16666666666666666,YOW-LGA,5,0.3333333333333333,1564.5455295396043,1357.1746979565503,0.0,6,153.8,119.349067863976,1,0.16666666666666666,0.0,0.0,0.0,769.0,6.0,6.131883886702357,1.5,0.8366600265340756,InterContinental,6,0.16666666666666666,False,False,False,False,False,False,False,True,3092.822,26.758,5,5,5,5.0,1345.9980594642657,4,3710.5333492420427,False,329.08119999999997
45,281952,1987-01-23,36.0,F,False,False,usa,louisville,LOU,38.228,-85.664,2022-08-11,351,8,19.75,0.25,146.375,1.1428571428571428,19.0,19.0,8.0,0.0,2,2,1.0,0,0.0,2,2,1.0,342.36,201.53957477379,0.0,0.0,0.0,684.72,0,0.0,1.0,0.0,1.5,0.7071067811865476,Delta Air Lines,2,0.5,LOU-LGA,2,0.5,1845.0144010402562,1118.0678621504646,0.0,2,131.5,65.76093065034893,1,0.5,0.15,26.7,26.7,236.3,1.5,0.7071067811865476,1.0,0.0,Aman Resorts,2,0.5,False,True,False,False,True,False,False,False,921.02,26.7,4,2,2,2.8,1202.4854318106036,3,3314.909902980747,False,342.36
47,290123,1983-04-08,40.0,F,True,False,usa,houston,HOU,29.645,-95.279,2022-08-18,344,8,21.375,0.75,158.125,1.3333333333333333,13.0,13.0,7.0,0.0,6,5,0.8333333333333334,0,0.0,6,5,0.8333333333333334,739.455,606.612537448741,0.0,0.0,0.0,4436.73,0,0.0,1.6666666666666667,0.816496580927726,1.0,1.0954451150103321,United Airlines,5,0.3333333333333333,HOU-DEN,6,0.16666666666666666,2418.0680644574077,713.4501018800385,0.0,5,243.6,143.5698436302,0,0.0,0.0,0.0,0.0,1218.0,3.6,2.073644135332772,1.8,0.8366600265340756,Aman Resorts,5,0.2,False,True,False,False,True,False,False,True,5654.73,0.0,5,5,5,5.0,2460.94201567189,5,6784.1163332255965,False,443.673
68,347778,1974-07-20,49.0,F,False,False,usa,las vegas,LSV,36.236,-115.034,2022-10-03,298,9,18.0,0.5555555555555556,133.33333333333334,1.5,34.0,34.0,6.4,0.0,5,4,0.8,0,0.0,5,5,1.0,846.738,1071.917682273224,0.0,0.0,0.0,4233.69,0,0.0,1.6,1.3416407864998738,1.0,0.7071067811865476,Ryanair,4,0.4,LSV-JFK,4,0.4,2487.967618656661,1321.9224590181589,0.0,4,226.75,37.48221800623153,0,0.0,0.0,0.0,0.0,907.0,3.25,0.5,1.75,1.5,Hilton,4,0.25,False,True,False,False,True,False,False,True,5140.69,0.0,3,5,5,4.2,2684.677785261754,5,7400.89213661119,False,529.21125
76,354260,1974-09-27,48.0,F,False,False,usa,providence,PVD,41.724,-71.428,2022-10-07,294,8,14.5,0.25,107.875,2.0,115.0,167.0,11.5,0.0,2,1,0.5,0,0.0,2,2,1.0,582.505,200.330422177961,0.0,0.0,0.0,1165.01,0,0.0,1.0,0.0,1.0,0.0,JetBlue Airways,2,0.5,PVD-FAT,2,0.5,3329.3287021285178,1146.0744133857547,0.0,1,260.0,0.0,0,0.0,0.0,0.0,0.0,260.0,3.0,0.0,1.0,0.0,Banyan Tree,1,1.0,False,True,False,False,True,False,True,True,1425.01,0.0,1,2,3,1.9499999999999997,1860.4957169056352,5,5128.856876991373,True,582.505
82,359080,1982-05-09,41.0,F,True,False,usa,new york,JFK,40.64,-73.779,2022-10-11,290,8,15.75,0.5,119.0,1.1428571428571428,24.0,24.0,77.0,0.0,4,2,0.5,0,0.0,4,4,1.0,1288.39,1674.10805451739,0.0,0.0,0.0,5153.56,0,0.0,1.25,0.5,1.0,0.0,Air Canada,4,0.25,JFK-DXB,4,0.25,4617.660274298968,4466.292386084852,0.25,2,338.5,20.506096654409877,0,0.0,0.0,0.0,0.0,677.0,3.0,1.414213562373095,1.0,0.0,Wyndham,1,1.0,False,True,False,False,True,False,False,True,5830.56,0.0,4,4,5,4.35,3806.195011670557,5,10492.595754665168,False,1030.712
83,359653,1968-12-26,54.0,M,False,False,canada,victoria,YYJ,48.647,-123.426,2022-10-12,289,8,15.875,0.25,118.0,1.1428571428571428,20.0,168.0,7.0,0.0,2,2,1.0,0,0.0,2,2,1.0,392.165,103.58407237601735,0.0,0.0,0.0,784.33,0,0.0,1.0,0.0,1.0,0.0,American Airlines,2,0.5,YYJ-FTW,2,0.5,2238.5998423301307,780.0209094393136,0.0,2,215.0,83.43860018001261,1,0.5,0.1,27.4,27.4,402.6,2.5,0.7071067811865476,1.0,0.0,Four Seasons,2,0.5,False,True,False,False,True,False,False,False,1186.93,27.4,4,2,3,3.15,1549.6580243414471,4,4271.965876034112,True,392.165
115,386914,1977-12-08,45.0,F,True,True,canada,hamilton,YHM,43.173,-79.935,2022-10-30,271,8,36.75,0.375,987.375,1.1428571428571428,3.0,87.0,116.5,141.0,2,1,0.5,1,0.5,2,2,1.0,134.71,0.0,0.0,0.0,0.0,134.71,1,0.5,3.6666666666666665,2.8284271247461903,2.5,2.1213203435596424,Air India Limited,2,0.5,YHM-DEL,2,0.5,659.0764833746324,7807.38164142674,0.0,1,321.0,0.0,1,1.0,0.1,32.1,32.1,288.9,2.0,0.0,1.0,0.0,Wyndham,1,1.0,False,False,False,False,True,False,True,False,423.61,32.1,5,2,1,2.85,553.0660070023341,1,1524.6454843561205,False,36.73909090909091
118,388328,1973-11-28,49.0,F,True,True,canada,toronto,YYZ,43.677,-79.631,2022-10-31,270,9,15.0,0.5555555555555556,110.44444444444444,1.8,63.0,63.0,7.8,0.0,5,3,0.6,0,0.0,3,3,1.0,413.56666666666666,273.753536111104,0.0,0.0,0.0,1240.7,0,0.0,1.0,0.0,1.0,1.0,AeroMéxico,3,0.3333333333333333,YYZ-FAT,3,0.3333333333333333,2469.187087814434,1629.2344794819285,0.0,5,165.6,83.63492093617354,1,0.2,0.1,16.1,16.1,811.9,5.0,3.872983346207417,1.0,0.0,Aman Resorts,4,0.4,False,True,False,False,True,False,False,False,2052.6,16.1,2,5,4,3.4499999999999997,1071.9513571190396,3,2955.0646313253915,False,413.56666666666666
122,389662,1985-08-09,37.0,F,False,False,usa,fresno,FAT,36.776,-119.718,2022-11-01,269,8,18.25,0.375,135.75,1.3333333333333333,46.0,122.0,9.666666666666666,0.0,3,2,0.6666666666666666,0,0.0,2,2,1.0,330.09,55.04119184756086,0.1,29.117,29.117,631.063,1,0.5,1.0,0.0,1.0,0.0,American Airlines,2,0.5,FAT-DAL,2,0.5,1892.1749419588195,332.5535560861128,0.0,3,173.0,108.475803753648,0,0.0,0.0,0.0,0.0,519.0,1.6666666666666667,0.5773502691896257,1.0,0.0,Best Western,3,0.3333333333333333,False,True,False,False,False,False,False,True,1150.063,29.117,2,3,3,2.5999999999999996,1001.0162668667334,2,2759.516787729363,True,330.09
127,395981,1972-08-17,50.0,F,True,False,canada,vancouver,YVR,49.195,-123.182,2022-11-04,266,8,12.625,0.375,95.25,1.6,53.0,53.0,10.333333333333334,0.0,3,3,1.0,0,0.0,3,3,1.0,671.64,456.330644270139,0.2,237.022,237.022,1777.898,1,0.3333333333333333,1.3333333333333333,0.5773502691896257,1.0,0.0,Air Canada,3,0.3333333333333333,YVR-DEN,3,0.3333333333333333,2767.539867288116,851.5045788601354,0.0,3,345.3333333333333,122.459517120285,0,0.0,0.0,0.0,0.0,1036.0,2.0,0.0,1.3333333333333333,0.5773502691896257,Banyan Tree,2,0.6666666666666666,False,True,False,False,False,False,False,True,2813.898,237.022,2,3,5,3.3,2449.220322107369,5,6751.802962062146,False,503.73
129,399137,1970-08-24,52.0,F,True,False,usa,dallas,DAL,32.847,-96.852,2022-11-07,263,8,19.375,0.5,143.25,2.0,74.0,74.0,6.0,0.0,4,2,0.5,0,0.0,2,2,1.0,415.735,22.026376233960956,0.0,0.0,0.0,831.47,0,0.0,1.0,0.0,1.0,0.0,American Airlines,2,0.5,DAL-JFK,2,0.5,2151.3257426132773,100.63323975432469,0.0,4,196.0,96.46070011495182,0,0.0,0.0,0.0,0.0,784.0,4.0,1.632993161855452,1.5,1.0,Choice Hotels,4,0.25,False,True,False,False,True,False,False,True,1615.47,0.0,1,4,4,2.8,1054.5803242747581,2,2907.177640533488,False,415.735
148,409073,1981-09-06,41.0,F,True,False,usa,sacramento,MCC,38.667,-121.401,2022-11-12,258,8,22.25,0.375,165.0,2.0,69.0,69.0,7.333333333333333,0.0,3,3,1.0,0,0.0,3,3,1.0,526.1866666666666,323.4521085622,0.0,0.0,0.0,1578.56,0,0.0,1.0,0.0,1.0,0.0,Alaska Airlines,3,0.3333333333333333,MCC-JFK,3,0.3333333333333333,3017.8627458147166,1757.7287996624189,0.0,3,174.0,63.3798075099633,0,0.0,0.0,0.0,0.0,522.0,2.3333333333333335,0.5773502691896257,1.0,0.0,Shangri-La,3,0.3333333333333333,False,True,False,False,True,False,False,True,2100.56,0.0,1,3,4,2.55,1828.330038901856,5,5040.185262574998,False,526.1866666666666
153,413418,1969-09-04,53.0,F,False,False,usa,knoxville,TYS,35.812,-83.993,2022-11-15,255,8,12.25,0.375,91.0,1.1428571428571428,15.0,15.0,8.0,0.0,3,1,0.3333333333333333,0,0.0,2,2,1.0,290.335,146.34989050218,0.0,0.0,0.0,580.67,0,0.0,1.5,0.7071067811865476,1.5,0.7071067811865476,American Airlines,1,1.0,TYS-LGA,1,1.0,1040.238556051813,0.0,0.0,2,36.5,2.1213203435596424,0,0.0,0.0,0.0,0.0,73.0,3.5,3.5355339059327378,1.5,0.7071067811865476,Marriott,2,0.5,False,True,False,False,True,False,False,True,653.67,0.0,5,3,2,3.45,568.9551817272423,1,1568.4474143025664,False,193.55666666666664
154,413658,1972-09-04,50.0,F,True,True,usa,philadelphia,PNE,40.082,-75.011,2022-11-15,255,8,22.5,0.5,547.7315255,1.3333333333333333,30.0,81.0,80.0,174.0,3,1,0.3333333333333333,1,0.3333333333333333,2,2,1.0,189.04,0.0,0.0,0.0,0.0,189.04,1,0.5,2.3333333333333335,1.414213562373095,1.5,0.7071067811865476,AirTran Airways,2,0.5,PNE-LAS,2,0.5,1085.874254596577,1715.1910825447408,0.0,2,121.5,40.30508652763321,0,0.0,0.0,0.0,0.0,243.0,3.5,2.1213203435596424,1.5,0.7071067811865476,Choice Hotels,2,0.5,False,False,False,False,True,False,False,True,432.04,0.0,3,3,1,2.3000000000000003,376.0481538290542,1,1036.6576726410588,False,81.01714285714284
157,415381,1978-03-13,45.0,F,True,False,usa,chicago,UGN,42.422,-87.868,2022-11-16,254,8,13.5,0.375,100.875,1.1428571428571428,16.0,111.0,6.666666666666667,0.0,3,2,0.6666666666666666,0,0.0,3,2,0.6666666666666666,150.40333333333334,101.58986038642504,0.0,0.0,0.0,451.21,0,0.0,1.0,0.0,1.0,1.0,Ryanair,3,0.3333333333333333,UGN-DAL,3,0.3333333333333333,970.4746529009926,499.82631885068787,0.0,2,119.5,50.204581464244875,0,0.0,0.0,0.0,0.0,239.0,2.5,2.1213203435596424,1.0,0.0,Banyan Tree,2,0.5,False,True,False,False,True,False,False,True,690.21,0.0,4,3,2,3.05,600.7596432144048,1,1656.12325764648,True,150.40333333333334
169,421666,1994-05-02,29.0,F,False,True,usa,washington,IAD,38.944,-77.456,2022-11-19,251,8,46.125,0.375,1057.25,1.3333333333333333,30.0,30.0,9.0,7.0,2,2,1.0,1,0.5,2,2,1.0,545.17,0.0,0.0,0.0,0.0,545.17,1,0.5,1.0,0.0,1.0,0.0,Delta Air Lines,2,0.5,IAD-LSQ,1,1.0,3674.037323136456,0.0,0.0,2,79.0,0.0,1,0.5,0.0,0.0,0.0,79.0,2.0,0.0,1.0,0.0,Starwood,2,0.5,False,False,False,False,True,False,False,True,624.17,0.0,3,2,2,2.4000000000000004,814.9175175058352,2,2246.4955311974686,False,545.17
171,421870,1994-06-25,29.0,M,True,True,usa,little rock,LIT,34.729,-92.224,2022-11-19,251,8,16.5,0.375,122.125,2.6666666666666665,125.0,125.0,80.66666666666667,0.0,3,2,0.6666666666666666,0,0.0,3,3,1.0,7411.356666666667,12243.09963557,0.075,28.1145,56.229,22177.841,2,0.6666666666666666,3.3333333333333335,4.041451884327381,2.6666666666666665,4.618802153517006,LACSA,3,0.3333333333333333,LIT-KUL,3,0.3333333333333333,6591.732677741321,7824.666588093856,0.3333333333333333,2,276.0,77.78174593052023,0,0.0,0.0,0.0,0.0,552.0,3.5,0.7071067811865476,1.0,0.0,Fairmont,2,0.5,False,True,False,False,False,False,False,True,22729.841,56.229,1,3,5,2.9,19784.081901856174,5,54539.079878162476,True,2223.4069999999997
172,422066,1968-09-22,54.0,F,True,True,usa,cincinnati,CVG,39.046,-84.662,2022-11-19,251,8,17.75,0.5,131.25,1.1428571428571428,18.0,18.0,9.0,0.0,4,4,1.0,0,0.0,4,4,1.0,410.245,422.667814601491,0.1,16.815,16.815,1624.165,1,0.25,1.25,0.5,1.25,1.2583057392117916,United Airlines,3,0.5,CVG-IAH,4,0.25,1654.7330238784352,1073.6301686727022,0.0,4,139.75,89.63397793247826,0,0.0,0.0,0.0,0.0,559.0,5.5,5.066228051190222,1.25,0.5,Crowne Plaza,4,0.25,False,True,False,False,False,False,False,True,2183.165,16.815,4,4,4,4.0,1425.1721503001,4,3928.79377122156,False,328.196
191,431337,1986-04-12,37.0,F,False,False,usa,miami,MIA,25.793,-80.291,2022-11-24,246,8,15.625,0.375,114.875,1.6,83.0,83.0,8.666666666666666,0.0,3,3,1.0,0,0.0,3,3,1.0,402.88666666666666,37.77120772934502,0.0,0.0,0.0,1208.66,0,0.0,1.0,0.0,1.0,0.0,Air Canada,3,0.3333333333333333,MIA-BIF,3,0.3333333333333333,2369.9738774948214,220.89226608095504,0.0,3,213.0,156.195390456953,0,0.0,0.0,0.0,0.0,639.0,3.0,1.0,1.0,0.0,Crowne Plaza,3,0.3333333333333333,False,True,False,False,True,False,False,True,1847.66,0.0,1,3,4,2.55,1608.2055640769145,4,4433.364770465648,False,402.88666666666666
215,437549,1984-05-13,39.0,F,False,False,usa,new orleans,NBG,29.825,-90.035,2022-11-28,242,8,16.375,0.375,122.125,1.3333333333333333,29.0,99.0,9.0,0.0,3,3,1.0,0,0.0,3,3,1.0,336.95,205.210190536435,0.0,0.0,0.0,1010.85,0,0.0,1.0,0.0,1.0,0.0,Air North Charter - Canada,3,0.3333333333333333,NBG-LGA,3,0.3333333333333333,1928.2618224141145,1146.3723973029232,0.0,3,130.33333333333334,13.503086067019396,1,0.3333333333333333,0.2,26.0,26.0,365.0,3.6666666666666665,2.0816659994661326,1.0,0.0,Aman Resorts,3,0.3333333333333333,False,True,False,False,True,False,False,False,1375.85,26.0,3,3,3,3.0,1197.541552739802,3,3301.2810362540517,True,336.95
229,441200,1988-07-06,35.0,F,False,True,canada,ottawa,YOW,45.323,-75.669,2022-11-30,240,8,14.25,0.375,106.0,1.1428571428571428,11.0,134.0,11.0,0.0,3,1,0.3333333333333333,0,0.0,2,2,1.0,272.62,243.99426591623,0.0,0.0,0.0,545.24,0,0.0,1.0,0.0,1.0,1.414213562373095,American Airlines,2,0.5,YOW-IAH,2,0.5,1523.268619290318,1295.6122010765803,0.0,2,96.0,39.59797974644666,0,0.0,0.0,0.0,0.0,192.0,4.0,1.414213562373095,1.0,0.0,Hilton,2,0.5,False,True,False,False,True,False,False,True,737.24,0.0,5,3,2,3.45,641.6946137601423,1,1768.9693143641657,True,272.62
242,443652,1993-10-18,29.0,F,False,False,usa,seattle,SEA,47.449,-122.309,2022-12-01,239,8,16.125,0.5,119.75,1.1428571428571428,7.0,64.0,7.0,0.0,4,4,1.0,0,0.0,4,3,0.75,389.96,491.602207955443,0.0,0.0,0.0,1559.84,0,0.0,1.25,0.5,1.0,0.0,American Airlines,3,0.5,SEA-HOU,4,0.25,1623.336279589648,1166.0441665736564,0.0,4,119.0,28.366647081857714,0,0.0,0.0,0.0,0.0,476.0,3.75,1.2583057392117916,1.25,0.5,NH Hotel,3,0.5,False,True,False,False,True,False,False,True,2035.84,0.0,5,4,4,4.4,1328.998252750917,3,3663.6697231788253,False,311.96799999999996
253,447737,1981-12-25,41.0,F,False,False,canada,calgary,YYC,51.114,-114.02,2022-12-03,237,8,14.75,0.375,110.0,2.0,110.0,110.0,7.666666666666667,0.0,3,2,0.6666666666666666,0,0.0,3,3,1.0,695.6833333333333,394.749894279065,0.0,0.0,0.0,2087.05,0,0.0,1.3333333333333333,0.5773502691896257,1.0,0.0,Delta Air Lines,2,0.6666666666666666,YYC-JFK,3,0.3333333333333333,2872.791610216607,700.3030592154503,0.0,2,41.5,13.435028842544403,1,0.5,0.2,6.4,6.4,76.6,2.0,1.414213562373095,1.5,0.7071067811865476,Hyatt,2,0.5,False,True,False,False,True,False,False,False,2163.65,6.4,1,3,4,2.55,1883.2436534400356,5,5191.5664600727405,True,521.7625
260,449033,1983-01-27,40.0,F,False,False,usa,san diego,NZY,32.699,-117.215,2022-12-04,236,9,29.555555555555557,0.5555555555555556,217.66666666666666,1.8,69.0,96.0,8.2,0.0,5,5,1.0,0,0.0,5,5,1.0,293.584,157.498591041317,0.0,0.0,0.0,1467.92,0,0.0,1.0,0.0,1.0,0.7071067811865476,United Airlines,4,0.4,NZY-BIF,5,0.2,1746.3187493012563,968.1744164564045,0.0,5,125.0,77.90057766152957,0,0.0,0.0,0.0,0.0,625.0,3.0,3.4641016151377544,1.0,0.0,Best Western,4,0.4,False,True,False,False,True,False,False,True,2092.92,0.0,1,5,4,3.05,1093.0081040346781,3,3013.112086228948,True,293.584
262,449619,1988-10-08,34.0,F,False,False,usa,cleveland,CLE,41.412,-81.85,2022-12-04,236,8,18.75,0.375,139.125,1.3333333333333333,34.0,34.0,7.333333333333333,0.0,3,3,1.0,0,0.0,3,3,1.0,348.8433333333333,268.964698860898,0.0,0.0,0.0,1046.53,0,0.0,1.0,0.0,1.0,0.0,Delta Air Lines,3,0.3333333333333333,CLE-EFD,3,0.3333333333333333,1918.6741996141689,1312.826307186572,0.0,3,153.33333333333334,42.770706486254504,1,0.3333333333333333,0.15,27.0,27.0,433.0,6.0,4.58257569495584,1.0,0.0,Crowne Plaza,3,0.3333333333333333,False,True,False,False,True,False,False,False,1479.53,27.0,3,3,3,3.0,1287.7847538068245,3,3550.055842983579,False,348.8433333333333
263,449804,1982-06-23,41.0,F,True,False,usa,tacoma,TCM,47.138,-122.476,2022-12-04,236,8,16.875,0.375,125.875,1.3333333333333333,28.0,43.0,7.0,0.0,3,3,1.0,0,0.0,3,3,1.0,481.13666666666666,137.372315017741,0.0,0.0,0.0,1443.41,0,0.0,1.0,0.0,1.0,0.0,Delta Air Lines,3,0.3333333333333333,TCM-DEN,3,0.3333333333333333,2591.525018782858,864.6206831090893,0.0,3,226.33333333333334,110.119631916082,0,0.0,0.0,0.0,0.0,679.0,2.6666666666666665,1.1547005383792515,1.0,0.0,Accor,3,0.3333333333333333,False,True,False,False,True,False,False,True,2122.41,0.0,3,3,4,3.35,1847.3483061020338,5,5092.6132094021605,False,481.13666666666666
272,452532,1991-06-05,32.0,F,False,False,usa,el paso,ELP,31.807,-106.378,2022-12-06,234,8,44.375,0.5,1083.375,1.1428571428571428,24.0,24.0,7.666666666666667,2.0,3,1,0.3333333333333333,1,0.3333333333333333,3,3,1.0,370.255,38.34640074374647,0.25,99.3425,99.3425,641.1675,2,0.6666666666666666,1.0,0.0,1.0,0.0,JetBlue Airways,3,0.3333333333333333,ELP-LGA,3,0.3333333333333333,2072.775868129786,572.4112005802967,0.0,1,0.0,0.0,1,1.0,0.0,0.0,0.0,0.0,9.0,0.0,1.0,0.0,Radisson,1,1.0,False,False,False,False,False,True,True,True,641.1675,99.3425,4,3,2,3.05,558.0729901633878,1,1538.44831108945,False,370.255
274,452612,1981-05-05,42.0,F,True,True,usa,rochester,ROC,43.119,-77.672,2022-12-06,234,8,34.875,0.375,846.110514375,1.1428571428571428,23.0,23.0,12.5,13.0,2,2,1.0,1,0.5,2,2,1.0,341.65,0.0,0.0,0.0,0.0,341.65,1,0.5,1.0,0.0,1.5,0.7071067811865476,Allegiant Air,2,0.5,ROC-SAN,2,0.5,2024.5582254593126,1127.620041976469,0.0,2,148.0,0.0,1,0.5,0.1,0.0,0.0,148.0,4.5,0.7071067811865476,1.0,0.0,Wyndham,2,0.5,False,False,False,False,True,False,False,True,489.65,0.0,4,2,1,2.45,639.287954318106,1,1762.3348396283714,False,341.65
282,454934,1982-01-04,41.0,F,True,False,usa,tacoma,TCM,47.138,-122.476,2022-12-07,233,8,26.875,0.5,638.055130625,1.3333333333333333,42.0,42.0,8.666666666666666,0.0,3,3,1.0,1,0.3333333333333333,3,3,1.0,382.1,267.441926780376,0.0,0.0,0.0,764.2,1,0.3333333333333333,1.0,0.0,1.0,1.0,United Airlines,3,0.3333333333333333,TCM-YYC,3,0.3333333333333333,2033.347876475835,1222.061176415612,0.0,3,118.5,67.17514421272202,1,0.3333333333333333,0.0,0.0,0.0,237.0,2.6666666666666665,2.0816659994661326,1.0,0.0,Best Western,3,0.3333333333333333,False,False,False,False,True,False,False,True,1001.2,0.0,2,3,2,2.25,871.4457263532289,2,2402.327705416693,False,382.1
286,456663,1986-08-03,36.0,F,True,True,usa,new york,LGA,40.777,-73.872,2022-12-08,232,9,10.222222222222221,0.2222222222222222,76.44444444444444,1.2857142857142858,11.0,84.0,9.0,0.0,2,2,1.0,0,0.0,2,2,1.0,427.695,5.098239892355008,0.1,42.409,42.409,812.981,1,0.5,1.0,0.0,1.5,0.7071067811865476,Southwest Airlines,1,1.0,LGA-DAL,2,0.5,2376.7946353459292,223.02027419160987,0.0,2,186.0,164.048773235279,0,0.0,0.0,0.0,0.0,372.0,2.5,0.7071067811865476,1.0,0.0,Aman Resorts,2,0.5,False,True,False,False,False,False,False,True,1184.981,42.409,5,2,3,3.55,1547.1134063021007,4,4264.9510887320885,False,427.695
288,457468,1983-08-12,39.0,F,True,False,usa,phoenix,LUF,33.535,-112.383,2022-12-08,232,8,18.25,0.5,136.5,1.3333333333333333,45.0,45.0,6.75,0.0,4,2,0.5,0,0.0,2,2,1.0,183.47,155.78976603102,0.25,73.4075,73.4075,293.5325,1,0.5,2.0,1.414213562373095,2.0,1.414213562373095,Delta Air Lines,2,0.5,LUF-LSQ,2,0.5,469.1495790557456,126.88484607824105,0.0,4,139.75,111.368382706523,0,0.0,0.0,0.0,0.0,559.0,4.75,1.2583057392117916,1.5,1.0,Aman Resorts,4,0.25,False,True,False,False,False,False,False,True,852.5325,73.4075,2,4,2,2.5,556.5340119623207,1,1534.2057864448836,False,91.735
294,458762,1984-05-04,39.0,F,True,True,canada,montreal,YHU,45.517,-73.417,2022-12-09,231,9,12.222222222222221,0.4444444444444444,91.66666666666667,1.5,34.0,34.0,5.25,0.0,4,0,0.0,0,0.0,3,3,1.0,240.24,214.38162071409,0.0,0.0,0.0,720.72,0,0.0,1.0,0.0,1.0,0.0,Southwest Airlines,2,0.6666666666666666,YHU-DAL,3,0.3333333333333333,1293.867637728172,1120.5200622447503,0.0,1,85.0,0.0,0,0.0,0.0,0.0,0.0,85.0,5.0,0.0,1.0,0.0,NH Hotel,1,1.0,False,True,False,False,True,False,True,True,805.72,0.0,3,4,2,2.9000000000000004,525.9747682560853,1,1449.9626539215474,False,240.24
297,458919,1987-07-14,36.0,F,False,False,usa,fresno,FAT,36.776,-119.718,2022-12-09,231,8,16.875,0.25,125.125,1.6,57.0,120.0,6.5,0.0,2,2,1.0,0,0.0,2,2,1.0,668.115,85.62356013387904,0.0,0.0,0.0,1336.23,0,0.0,1.0,0.0,1.5,0.7071067811865476,American Airlines,2,0.5,FAT-LGA,2,0.5,3718.9422331366186,346.49798594194937,0.0,2,149.0,15.556349186104045,0,0.0,0.0,0.0,0.0,298.0,1.5,0.7071067811865476,1.0,0.0,Rosewood,2,0.5,False,True,False,False,True,False,False,True,1634.23,0.0,2,2,4,2.7,2133.65373957986,5,5881.875758124934,True,668.115
314,463867,1992-11-14,30.0,F,False,False,usa,detroit,DTW,42.212,-83.353,2022-12-12,228,8,15.625,0.25,118.25,1.1428571428571428,8.0,8.0,7.0,0.0,2,2,1.0,0,0.0,2,2,1.0,250.755,118.06561925471784,0.0,0.0,0.0,501.51,0,0.0,1.0,0.0,1.0,0.0,Allegiant Air,2,0.5,DTW-SKF,2,0.5,1508.7096726831714,614.1474084465295,0.0,2,137.5,45.96194077712559,0,0.0,0.0,0.0,0.0,275.0,1.5,0.7071067811865476,1.0,0.0,Accor,2,0.5,False,True,False,False,True,False,False,True,776.51,0.0,5,2,2,3.2,1013.8129059686562,2,2794.7934776265224,False,250.755
322,464673,1974-07-12,49.0,M,True,True,usa,louisville,LOU,38.228,-85.664,2022-12-12,228,8,15.5,0.5,115.125,1.1428571428571428,21.0,21.0,11.25,0.0,4,1,0.25,0,0.0,3,3,1.0,402.7266666666667,196.403193032428,0.15,27.1815,27.1815,1180.9985,1,0.3333333333333333,2.0,1.0,1.0,1.0,Air Canada,3,0.3333333333333333,LOU-CMH,3,0.3333333333333333,1579.6964979768647,1433.2850299824756,0.0,2,193.0,0.0,0,0.0,0.0,0.0,0.0,386.0,5.5,0.7071067811865476,2.5,0.7071067811865476,Marriott,1,1.0,False,True,False,False,False,False,False,True,1566.9985,27.1815,4,4,4,4.0,1022.9380838196065,2,2819.948994379045,False,201.36333333333334
324,464855,1995-07-18,28.0,F,False,True,canada,victoria,YYJ,48.647,-123.426,2022-12-12,228,8,29.25,0.375,1002.0,1.1428571428571428,17.0,50.0,102.0,164.0,2,2,1.0,1,0.5,2,2,1.0,693.83,0.0,0.1,69.383,69.383,624.447,2,1.0,1.6666666666666667,0.7071067811865476,1.0,0.0,All Nippon Airways,2,0.5,YYJ-BKK,2,0.5,3953.9097044366417,5561.804239984552,0.0,2,176.0,0.0,1,0.5,0.0,0.0,0.0,176.0,9.5,3.5355339059327378,1.0,0.0,Best Western,2,0.5,False,False,False,False,False,False,False,True,800.447,69.383,4,2,2,2.8,1045.0650978659553,2,2880.946870981336,False,416.298
325,465138,1986-12-15,36.0,F,False,False,usa,birmingham,BHM,33.563,-86.753,2022-12-12,228,6,11.833333333333334,0.3333333333333333,89.16666666666667,1.2,70.0,70.0,7.0,0.0,2,2,1.0,0,0.0,2,2,1.0,175.01,71.27636354360399,0.0,0.0,0.0,350.02,0,0.0,1.0,0.0,1.0,0.0,Allegiant Air,2,0.5,BHM-LCK,2,0.5,1052.258422197563,365.72108623119874,0.0,2,203.0,118.79393923933998,0,0.0,0.0,0.0,0.0,406.0,4.5,2.1213203435596424,1.0,0.0,Accor,2,0.5,False,True,False,False,True,False,False,True,756.02,0.0,1,2,2,1.6,987.0611237079025,2,2721.0464320552255,False,175.01
326,465343,1971-07-12,52.0,F,True,True,usa,los angeles,LAX,33.942,-118.408,2022-12-12,228,8,13.625,0.25,101.625,1.6,61.0,74.0,8.5,0.0,2,2,1.0,0,0.0,2,2,1.0,864.295,690.510985032099,0.05,18.8015,18.8015,1709.7885,1,0.5,1.5,0.7071067811865476,1.0,0.0,American Airlines,2,0.5,LAX-HOU,2,0.5,3109.4690968351592,1222.92809116262,0.0,2,319.5,147.785317267988,0,0.0,0.0,0.0,0.0,639.0,4.0,0.0,1.5,0.7071067811865476,Crowne Plaza,2,0.5,False,True,False,False,False,False,False,True,2348.7885,18.8015,2,2,5,3.05,3066.5826514671558,5,8453.695097454229,False,576.1966666666666
330,466205,1985-02-28,38.0,F,True,True,usa,new york,LGA,40.777,-73.872,2022-12-13,227,8,14.0,0.5,106.5,1.1428571428571428,10.0,53.0,6.75,0.0,4,2,0.5,0,0.0,2,2,1.0,674.93,97.90600492308937,0.0,0.0,0.0,1349.86,0,0.0,1.0,0.0,1.0,0.0,Alaska Airlines,2,0.5,LGA-LUF,2,0.5,3795.66390064887,450.50260343072085,0.0,4,139.25,31.80539786472311,0,0.0,0.0,0.0,0.0,557.0,5.75,6.898067362191625,1.0,0.0,Crowne Plaza,4,0.25,False,True,False,False,True,False,False,True,1906.86,0.0,5,4,4,4.4,1244.799988329443,3,3431.559085360723,False,674.93
333,467007,1975-02-20,48.0,M,True,True,usa,riverside,RAL,33.952,-117.445,2022-12-13,227,8,16.625,0.5,122.25,1.3333333333333333,52.0,52.0,47.0,0.0,4,1,0.25,0,0.0,3,3,1.0,3654.0033333333336,5682.760717198405,0.1,74.387,74.387,10887.623,1,0.3333333333333333,2.3333333333333335,2.309401076758503,2.0,2.6457513110645907,Delta Air Lines,3,0.3333333333333333,RAL-LGA,3,0.3333333333333333,5078.946413994101,5676.987083534938,0.3333333333333333,2,210.0,202.232539419353,0,0.0,0.0,0.0,0.0,420.0,6.0,1.414213562373095,1.5,0.7071067811865476,Banyan Tree,2,0.5,False,True,False,False,False,False,False,True,11307.623,74.387,2,4,5,3.55,7381.6268517005665,5,20349.043159688637,False,1566.0014285714285
335,467339,1981-06-20,42.0,F,False,True,usa,san diego,SAN,32.733,-117.189,2022-12-13,227,8,11.125,0.375,83.5,1.1428571428571428,14.0,132.0,7.333333333333333,0.0,3,2,0.6666666666666666,0,0.0,3,2,0.6666666666666666,188.71333333333334,226.219853755884,0.0,0.0,0.0,566.14,0,0.0,1.3333333333333333,0.5773502691896257,1.3333333333333333,0.5773502691896257,Delta Air Lines,2,0.6666666666666666,SAN-IND,3,0.3333333333333333,1164.7546654689565,1476.7356981377138,0.0,2,101.0,48.08326112068523,0,0.0,0.0,0.0,0.0,202.0,2.5,0.7071067811865476,1.5,0.7071067811865476,NH Hotel,2,0.5,False,True,False,False,True,False,False,True,768.14,0.0,5,3,2,3.45,668.5900122262976,1,1843.112268916079,True,141.53500000000003
348,469464,1977-11-16,45.0,F,True,False,usa,mobile,BFM,30.626,-88.068,2022-12-14,226,8,11.5,0.5,84.75,1.3333333333333333,44.0,44.0,6.5,0.0,4,1,0.25,0,0.0,2,2,1.0,604.19,49.38433759806848,0.0,0.0,0.0,1208.38,0,0.0,2.0,0.0,1.5,2.1213203435596424,American Airlines,2,0.5,BFM-PHL,2,0.5,1604.6666079097888,76.40943707992801,0.0,3,111.66666666666667,39.0042732701602,1,0.3333333333333333,0.15,20.85,20.85,314.15,5.0,3.4641016151377544,1.6666666666666667,0.5773502691896257,Choice Hotels,3,0.3333333333333333,False,True,False,False,True,False,False,False,1522.53,20.85,2,4,4,3.2,993.9090055018339,2,2739.9240920855555,False,302.095
351,469824,1972-08-24,50.0,F,False,False,usa,los angeles,LAX,33.942,-118.408,2022-12-15,225,8,18.25,0.375,135.25,1.3333333333333333,33.0,33.0,13.0,0.0,3,2,0.6666666666666666,0,0.0,2,2,1.0,95.125,0.3323401871576773,0.0,0.0,0.0,190.25,0,0.0,1.0,0.0,1.0,0.0,Delta Air Lines,2,0.5,LAX-LUF,2,0.5,551.0512562418593,11.058383420536012,0.0,3,87.0,28.61817604250837,1,0.3333333333333333,0.1,10.5,10.5,250.5,5.666666666666667,2.516611478423583,1.3333333333333333,0.5773502691896257,Accor,3,0.3333333333333333,False,True,False,False,True,False,False,False,440.75,10.5,3,3,1,2.3000000000000003,383.62934867177944,1,1057.5568679209023,False,95.125
353,471161,1983-05-25,40.0,F,False,False,usa,houston,EFD,29.607,-95.159,2022-12-15,225,8,16.625,0.25,122.875,1.1428571428571428,8.0,8.0,6.0,0.0,2,2,1.0,0,0.0,2,2,1.0,566.715,36.87561863887845,0.1,54.064,54.064,1079.366,1,0.5,1.5,0.7071067811865476,1.5,2.1213203435596424,AirTran Airways,2,0.5,EFD-MDW,2,0.5,2360.8923905806805,1204.8637929258139,0.0,2,78.5,53.033008588991066,1,0.5,0.15,17.4,17.4,139.6,2.5,0.7071067811865476,1.5,0.7071067811865476,Shangri-La,2,0.5,False,True,False,False,False,False,False,False,1218.966,71.464,5,2,3,3.55,1591.4842857619205,4,4387.268967879991,False,377.81
366,472713,1983-03-23,40.0,F,True,True,usa,nashville,BNA,36.124,-86.678,2022-12-16,224,8,18.875,0.375,137.875,1.3333333333333333,42.0,42.0,62.0,0.0,3,3,1.0,0,0.0,3,3,1.0,365.82,216.361747774416,0.0,0.0,0.0,1097.46,0,0.0,1.3333333333333333,0.5773502691896257,1.0,1.0,United Airlines,2,0.6666666666666666,BNA-IAH,3,0.3333333333333333,1551.602391104174,1105.1400843781066,0.0,3,202.33333333333334,14.047538337136984,0,0.0,0.0,0.0,0.0,607.0,4.666666666666667,4.618802153517006,1.0,0.0,Banyan Tree,3,0.3333333333333333,False,True,False,False,True,False,False,True,1704.46,0.0,2,3,4,2.95,1483.5641058130486,4,4089.763764257427,False,274.365
370,473343,1976-01-22,47.0,F,True,False,usa,kansas city,MCI,39.297,-94.714,2022-12-16,224,8,19.625,0.375,145.125,1.1428571428571428,14.0,160.0,7.333333333333333,0.0,3,3,1.0,0,0.0,3,3,1.0,295.00666666666666,98.0512337165287,0.0,0.0,0.0,885.02,0,0.0,1.3333333333333333,0.5773502691896257,1.0,0.0,American Airlines,3,0.3333333333333333,MCI-EFD,3,0.3333333333333333,1276.4243221854738,640.514619404673,0.0,3,151.33333333333334,77.02164198024691,0,0.0,0.0,0.0,0.0,454.0,2.6666666666666665,1.5275252316519468,1.3333333333333333,0.5773502691896257,Best Western,3,0.3333333333333333,False,True,False,False,True,False,False,True,1339.02,0.0,5,3,3,3.8,1165.4846748916304,3,3212.9093528835997,True,221.255
371,473402,1982-01-10,41.0,F,True,False,usa,los angeles,LAX,33.942,-118.408,2022-12-16,224,8,28.25,0.5,862.673037625,1.3333333333333333,51.0,55.0,118.0,333.0,3,3,1.0,1,0.3333333333333333,3,3,1.0,1031.755,463.430713321851,0.0,0.0,0.0,2063.51,1,0.3333333333333333,1.75,0.5773502691896257,1.0,1.0,United Airlines,3,0.3333333333333333,LAX-TUS,3,0.3333333333333333,3602.5556492654714,1665.0802867921298,0.0,3,96.5,27.577164466275352,1,0.3333333333333333,0.0,0.0,0.0,193.0,7.333333333333333,5.8594652770823155,1.3333333333333333,0.5773502691896257,Choice Hotels,3,0.3333333333333333,False,False,False,False,True,False,False,True,2256.51,0.0,2,3,5,3.3,1964.0691130376795,5,5414.379235467261,False,589.5742857142858
381,474384,1982-08-27,40.0,F,True,False,usa,indianapolis,IND,39.717,-86.294,2022-12-17,223,8,21.75,0.5,162.0,1.1428571428571428,14.0,14.0,6.25,0.0,4,3,0.75,0,0.0,4,4,1.0,353.2925,197.560420188357,0.3,181.572,181.572,1231.598,1,0.25,1.25,0.5,1.0,0.0,Air Canada,4,0.25,IND-HOU,4,0.25,1576.8659126303007,1062.3400906236948,0.0,3,139.66666666666666,35.94903800289144,0,0.0,0.0,0.0,0.0,419.0,2.3333333333333335,1.5275252316519468,1.3333333333333333,0.5773502691896257,InterContinental,3,0.3333333333333333,False,True,False,False,False,False,False,True,1650.598,181.572,5,4,4,4.4,1077.5119154718238,3,2970.393507220372,False,282.634
382,474464,1967-04-18,56.0,F,True,False,usa,new york,LGA,40.777,-73.872,2022-12-17,223,8,14.375,0.375,106.5,1.3333333333333333,53.0,53.0,6.666666666666667,0.0,3,2,0.6666666666666666,0,0.0,3,3,1.0,925.8166666666667,1000.449819148034,0.15,300.372,300.372,2477.078,1,0.3333333333333333,1.6666666666666667,1.1547005383792515,1.6666666666666667,2.0816659994661326,Delta Air Lines,3,0.3333333333333333,LGA-LAX,3,0.3333333333333333,2744.4069649434127,2244.9339281535695,0.0,2,156.5,75.66042558696059,0,0.0,0.0,0.0,0.0,313.0,3.0,0.0,2.0,1.414213562373095,Radisson,1,1.0,False,True,False,False,False,False,False,True,2790.078,300.372,2,3,5,3.3,2428.487364454818,5,6694.648101951253,False,555.49
386,475060,1992-11-08,30.0,F,False,False,usa,new york,LGA,40.777,-73.872,2022-12-17,223,8,9.25,0.25,69.125,1.1428571428571428,22.0,142.0,6.5,0.0,2,2,1.0,0,0.0,2,1,0.5,147.74,78.7292690173102,0.0,0.0,0.0,295.48,0,0.0,1.0,0.0,1.0,0.0,Air Canada,2,0.5,LGA-DAL,2,0.5,1373.7239000855761,1195.5359636331345,0.0,2,96.0,32.526911934581186,0,0.0,0.0,0.0,0.0,192.0,3.5,3.5355339059327378,1.0,0.0,Extended Stay,2,0.5,False,True,False,False,True,False,False,True,487.48,0.0,4,2,1,2.45,636.4547982660887,1,1754.524635192563,True,147.74
388,475467,1988-08-09,34.0,F,False,False,usa,san antonio,SAT,29.534,-98.47,2022-12-17,223,8,15.0,0.375,112.5,1.1428571428571428,10.0,10.0,6.0,0.0,3,3,1.0,0,0.0,3,3,1.0,325.4633333333333,115.855928347812,0.05,16.9335,16.9335,959.4565,1,0.3333333333333333,1.0,0.0,1.0,1.0,Delta Air Lines,2,0.6666666666666666,SAT-CMH,3,0.3333333333333333,1791.4087056518135,551.9006637783438,0.0,3,254.0,57.4543296888929,1,0.3333333333333333,0.15,44.7,44.7,717.3,2.6666666666666665,1.5275252316519468,1.0,0.0,Marriott,2,0.6666666666666666,False,True,False,False,False,False,False,False,1676.7565,61.6335,5,3,4,4.15,1459.4509449260863,4,4023.2906464118305,False,325.4633333333333
391,476104,1974-01-04,49.0,F,False,True,usa,san jose,SJC,37.362,-121.929,2022-12-18,222,8,22.25,0.875,165.75,1.1428571428571428,15.0,15.0,8.285714285714286,0.0,7,6,0.8571428571428571,0,0.0,6,6,1.0,441.0516666666667,216.963879151961,0.0,0.0,0.0,2646.31,0,0.0,1.0,0.0,1.1666666666666667,0.752772652709081,Air France,6,0.16666666666666666,SJC-DAL,5,0.3333333333333333,2503.82729841239,1224.4648321134393,0.0,7,174.42857142857142,106.305937656146,0,0.0,0.0,0.0,0.0,1221.0,2.5714285714285716,2.878491668515698,1.1428571428571428,0.37796447300922725,Choice Hotels,5,0.2857142857142857,False,True,False,False,True,False,False,True,3867.31,0.0,5,5,5,5.0,1442.619187824513,4,3976.890285272686,False,441.0516666666667
410,478146,1975-01-16,48.0,F,True,False,usa,dallas,DAL,32.847,-96.852,2022-12-19,221,8,40.625,0.5,1016.875,1.1428571428571428,20.0,83.0,90.33333333333333,190.0,3,1,0.3333333333333333,1,0.3333333333333333,2,2,1.0,350.39,0.0,0.0,0.0,0.0,350.39,1,0.5,1.6666666666666667,0.7071067811865476,1.5,0.7071067811865476,Delta Air Lines,2,0.5,DAL-YZD,2,0.5,1948.407936904335,0.0,0.0,2,131.0,89.09545442950498,1,0.5,0.25,17.0,17.0,245.0,4.0,4.242640687119285,1.0,0.0,Conrad,2,0.5,False,False,False,False,True,False,False,False,595.39,17.0,4,3,1,2.7,518.2281971768367,1,1428.6075634519025,False,210.23399999999998
411,478188,1994-08-15,28.0,M,False,False,usa,denver,DEN,39.858,-104.667,2022-12-19,221,8,10.75,0.375,80.125,2.0,105.0,105.0,9.333333333333334,0.0,3,2,0.6666666666666666,0,0.0,2,2,1.0,301.465,218.644487810692,0.0,0.0,0.0,602.93,0,0.0,1.0,0.0,1.0,1.414213562373095,American Airlines,2,0.5,DEN-ELP,2,0.5,1756.5713089738667,1206.018500201743,0.0,3,119.66666666666667,50.01333155602947,0,0.0,0.0,0.0,0.0,359.0,3.6666666666666665,1.5275252316519468,1.0,0.0,Marriott,2,0.6666666666666666,False,True,False,False,True,False,False,True,961.93,0.0,1,3,2,1.8499999999999999,837.2650694676003,2,2308.1013680298433,True,301.465
413,478291,1977-04-24,46.0,F,True,True,usa,new york,LGA,40.777,-73.872,2022-12-19,221,8,16.875,0.25,125.5,1.3333333333333333,45.0,45.0,7.0,0.0,2,2,1.0,0,0.0,2,2,1.0,401.16,430.769451098845,0.0,0.0,0.0,802.32,0,0.0,1.0,0.0,1.0,0.0,Alaska Airlines,2,0.5,LGA-SAN,2,0.5,2245.4627194839377,2373.3610295111143,0.0,2,247.0,151.320851173921,0,0.0,0.0,0.0,0.0,494.0,1.5,0.7071067811865476,1.0,0.0,Aman Resorts,2,0.5,False,True,False,False,True,False,False,True,1296.32,0.0,2,2,3,2.3499999999999996,1692.4778126042013,4,4665.679361394977,False,401.16
430,480877,1976-01-17,47.0,F,True,False,usa,columbus,LCK,39.814,-82.928,2022-12-20,220,8,14.875,0.5,110.5,1.1428571428571428,19.0,19.0,8.75,0.0,4,3,0.75,0,0.0,4,4,1.0,287.5675,158.259483417793,0.2,70.378,70.378,1079.892,1,0.25,1.25,0.5,1.0,0.816496580927726,American Airlines,4,0.25,LCK-JFK,4,0.25,1372.3143525491316,893.2010803317139,0.0,3,185.33333333333334,224.014136458692,1,0.3333333333333333,0.25,111.0,111.0,445.0,2.0,1.0,1.3333333333333333,0.5773502691896257,Aman Resorts,3,0.3333333333333333,False,True,False,False,False,False,False,False,1524.892,181.378,4,4,4,4.0,995.4509213071024,2,2744.1747148683617,False,230.054
435,481292,1991-08-06,31.0,F,False,False,usa,san jose,SJC,37.362,-121.929,2022-12-20,220,7,15.428571428571429,0.42857142857142855,117.14285714285714,1.0,17.0,52.0,9.666666666666666,0.0,3,2,0.6666666666666666,0,0.0,3,3,1.0,562.2466666666667,100.17801022845948,0.1,52.09,52.09,1634.65,1,0.3333333333333333,1.0,0.0,1.0,1.0,Delta Air Lines,3,0.3333333333333333,SJC-BWI,3,0.3333333333333333,3757.5891417385847,367.16783518959585,0.0,2,133.0,39.59797974644666,0,0.0,0.0,0.0,0.0,266.0,2.5,2.1213203435596424,1.0,0.0,Conrad,2,0.5,False,True,False,False,False,False,False,True,1900.65,52.09,4,3,4,3.75,1654.3281260420142,4,4560.511539452895,False,562.2466666666667
448,482744,1985-06-26,38.0,F,False,False,usa,new york,LGA,40.777,-73.872,2022-12-21,219,9,16.22222222222222,0.4444444444444444,120.77777777777777,1.5,28.0,28.0,7.0,0.0,4,4,1.0,0,0.0,4,4,1.0,303.5775,215.072221726408,0.15,52.959,52.959,1161.351,1,0.25,1.0,0.0,1.0,0.816496580927726,American Airlines,3,0.5,LGA-FTW,4,0.25,1784.8939993419067,1214.9934880216097,0.0,4,106.25,23.62731470142132,1,0.25,0.1,12.9,12.9,412.1,3.5,1.2909944487358056,1.0,0.0,Conrad,4,0.25,False,True,False,False,False,False,False,False,1573.451,65.859,3,4,4,3.6,1027.150281843948,2,2831.5608248219146,False,303.5775
466,485505,1996-06-19,27.0,F,False,False,usa,phoenix,PHX,33.434,-112.008,2022-12-23,217,8,10.625,0.25,79.625,1.1428571428571428,9.0,9.0,7.5,0.0,2,2,1.0,0,0.0,2,1,0.5,162.31,108.27219033528415,0.1,23.887,23.887,300.733,1,0.5,1.5,0.7071067811865476,1.0,1.414213562373095,Ryanair,1,1.0,PHX-NZY,2,0.5,915.0892615754863,598.3448194550881,0.0,2,195.0,72.12489168102785,0,0.0,0.0,0.0,0.0,390.0,3.0,1.414213562373095,1.5,0.7071067811865476,Fairmont,2,0.5,False,True,False,False,False,False,False,True,690.733,23.887,5,2,2,3.2,901.8222945981993,2,2486.0672537139258,False,108.20666666666666
471,485658,1992-03-03,31.0,F,False,False,usa,los angeles,LAX,33.942,-118.408,2022-12-23,217,8,72.5,0.5,1251.875,1.6,72.0,133.0,7.666666666666667,6.0,3,3,1.0,1,0.3333333333333333,3,3,1.0,377.35,24.777021612776625,0.0,0.0,0.0,754.7,1,0.3333333333333333,1.0,0.0,1.0,0.0,Allegiant Air,3,0.3333333333333333,LAX-AUS,2,0.6666666666666666,1994.3492489586495,698.4379173430362,0.0,3,135.5,0.7071067811865476,1,0.3333333333333333,0.0,0.0,0.0,271.0,1.6666666666666667,1.1547005383792515,1.0,0.0,Rosewood,3,0.3333333333333333,False,False,False,False,True,False,False,True,1025.7,0.0,1,3,2,1.8499999999999999,892.7705568522841,2,2461.114190417401,True,377.35
473,485785,1993-04-08,30.0,F,False,False,usa,anchorage,EDF,61.251,-149.806,2022-12-23,217,8,13.375,0.375,100.125,2.6666666666666665,118.0,118.0,9.0,0.0,3,1,0.3333333333333333,0,0.0,2,2,1.0,832.315,291.632049764768,0.0,0.0,0.0,1664.63,0,0.0,1.0,0.0,1.0,0.0,Alaska Airlines,2,0.5,EDF-HOU,2,0.5,4527.109073711881,1073.0965551619652,0.5,2,175.0,50.91168824543142,0,0.0,0.0,0.0,0.0,350.0,3.0,0.0,1.5,0.7071067811865476,Best Western,2,0.5,False,True,False,False,True,False,False,True,2014.63,0.0,1,3,4,2.55,1753.5364599310883,5,4834.000664366393,True,832.315
491,487040,1987-09-09,35.0,F,False,True,usa,phoenix,LUF,33.535,-112.383,2022-12-23,217,8,21.75,0.375,162.125,1.3333333333333333,44.0,44.0,8.333333333333334,0.0,3,2,0.6666666666666666,0,0.0,3,3,1.0,373.06666666666666,203.100380190027,0.1,59.975,59.975,1059.225,1,0.3333333333333333,1.3333333333333333,0.5773502691896257,1.0,0.0,Air Canada,3,0.3333333333333333,LUF-IAH,3,0.3333333333333333,1991.864124338569,1607.3216905627585,0.0,2,171.0,16.97056274847714,0,0.0,0.0,0.0,0.0,342.0,3.0,1.414213562373095,1.5,0.7071067811865476,Marriott,1,1.0,False,True,False,False,False,False,False,True,1401.225,59.975,2,3,3,2.5999999999999996,1219.6279843281093,3,3362.1670385762136,False,279.8
514,488865,1988-07-07,35.0,F,False,False,canada,hamilton,YHM,43.173,-79.935,2022-12-24,216,7,11.714285714285714,0.2857142857142857,86.28571428571429,1.4,83.0,134.0,11.0,0.0,2,2,1.0,0,0.0,2,2,1.0,235.615,162.415356570738,0.0,0.0,0.0,471.23,0,0.0,1.0,0.0,1.0,0.0,Southwest Airlines,1,1.0,YHM-DAL,2,0.5,1263.890862097265,855.3366971078043,0.0,2,107.0,49.49747468305833,0,0.0,0.0,0.0,0.0,214.0,5.5,3.5355339059327378,1.0,0.0,Crowne Plaza,2,0.5,False,True,False,False,True,False,False,True,685.23,0.0,1,2,2,1.6,894.6375675225075,2,2466.261007165422,True,235.615
515,488870,1966-02-23,57.0,F,True,True,usa,new york,LGA,40.777,-73.872,2022-12-24,216,9,49.666666666666664,0.4444444444444444,1004.7777777777778,1.8,84.0,84.0,6.333333333333333,3.0,3,2,0.6666666666666666,1,0.3333333333333333,2,2,1.0,689.745,28.220631637155112,0.0,0.0,0.0,1379.49,0,0.0,1.0,0.0,1.0,0.0,CAL Cargo Air Lines,2,0.5,LGA-LUF,2,0.5,3795.66390064887,450.50260343072085,0.0,3,192.0,36.76955262170047,1,0.3333333333333333,0.0,0.0,0.0,384.0,10.333333333333334,7.371114795831994,1.0,0.0,Marriott,3,0.3333333333333333,False,False,False,False,True,False,False,True,1763.49,0.0,1,3,4,2.55,1534.943891297099,4,4231.403201383623,False,689.745
527,489844,1975-09-27,47.0,F,True,True,canada,toronto,YYZ,43.677,-79.631,2022-12-25,215,8,10.75,0.375,80.375,1.3333333333333333,42.0,42.0,7.333333333333333,0.0,3,2,0.6666666666666666,0,0.0,2,2,1.0,536.025,79.20303056070519,0.0,0.0,0.0,1072.05,0,0.0,1.0,0.0,1.0,0.0,Air Canada,2,0.5,YYZ-TUS,2,0.5,3173.51122956738,242.99623137142336,0.0,3,167.33333333333334,101.49055785309949,2,0.6666666666666666,0.075,7.525,15.05,486.95,5.666666666666667,4.725815626252609,1.0,0.0,Best Western,3,0.3333333333333333,False,True,False,False,True,False,False,False,1559.0,15.05,2,3,4,2.95,1356.9555407358007,4,3740.7400047389374,False,536.025
534,490133,1974-05-11,49.0,F,True,True,usa,lubbock,LBB,33.664,-101.823,2022-12-25,215,8,20.375,0.625,151.25,1.1428571428571428,18.0,18.0,7.6,0.0,5,3,0.6,0,0.0,3,3,1.0,366.77,128.517633420477,0.0,0.0,0.0,1100.31,0,0.0,1.0,0.0,1.0,0.0,American Airlines,2,0.6666666666666666,LBB-LGA,3,0.3333333333333333,2097.0195733398828,741.6356365920217,0.0,5,165.2,79.32338873245394,1,0.2,0.05,4.1,4.1,821.9,5.2,2.7748873851023217,1.2,0.4472135954999579,Best Western,5,0.2,False,True,False,False,True,False,False,False,1922.21,4.1,4,5,4,4.25,1003.8563861287096,2,2767.3461877521104,False,366.77
535,490201,1982-03-24,41.0,F,False,True,usa,columbus,LCK,39.814,-82.928,2022-12-25,215,8,13.625,0.25,100.75,1.1428571428571428,17.0,17.0,10.0,0.0,2,2,1.0,0,0.0,2,2,1.0,367.825,259.557686170146,0.0,0.0,0.0,735.65,0,0.0,1.0,0.0,1.0,0.0,Alaska Airlines,2,0.5,LCK-BOS,2,0.5,2095.625620837178,1496.1825011100534,0.0,2,67.5,9.192388155425117,1,0.5,0.15,9.15,9.15,125.85,4.0,1.414213562373095,1.0,0.0,Banyan Tree,2,0.5,False,True,False,False,True,False,False,False,861.5,9.15,4,2,2,2.8,1124.7760086695564,3,3100.6871527414314,False,367.825
537,490358,1996-01-10,27.0,F,False,True,usa,las vegas,LAS,36.08,-115.152,2022-12-25,215,8,14.625,0.25,108.875,1.6,64.0,85.0,6.0,0.0,2,2,1.0,0,0.0,2,2,1.0,566.625,32.06729252680993,0.1,58.93,58.93,1074.32,1,0.5,1.0,0.0,1.5,0.7071067811865476,Delta Air Lines,1,1.0,LAS-NIP,2,0.5,3155.780888548316,0.0,0.0,2,134.5,24.748737341529164,0,0.0,0.0,0.0,0.0,269.0,3.5,3.5355339059327378,1.0,0.0,Accor,2,0.5,False,True,False,False,False,False,False,True,1343.32,58.93,1,2,3,1.9499999999999997,1753.8411003667889,5,4834.840471294974,False,566.625
538,490517,1972-10-24,50.0,F,True,True,usa,charlotte,CLT,35.214,-80.943,2022-12-25,215,8,14.5,0.375,108.125,1.3333333333333333,49.0,138.0,10.333333333333334,0.0,3,1,0.3333333333333333,0,0.0,3,3,1.0,189.12,137.770071858877,0.0,0.0,0.0,567.36,0,0.0,1.3333333333333333,0.5773502691896257,1.0,1.7320508075688772,AirTran Airways,3,0.3333333333333333,CLT-DCA,3,0.3333333333333333,804.3089122284761,235.2523463299327,0.0,1,217.0,0.0,0,0.0,0.0,0.0,0.0,217.0,2.0,0.0,2.0,0.0,Choice Hotels,1,1.0,False,True,False,False,True,False,True,True,784.36,0.0,2,3,2,2.25,682.7079204179171,1,1882.0313214349153,True,141.84
540,490608,1988-12-14,34.0,F,False,False,usa,new york,LGA,40.777,-73.872,2022-12-25,215,9,16.333333333333332,0.2222222222222222,122.11111111111111,1.2857142857142858,26.0,127.0,7.0,0.0,2,1,0.5,0,0.0,2,2,1.0,662.4,319.131432485113,0.0,0.0,0.0,1324.8,0,0.0,1.5,0.7071067811865476,1.5,0.7071067811865476,Delta Air Lines,2,0.5,LGA-AUS,1,1.0,2443.6543626605417,0.0,0.0,1,407.0,0.0,0,0.0,0.0,0.0,0.0,407.0,2.0,0.0,1.0,0.0,Radisson,1,1.0,False,True,False,False,True,False,True,True,1731.8,0.0,4,2,4,3.5,2261.041313771257,5,6233.047023932225,True,441.59999999999997
542,490671,1987-10-25,35.0,F,False,True,usa,indianapolis,IND,39.717,-86.294,2022-12-25,215,9,19.77777777777778,0.4444444444444444,147.11111111111111,1.5,37.0,37.0,5.75,0.0,4,3,0.75,0,0.0,4,3,0.75,124.1925,89.1914765640006,0.0,0.0,0.0,496.77,0,0.0,1.0,0.0,1.0,0.816496580927726,American Airlines,4,0.25,IND-FTW,4,0.25,826.0607812883461,574.1626985986452,0.0,3,213.33333333333334,6.3508529610858835,1,0.3333333333333333,0.05,10.85,10.85,629.15,4.333333333333333,3.0550504633038935,1.0,0.0,Hilton,3,0.3333333333333333,False,True,False,False,True,False,False,False,1125.92,10.85,3,4,3,3.25,735.0016272090697,1,2026.190179346856,False,124.1925
549,491266,1981-06-04,42.0,F,True,False,usa,sacramento,SMF,38.695,-121.591,2022-12-25,215,8,25.5,0.375,187.625,1.6,87.0,154.0,8.666666666666666,0.0,3,1,0.3333333333333333,0,0.0,3,3,1.0,566.42,175.468894109469,0.0,0.0,0.0,1699.26,0,0.0,1.3333333333333333,0.5773502691896257,1.0,1.0,Air Canada,3,0.3333333333333333,SMF-BWI,3,0.3333333333333333,2571.384551745317,1184.8335101505559,0.0,1,145.0,0.0,0,0.0,0.0,0.0,0.0,145.0,4.0,0.0,2.0,0.0,Aman Resorts,1,1.0,False,True,False,False,True,False,True,True,1844.26,0.0,1,3,4,2.55,1605.2461998443925,4,4425.20664601657,True,424.815
551,491597,1978-11-06,44.0,F,False,False,usa,omaha,OMA,41.302,-95.894,2022-12-26,214,8,22.0,0.25,162.75,1.3333333333333333,44.0,44.0,10.0,0.0,2,2,1.0,0,0.0,2,2,1.0,451.525,115.32204494371403,0.175,76.97825,153.9565,749.0935,2,1.0,2.5,0.7071067811865476,1.0,0.0,American Airlines,2,0.5,OMA-ORD,2,0.5,1029.7455505185947,495.3468984219536,0.0,2,202.0,79.19595949289332,0,0.0,0.0,0.0,0.0,404.0,1.5,0.7071067811865476,2.5,0.7071067811865476,Aman Resorts,2,0.5,False,True,False,False,False,False,False,True,1153.0935,153.9565,2,2,3,2.3499999999999996,1505.4810267589196,4,4150.182474010043,False,180.60999999999999
552,491617,1970-10-12,52.0,F,False,False,canada,hamilton,YHM,43.173,-79.935,2022-12-26,214,9,11.333333333333334,0.4444444444444444,83.44444444444444,1.5,48.0,48.0,6.0,0.0,4,3,0.75,0,0.0,3,3,1.0,675.04,598.905652085535,0.05,64.664,64.664,1960.456,1,0.3333333333333333,2.0,1.7320508075688772,1.3333333333333333,1.1547005383792515,American Airlines,1,1.0,YHM-FTW,3,0.3333333333333333,1968.997758291539,1465.611070911754,0.0,4,121.75,59.48319090297695,0,0.0,0.0,0.0,0.0,487.0,7.0,9.41629792788369,1.75,1.5,Accor,4,0.25,False,True,False,False,False,False,False,True,2447.456,64.664,2,4,5,3.55,1597.7015618539513,4,4404.408227568157,False,337.52
556,491930,1982-07-26,41.0,F,False,False,usa,mobile,MOB,30.691,-88.243,2022-12-26,214,8,16.25,0.375,121.25,1.1428571428571428,19.0,34.0,9.666666666666666,0.0,3,3,1.0,0,0.0,3,3,1.0,374.12333333333333,63.58713811246213,0.0,0.0,0.0,1122.37,0,0.0,1.6666666666666667,0.5773502691896257,1.0,1.0,United Airlines,2,0.6666666666666666,MOB-CLT,3,0.3333333333333333,1390.4201045120196,636.6141358525039,0.0,3,116.66666666666667,75.87050371081857,0,0.0,0.0,0.0,0.0,350.0,2.6666666666666665,1.5275252316519468,1.6666666666666667,0.5773502691896257,Extended Stay,3,0.3333333333333333,False,True,False,False,True,False,False,True,1472.37,0.0,4,3,3,3.4,1281.552680893631,3,3532.875792673168,False,224.474
560,492287,1986-04-24,37.0,F,False,False,usa,los angeles,LAX,33.942,-118.408,2022-12-26,214,9,11.333333333333334,0.2222222222222222,83.22222222222223,2.25,98.0,154.0,7.5,0.0,2,2,1.0,0,0.0,2,2,1.0,944.345,933.628438539658,0.0,0.0,0.0,1888.69,0,0.0,2.5,2.1213203435596424,1.5,2.1213203435596424,Kenmore Air,2,0.5,LAX-BFI,2,0.5,1895.1612543185952,494.3625286203174,0.0,2,228.5,181.726442764943,0,0.0,0.0,0.0,0.0,457.0,3.5,2.1213203435596424,2.5,2.1213203435596424,Best Western,2,0.5,False,True,False,False,True,False,False,True,2345.69,0.0,1,2,5,2.65,3062.5372440813603,5,8442.543061304757,True,377.738
566,493409,1995-07-11,28.0,M,False,False,usa,nashville,BNA,36.124,-86.678,2022-12-26,214,8,22.0,0.625,164.875,1.1428571428571428,13.0,13.0,9.0,0.0,5,3,0.6,0,0.0,4,3,0.75,301.0225,207.722591352826,0.0,0.0,0.0,1204.09,0,0.0,1.25,0.5,1.0,0.816496580927726,American Airlines,4,0.25,BNA-IND,4,0.25,1552.4040988598592,1212.0710267612176,0.0,4,153.5,21.946905628508695,0,0.0,0.0,0.0,0.0,614.0,6.25,6.18465843842649,1.25,0.5,Aman Resorts,3,0.5,False,True,False,False,True,False,False,True,1818.09,0.0,5,5,4,4.65,949.4806795598532,2,2617.4478493454067,False,240.81799999999998
575,494590,1996-01-28,27.0,F,False,False,usa,houston,IAH,29.98,-95.34,2022-12-27,213,8,15.0,0.5,112.5,1.1428571428571428,9.0,9.0,7.5,0.0,4,3,0.75,0,0.0,3,2,0.6666666666666666,204.58,166.930112322493,0.05,18.745,18.745,594.995,1,0.3333333333333333,1.0,0.0,1.0,1.0,Alaska Airlines,3,0.3333333333333333,IAH-AUS,3,0.3333333333333333,1572.9536369266887,1167.4097196596354,0.0,4,259.75,224.318783579679,1,0.25,0.1,59.4,59.4,979.6,4.0,1.632993161855452,1.25,0.5,NH Hotel,4,0.25,False,True,False,False,False,False,False,False,1574.595,78.145,5,4,4,4.4,1027.8970861120374,2,2833.619551521123,False,204.58
584,495273,1993-07-06,30.0,F,False,False,canada,edmonton,YXD,53.573,-113.521,2022-12-27,213,8,27.25,0.75,201.75,1.6,58.0,58.0,6.333333333333333,0.0,6,4,0.6666666666666666,0,0.0,4,4,1.0,528.3425,341.270084378439,0.0,0.0,0.0,2113.37,0,0.0,1.25,0.5,1.25,0.5,United Airlines,3,0.5,YXD-DEN,4,0.25,2287.1689204877557,571.8437598740368,0.0,6,171.5,67.97867312620922,2,0.3333333333333333,0.175,38.725,77.45,951.55,7.833333333333333,8.658329323066123,1.1666666666666667,0.408248290463863,Choice Hotels,6,0.16666666666666666,False,True,False,False,True,False,False,False,3064.92,77.45,2,5,5,3.8,1333.8550916972324,4,3677.058645068783,False,422.674
589,495727,1975-12-18,47.0,F,True,False,usa,san diego,NZY,32.699,-117.215,2022-12-28,212,8,23.375,0.75,175.25,1.1428571428571428,16.0,16.0,7.5,0.0,6,6,1.0,0,0.0,6,5,0.8333333333333334,489.0283333333333,358.887310526113,0.0,0.0,0.0,2934.17,0,0.0,1.3333333333333333,0.5163977794943223,1.1666666666666667,0.752772652709081,Delta Air Lines,4,0.3333333333333333,NZY-LAX,6,0.16666666666666666,2151.6123672120516,1417.1497026447323,0.0,6,184.33333333333334,62.58966900908381,0,0.0,0.0,0.0,0.0,1106.0,3.8333333333333335,1.4719601443879744,1.3333333333333333,0.5163977794943223,Best Western,6,0.16666666666666666,False,True,False,False,True,False,False,True,4040.17,0.0,4,5,5,4.6,1758.2844987217961,5,4847.089655210428,False,366.77125
593,496286,1983-12-06,39.0,M,False,False,usa,seattle,BFI,47.53,-122.302,2022-12-28,212,8,24.375,0.375,179.625,1.3333333333333333,33.0,58.0,6.333333333333333,0.0,3,2,0.6666666666666666,0,0.0,3,3,1.0,842.1233333333333,747.914238421313,0.0,0.0,0.0,2526.37,0,0.0,1.6666666666666667,1.1547005383792515,1.0,0.0,Air Canada,3,0.3333333333333333,BFI-EFD,3,0.3333333333333333,2622.852887310765,1528.6983372583309,0.0,2,110.5,62.932503525602726,0,0.0,0.0,0.0,0.0,221.0,3.0,0.0,2.0,1.414213562373095,Aman Resorts,2,0.5,False,True,False,False,True,False,False,True,2747.37,0.0,3,3,5,3.7,2391.314268089363,5,6592.172461077366,False,505.274
595,496382,1981-04-07,42.0,F,False,False,usa,louisville,LOU,38.228,-85.664,2022-12-28,212,8,16.25,0.5,120.5,1.3333333333333333,31.0,31.0,9.0,0.0,4,2,0.5,0,0.0,4,3,0.75,189.5575,59.958004956246945,0.05,9.1765,9.1765,749.0535,1,0.25,1.5,1.0,1.0,0.816496580927726,Delta Air Lines,3,0.5,LOU-CMH,4,0.25,1286.9506969327394,1161.0724921396659,0.0,2,251.0,241.830519165799,0,0.0,0.0,0.0,0.0,502.0,4.0,1.414213562373095,1.0,0.0,Hilton,2,0.5,False,True,False,False,False,False,False,True,1251.0535,9.1765,3,4,3,3.25,816.6888928392797,2,2251.3787085561244,False,126.37166666666667
598,496899,2001-01-11,22.0,F,False,False,usa,new york,LGA,40.777,-73.872,2022-12-28,212,8,27.125,0.375,282.475303875,1.3333333333333333,32.0,107.0,7.0,5.0,2,2,1.0,1,0.5,2,2,1.0,98.45,0.0,0.0,0.0,0.0,98.45,1,0.5,1.0,0.0,1.0,0.0,Southwest Airlines,2,0.5,LGA-HOU,2,0.5,528.3523130481931,1245.1103054472858,0.0,2,354.0,0.0,1,0.5,0.0,0.0,0.0,354.0,2.5,2.1213203435596424,1.0,0.0,Starwood,2,0.5,False,False,False,False,True,False,False,True,452.45,0.0,3,2,1,2.0500000000000003,590.7195648549516,1,1628.4456207287994,True,98.45
605,497615,1978-01-25,45.0,F,False,True,canada,toronto,YYZ,43.677,-79.631,2022-12-29,211,8,17.125,0.375,127.0,1.1428571428571428,8.0,45.0,6.333333333333333,0.0,3,2,0.6666666666666666,0,0.0,2,2,1.0,250.14,286.731799771145,0.0,0.0,0.0,500.28,0,0.0,1.0,0.0,1.0,0.0,Allegiant Air,2,0.5,YYZ-DET,2,0.5,1901.2937874966892,2252.344750631082,0.0,3,192.33333333333334,213.94002274781,0,0.0,0.0,0.0,0.0,577.0,5.0,3.0,1.0,0.0,Best Western,3,0.3333333333333333,False,True,False,False,True,False,False,True,1077.28,0.0,5,3,3,3.8,937.6658530621318,2,2584.877737206647,False,250.14
609,497915,1984-12-26,38.0,F,True,False,usa,tucson,DMA,32.166,-110.883,2022-12-29,211,8,16.25,0.5,119.875,1.3333333333333333,50.0,50.0,8.25,0.0,4,4,1.0,0,0.0,4,4,1.0,328.395,260.496771892987,0.0,0.0,0.0,1313.58,0,0.0,1.0,0.0,1.0,0.0,Alitalia,4,0.25,DMA-AUS,4,0.25,1741.9692682440807,1391.4720967125472,0.0,4,356.5,459.927892899166,1,0.25,0.05,52.25,52.25,1373.75,2.5,1.9148542155126762,1.0,0.0,Banyan Tree,4,0.25,False,True,False,False,True,False,False,False,2687.33,52.25,2,4,5,3.55,1754.2915330110036,5,4836.082185825091,False,328.395
612,498287,1982-03-09,41.0,M,False,False,usa,san francisco,SFO,37.619,-122.375,2022-12-29,211,5,21.8,0.4,163.8,1.0,44.0,44.0,8.0,0.0,2,2,1.0,0,0.0,2,2,1.0,1236.54,1016.070018158198,0.0,0.0,0.0,2473.08,0,0.0,3.0,1.414213562373095,1.0,0.0,Ryanair,2,0.5,SFO-DEN,2,0.5,2826.878226723984,1801.1681679567064,0.0,2,140.0,29.698484809834994,0,0.0,0.0,0.0,0.0,280.0,3.0,0.0,3.0,1.414213562373095,Extended Stay,2,0.5,False,True,False,False,True,False,False,True,2753.08,0.0,2,2,5,3.05,3594.426388796265,5,9908.809966882623,False,412.18
614,498357,1979-05-25,44.0,F,False,False,usa,new york,LGA,40.777,-73.872,2022-12-29,211,8,18.5,0.625,138.375,1.3333333333333333,36.0,36.0,13.0,0.0,5,4,0.8,0,0.0,4,4,1.0,621.9925,429.735830045622,0.2,217.462,217.462,2270.508,1,0.25,1.25,0.5,1.0,0.0,American Airlines,3,0.5,LGA-BOS,4,0.25,2736.1610725395312,1683.4418207666456,0.0,5,220.4,188.541242172634,1,0.2,0.1,22.6,22.6,1079.4,3.4,1.6733200530681511,1.2,0.4472135954999579,Accor,5,0.2,False,True,False,False,False,False,False,False,3349.908,240.062,3,5,5,4.2,1749.4584560186727,5,4822.758768875562,False,497.59399999999994
618,498607,1981-02-07,42.0,F,True,False,canada,winnipeg,YWG,49.91,-97.234,2022-12-29,211,8,17.375,0.25,128.375,1.1428571428571428,10.0,151.0,10.5,0.0,2,2,1.0,0,0.0,2,2,1.0,602.28,315.298913731082,0.1,82.523,82.523,1122.037,1,0.5,1.5,0.7071067811865476,1.0,0.0,United Airlines,1,1.0,YWG-BOS,2,0.5,2219.1303504541956,63.910676552398996,0.0,2,110.0,21.213203435596427,0,0.0,0.0,0.0,0.0,220.0,1.5,0.7071067811865476,1.5,0.7071067811865476,Extended Stay,2,0.5,False,True,False,False,False,False,False,True,1342.037,82.523,5,2,3,3.55,1752.166013171057,5,4830.22273291196,True,401.52
623,499038,1993-02-02,30.0,F,False,False,usa,richmond,RIC,37.505,-77.319,2022-12-29,211,8,16.0,0.5,120.375,1.1428571428571428,22.0,22.0,7.25,0.0,4,2,0.5,0,0.0,3,3,1.0,395.8333333333333,272.743296587347,0.0,0.0,0.0,1187.5,0,0.0,1.0,0.0,1.0,0.0,Air Canada,3,0.3333333333333333,RIC-IAH,3,0.3333333333333333,2238.7273153398055,1511.020940015988,0.0,3,230.66666666666666,169.694824120635,0,0.0,0.0,0.0,0.0,692.0,3.3333333333333335,0.5773502691896257,1.3333333333333333,0.5773502691896257,Conrad,3,0.3333333333333333,False,True,False,False,True,False,False,True,1879.5,0.0,4,4,4,4.0,1226.9393547849284,3,3382.3224048621714,False,395.8333333333333
626,499366,1976-01-04,47.0,F,False,False,canada,quebec,YQB,46.788,-71.398,2022-12-30,210,8,18.125,0.5,135.125,1.3333333333333333,37.0,65.0,8.75,0.0,4,3,0.75,0,0.0,4,4,1.0,655.4575,708.066226816626,0.2,26.158,26.158,2595.672,1,0.25,1.75,1.5,1.25,1.8929694486000912,American Airlines,2,0.75,YQB-LAX,4,0.25,1928.8485783780188,1600.2205279976204,0.0,3,213.33333333333334,123.540816467001,0,0.0,0.0,0.0,0.0,640.0,3.0,2.0,2.0,1.7320508075688772,Banyan Tree,3,0.3333333333333333,False,True,False,False,False,False,False,True,3235.672,26.158,3,4,5,3.95,2112.2497025675225,5,5822.870923322794,False,374.54714285714283
631,499633,1992-11-03,30.0,F,False,False,usa,dallas,DAL,32.847,-96.852,2022-12-30,210,8,20.625,0.625,153.75,1.1428571428571428,10.0,10.0,9.6,0.0,5,2,0.4,0,0.0,4,3,0.75,300.3975,182.81887491449,0.05,22.743,22.743,1178.847,1,0.25,1.0,0.0,1.25,1.2583057392117916,Air Canada,4,0.25,DAL-JFK,4,0.25,1770.3381273608738,937.4466761204509,0.0,3,122.66666666666667,22.89832599412746,1,0.3333333333333333,0.05,4.85,4.85,363.15,3.3333333333333335,0.5773502691896257,1.3333333333333333,0.5773502691896257,Hilton,3,0.3333333333333333,False,True,False,False,False,False,False,False,1541.997,27.593,5,5,4,4.65,805.2936650216739,2,2219.9653104890676,False,300.3975
635,499751,1971-03-17,52.0,F,True,False,canada,vancouver,YVR,49.195,-123.182,2022-12-30,210,8,18.875,0.375,140.125,1.3333333333333333,33.0,108.0,8.666666666666666,0.0,3,2,0.6666666666666666,0,0.0,2,2,1.0,525.02,296.009040740313,0.0,0.0,0.0,1050.04,0,0.0,1.0,0.0,1.5,0.7071067811865476,American Airlines,1,1.0,YVR-DCA,2,0.5,2769.96294993763,1455.1423212692748,0.0,3,157.0,40.95119045888654,0,0.0,0.0,0.0,0.0,471.0,6.666666666666667,7.234178138070235,1.0,0.0,Best Western,3,0.3333333333333333,False,True,False,False,True,False,False,True,1521.04,0.0,3,3,4,3.35,1323.915109480938,3,3649.6569447133506,True,525.02
643,500078,1977-09-11,45.0,F,True,False,canada,ottawa,YOW,45.323,-75.669,2022-12-30,210,8,16.25,0.25,120.875,1.3333333333333333,52.0,52.0,5.5,0.0,2,2,1.0,0,0.0,2,2,1.0,163.89,187.7792768119,0.0,0.0,0.0,327.78,0,0.0,1.0,0.0,1.0,0.0,Delta Air Lines,1,1.0,YOW-MEM,2,0.5,920.5012115881766,1051.360087780742,0.0,2,72.5,30.405591591021544,0,0.0,0.0,0.0,0.0,145.0,4.0,0.0,1.0,0.0,Accor,2,0.5,False,True,False,False,True,False,False,True,472.78,0.0,2,2,1,1.65,617.2624508169389,1,1701.6167986919256,False,163.89
661,501322,1970-03-20,53.0,F,True,True,usa,los angeles,LAX,33.942,-118.408,2022-12-31,209,9,18.444444444444443,0.4444444444444444,137.22222222222223,1.2857142857142858,26.0,41.0,7.5,0.0,4,3,0.75,0,0.0,3,3,1.0,618.57,124.145817891703,0.05,34.743,34.743,1820.967,1,0.3333333333333333,1.0,0.0,1.0,1.0,Cubana de Aviación,3,0.3333333333333333,LAX-MKE,3,0.3333333333333333,3546.7259686351244,634.9686837068126,0.0,4,169.25,74.53131332981236,1,0.25,0.05,5.7,5.7,671.3,3.25,2.629955639676583,1.0,0.0,Accor,4,0.25,False,True,False,False,False,False,False,False,2492.267,40.443,4,4,5,4.35,1626.954224491497,4,4485.049488161015,False,618.57
663,501436,1993-02-24,30.0,F,True,False,usa,columbus,CMH,39.998,-82.892,2022-12-31,209,7,49.285714285714285,0.5714285714285714,1183.0,1.4,79.0,135.0,79.33333333333333,168.0,3,2,0.6666666666666666,1,0.3333333333333333,3,3,1.0,211.225,180.305158134758,0.1,0.0,0.0,422.45,1,0.3333333333333333,1.5,0.5773502691896257,1.0,0.0,American Airlines,2,0.6666666666666666,CMH-DMA,3,0.3333333333333333,1125.234824945242,1121.063572280389,0.0,2,233.0,0.0,1,0.5,0.0,0.0,0.0,233.0,8.5,10.606601717798213,1.0,0.0,Hilton,1,1.0,False,False,False,False,True,False,False,True,655.45,0.0,1,3,2,1.8499999999999999,570.5044959430921,1,1572.7184323964955,True,140.81666666666666
666,501735,1990-06-18,33.0,F,False,False,usa,new york,JFK,40.64,-73.779,2022-12-31,209,8,15.625,0.375,114.875,1.1428571428571428,7.0,80.0,8.0,0.0,3,3,1.0,0,0.0,3,3,1.0,323.02666666666664,192.350336972238,0.0,0.0,0.0,969.08,0,0.0,1.0,0.0,1.0,0.0,Abu Dhabi Amiri Flight,3,0.3333333333333333,JFK-DEN,3,0.3333333333333333,1745.6372346852575,1073.9940894898332,0.0,3,110.33333333333333,39.1066916694999,0,0.0,0.0,0.0,0.0,331.0,1.6666666666666667,0.5773502691896257,1.0,0.0,Extended Stay,3,0.3333333333333333,False,True,False,False,True,False,False,True,1300.08,0.0,5,3,3,3.8,1131.5912504168055,3,3119.474833457984,False,323.02666666666664
683,502626,1986-02-06,37.0,F,True,True,canada,toronto,YYZ,43.677,-79.631,2022-12-31,209,8,12.25,0.25,92.375,1.3333333333333333,30.0,45.0,9.5,0.0,2,2,1.0,0,0.0,2,2,1.0,260.615,175.284699988333,0.0,0.0,0.0,521.23,0,0.0,1.0,0.0,1.0,1.414213562373095,United Airlines,1,1.0,YYZ-IAH,2,0.5,1389.0307878598417,980.8207853677392,0.0,2,185.5,48.79036790187178,0,0.0,0.0,0.0,0.0,371.0,2.5,0.7071067811865476,1.0,0.0,Best Western,2,0.5,False,True,False,False,True,False,False,True,892.23,0.0,3,2,2,2.4000000000000004,1164.8971540513505,3,3211.2897252356215,False,260.615
696,503277,1969-01-19,54.0,F,False,False,usa,los angeles,LAX,33.942,-118.408,2023-01-01,208,8,15.75,0.375,118.75,1.1428571428571428,22.0,54.0,10.0,0.0,3,3,1.0,0,0.0,3,2,0.6666666666666666,530.4966666666667,202.327453978281,0.0,0.0,0.0,1591.49,0,0.0,1.0,0.0,1.3333333333333333,1.5275252316519468,Allegiant Air,3,0.3333333333333333,LAX-JFK,3,0.3333333333333333,3632.210865432294,296.20597103920824,0.0,3,138.33333333333334,53.425961229849044,1,0.3333333333333333,0.05,5.45,5.45,409.55,4.666666666666667,3.0550504633038935,1.0,0.0,Choice Hotels,3,0.3333333333333333,False,True,False,False,True,False,False,False,2001.04,5.45,4,3,4,3.75,1741.707707013449,5,4801.3921610537545,False,530.4966666666667
711,504320,1993-08-18,29.0,F,False,False,usa,indianapolis,IND,39.717,-86.294,2023-01-01,208,8,15.75,0.25,118.75,1.3333333333333333,48.0,48.0,5.0,0.0,2,2,1.0,0,0.0,2,2,1.0,343.39,245.762032869196,0.0,0.0,0.0,686.78,0,0.0,1.0,0.0,1.0,1.414213562373095,American Airlines,2,0.5,IND-PHL,2,0.5,2031.971012931518,1538.7927365887253,0.0,2,135.0,14.142135623730951,2,1.0,0.075,9.875,19.75,250.25,2.5,2.1213203435596424,1.0,0.0,Crowne Plaza,2,0.5,False,True,False,False,True,False,False,False,937.03,19.75,2,2,2,2.0,1223.388117705902,3,3372.5326555232778,False,343.39
713,504435,1979-07-18,44.0,F,False,False,usa,long beach,LGB,33.818,-118.151,2023-01-01,208,7,32.0,0.5714285714285714,588.8385562857143,1.0,23.0,132.0,7.333333333333333,3.0,3,3,1.0,1,0.3333333333333333,3,3,1.0,376.72,512.016020257179,0.0,0.0,0.0,753.44,1,0.3333333333333333,1.5,1.1547005383792515,1.0,0.0,United Airlines,2,0.6666666666666666,LGB-SKF,3,0.3333333333333333,1992.8309380440692,1965.6582945747623,0.0,3,127.5,23.33452377915607,1,0.3333333333333333,0.1,0.0,0.0,255.0,2.6666666666666665,1.1547005383792515,1.6666666666666667,1.1547005383792515,Radisson,3,0.3333333333333333,False,False,False,False,True,False,False,True,1008.44,0.0,4,3,2,3.05,877.7474313660109,2,2419.699711596494,True,251.14666666666668
714,504473,1990-11-17,32.0,F,False,False,usa,richmond,RIC,37.505,-77.319,2023-01-01,208,8,13.0,0.25,96.5,1.3333333333333333,43.0,144.0,9.0,0.0,2,2,1.0,0,0.0,2,2,1.0,266.495,75.22909045043679,0.0,0.0,0.0,532.99,0,0.0,1.0,0.0,1.0,0.0,American Airlines,2,0.5,RIC-EFD,2,0.5,1516.860173675629,495.7582211047971,0.0,2,99.5,10.606601717798213,0,0.0,0.0,0.0,0.0,199.0,2.5,0.7071067811865476,1.0,0.0,Hilton,2,0.5,False,True,False,False,True,False,False,True,731.99,0.0,2,2,2,2.0,955.6875108369456,2,2634.558315653164,True,266.495
718,504669,1983-02-17,40.0,F,False,False,usa,long beach,LGB,33.818,-118.151,2023-01-02,207,8,16.75,0.25,124.0,1.1428571428571428,20.0,47.0,6.0,0.0,2,2,1.0,0,0.0,2,2,1.0,603.765,55.35938989909481,0.05,28.231,28.231,1179.299,1,0.5,1.0,0.0,1.0,0.0,Allegiant Air,2,0.5,LGB-DCA,2,0.5,3443.616965607605,353.6333277291102,0.0,2,101.5,27.577164466275352,0,0.0,0.0,0.0,0.0,203.0,3.0,0.0,1.0,0.0,Choice Hotels,2,0.5,False,True,False,False,False,False,False,True,1382.299,28.231,4,2,3,3.15,1804.7321555518506,5,4975.132618162888,False,603.765
727,505172,1993-01-05,30.0,M,True,True,usa,tampa,MCF,27.849,-82.521,2023-01-02,207,8,40.25,0.375,1013.625,1.6,69.0,131.0,115.5,162.0,2,2,1.0,1,0.5,2,2,1.0,529.14,0.0,0.05,0.0,0.0,529.14,1,0.5,2.3333333333333335,1.414213562373095,2.0,1.414213562373095,Cathay Pacific,2,0.5,MCF-HKG,2,0.5,2913.786922279749,7955.969378786603,0.0,2,168.0,0.0,1,0.5,0.0,0.0,0.0,168.0,10.5,13.435028842544403,1.5,0.7071067811865476,Hyatt,2,0.5,False,False,False,False,True,False,False,True,697.14,0.0,1,2,2,1.6,910.1872857619206,2,2509.1271522485918,True,226.7742857142857
728,505230,1962-11-11,60.0,F,False,False,usa,tucson,TUS,32.116,-110.941,2023-01-02,207,8,13.0,0.375,96.625,1.1428571428571428,24.0,62.0,9.333333333333334,0.0,3,2,0.6666666666666666,0,0.0,2,2,1.0,315.94,280.311270197971,0.1,11.773,11.773,620.107,1,0.5,1.5,0.7071067811865476,1.0,0.0,Alaska Airlines,2,0.5,TUS-HOU,2,0.5,1127.7261555840528,569.6605524435671,0.0,3,129.0,5.196152422706632,0,0.0,0.0,0.0,0.0,387.0,4.333333333333333,2.309401076758503,1.6666666666666667,0.5773502691896257,Hyatt,3,0.3333333333333333,False,True,False,False,False,False,False,True,1007.107,11.773,4,3,2,3.05,876.5871865066133,2,2416.501246922782,False,210.62666666666667
733,505498,1987-05-06,36.0,M,False,True,usa,houston,IAH,29.98,-95.34,2023-01-02,207,8,13.375,0.25,99.5,1.6,86.0,86.0,8.5,0.0,2,1,0.5,0,0.0,2,2,1.0,279.47,294.25541592297,0.0,0.0,0.0,558.94,0,0.0,1.0,0.0,1.5,0.7071067811865476,United Airlines,2,0.5,IAH-FTW,2,0.5,1591.2799488206238,1727.8435672112323,0.0,1,304.0,0.0,0,0.0,0.0,0.0,0.0,304.0,3.0,0.0,1.0,0.0,Shangri-La,1,1.0,False,True,False,False,True,False,True,True,862.94,0.0,1,2,2,1.6,1126.6560753584529,3,3105.8699612149635,False,279.47
736,505680,1976-08-28,46.0,F,False,False,usa,los angeles,LAX,33.942,-118.408,2023-01-02,207,7,14.571428571428571,0.42857142857142855,107.71428571428571,1.0,16.0,16.0,8.333333333333334,0.0,3,2,0.6666666666666666,0,0.0,2,2,1.0,365.025,375.622193234106,0.0,0.0,0.0,730.05,0,0.0,1.5,0.7071067811865476,1.0,0.0,Delta Air Lines,2,0.5,LAX-SFO,2,0.5,1142.1268726564147,846.9655365420376,0.0,3,159.33333333333334,96.43823584726825,0,0.0,0.0,0.0,0.0,478.0,2.6666666666666665,0.5773502691896257,1.3333333333333333,0.5773502691896257,Crowne Plaza,3,0.3333333333333333,False,True,False,False,True,False,False,True,1208.05,0.0,4,3,3,3.4,1051.4882238523953,2,2898.6536002083863,False,243.35
738,505747,1985-11-18,37.0,F,False,False,usa,los angeles,LAX,33.942,-118.408,2023-01-02,207,8,14.625,0.25,107.375,1.3333333333333333,41.0,122.0,7.5,0.0,2,2,1.0,0,0.0,2,2,1.0,443.625,583.794429615426,0.0,0.0,0.0,887.25,0,0.0,1.5,0.7071067811865476,1.0,1.414213562373095,American Airlines,2,0.5,LAX-HOU,2,0.5,1210.949724986137,1461.9837529343165,0.0,2,184.0,55.154328932550705,0,0.0,0.0,0.0,0.0,368.0,3.5,2.1213203435596424,1.5,0.7071067811865476,Choice Hotels,2,0.5,False,True,False,False,True,False,False,True,1255.25,0.0,2,2,3,2.3499999999999996,1638.8567439146382,4,4517.861344722788,True,295.75
740,505854,1969-10-02,53.0,F,True,False,usa,new york,JFK,40.64,-73.779,2023-01-02,207,8,19.0,0.625,140.5,1.1428571428571428,23.0,23.0,8.0,0.0,5,3,0.6,0,0.0,3,3,1.0,452.31666666666666,223.732434021832,0.0,0.0,0.0,1356.95,0,0.0,1.0,0.0,1.0,0.0,Delta Air Lines,2,0.6666666666666666,JFK-LUF,2,0.6666666666666666,2714.6494614254475,1333.8751656839495,0.0,5,215.6,146.997619028337,0,0.0,0.0,0.0,0.0,1078.0,5.6,2.9664793948382653,1.0,0.0,Aman Resorts,5,0.2,False,True,False,False,True,False,False,True,2434.95,0.0,4,5,5,4.6,1271.630106702234,3,3505.522081285083,False,452.31666666666666
747,506234,1985-10-07,37.0,F,True,False,usa,riverside,RIV,33.881,-117.259,2023-01-02,207,9,16.22222222222222,0.4444444444444444,121.66666666666667,1.5,53.0,127.0,10.25,0.0,4,2,0.5,0,0.0,3,3,1.0,401.18666666666667,301.068994805731,0.15,73.899,73.899,1129.661,1,0.3333333333333333,1.0,0.0,1.0,0.0,American Airlines,3,0.3333333333333333,RIV-FAT,3,0.3333333333333333,2180.109088236817,1588.7912692953255,0.0,3,120.66666666666667,97.76672917374977,0,0.0,0.0,0.0,0.0,362.0,4.666666666666667,4.041451884327381,1.0,0.0,Choice Hotels,3,0.3333333333333333,False,True,False,False,False,False,False,True,1491.661,73.899,2,4,3,2.8499999999999996,973.7576934811603,2,2684.3726633461615,True,401.18666666666667
750,506427,1975-10-07,47.0,F,True,True,usa,dallas,DAL,32.847,-96.852,2023-01-02,207,8,20.875,0.625,155.375,1.3333333333333333,30.0,30.0,6.8,0.0,5,3,0.6,0,0.0,4,4,1.0,174.625,133.000558770756,0.0,0.0,0.0,698.5,0,0.0,1.0,0.0,1.0,0.816496580927726,American Airlines,1,1.0,DAL-DMA,4,0.25,1000.6631290689229,811.0400229446872,0.0,4,155.75,87.40471001801524,1,0.25,0.05,14.15,14.15,608.85,3.75,2.0615528128088303,1.25,0.5,Aman Resorts,4,0.25,False,True,False,False,True,False,False,False,1307.35,14.15,3,5,3,3.5,682.75144048016,1,1882.151293853284,False,174.625
754,506704,1968-07-02,55.0,F,True,False,canada,montreal,YUL,45.468,-73.741,2023-01-03,206,8,17.0,0.25,127.25,1.3333333333333333,52.0,141.0,6.5,0.0,2,1,0.5,0,0.0,2,2,1.0,678.69,89.33587073510841,0.1,61.552,61.552,1295.828,1,0.5,1.0,0.0,1.0,0.0,Delta Air Lines,2,0.5,YUL-LUF,2,0.5,3802.8283981986247,386.1236670678848,0.0,1,90.0,0.0,0,0.0,0.0,0.0,0.0,90.0,4.0,0.0,1.0,0.0,Banyan Tree,1,1.0,False,True,False,False,False,False,True,True,1385.828,61.552,2,2,3,2.3499999999999996,1809.3396245415138,5,4987.834098095592,True,678.69
758,506837,1976-09-05,46.0,F,False,True,usa,cleveland,CLE,41.412,-81.85,2023-01-03,206,8,13.625,0.375,101.0,1.3333333333333333,55.0,55.0,8.0,0.0,3,3,1.0,0,0.0,3,3,1.0,274.12666666666667,237.616459096026,0.1,12.412,12.412,809.968,1,0.3333333333333333,1.0,0.0,1.0,0.0,American Airlines,3,0.3333333333333333,CLE-JFK,3,0.3333333333333333,1599.1478797591856,1471.4797317702612,0.0,3,296.3333333333333,219.527522951755,1,0.3333333333333333,0.1,10.5,10.5,878.5,6.666666666666667,3.2145502536643185,1.0,0.0,Choice Hotels,3,0.3333333333333333,False,True,False,False,False,False,False,False,1688.468,22.912,2,3,4,2.95,1469.6446491052573,4,4051.391785966353,False,274.12666666666667
762,507133,1997-05-24,26.0,F,False,False,canada,edmonton,YXD,53.573,-113.521,2023-01-03,206,8,14.125,0.375,104.625,1.3333333333333333,54.0,54.0,7.333333333333333,0.0,3,2,0.6666666666666666,0,0.0,2,2,1.0,672.9,171.529962980233,0.0,0.0,0.0,1345.8,0,0.0,1.5,0.7071067811865476,1.0,0.0,Allegiant Air,2,0.5,YXD-DCA,2,0.5,2755.516885580957,627.4792878691798,0.0,3,170.66666666666666,146.711735499698,0,0.0,0.0,0.0,0.0,512.0,3.6666666666666665,2.0816659994661326,1.6666666666666667,0.5773502691896257,Best Western,3,0.3333333333333333,False,True,False,False,True,False,False,True,1857.8,0.0,2,3,4,2.95,1617.0314326997886,4,4457.695176910838,False,448.59999999999997
766,507395,1977-10-19,45.0,F,True,True,usa,winston-salem,INT,36.134,-80.222,2023-01-03,206,9,54.666666666666664,0.4444444444444444,1044.2222222222222,1.8,76.0,97.0,7.0,3.0,3,3,1.0,1,0.3333333333333333,3,3,1.0,347.095,185.523606179914,0.1,0.0,0.0,694.19,1,0.3333333333333333,1.25,0.5773502691896257,1.3333333333333333,0.5773502691896257,Ryanair,2,0.6666666666666666,INT-PNE,3,0.3333333333333333,1769.3075143200372,1347.3215961422468,0.0,3,218.0,29.698484809834994,1,0.3333333333333333,0.15,0.0,0.0,436.0,3.3333333333333335,0.5773502691896257,1.3333333333333333,0.5773502691896257,Conrad,3,0.3333333333333333,False,False,False,False,True,False,False,True,1130.19,0.0,1,3,3,2.1999999999999997,983.7187829276426,2,2711.832550324503,True,277.67600000000004
769,507505,1974-05-19,49.0,F,True,True,usa,newark,EWR,40.692,-74.169,2023-01-03,206,9,9.11111111111111,0.2222222222222222,67.22222222222223,1.2857142857142858,22.0,122.0,7.5,0.0,2,2,1.0,0,0.0,2,2,1.0,374.6,450.328024666465,0.0,0.0,0.0,749.2,0,0.0,1.0,0.0,1.0,0.0,Alaska Airlines,2,0.5,EWR-DCA,2,0.5,2086.2365145454723,2498.9000446743194,0.0,2,397.0,268.700576850888,0,0.0,0.0,0.0,0.0,794.0,7.0,5.656854249492381,1.0,0.0,Best Western,2,0.5,False,True,False,False,True,False,False,True,1543.2,0.0,4,2,4,3.5,2014.8048016005334,5,5554.243080801599,True,374.6
774,507617,1975-09-28,47.0,F,True,False,canada,montreal,YUL,45.468,-73.741,2023-01-03,206,9,14.11111111111111,0.2222222222222222,104.88888888888889,1.5,36.0,36.0,5.0,0.0,2,2,1.0,0,0.0,2,2,1.0,509.095,581.828672763727,0.0,0.0,0.0,1018.19,0,0.0,1.5,0.7071067811865476,1.0,0.0,Finnair,2,0.5,YUL-IAH,2,0.5,1552.7462206230593,1436.682948430691,0.0,2,134.0,39.59797974644666,1,0.5,0.05,8.1,8.1,259.9,2.5,0.7071067811865476,1.5,0.7071067811865476,Aman Resorts,2,0.5,False,True,False,False,True,False,False,False,1278.09,8.1,3,2,3,2.75,1668.676690563521,4,4600.066445789084,False,339.3966666666667
778,507759,1975-03-20,48.0,F,True,False,canada,victoria,YYJ,48.647,-123.426,2023-01-03,206,7,10.857142857142858,0.2857142857142857,81.14285714285714,1.1666666666666667,24.0,87.0,8.5,0.0,2,2,1.0,0,0.0,2,2,1.0,235.38,114.24017156849862,0.35,54.11,54.11,416.65,1,0.5,1.0,0.0,1.0,0.0,Delta Air Lines,1,1.0,YYJ-LAX,2,0.5,1288.352766831291,563.8313923365164,0.0,2,98.0,31.11269837220809,0,0.0,0.0,0.0,0.0,196.0,4.0,1.414213562373095,1.0,0.0,Best Western,2,0.5,False,True,False,False,False,False,False,True,612.65,54.11,4,2,2,2.8,799.8769839946648,2,2205.033063409214,False,235.38
793,508625,1980-09-21,42.0,F,False,False,usa,new york,JFK,40.64,-73.779,2023-01-03,206,8,47.25,0.625,1078.125,1.3333333333333333,27.0,27.0,7.25,12.0,4,2,0.5,1,0.25,3,3,1.0,364.07,339.397112833919,0.0,0.0,0.0,728.14,1,0.3333333333333333,2.25,1.0,1.0,0.0,United Airlines,2,0.6666666666666666,JFK-SAT,3,0.3333333333333333,1913.4722781784208,1611.893220919,0.0,3,191.5,37.476659402887016,1,0.3333333333333333,0.0,0.0,0.0,383.0,6.333333333333333,5.8594652770823155,2.0,1.0,InterContinental,3,0.3333333333333333,False,False,False,False,True,False,False,True,1111.14,0.0,3,4,3,3.25,725.3532294098034,1,1999.592294194495,False,161.80888888888887
796,508731,1969-03-27,54.0,F,True,False,usa,norfolk,NGU,36.938,-76.289,2023-01-03,206,8,18.75,0.5,139.75,1.3333333333333333,37.0,37.0,7.25,0.0,4,3,0.75,0,0.0,3,3,1.0,264.1,165.561767627674,0.15,11.0805,11.0805,781.2195,1,0.3333333333333333,1.0,0.0,1.3333333333333333,0.5773502691896257,AirTran Airways,3,0.3333333333333333,NGU-DAL,3,0.3333333333333333,1532.4557474133262,934.5641954845127,0.0,4,171.25,117.448925069581,1,0.25,0.1,5.0,5.0,680.0,8.0,5.0990195135927845,1.0,0.0,Rosewood,3,0.5,False,True,False,False,False,False,False,False,1461.2195,16.0805,3,4,3,3.25,953.8854538596198,2,2629.590557739558,False,264.1
798,508848,1970-12-05,52.0,F,True,True,usa,st. louis,STL,38.748,-90.36,2023-01-04,205,8,17.875,0.25,132.625,2.0,104.0,104.0,8.5,0.0,2,2,1.0,0,0.0,2,2,1.0,172.765,143.521463377434,0.0,0.0,0.0,345.53,0,0.0,1.0,0.0,1.0,0.0,Air France,2,0.5,STL-BNA,2,0.5,934.3742055428128,703.7416586732007,0.0,2,127.5,6.363961030678928,0,0.0,0.0,0.0,0.0,255.0,5.5,2.1213203435596424,1.0,0.0,Accor,1,1.0,False,True,False,False,True,False,False,True,600.53,0.0,1,2,2,1.6,784.053089363121,2,2161.4110920903213,True,172.765
805,508891,2006-12-05,16.0,F,False,True,usa,san antonio,RND,29.529,-98.279,2023-01-04,205,8,10.375,0.25,77.25,1.1428571428571428,14.0,36.0,8.5,0.0,2,0,0.0,0,0.0,2,2,1.0,337.505,164.197265659328,0.0,0.0,0.0,675.01,0,0.0,1.0,0.0,1.0,0.0,Allegiant Air,2,0.5,RND-BNA,2,0.5,1921.6644089167742,869.0268574685966,0.0,0,0.0,0.0,0,0.0,0.0,0.0,0.0,0.0,0.0,0.0,0.0,0.0,MISSING,0,0.0,False,True,False,False,True,True,False,True,675.01,0.0,5,2,2,3.2,881.2943164388129,2,2429.4774636935504,False,337.505
810,508923,1976-06-12,47.0,F,True,True,usa,madison,MSN,43.14,-89.337,2023-01-04,205,8,34.625,0.625,972.0,1.3333333333333333,27.0,54.0,69.5,226.0,4,1,0.25,1,0.25,3,3,1.0,355.815,283.64174313736,0.27499999999999997,83.457,83.457,628.173,2,0.6666666666666666,3.0,2.309401076758503,1.3333333333333333,2.309401076758503,Ryanair,2,0.3333333333333333,MSN-TOJ,3,0.3333333333333333,1826.4421064224443,3038.0176952220922,0.0,2,181.5,157.6848122046,0,0.0,0.0,0.0,0.0,363.0,2.5,0.7071067811865476,1.0,0.0,Crowne Plaza,2,0.5,False,False,False,False,False,False,False,True,991.173,83.457,3,4,2,2.9000000000000004,647.0386598032677,1,1783.7013274777614,False,118.605
813,508944,1966-03-15,57.0,F,False,False,usa,los angeles,LAX,33.942,-118.408,2023-01-04,205,8,19.125,0.25,141.75,1.3333333333333333,52.0,176.0,11.0,0.0,2,2,1.0,0,0.0,2,2,1.0,523.66,61.47586355635844,0.05,28.3565,28.3565,1018.9635,1,0.5,1.0,0.0,1.0,0.0,AirTran Airways,2,0.5,LAX-MDW,2,0.5,2811.592049976628,0.0,0.0,2,107.5,28.991378028648448,0,0.0,0.0,0.0,0.0,215.0,2.5,0.7071067811865476,1.0,0.0,Four Seasons,2,0.5,False,True,False,False,False,False,False,True,1233.9635,28.3565,2,2,3,2.3499999999999996,1611.0650497665888,4,4441.247558214569,True,523.66
819,509036,1983-11-02,39.0,F,False,True,usa,new york,JFK,40.64,-73.779,2023-01-04,205,8,13.75,0.25,102.375,2.6666666666666665,129.0,129.0,6.5,0.0,2,1,0.5,0,0.0,2,2,1.0,492.835,360.47596598109,0.0,0.0,0.0,985.67,0,0.0,1.0,0.0,1.0,0.0,AirTran Airways,2,0.5,JFK-ORD,2,0.5,2556.594858278812,1954.686060965228,0.0,1,37.0,0.0,0,0.0,0.0,0.0,0.0,37.0,4.0,0.0,1.0,0.0,Banyan Tree,1,1.0,False,True,False,False,True,False,True,True,1022.67,0.0,1,2,2,1.6,1335.19986162054,4,3680.7657927963783,True,492.835
822,509069,1979-03-03,44.0,F,True,False,usa,new york,JFK,40.64,-73.779,2023-01-04,205,8,17.375,0.5,128.5,1.1428571428571428,11.0,145.0,7.25,0.0,4,1,0.25,0,0.0,2,2,1.0,649.38,192.955298450185,0.0,0.0,0.0,1298.76,0,0.0,1.0,0.0,1.0,0.0,Delta Air Lines,2,0.5,JFK-DMA,2,0.5,3693.9128151289233,381.89492834673814,0.0,3,152.33333333333334,80.46324212541609,0,0.0,0.0,0.0,0.0,457.0,2.0,1.0,1.0,0.0,Choice Hotels,3,0.3333333333333333,False,True,False,False,True,False,False,True,1755.76,0.0,5,4,4,4.4,1146.1617672557518,3,3159.641599127856,True,649.38
824,509115,1986-11-01,36.0,F,False,False,usa,los angeles,LAX,33.942,-118.408,2023-01-04,205,8,19.625,1.0,145.75,1.1428571428571428,9.0,9.0,5.5,0.0,8,4,0.5,0,0.0,5,5,1.0,832.776,366.675644718871,0.35,336.5845,336.5845,3827.2955,1,0.2,1.4,0.5477225575051661,1.0,1.0,Air Transat,5,0.2,LAX-DAL,5,0.2,3304.723841096704,870.5863274633554,0.0,7,158.28571428571428,101.0193286549894,0,0.0,0.0,0.0,0.0,1108.0,5.142857142857143,3.3380918415851206,1.2857142857142858,0.4879500364742666,Hyatt,6,0.2857142857142857,False,True,False,False,False,False,False,True,4935.2955,336.5845,5,5,5,5.0,1610.8827551058687,4,4440.745023747128,False,594.84
827,509160,1969-11-01,53.0,M,False,True,usa,new orleans,NBG,29.825,-90.035,2023-01-04,205,8,18.0,0.25,134.125,1.3333333333333333,56.0,157.0,9.0,0.0,2,2,1.0,0,0.0,2,2,1.0,452.125,185.905443841755,0.1,58.358,58.358,845.892,1,0.5,1.0,0.0,1.0,0.0,Air France,2,0.5,NBG-PNE,2,0.5,2536.02229552497,1114.3124804739903,0.0,2,107.5,81.31727983645297,0,0.0,0.0,0.0,0.0,215.0,2.5,0.7071067811865476,1.0,0.0,Fairmont,2,0.5,False,True,False,False,False,False,False,True,1060.892,58.358,2,2,3,2.3499999999999996,1385.1025761920641,4,3818.3333660431376,True,452.125
830,509221,1985-01-12,38.0,F,False,False,usa,kansas city,MCI,39.297,-94.714,2023-01-04,205,9,17.88888888888889,0.4444444444444444,131.77777777777777,1.5,54.0,54.0,7.5,0.0,4,3,0.75,0,0.0,3,3,1.0,165.86,61.028181195247825,0.05,7.4065,7.4065,490.1735,1,0.3333333333333333,1.0,0.0,1.0,0.0,Allegiant Air,2,0.6666666666666666,MCI-ELP,3,0.3333333333333333,1001.2168579924128,344.92726875997903,0.0,4,168.5,54.194095619356915,0,0.0,0.0,0.0,0.0,674.0,3.25,2.629955639676583,1.0,0.0,Banyan Tree,4,0.25,False,True,False,False,False,False,False,True,1164.1735,7.4065,2,4,3,2.8499999999999996,759.9735477242415,2,2095.030652937915,False,165.86
833,509278,1973-10-20,49.0,F,True,False,canada,edmonton,YED,53.667,-113.467,2023-01-04,205,8,38.25,0.5,998.0,1.1428571428571428,11.0,91.0,69.66666666666667,117.0,3,1,0.3333333333333333,1,0.3333333333333333,2,2,1.0,1296.85,0.0,0.0,0.0,0.0,1296.85,1,0.5,2.0,0.0,1.5,0.7071067811865476,Southwest Airlines,2,0.5,YED-DAL,2,0.5,3621.0126410766998,677.5475820211155,0.0,2,135.0,42.42640687119285,0,0.0,0.0,0.0,0.0,270.0,5.5,2.1213203435596424,2.0,0.0,Aman Resorts,1,1.0,False,False,False,False,True,False,False,True,1566.85,0.0,5,3,4,4.15,1363.7881905079469,4,3759.5756744228374,True,648.425
834,509282,1987-01-09,36.0,F,False,False,usa,seattle,SEA,47.449,-122.309,2023-01-04,205,8,16.5,0.375,121.25,1.3333333333333333,41.0,41.0,10.666666666666666,0.0,3,2,0.6666666666666666,0,0.0,2,2,1.0,622.715,179.060650199869,0.2,149.866,149.866,1095.564,1,0.5,1.0,0.0,1.0,0.0,American Airlines,2,0.5,SEA-NIP,2,0.5,3395.837645512257,748.8755357833954,0.0,3,101.33333333333333,56.08327142146162,0,0.0,0.0,0.0,0.0,304.0,5.333333333333333,3.0550504633038935,1.3333333333333333,0.5773502691896257,Accor,3,0.3333333333333333,False,True,False,False,False,False,False,True,1399.564,149.866,2,3,3,2.5999999999999996,1218.1822478603979,3,3358.1815548380027,False,622.715
847,509419,1982-08-23,40.0,F,False,False,usa,philadelphia,PNE,40.082,-75.011,2023-01-04,205,8,17.875,0.5,134.375,2.0,105.0,105.0,5.0,0.0,4,4,1.0,0,0.0,4,4,1.0,446.83,324.749819502131,0.05,8.2585,8.2585,1779.0615,1,0.25,1.0,0.0,1.0,0.816496580927726,Delta Air Lines,4,0.25,PNE-IND,4,0.25,2489.284626722301,1693.6343795079933,0.0,4,137.5,42.58716551575917,0,0.0,0.0,0.0,0.0,550.0,2.0,0.816496580927726,1.0,0.0,InterContinental,4,0.25,False,True,False,False,False,False,False,True,2329.0615,8.2585,1,4,5,3.15,1520.4135217155717,4,4191.347110269697,True,446.83
854,509467,1996-03-09,27.0,M,False,False,usa,seattle,SEA,47.449,-122.309,2023-01-04,205,8,12.75,0.25,96.375,1.3333333333333333,29.0,114.0,6.0,0.0,2,2,1.0,0,0.0,2,2,1.0,1026.485,1266.336321223552,0.0,0.0,0.0,2052.97,0,0.0,2.0,1.414213562373095,1.5,0.7071067811865476,Ryanair,2,0.5,SEA-LSV,2,0.5,2356.6540260961415,1359.8151059727898,0.0,2,299.0,82.02438661763951,0,0.0,0.0,0.0,0.0,598.0,6.5,0.7071067811865476,2.0,1.414213562373095,Fairmont,2,0.5,False,True,False,False,True,False,False,True,2650.97,0.0,3,2,5,3.45,3461.1113821273752,5,9541.298457693501,True,513.2425
857,509516,1978-06-24,45.0,F,False,False,usa,colorado springs,COS,38.806,-104.7,2023-01-04,205,9,16.333333333333332,0.3333333333333333,122.33333333333333,1.5,37.0,37.0,8.0,0.0,3,2,0.6666666666666666,0,0.0,2,2,1.0,610.255,655.749615668969,0.0,0.0,0.0,1220.51,0,0.0,1.5,0.7071067811865476,1.0,1.414213562373095,AirTran Airways,2,0.5,COS-BOS,2,0.5,1879.1335667809476,1378.4152464572924,0.0,3,176.33333333333334,53.7152988759565,1,0.3333333333333333,0.1,19.9,19.9,509.1,2.0,1.0,1.3333333333333333,0.5773502691896257,Crowne Plaza,3,0.3333333333333333,False,True,False,False,True,False,False,False,1729.61,19.9,3,3,4,3.35,1505.4546971212626,4,4150.10989069693,False,406.83666666666664
862,509626,1972-05-15,51.0,F,False,True,usa,brownsville,BRO,25.907,-97.426,2023-01-04,205,8,17.875,0.375,132.75,1.1428571428571428,23.0,23.0,117.33333333333333,0.0,3,3,1.0,0,0.0,3,3,1.0,509.34,359.872986065917,0.0,0.0,0.0,1528.02,0,0.0,1.3333333333333333,0.5773502691896257,1.0,1.0,American Airlines,1,1.0,BRO-FTW,3,0.3333333333333333,2111.105514764447,1297.987514489175,0.0,3,88.33333333333333,21.221058723196006,1,0.3333333333333333,0.2,22.4,22.4,242.6,6.666666666666667,3.511884584284246,1.0,0.0,Banyan Tree,3,0.3333333333333333,False,True,False,False,True,False,False,False,1770.62,22.4,4,3,4,3.75,1541.1498521729463,4,4248.511268243013,False,382.005
867,509712,1990-06-18,33.0,F,False,False,usa,philadelphia,PHL,39.872,-75.241,2023-01-04,205,8,12.375,0.375,92.25,1.1428571428571428,24.0,68.0,6.0,0.0,3,2,0.6666666666666666,0,0.0,2,2,1.0,535.415,254.056395412515,0.0,0.0,0.0,1070.83,0,0.0,1.0,0.0,1.0,0.0,Lufthansa,2,0.5,PHL-DAL,2,0.5,3063.9607723351883,1391.2940762838239,0.0,3,112.66666666666667,50.76744363598913,0,0.0,0.0,0.0,0.0,338.0,7.333333333333333,7.571877794400365,1.0,0.0,Choice Hotels,3,0.3333333333333333,False,True,False,False,True,False,False,True,1408.83,0.0,4,3,3,3.4,1226.247385795265,3,3380.414843410107,False,535.415
889,510048,1992-06-24,31.0,F,False,True,usa,dallas,DAL,32.847,-96.852,2023-01-04,205,8,13.0,0.25,97.875,2.0,97.0,153.0,8.0,0.0,2,2,1.0,0,0.0,2,2,1.0,331.465,113.72398361823244,0.0,0.0,0.0,662.93,0,0.0,1.0,0.0,1.5,0.7071067811865476,AirTran Airways,2,0.5,DAL-LGA,2,0.5,1749.8889400541568,668.3506103691233,0.0,2,144.0,98.99494936611666,0,0.0,0.0,0.0,0.0,288.0,5.5,3.5355339059327378,1.0,0.0,Choice Hotels,2,0.5,False,True,False,False,True,False,False,True,950.93,0.0,1,2,2,1.6,1241.5359836612204,3,3422.561153983064,True,331.465
892,510070,1966-09-24,56.0,F,True,True,usa,boston,BOS,42.364,-71.005,2023-01-04,205,8,24.375,0.5,179.5,1.1428571428571428,11.0,11.0,86.5,0.0,4,2,0.5,0,0.0,2,2,1.0,350.44,39.11714713523981,0.0,0.0,0.0,700.88,0,0.0,3.0,2.8284271247461903,2.0,2.8284271247461903,Ryanair,2,0.5,BOS-CIA,2,0.5,1267.6995280209087,1266.85011319838,0.0,4,132.0,67.44380376777889,1,0.25,0.15,34.8,34.8,493.2,8.5,4.795831523312719,1.75,0.9574271077563381,Hilton,3,0.5,False,True,False,False,True,False,False,False,1194.08,34.8,5,4,3,4.05,779.4965388462821,2,2148.849979887109,False,116.81333333333333
900,510108,1972-01-06,51.0,F,True,False,usa,colorado springs,COS,38.806,-104.7,2023-01-04,205,9,30.11111111111111,0.4444444444444444,282.1111111111111,1.8,63.0,63.0,89.33333333333333,1.0,3,2,0.6666666666666666,1,0.3333333333333333,3,3,1.0,328.32,47.432722881993605,0.0,0.0,0.0,656.64,1,0.3333333333333333,1.25,0.5773502691896257,1.0,0.0,United Airlines,3,0.3333333333333333,COS-UGN,3,0.3333333333333333,1541.6179185875835,638.422633096286,0.0,2,181.0,0.0,1,0.5,0.0,0.0,0.0,181.0,10.0,2.8284271247461903,1.0,0.0,Hyatt,2,0.5,False,False,False,False,True,False,False,True,837.64,0.0,2,3,2,2.25,729.0828987440257,1,2009.8739304486999,False,262.656
906,510163,1972-02-25,51.0,F,True,True,usa,las vegas,LSV,36.236,-115.034,2023-01-04,205,8,17.875,0.5,131.25,1.6,57.0,105.0,5.75,0.0,4,3,0.75,0,0.0,3,3,1.0,438.71666666666664,316.347122214401,0.0,0.0,0.0,1316.15,0,0.0,1.0,0.0,1.0,1.0,Air Transat,3,0.3333333333333333,LSV-LGA,3,0.3333333333333333,2386.517090020916,1700.90222222542,0.0,4,200.75,120.411447407074,0,0.0,0.0,0.0,0.0,803.0,9.0,6.582805886043833,1.0,0.0,Aman Resorts,4,0.25,False,True,False,False,True,False,False,True,2119.15,0.0,2,4,4,3.2,1383.3830985328443,4,3813.5932557933866,True,438.71666666666664
915,510213,1983-09-03,39.0,F,True,True,canada,toronto,YTZ,43.627,-79.396,2023-01-04,205,8,22.875,0.625,169.5,1.1428571428571428,16.0,97.0,8.4,0.0,5,3,0.6,0,0.0,4,4,1.0,120.295,59.20090004946434,0.0,0.0,0.0,481.18,0,0.0,1.25,0.5,1.0,1.414213562373095,Air Canada,4,0.25,YTZ-LGA,3,0.5,550.6476322869904,149.32394239864,0.0,4,208.75,109.072987795635,0,0.0,0.0,0.0,0.0,835.0,2.75,0.5,1.0,0.0,Extended Stay,4,0.25,False,True,False,False,True,False,False,True,1316.18,0.0,4,5,3,3.9,687.362826275425,1,1894.863571303641,True,96.236
925,510315,1980-05-23,43.0,F,False,False,usa,norfolk,NGU,36.938,-76.289,2023-01-04,205,8,28.375,0.25,209.25,2.0,101.0,140.0,8.5,0.0,2,1,0.5,0,0.0,2,2,1.0,82.35,0.09899494936611665,0.15,12.342,12.342,152.358,1,0.5,1.0,0.0,1.5,0.7071067811865476,Finnair,2,0.5,NGU-JFK,1,1.0,465.5378348148046,0.0,0.0,1,231.0,0.0,0,0.0,0.0,0.0,0.0,231.0,1.0,0.0,1.0,0.0,Best Western,1,1.0,False,True,False,False,False,False,True,True,383.358,12.342,1,2,1,1.25,500.5129206402134,1,1379.771590830702,True,82.35
927,510326,1981-12-18,41.0,M,False,False,canada,quebec,YQB,46.788,-71.398,2023-01-04,205,8,26.25,0.75,195.0,1.1428571428571428,7.0,7.0,8.333333333333334,0.0,6,6,1.0,0,0.0,6,5,0.8333333333333334,277.7783333333333,255.46832002553,0.2,114.394,114.394,1552.276,1,0.16666666666666666,1.3333333333333333,0.816496580927726,1.5,1.0488088481701514,American Airlines,4,0.5,YQB-JFK,6,0.16666666666666666,1542.3237188616604,1473.514293676024,0.0,6,191.33333333333334,89.60059523611808,2,0.3333333333333333,0.1,27.35,54.7,1093.3,3.8333333333333335,3.430257521916783,1.3333333333333333,0.816496580927726,Banyan Tree,5,0.3333333333333333,False,True,False,False,False,False,False,False,2645.576,169.094,5,5,5,5.0,1151.3563218850727,3,3173.961506984355,False,208.33374999999998
944,510537,1976-01-19,47.0,F,True,True,usa,austin,AUS,30.194,-97.67,2023-01-04,205,10,17.0,0.5,126.2,1.4285714285714286,25.0,25.0,50.2,0.0,5,3,0.6,0,0.0,4,4,1.0,1995.0475,3191.438316124095,0.0,0.0,0.0,7980.19,0,0.0,1.5,1.0,1.25,1.2583057392117916,JetBlue Airways,4,0.25,AUS-LGA,4,0.25,4708.930420799441,4890.826144988323,0.25,4,116.5,22.218610817660647,1,0.25,0.1,10.8,10.8,455.2,6.0,1.414213562373095,1.0,0.0,Banyan Tree,4,0.25,False,True,False,False,True,False,False,False,8435.39,10.8,4,5,5,4.6,4405.304374124708,5,12144.169658207102,False,1330.0316666666665
947,510558,2000-09-28,22.0,M,False,True,usa,newark,EWR,40.692,-74.169,2023-01-04,205,9,16.22222222222222,0.3333333333333333,504.06347077777775,1.2857142857142858,16.0,46.0,116.5,194.0,2,1,0.5,1,0.5,2,1,0.5,359.89,0.0,0.2,0.0,0.0,359.89,1,0.5,1.6666666666666667,0.7071067811865476,1.5,0.7071067811865476,Blue Panorama Airlines,2,0.5,EWR-VCE,2,0.5,4091.399418755092,1838.4702957799398,0.0,1,114.0,0.0,0,0.0,0.0,0.0,0.0,114.0,2.0,0.0,1.0,0.0,InterContinental,1,1.0,False,False,False,False,True,False,True,True,473.89,0.0,4,2,1,2.45,618.7116688896299,1,1705.6118802236067,False,215.93399999999997
951,510580,1970-04-06,53.0,M,False,False,usa,providence,PVD,41.724,-71.428,2023-01-04,205,8,11.25,0.375,83.5,1.3333333333333333,32.0,32.0,7.666666666666667,0.0,3,2,0.6666666666666666,0,0.0,2,2,1.0,393.64,442.776124243392,0.0,0.0,0.0,787.28,0,0.0,1.0,0.0,1.0,0.0,Delta Air Lines,2,0.5,PVD-LUF,2,0.5,2066.9665529650165,2285.1948397484543,0.0,3,134.0,56.31163290120435,0,0.0,0.0,0.0,0.0,402.0,3.3333333333333335,2.0816659994661326,1.0,0.0,Choice Hotels,3,0.3333333333333333,False,True,False,False,True,False,False,True,1189.28,0.0,3,3,3,3.0,1035.1507924863843,2,2853.615954352741,False,393.64
961,510707,1983-06-09,40.0,F,False,True,canada,toronto,YKZ,43.862,-79.37,2023-01-05,204,8,13.0,0.25,98.0,1.3333333333333333,51.0,171.0,8.0,0.0,2,1,0.5,0,0.0,2,2,1.0,128.99,24.324473272817233,0.0,0.0,0.0,257.98,0,0.0,1.5,0.7071067811865476,1.0,0.0,Delta Air Lines,2,0.5,YKZ-DTW,2,0.5,528.8722894560033,271.8893867221863,0.0,1,175.0,0.0,0,0.0,0.0,0.0,0.0,175.0,2.0,0.0,2.0,0.0,Choice Hotels,1,1.0,False,True,False,False,True,False,True,True,432.98,0.0,2,2,1,1.65,565.2994964988329,1,1558.369731159588,True,85.99333333333334
963,510733,1978-09-19,44.0,F,True,True,canada,toronto,YKZ,43.862,-79.37,2023-01-05,204,8,11.5,0.25,85.625,1.1428571428571428,14.0,14.0,7.0,0.0,2,1,0.5,0,0.0,2,2,1.0,373.38,390.393653893093,0.0,0.0,0.0,746.76,0,0.0,1.0,0.0,1.0,0.0,Delta Air Lines,2,0.5,YKZ-BWI,2,0.5,2042.0477612586901,2085.2380466932495,0.0,1,108.0,0.0,1,1.0,0.15,16.2,16.2,91.8,2.0,0.0,1.0,0.0,Choice Hotels,1,1.0,False,True,False,False,True,False,True,False,838.56,16.2,5,2,2,3.2,1094.8255018339446,3,3018.122134420029,False,373.38
972,510890,1990-09-22,32.0,F,False,False,usa,dallas,DAL,32.847,-96.852,2023-01-05,204,9,17.444444444444443,0.5555555555555556,131.11111111111111,2.25,95.0,95.0,7.4,0.0,5,2,0.4,0,0.0,4,4,1.0,313.6825,134.032320573559,0.0,0.0,0.0,1254.73,0,0.0,1.0,0.0,1.0,0.0,United Airlines,3,0.5,DAL-JFK,4,0.25,1712.8605747981983,699.1722579054256,0.0,3,117.0,65.0,1,0.3333333333333333,0.1,11.7,11.7,339.3,4.0,1.0,1.0,0.0,Banyan Tree,3,0.3333333333333333,False,True,False,False,True,False,False,False,1594.03,11.7,1,5,4,3.05,832.4674178059353,2,2294.8756086288677,True,313.6825
985,511125,1975-08-14,47.0,F,True,True,canada,quebec,YQB,46.788,-71.398,2023-01-05,204,7,11.857142857142858,0.2857142857142857,88.0,1.4,83.0,168.0,7.5,0.0,2,2,1.0,0,0.0,2,2,1.0,477.5,325.424682837673,0.05,35.3805,35.3805,919.6195,1,0.5,1.0,0.0,1.5,2.1213203435596424,Allegiant Air,2,0.5,YQB-ORD,2,0.5,2780.739754986547,1935.4784763783796,0.0,2,79.5,10.606601717798213,1,0.5,0.2,14.4,14.4,144.6,3.5,2.1213203435596424,1.0,0.0,Choice Hotels,2,0.5,False,True,False,False,False,False,False,False,1064.2195,49.7805,1,2,3,1.9499999999999997,1389.4469664054684,4,3830.309612706802,True,477.5
988,511142,1982-08-06,40.0,F,True,True,usa,new york,JFK,40.64,-73.779,2023-01-05,204,8,16.5,0.375,122.75,1.6,63.0,63.0,6.0,0.0,3,3,1.0,0,0.0,3,3,1.0,232.08333333333334,170.674223400411,0.0,0.0,0.0,696.25,0,0.0,1.3333333333333333,0.5773502691896257,1.3333333333333333,0.5773502691896257,Air France,3,0.3333333333333333,JFK-IND,3,0.3333333333333333,928.2608362250585,337.8412075406901,0.0,3,123.66666666666667,29.93882651897588,0,0.0,0.0,0.0,0.0,371.0,5.0,5.291502622129181,1.3333333333333333,0.5773502691896257,Best Western,3,0.3333333333333333,False,True,False,False,True,False,False,True,1067.25,0.0,2,3,3,2.5999999999999996,928.935728576192,2,2560.811270081867,False,174.06250000000003
994,511208,1991-01-23,32.0,F,False,False,usa,salt lake city,SLC,40.788,-111.978,2023-01-05,204,8,13.375,0.375,99.5,1.3333333333333333,39.0,39.0,7.333333333333333,0.0,3,3,1.0,0,0.0,3,2,0.6666666666666666,381.49333333333334,135.13944292224,0.1,53.165,53.165,1091.315,1,0.3333333333333333,1.3333333333333333,0.5773502691896257,1.3333333333333333,0.5773502691896257,Abu Dhabi Amiri Flight,3,0.3333333333333333,SLC-ORD,3,0.3333333333333333,2237.596073507923,816.7468143433464,0.0,3,309.3333333333333,162.715498135037,0,0.0,0.0,0.0,0.0,928.0,7.333333333333333,2.8867513459481287,1.3333333333333333,0.5773502691896257,Marriott,2,0.6666666666666666,False,True,False,False,False,False,False,True,2019.315,53.165,3,3,4,3.35,1757.6142897632544,5,4845.242079967548,False,286.12
996,511223,1978-12-13,44.0,F,True,True,canada,ottawa,YOW,45.323,-75.669,2023-01-05,204,10,43.0,0.5,891.1,2.0,79.0,128.0,5.75,5.0,4,3,0.75,1,0.25,4,4,1.0,304.9,370.552099305887,0.0,0.0,0.0,914.7,1,0.25,1.4,0.5,1.0,0.816496580927726,American Airlines,3,0.5,YOW-JFK,3,0.5,1635.7339142503108,1708.9393186953316,0.0,3,125.5,88.38834764831844,2,0.6666666666666666,0.15,28.2,28.2,222.8,7.333333333333333,6.110100926607787,1.3333333333333333,0.5773502691896257,NH Hotel,3,0.3333333333333333,False,False,False,False,True,False,False,False,1137.5,28.2,1,4,3,2.4499999999999997,742.5610620206735,1,2047.0293884175148,True,217.78571428571428
999,511298,1989-08-21,33.0,F,False,False,usa,new york,JFK,40.64,-73.779,2023-01-05,204,8,22.0,0.5,162.625,1.1428571428571428,7.0,45.0,7.75,0.0,4,3,0.75,0,0.0,3,3,1.0,265.7033333333333,127.516201846406,0.0,0.0,0.0,797.11,0,0.0,1.0,0.0,1.0,1.0,Air France,3,0.3333333333333333,JFK-FTW,3,0.3333333333333333,1545.4805670911512,623.6217274503206,0.0,4,129.5,64.23135267660697,1,0.25,0.1,7.2,7.2,510.8,4.75,2.8722813232690143,1.0,0.0,Banyan Tree,4,0.25,False,True,False,False,True,False,False,False,1307.91,7.2,5,4,3,4.05,853.804869123041,2,2353.696885630903,False,265.7033333333333
1006,511379,1976-01-19,47.0,F,False,False,canada,montreal,YUL,45.468,-73.741,2023-01-05,204,9,14.333333333333334,0.3333333333333333,107.33333333333333,1.2857142857142858,17.0,17.0,6.0,0.0,3,3,1.0,0,0.0,3,3,1.0,228.14666666666668,195.886306140407,0.15,4.272,4.272,680.168,1,0.3333333333333333,1.0,0.0,1.0,0.0,Air Canada,3,0.3333333333333333,YUL-DAL,3,0.3333333333333333,1257.367709643487,1136.924201700968,0.0,3,155.66666666666666,100.0116659861905,0,0.0,0.0,0.0,0.0,467.0,3.0,2.6457513110645907,1.0,0.0,Conrad,3,0.3333333333333333,False,True,False,False,False,False,False,True,1147.168,4.272,4,3,3,3.4,998.4964552628653,2,2752.5703847058094,False,228.14666666666668
1015,511469,1967-04-14,56.0,F,False,False,usa,los angeles,LAX,33.942,-118.408,2023-01-05,204,8,11.75,0.375,87.375,1.3333333333333333,47.0,47.0,11.0,0.0,3,1,0.3333333333333333,0,0.0,2,2,1.0,355.785,45.16291011438479,0.0,0.0,0.0,711.57,0,0.0,1.0,0.0,1.0,0.0,American Airlines,2,0.5,LAX-EFD,2,0.5,2075.4596119997336,239.3821459140558,0.0,2,127.5,36.062445840513924,0,0.0,0.0,0.0,0.0,255.0,3.5,0.7071067811865476,1.0,0.0,Marriott,2,0.5,False,True,False,False,True,False,False,True,966.57,0.0,2,3,2,2.25,841.3037312437478,2,2319.2348084544674,False,355.785
1017,511502,1977-06-27,46.0,M,True,True,usa,milwaukee,MKE,42.947,-87.896,2023-01-05,204,10,20.3,0.2,150.5,1.6666666666666667,35.0,129.0,7.0,0.0,2,2,1.0,0,0.0,2,2,1.0,307.235,241.370899758028,0.0,0.0,0.0,614.47,0,0.0,1.0,0.0,1.0,0.0,Porter Airlines,2,0.5,MKE-LSQ,2,0.5,1758.2942033512206,1502.4146054266607,0.0,2,255.5,238.294985259867,0,0.0,0.0,0.0,0.0,511.0,6.0,5.656854249492381,1.0,0.0,Accor,2,0.5,False,True,False,False,True,False,False,True,1125.47,0.0,3,2,3,2.75,1469.4157335778593,4,4050.7607310457333,True,307.235
1029,511578,1972-05-15,51.0,F,True,True,usa,wichita,ICT,37.65,-97.433,2023-01-05,204,8,19.625,0.625,146.0,1.1428571428571428,19.0,77.0,5.6,0.0,5,5,1.0,0,0.0,5,5,1.0,354.3,286.050750479701,0.05,27.44475,54.8895,1716.6105,2,0.4,1.4,0.8944271909999159,1.2,0.4472135954999579,United Airlines,4,0.4,ICT-EFD,5,0.2,1393.1057860715714,442.0696951847904,0.0,5,140.4,72.11657229791221,0,0.0,0.0,0.0,0.0,702.0,4.6,2.701851217221259,1.4,0.8944271909999159,Fairmont,4,0.4,False,True,False,False,False,False,False,True,2418.6105,54.8895,4,5,5,4.6,1263.0969540180058,3,3481.998609325841,False,253.07142857142858
1030,511587,1971-04-09,52.0,F,True,True,canada,toronto,YTZ,43.627,-79.396,2023-01-05,204,8,16.125,0.25,119.5,2.0,95.0,190.0,10.5,0.0,2,2,1.0,0,0.0,2,2,1.0,391.29,409.499679120753,0.0,0.0,0.0,782.58,0,0.0,1.0,0.0,1.5,0.7071067811865476,Delta Air Lines,2,0.5,YTZ-LSQ,2,0.5,2015.1563804104292,2117.3441823712697,0.0,2,83.0,53.74011537017761,0,0.0,0.0,0.0,0.0,166.0,2.5,0.7071067811865476,1.0,0.0,InterContinental,2,0.5,False,True,False,False,True,False,False,True,948.58,0.0,1,2,2,1.6,1238.467819273091,3,3414.103098488064,True,391.29
1034,511613,1981-09-22,41.0,F,False,False,usa,miami,TNT,25.862,-80.897,2023-01-05,204,8,18.125,0.375,134.25,1.3333333333333333,36.0,61.0,8.666666666666666,0.0,3,3,1.0,0,0.0,3,2,0.6666666666666666,370.1333333333333,229.757563821811,0.0,0.0,0.0,1110.4,0,0.0,1.0,0.0,1.3333333333333333,1.5275252316519468,Air Canada,3,0.3333333333333333,TNT-CMH,3,0.3333333333333333,2523.83673954717,1080.5248743249028,0.0,3,214.66666666666666,116.143589290728,0,0.0,0.0,0.0,0.0,644.0,2.3333333333333335,0.5773502691896257,1.0,0.0,Banyan Tree,2,0.6666666666666666,False,True,False,False,True,False,False,True,1754.4,0.0,3,3,4,3.35,1527.0319439813272,4,4209.592215724178,False,370.1333333333333
1036,511665,1977-08-17,45.0,M,False,True,usa,nashville,BNA,36.124,-86.678,2023-01-05,204,8,46.5,0.375,1060.0,1.6,70.0,73.0,6.0,3.0,2,2,1.0,1,0.5,2,2,1.0,1006.35,0.0,0.25,251.5875,251.5875,754.7625,2,1.0,1.3333333333333333,0.7071067811865476,1.0,0.0,United Airlines,2,0.5,BNA-LAX,2,0.5,2815.417808249233,50.160347515038566,0.0,2,227.0,0.0,1,0.5,0.0,0.0,0.0,227.0,4.0,1.414213562373095,1.5,0.7071067811865476,Marriott,2,0.5,False,False,False,False,False,False,False,True,981.7625,251.5875,1,2,2,1.6,1281.7909532344115,3,3533.5326416637376,False,754.7625
1037,511666,1973-08-25,49.0,F,True,False,usa,milwaukee,MKE,42.947,-87.896,2023-01-05,204,8,18.75,0.375,139.875,2.0,101.0,129.0,5.0,0.0,3,2,0.6666666666666666,0,0.0,2,2,1.0,199.975,12.296586924834061,0.0,0.0,0.0,399.95,0,0.0,1.0,0.0,1.0,0.0,JetBlue Airways,1,1.0,MKE-CLT,2,0.5,1122.1476020605642,105.22806364967617,0.0,3,155.0,67.80117993073571,1,0.3333333333333333,0.1,22.8,22.8,442.2,5.666666666666667,4.163331998932265,1.0,0.0,Aman Resorts,3,0.3333333333333333,False,True,False,False,True,False,False,False,842.15,22.8,1,3,2,1.8499999999999999,733.0084083583416,1,2020.6954425855652,True,199.975
1043,511739,1968-09-19,54.0,F,False,False,canada,quebec,YQB,46.788,-71.398,2023-01-05,204,9,16.444444444444443,0.3333333333333333,121.55555555555556,1.8,74.0,74.0,9.0,0.0,3,3,1.0,0,0.0,3,3,1.0,567.1733333333333,393.531309597259,0.0,0.0,0.0,1701.52,0,0.0,1.6666666666666667,1.1547005383792515,1.0,0.0,American Airlines,3,0.3333333333333333,YQB-LSQ,3,0.3333333333333333,2864.54482632825,2299.004576371647,0.0,3,210.0,128.992247829085,0,0.0,0.0,0.0,0.0,630.0,3.3333333333333335,2.309401076758503,1.6666666666666667,1.1547005383792515,Crowne Plaza,3,0.3333333333333333,False,True,False,False,True,False,False,True,2331.52,0.0,1,3,5,2.9,2029.3579104145824,5,5594.361857504122,False,340.304
1048,511778,1985-10-04,37.0,F,False,False,usa,long beach,LGB,33.818,-118.151,2023-01-05,204,8,18.375,0.375,138.25,1.1428571428571428,8.0,8.0,8.0,0.0,3,3,1.0,0,0.0,3,3,1.0,409.07,301.033189034033,0.0,0.0,0.0,1227.21,0,0.0,1.0,0.0,1.3333333333333333,1.5275252316519468,Allegiant Air,3,0.3333333333333333,LGB-JFK,3,0.3333333333333333,2615.9477623347607,1701.6378886005305,0.0,3,221.0,113.061929932228,1,0.3333333333333333,0.1,11.5,11.5,651.5,4.666666666666667,2.0816659994661326,1.0,0.0,Aman Resorts,3,0.3333333333333333,False,True,False,False,True,False,False,False,1878.71,11.5,5,3,4,4.15,1635.2315227297988,4,4507.867642272668,False,409.07
1059,511859,1985-12-09,37.0,F,True,False,canada,toronto,YYZ,43.677,-79.631,2023-01-05,204,8,11.375,0.375,85.25,2.0,114.0,114.0,8.333333333333334,0.0,3,2,0.6666666666666666,0,0.0,2,2,1.0,227.975,207.783327651667,0.0,0.0,0.0,455.95,0,0.0,1.0,0.0,1.0,0.0,Allegiant Air,2,0.5,YYZ-FTW,2,0.5,1272.4173195619014,967.076529765618,0.0,3,248.33333333333334,103.90540569832416,1,0.3333333333333333,0.1,19.6,19.6,725.4,10.0,10.14889156509222,1.0,0.0,Conrad,3,0.3333333333333333,False,True,False,False,True,False,False,False,1181.35,19.6,1,3,3,2.1999999999999997,1028.2485106146491,2,2834.58832879945,True,227.975
1066,511916,1981-12-12,41.0,F,True,True,canada,saskatoon,YXE,52.171,-106.7,2023-01-05,204,8,14.75,0.25,109.5,2.0,106.0,129.0,7.5,0.0,2,1,0.5,0,0.0,2,2,1.0,387.98,29.4722106398553,0.2,81.764,81.764,694.196,1,0.5,1.0,0.0,1.0,0.0,American Airlines,2,0.5,YXE-DAL,2,0.5,2252.955796383042,52.98690618406758,0.0,1,212.0,0.0,0,0.0,0.0,0.0,0.0,212.0,1.0,0.0,1.0,0.0,Choice Hotels,1,1.0,False,True,False,False,False,False,True,True,906.196,81.764,1,2,2,1.6,1183.13118972991,3,3261.5557690837777,True,387.98
1072,511996,1978-12-11,44.0,F,False,True,usa,birmingham,BHM,33.563,-86.753,2023-01-05,204,8,12.0,0.375,89.125,2.0,88.0,88.0,9.666666666666666,0.0,3,2,0.6666666666666666,0,0.0,2,2,1.0,220.42,21.43947760557612,0.0,0.0,0.0,440.84,0,0.0,1.0,0.0,1.0,0.0,Conviasa,2,0.5,BHM-SVZ,2,0.5,1245.3518071033413,92.6458024929188,0.0,3,138.66666666666666,94.85427419643953,2,0.6666666666666666,0.075,9.1,18.2,397.8,1.6666666666666667,1.1547005383792515,1.0,0.0,Choice Hotels,3,0.3333333333333333,False,True,False,False,True,False,False,False,838.64,18.2,1,3,2,1.8499999999999999,729.9532999888852,1,2012.273378816076,False,220.42
1074,512009,1979-10-27,43.0,M,False,True,usa,new york,JFK,40.64,-73.779,2023-01-05,204,8,13.125,0.375,96.875,1.6,69.0,69.0,6.666666666666667,0.0,3,2,0.6666666666666666,0,0.0,3,3,1.0,447.02,273.954936622796,0.0,0.0,0.0,1341.06,0,0.0,1.3333333333333333,0.5773502691896257,1.0,1.0,AirTran Airways,3,0.3333333333333333,JFK-LAX,3,0.3333333333333333,2238.4891724871127,1697.5397745211706,0.0,2,82.5,12.020815280171307,0,0.0,0.0,0.0,0.0,165.0,6.5,7.7781745930520225,1.5,0.7071067811865476,Best Western,2,0.5,False,True,False,False,True,False,False,True,1506.06,0.0,1,3,3,2.1999999999999997,1310.8764988329442,3,3613.71320817006,False,335.265
1083,512099,1988-11-10,34.0,F,False,False,usa,fresno,FAT,36.776,-119.718,2023-01-05,204,9,18.0,0.4444444444444444,134.22222222222223,1.5,34.0,83.0,10.5,0.0,4,3,0.75,0,0.0,4,4,1.0,512.8,313.831932197262,0.15,112.278,112.278,1938.922,1,0.25,1.0,0.0,1.25,1.2583057392117916,American Airlines,4,0.25,FAT-BNA,4,0.25,2768.0418253647986,1682.6564697674703,0.0,3,105.33333333333333,30.924639582917266,2,0.6666666666666666,0.22499999999999995,29.049999999999994,58.09999999999999,257.90000000000003,5.0,2.6457513110645907,1.0,0.0,Crowne Plaza,3,0.3333333333333333,False,True,False,False,False,False,False,False,2196.822,170.378,3,4,5,3.95,1434.0874526508837,4,3953.3707209864992,False,512.8
1084,512103,1983-09-20,39.0,F,True,True,usa,st. louis,STL,38.748,-90.36,2023-01-05,204,8,25.125,0.5,292.40894825,1.3333333333333333,36.0,137.0,72.0,96.0,3,2,0.6666666666666666,1,0.3333333333333333,3,3,1.0,119.815,71.11372898393108,0.1,0.0,0.0,239.63,1,0.3333333333333333,2.0,1.1547005383792515,1.0,1.0,Transavia Holland,3,0.3333333333333333,STL-AMS,3,0.3333333333333333,641.3410475051794,3687.2208712190863,0.0,2,198.5,132.228968081884,0,0.0,0.0,0.0,0.0,397.0,1.5,0.7071067811865476,1.0,0.0,Crowne Plaza,2,0.5,False,False,False,False,True,False,False,True,636.63,0.0,3,3,2,2.6500000000000004,554.1235445148383,1,1527.5608141224823,True,59.9075
1101,512294,1971-03-27,52.0,F,True,True,usa,houston,IAH,29.98,-95.34,2023-01-05,204,8,23.25,0.625,172.125,1.6,76.0,76.0,6.0,0.0,5,4,0.8,0,0.0,4,4,1.0,499.24,216.08691137287,0.0,0.0,0.0,1996.96,0,0.0,1.25,0.5,1.0,0.816496580927726,Alaska Airlines,3,0.5,IAH-JFK,3,0.5,2216.770439545918,86.04471579903918,0.0,5,165.0,172.799016200903,0,0.0,0.0,0.0,0.0,825.0,3.2,2.6832815729997477,1.2,0.4472135954999579,Hyatt,4,0.4,False,True,False,False,True,False,False,True,2821.96,0.0,1,5,5,3.4,1473.7424981660554,4,4062.6883888799584,False,399.392
1103,512301,1981-03-27,42.0,F,False,False,usa,columbus,LCK,39.814,-82.928,2023-01-05,204,8,16.25,0.625,120.625,1.3333333333333333,44.0,44.0,6.6,0.0,5,2,0.4,0,0.0,4,4,1.0,298.5025,230.487265646066,0.0,0.0,0.0,1194.01,0,0.0,1.0,0.0,1.25,0.5,United Airlines,3,0.5,LCK-DTW,4,0.25,1745.3813244169942,1421.0536504260406,0.0,3,142.33333333333334,42.5715084690845,1,0.3333333333333333,0.1,11.2,11.2,415.8,3.0,1.0,1.0,0.0,Accor,3,0.3333333333333333,False,True,False,False,True,False,False,False,1609.81,11.2,2,5,4,3.4499999999999997,840.7083767922641,2,2317.5935857711825,False,298.5025
1110,512377,1983-11-26,39.0,F,False,True,usa,new york,LGA,40.777,-73.872,2023-01-05,204,9,26.444444444444443,0.3333333333333333,492.9041212222222,2.25,106.0,124.0,7.0,5.0,2,2,1.0,1,0.5,2,2,1.0,202.92,0.0,0.0,0.0,0.0,202.92,1,0.5,1.0,0.0,1.0,0.0,American Airlines,2,0.5,LGA-DCA,2,0.5,1163.9512039219505,579.2498789617257,0.0,2,131.0,0.0,1,0.5,0.0,0.0,0.0,131.0,6.0,0.0,1.0,0.0,Marriott,2,0.5,False,False,False,False,True,False,False,True,333.92,0.0,1,2,1,1.25,435.9665755251751,1,1201.8356982512116,True,202.92
1116,512419,1969-04-11,54.0,F,True,True,canada,ottawa,YOW,45.323,-75.669,2023-01-05,204,8,10.625,0.375,79.25,1.1428571428571428,10.0,57.0,6.333333333333333,0.0,3,3,1.0,0,0.0,3,3,1.0,386.39,79.22229673519949,0.0,0.0,0.0,1159.17,0,0.0,2.0,1.0,2.0,1.0,Air Canada,3,0.3333333333333333,YOW-JFK,3,0.3333333333333333,1490.083057674411,1228.7525121816313,0.0,3,187.0,61.61168720299745,0,0.0,0.0,0.0,0.0,561.0,4.333333333333333,5.773502691896257,2.0,1.0,Extended Stay,3,0.3333333333333333,False,True,False,False,True,False,False,True,1720.17,0.0,5,3,4,4.15,1497.2381093697898,4,4127.459098108901,False,193.195
1127,512587,1986-05-06,37.0,F,False,False,usa,oakland,OAK,37.721,-122.221,2023-01-05,204,8,15.75,0.25,117.625,2.0,114.0,114.0,10.0,0.0,2,2,1.0,0,0.0,2,2,1.0,595.965,111.31982056219817,0.0,0.0,0.0,1191.93,0,0.0,1.0,0.0,1.0,0.0,Allegiant Air,2,0.5,OAK-IND,2,0.5,3347.123260323173,343.8739594154916,0.0,2,96.5,13.435028842544403,0,0.0,0.0,0.0,0.0,193.0,3.0,1.414213562373095,1.0,0.0,Extended Stay,2,0.5,False,True,False,False,True,False,False,True,1384.93,0.0,1,2,3,1.9499999999999997,1808.1671940646884,5,4984.602041144737,True,595.965
1148,512791,1990-02-13,33.0,F,False,True,usa,atlanta,ATL,33.64,-84.427,2023-01-06,203,8,12.75,0.375,96.625,2.6666666666666665,121.0,142.0,6.333333333333333,0.0,3,3,1.0,0,0.0,3,3,1.0,413.65,204.830838498503,0.2,122.554,122.554,1118.396,1,0.3333333333333333,1.3333333333333333,0.5773502691896257,1.0,0.0,Delta Air Lines,2,0.6666666666666666,ATL-EFD,3,0.3333333333333333,1802.6341878877245,1104.3652396080777,0.0,3,124.0,56.0,0,0.0,0.0,0.0,0.0,372.0,3.0,1.7320508075688772,1.3333333333333333,0.5773502691896257,Conrad,3,0.3333333333333333,False,True,False,False,False,False,False,True,1490.396,122.554,1,3,3,2.1999999999999997,1297.2425337334666,3,3576.1282489434852,True,310.2375
1150,512826,1983-07-03,40.0,F,True,False,usa,richmond,RIC,37.505,-77.319,2023-01-06,203,8,17.5,0.5,131.375,1.1428571428571428,12.0,12.0,7.5,0.0,4,2,0.5,0,0.0,4,4,1.0,479.2775,676.258506015513,0.0,0.0,0.0,1917.11,0,0.0,1.5,0.5773502691896257,1.0,0.816496580927726,AirTran Airways,4,0.25,RIC-JFK,4,0.25,1409.78844810653,1549.1225936803394,0.0,2,84.5,38.890872965260115,0,0.0,0.0,0.0,0.0,169.0,2.5,2.1213203435596424,1.0,0.0,Fairmont,2,0.5,False,True,False,False,True,False,False,True,2086.11,0.0,5,4,4,4.4,1361.8145556852285,4,3754.1349252498135,False,319.5183333333333
1151,512831,1980-02-22,43.0,F,False,False,usa,san antonio,SKF,29.384,-98.581,2023-01-06,203,8,14.25,0.5,104.75,1.1428571428571428,17.0,17.0,6.75,0.0,4,1,0.25,0,0.0,3,3,1.0,760.1066666666667,940.35245867352,0.0,0.0,0.0,2280.32,0,0.0,2.0,1.7320508075688772,1.0,0.0,American Airlines,2,0.6666666666666666,SKF-AUS,3,0.3333333333333333,1678.6605617218393,1349.609433205131,0.0,2,289.5,36.062445840513924,0,0.0,0.0,0.0,0.0,579.0,2.5,0.7071067811865476,1.0,0.0,Extended Stay,2,0.5,False,True,False,False,True,False,False,True,2859.32,0.0,4,4,5,4.35,1866.5667655885295,5,5145.5930293538195,False,380.05333333333334
1159,512904,1960-05-08,63.0,F,True,False,usa,phoenix,PHX,33.434,-112.008,2023-01-06,203,8,15.125,0.625,112.125,1.1428571428571428,18.0,18.0,9.0,0.0,5,4,0.8,0,0.0,4,4,1.0,407.7,275.822396117502,0.0,0.0,0.0,1630.8,0,0.0,1.0,0.0,1.25,0.5,American Airlines,3,0.5,PHX-DAL,4,0.25,2167.7827152193613,1385.6134274217281,0.0,5,209.8,143.243498979884,1,0.2,0.1,17.0,17.0,1032.0,8.8,10.134100848126586,1.0,0.0,Banyan Tree,5,0.2,False,True,False,False,True,False,False,False,2662.8,17.0,4,5,5,4.6,1390.6226608869624,4,3833.5506675890356,False,407.7
1160,512922,1990-01-14,33.0,F,False,True,usa,tucson,TUS,32.116,-110.941,2023-01-06,203,8,18.125,0.25,135.625,1.6,64.0,145.0,8.5,0.0,2,1,0.5,0,0.0,2,2,1.0,339.64,158.222213358302,0.0,0.0,0.0,679.28,0,0.0,1.0,0.0,1.0,0.0,Delta Air Lines,2,0.5,TUS-BNA,2,0.5,1797.1666837745504,670.4806611757247,0.0,1,195.0,0.0,1,1.0,0.3,58.5,58.5,136.5,1.0,0.0,1.0,0.0,Fairmont,1,1.0,False,True,False,False,True,False,True,False,815.78,58.5,1,2,2,1.6,1065.083891297099,3,2936.132983706796,True,339.64
1170,513006,1966-01-27,57.0,F,True,False,usa,st. petersburg,SPG,27.765,-82.627,2023-01-06,203,10,19.9,0.2,148.1,1.4285714285714286,20.0,130.0,6.5,0.0,2,2,1.0,0,0.0,2,2,1.0,664.385,43.536564517655734,0.0,0.0,0.0,1328.77,0,0.0,1.5,0.7071067811865476,1.0,0.0,American Airlines,2,0.5,SPG-JFK,2,0.5,2667.962340005966,1447.2982286227677,0.0,2,113.5,88.38834764831844,1,0.5,0.05,8.8,8.8,218.2,5.0,1.414213562373095,1.5,0.7071067811865476,Hilton,2,0.5,False,True,False,False,True,False,False,False,1546.97,8.8,4,2,4,3.5,2019.7269206402134,5,5567.811961319109,True,442.92333333333335
1173,513031,1977-07-19,46.0,F,True,True,usa,detroit,DTW,42.212,-83.353,2023-01-06,203,9,10.0,0.3333333333333333,74.77777777777777,1.5,36.0,36.0,12.333333333333334,0.0,3,1,0.3333333333333333,0,0.0,2,2,1.0,350.4,296.574726165262,0.0,0.0,0.0,700.8,0,0.0,1.0,0.0,1.0,0.0,Alaska Airlines,2,0.5,DTW-JFK,2,0.5,2077.0254816961183,1782.4129081648891,0.0,2,201.5,3.5355339059327378,0,0.0,0.0,0.0,0.0,403.0,4.5,3.5355339059327378,1.5,0.7071067811865476,NH Hotel,2,0.5,False,True,False,False,True,False,False,True,1103.8,0.0,3,3,3,3.0,960.748894075803,2,2648.5111079094545,False,350.4
1176,513090,2002-04-19,21.0,M,False,True,usa,los angeles,LAX,33.942,-118.408,2023-01-06,203,9,13.666666666666666,0.2222222222222222,101.55555555555556,1.8,78.0,78.0,115.0,0.0,2,1,0.5,0,0.0,2,2,1.0,664.805,392.069496964505,0.15,127.44425,254.8885,1074.7215,2,1.0,1.5,0.7071067811865476,1.5,0.7071067811865476,KLM Royal Dutch Airlines,2,0.5,LAX-DAL,2,0.5,2406.4042287335565,573.022112110357,0.0,1,65.0,0.0,0,0.0,0.0,0.0,0.0,65.0,1.0,0.0,1.0,0.0,Choice Hotels,1,1.0,False,True,False,False,False,False,True,True,1139.7215,254.8885,1,2,3,1.9499999999999997,1488.02251858953,4,4102.054338657219,False,443.2033333333333
1179,513096,1994-05-05,29.0,F,True,True,usa,dallas,DAL,32.847,-96.852,2023-01-06,203,8,9.5,0.25,71.25,1.6,72.0,135.0,10.0,0.0,2,1,0.5,0,0.0,2,2,1.0,523.895,122.40725489120324,0.0,0.0,0.0,1047.79,0,0.0,1.5,0.7071067811865476,1.5,0.7071067811865476,Pinnacle Airlines,2,0.5,DAL-LAS,2,0.5,1967.7570971455561,360.2385078012343,0.0,1,184.0,0.0,0,0.0,0.0,0.0,0.0,184.0,3.0,0.0,1.0,0.0,Banyan Tree,1,1.0,False,True,False,False,True,False,True,True,1231.79,0.0,1,2,3,1.9499999999999997,1608.2273241080359,4,4433.424756674832,True,349.2633333333333
1189,513233,1985-03-23,38.0,F,True,True,usa,riverside,RIV,33.881,-117.259,2023-01-06,203,9,12.555555555555555,0.3333333333333333,93.0,1.5,43.0,43.0,6.0,0.0,3,2,0.6666666666666666,0,0.0,2,2,1.0,367.405,127.51256585137,0.0,0.0,0.0,734.81,0,0.0,1.0,0.0,1.0,0.0,Southwest Airlines,2,0.5,RIV-MDW,2,0.5,2147.8580055290213,809.8383963244717,0.0,3,123.33333333333333,66.86055139866357,1,0.3333333333333333,0.05,5.15,5.15,364.85,3.0,1.0,1.6666666666666667,1.1547005383792515,Crowne Plaza,3,0.3333333333333333,False,True,False,False,True,False,False,False,1099.66,5.15,2,3,3,2.5999999999999996,957.1454329220851,2,2638.577391668518,False,367.405
1199,513322,1973-01-04,50.0,F,False,False,usa,new york,LGA,40.777,-73.872,2023-01-06,203,9,18.11111111111111,0.3333333333333333,135.11111111111111,1.2857142857142858,23.0,57.0,9.666666666666666,0.0,3,3,1.0,0,0.0,3,3,1.0,567.8866666666667,122.998322075276,0.0,0.0,0.0,1703.66,0,0.0,1.0,0.0,1.0,1.0,Air China,3,0.3333333333333333,LGA-IAH,3,0.3333333333333333,3243.904439778404,862.0880264969737,0.0,3,189.0,129.742051779676,0,0.0,0.0,0.0,0.0,567.0,2.0,1.0,1.0,0.0,Fairmont,3,0.3333333333333333,False,True,False,False,True,False,False,True,2270.66,0.0,4,3,5,4.1,1976.3852906524396,5,5448.331429865629,False,567.8866666666667
1228,513625,1995-09-25,27.0,F,False,True,usa,kansas city,MCI,39.297,-94.714,2023-01-06,203,8,24.75,0.375,912.5975595,1.1428571428571428,24.0,27.0,157.0,306.0,2,1,0.5,1,0.5,2,2,1.0,1090.04,0.0,0.05,54.502,54.502,1035.538,2,1.0,2.6666666666666665,1.414213562373095,1.0,0.0,Air Transat,2,0.5,MCI-YQB,2,0.5,1702.2506826193196,252.761590664946,0.0,1,110.0,0.0,0,0.0,0.0,0.0,0.0,110.0,2.0,0.0,4.0,0.0,Radisson,1,1.0,False,False,False,False,False,False,True,True,1145.538,54.502,4,2,3,3.15,1495.6165518506168,4,4122.9889258004805,False,408.765
1230,513628,1983-11-09,39.0,F,True,False,usa,fresno,FAT,36.776,-119.718,2023-01-06,203,8,17.75,0.375,130.5,1.3333333333333333,31.0,31.0,6.666666666666667,0.0,3,3,1.0,0,0.0,3,3,1.0,424.99333333333334,309.23053428362,0.0,0.0,0.0,1274.98,0,0.0,1.0,0.0,1.0,0.0,American Airlines,3,0.3333333333333333,FAT-DAL,3,0.3333333333333333,2282.9811501694235,1608.8019450559461,0.0,3,194.66666666666666,63.2877028602977,0,0.0,0.0,0.0,0.0,584.0,3.0,1.7320508075688772,1.0,0.0,Accor,3,0.3333333333333333,False,True,False,False,True,False,False,True,1858.98,0.0,3,3,4,3.35,1618.0585061687227,4,4460.526525984342,False,424.99333333333334
1234,513683,1970-10-02,52.0,M,True,False,usa,fort worth,FTW,32.82,-97.362,2023-01-06,203,8,21.625,0.5,161.25,1.3333333333333333,41.0,133.0,8.5,0.0,4,3,0.75,0,0.0,3,3,1.0,276.79,198.504817825664,0.1,46.498,46.498,783.872,1,0.3333333333333333,1.0,0.0,1.3333333333333333,0.5773502691896257,Air Transat,3,0.3333333333333333,FTW-HOU,3,0.3333333333333333,1502.6055542640158,1022.897174081267,0.0,4,134.0,72.76904103623555,1,0.25,0.2,12.2,12.2,523.8,4.5,4.041451884327381,1.0,0.0,Aman Resorts,4,0.25,False,True,False,False,False,False,False,False,1307.672,58.698,2,4,3,2.8499999999999996,853.6495025008336,2,2353.2685840973263,True,276.79
1244,513807,1979-08-18,43.0,F,True,True,usa,chicago,UGN,42.422,-87.868,2023-01-06,203,8,41.375,0.5,1022.375,1.1428571428571428,13.0,85.0,61.333333333333336,97.0,3,2,0.6666666666666666,1,0.3333333333333333,3,2,0.6666666666666666,512.42,596.260722167744,0.0,0.0,0.0,1024.84,1,0.3333333333333333,3.25,2.0816659994661326,2.3333333333333335,1.5275252316519468,Ryanair,3,0.3333333333333333,UGN-YHU,3,0.3333333333333333,1891.537406980609,975.404081739274,0.0,2,179.0,82.02438661763951,0,0.0,0.0,0.0,0.0,358.0,2.0,0.0,1.5,0.7071067811865476,Aman Resorts,2,0.5,False,False,False,False,True,False,False,True,1382.84,0.0,5,3,3,3.8,1203.6256574413692,3,3318.053180342009,False,157.6676923076923
1252,513875,1989-07-20,34.0,F,True,True,usa,orlando,MCO,28.429,-81.316,2023-01-06,203,8,39.25,0.625,1005.875,1.1428571428571428,18.0,123.0,54.25,91.0,4,2,0.5,1,0.25,3,3,1.0,1469.075,1705.180931763547,0.0,0.0,0.0,2938.15,1,0.3333333333333333,1.75,1.7320508075688772,1.0,1.0,JetBlue Airways,1,1.0,MCO-JFK,3,0.3333333333333333,2538.7371506855357,1291.1107262171927,0.0,3,184.33333333333334,126.199577389678,0,0.0,0.0,0.0,0.0,553.0,4.333333333333333,2.516611478423583,2.0,1.7320508075688772,Banyan Tree,3,0.3333333333333333,False,False,False,False,True,False,False,True,3491.15,0.0,4,4,5,4.35,2279.0259794931644,5,6282.625625823128,True,839.4714285714286
1262,514003,1986-10-01,36.0,F,True,False,usa,chicago,MDW,41.786,-87.752,2023-01-06,203,8,20.25,0.375,150.375,2.0,106.0,106.0,9.333333333333334,0.0,3,3,1.0,0,0.0,3,3,1.0,254.74333333333334,239.604805113197,0.0,0.0,0.0,764.23,0,0.0,1.0,0.0,1.3333333333333333,0.5773502691896257,AeroMéxico,3,0.3333333333333333,MDW-IND,3,0.3333333333333333,1415.598650543225,1292.3945725537549,0.0,3,356.6666666666667,363.35152859639,0,0.0,0.0,0.0,0.0,1070.0,3.3333333333333335,0.5773502691896257,1.0,0.0,Four Seasons,3,0.3333333333333333,False,True,False,False,True,False,False,True,1834.23,0.0,1,3,4,2.55,1596.5160753584528,4,4401.14017889179,True,254.74333333333334
1273,514206,1988-08-20,34.0,F,True,False,usa,austin,AUS,30.194,-97.67,2023-01-06,203,8,14.5,0.375,108.5,1.1428571428571428,9.0,90.0,7.666666666666667,0.0,3,2,0.6666666666666666,0,0.0,3,3,1.0,343.24333333333334,172.987851981962,0.1,28.338,56.676,973.054,2,0.6666666666666666,1.6666666666666667,1.1547005383792515,1.6666666666666667,1.1547005383792515,American Airlines,2,0.6666666666666666,AUS-JFK,2,0.6666666666666666,1728.1532609240448,1242.4863348509396,0.0,2,350.5,269.407683632075,0,0.0,0.0,0.0,0.0,701.0,4.0,1.414213562373095,1.0,0.0,NH Hotel,2,0.5,False,True,False,False,False,False,False,True,1674.054,56.676,5,3,4,4.15,1457.098685561854,4,4016.8061371989975,False,205.946
1283,514318,1971-07-27,52.0,F,True,True,usa,seattle,SEA,47.449,-122.309,2023-01-06,203,8,17.375,0.5,128.375,1.1428571428571428,25.0,25.0,8.25,0.0,4,2,0.5,0,0.0,2,2,1.0,522.375,298.490985542277,0.3,220.032,220.032,824.718,1,0.5,1.0,0.0,1.0,0.0,American Airlines,2,0.5,SEA-BOS,2,0.5,2850.4976846473064,1633.4746621818836,0.0,4,229.0,98.58329811213797,1,0.25,0.05,12.5,12.5,903.5,3.5,1.7320508075688772,1.0,0.0,Choice Hotels,4,0.25,False,True,False,False,False,False,False,False,1728.218,232.532,4,4,4,4.0,1128.1823239413138,3,3110.077393927157,False,522.375
1285,514337,1977-06-25,46.0,F,False,False,usa,chicago,ORD,41.979,-87.904,2023-01-06,203,9,13.88888888888889,0.4444444444444444,104.55555555555556,1.8,62.0,76.0,7.0,0.0,4,2,0.5,0,0.0,2,2,1.0,355.005,173.333085272258,0.05,11.622,11.622,698.388,1,0.5,1.0,0.0,1.0,0.0,Delta Air Lines,1,1.0,ORD-JFK,2,0.5,1762.4840121615969,812.7843850589479,0.0,4,215.75,166.27562459162,2,0.5,0.1,31.25,62.5,800.5,6.5,3.3166247903554,1.25,0.5,Hilton,3,0.5,False,True,False,False,False,False,False,False,1498.888,74.122,2,4,3,2.8499999999999996,978.4754858286094,2,2697.3782733594303,False,355.005
1286,514342,1981-11-02,41.0,F,False,False,usa,baltimore,BWI,39.175,-76.668,2023-01-06,203,8,15.125,0.5,113.0,1.6,58.0,58.0,9.0,0.0,4,2,0.5,0,0.0,4,4,1.0,390.3775,226.821993256827,0.0,0.0,0.0,1561.51,0,0.0,1.5,1.0,1.0,0.0,AirTran Airways,3,0.5,BWI-CLT,4,0.25,1910.7382990156552,1566.0775039643104,0.0,2,351.0,387.494516090228,0,0.0,0.0,0.0,0.0,702.0,5.0,1.414213562373095,2.0,1.414213562373095,Accor,2,0.5,False,True,False,False,True,False,False,True,2263.51,0.0,2,4,5,3.55,1477.6214413137714,4,4073.381530529169,False,260.25166666666667
1296,514515,1985-05-23,38.0,F,False,False,canada,vancouver,YVR,49.195,-123.182,2023-01-06,203,8,15.375,0.375,114.5,1.1428571428571428,21.0,21.0,6.666666666666667,0.0,3,2,0.6666666666666666,0,0.0,3,3,1.0,751.65,382.126650863297,0.0,0.0,0.0,2254.95,0,0.0,1.6666666666666667,0.5773502691896257,1.0,0.0,Air North Charter - Canada,3,0.3333333333333333,YVR-DTW,3,0.3333333333333333,2678.552970987564,1192.715391584918,0.0,2,311.5,334.461507501237,0,0.0,0.0,0.0,0.0,623.0,1.5,0.7071067811865476,2.0,0.0,Conrad,2,0.5,False,True,False,False,True,False,False,True,2877.95,0.0,4,3,5,4.1,2504.971262643103,5,6905.492428889303,False,450.98999999999995
1304,514638,1984-02-11,39.0,F,True,True,usa,montgomery,MXF,32.379,-86.362,2023-01-06,203,8,15.75,0.5,117.0,1.6,63.0,63.0,8.75,0.0,4,3,0.75,0,0.0,3,3,1.0,910.5566666666666,375.697532242805,0.15,111.7575,223.515,2508.155,2,0.6666666666666666,2.0,1.0,1.0,0.0,Air Canada,3,0.3333333333333333,MXF-FAT,3,0.3333333333333333,2698.6098539660734,865.8315270398539,0.0,4,61.75,30.346608816582236,0,0.0,0.0,0.0,0.0,247.0,6.75,4.573474244670748,2.0,0.816496580927726,NH Hotel,3,0.5,False,True,False,False,False,False,False,True,2755.155,223.515,2,4,5,3.55,1798.5677563354452,5,4958.139124963041,False,455.2783333333333
1315,514830,1970-07-01,53.0,F,False,False,usa,los angeles,LAX,33.942,-118.408,2023-01-07,202,9,11.777777777777779,0.2222222222222222,88.66666666666667,1.8,82.0,82.0,9.5,0.0,2,1,0.5,0,0.0,2,2,1.0,389.06,397.450579569335,0.0,0.0,0.0,778.12,0,0.0,1.0,0.0,1.0,0.0,Air Canada,2,0.5,LAX-JFK,2,0.5,2266.5402785736246,2415.009458063208,0.0,1,307.0,0.0,0,0.0,0.0,0.0,0.0,307.0,4.0,0.0,1.0,0.0,Hyatt,1,1.0,False,True,False,False,True,False,True,True,1085.12,0.0,1,2,3,1.9499999999999997,1416.734698232744,4,3905.5341186103096,False,389.06
1325,514951,1986-03-06,37.0,F,False,True,usa,austin,AUS,30.194,-97.67,2023-01-07,202,8,14.875,0.25,110.875,1.1428571428571428,18.0,18.0,101.5,0.0,2,1,0.5,0,0.0,2,2,1.0,2028.76,2465.879335896223,0.0,0.0,0.0,4057.52,0,0.0,1.5,0.7071067811865476,1.0,0.0,Aegean Airlines,2,0.5,AUS-HER,2,0.5,6062.214603398489,6405.6307722438505,0.5,1,105.0,0.0,0,0.0,0.0,0.0,0.0,105.0,5.0,0.0,1.0,0.0,Accor,1,1.0,False,True,False,False,True,False,True,True,4162.52,0.0,4,2,5,3.85,5434.59388462821,5,14981.627727253936,False,1352.5066666666667
1331,515020,2003-02-08,20.0,F,False,False,usa,san francisco,SFO,37.619,-122.375,2023-01-07,202,8,21.75,0.375,163.125,1.3333333333333333,32.0,32.0,12.0,0.0,3,2,0.6666666666666666,0,0.0,2,2,1.0,354.6,489.445171801704,0.0,0.0,0.0,709.2,0,0.0,1.0,0.0,1.0,0.0,All Nippon Airways,2,0.5,SFO-IAD,2,0.5,1984.820948014995,2738.1851059310297,0.0,3,122.66666666666667,77.36493607140986,0,0.0,0.0,0.0,0.0,368.0,5.333333333333333,4.932882862316247,1.0,0.0,Accor,3,0.3333333333333333,False,True,False,False,True,False,False,True,1077.2,0.0,3,3,3,3.0,937.596220962543,2,2584.6857813372567,False,354.6
1333,515051,1977-09-21,45.0,F,True,False,canada,calgary,YYC,51.114,-114.02,2023-01-07,202,9,24.666666666666668,0.5555555555555556,181.88888888888889,1.5,28.0,28.0,7.0,0.0,5,5,1.0,0,0.0,5,5,1.0,504.984,21.957669047510485,0.0,0.0,0.0,2524.92,0,0.0,1.0,0.0,1.2,0.4472135954999579,Air Canada,5,0.2,YYC-BNA,5,0.2,2833.18669076558,236.6260652211005,0.0,5,144.2,122.369113750162,1,0.2,0.1,35.6,35.6,685.4,6.4,2.3021728866442674,1.0,0.0,Best Western,5,0.2,False,True,False,False,True,False,False,False,3210.32,35.6,3,5,5,4.2,1676.5599146382128,4,4621.798249652408,False,504.984
1335,515060,1974-10-11,48.0,F,False,False,usa,chicago,ORD,41.979,-87.904,2023-01-07,202,9,12.88888888888889,0.2222222222222222,95.88888888888889,1.5,47.0,187.0,9.0,0.0,2,2,1.0,0,0.0,2,2,1.0,104.63,43.44464063610148,0.0,0.0,0.0,209.26,0,0.0,1.0,0.0,1.0,0.0,Delta Air Lines,2,0.5,ORD-CMH,2,0.5,600.0607711641785,177.2164606758486,0.0,2,182.5,159.099025766973,0,0.0,0.0,0.0,0.0,365.0,4.0,2.8284271247461903,1.0,0.0,Conrad,2,0.5,False,True,False,False,True,False,False,True,574.26,0.0,2,2,1,1.65,749.7549283094364,2,2066.8608291738765,True,104.63
1337,515103,1972-08-11,50.0,F,True,True,usa,chicago,MDW,41.786,-87.752,2023-01-07,202,8,17.375,0.375,130.625,2.0,95.0,95.0,8.0,0.0,3,3,1.0,0,0.0,3,3,1.0,217.15333333333334,239.988974816206,0.0,0.0,0.0,651.46,0,0.0,1.0,0.0,1.0,0.0,Delta Air Lines,3,0.3333333333333333,MDW-MEM,3,0.3333333333333333,1228.0264180087877,1382.1560747157293,0.0,3,201.33333333333334,57.500724633115134,2,0.6666666666666666,0.05,8.5,17.0,587.0,3.3333333333333335,1.1547005383792515,1.0,0.0,Conrad,3,0.3333333333333333,False,True,False,False,True,False,False,False,1238.46,17.0,1,3,3,2.1999999999999997,1077.9571257085695,3,2971.620825060285,True,217.15333333333334
1341,515161,1976-02-18,47.0,F,True,True,usa,santa ana,SNA,33.676,-117.868,2023-01-07,202,8,20.125,0.375,150.0,1.6,86.0,109.0,11.666666666666666,0.0,3,2,0.6666666666666666,0,0.0,2,2,1.0,271.78,370.905791003592,0.25,2.3775,2.3775,541.1825,1,0.5,1.0,0.0,1.0,1.414213562373095,Ryanair,2,0.5,SNA-LSQ,2,0.5,1419.4687726419666,1925.4077497248572,0.0,3,107.0,25.059928172283335,1,0.3333333333333333,0.15,19.95,19.95,301.05,5.0,2.0,1.3333333333333333,0.5773502691896257,Accor,3,0.3333333333333333,False,True,False,False,False,False,False,False,842.2325,22.3275,1,3,2,1.8499999999999999,733.0802164610426,1,2020.8933970758737,True,271.78
1357,515398,1983-08-16,39.0,F,True,True,usa,new york,LGA,40.777,-73.872,2023-01-07,202,8,13.875,0.375,103.125,2.0,91.0,91.0,6.0,0.0,3,2,0.6666666666666666,0,0.0,3,3,1.0,778.5866666666667,806.816667548045,0.05,31.2665,31.2665,2304.4935,1,0.3333333333333333,1.3333333333333333,0.5773502691896257,1.3333333333333333,1.5275252316519468,United Airlines,2,0.6666666666666666,LGA-IAD,3,0.3333333333333333,2744.6164125328614,2078.4342076487546,0.0,2,85.5,4.949747468305833,1,0.5,0.1,8.2,8.2,162.8,2.0,0.0,1.0,0.0,InterContinental,2,0.5,False,True,False,False,False,False,False,False,2467.2935,39.4665,1,3,5,2.9,2147.5353338335003,5,5920.1433604120275,True,583.94
1358,515409,1979-04-09,44.0,F,True,True,usa,new york,JFK,40.64,-73.779,2023-01-07,202,8,20.875,0.375,155.625,1.6,74.0,154.0,5.333333333333333,0.0,3,3,1.0,0,0.0,3,3,1.0,577.34,580.255148447646,0.1,124.626,124.626,1607.394,1,0.3333333333333333,1.6666666666666667,0.5773502691896257,1.0,0.0,Delta Air Lines,2,0.6666666666666666,JFK-PHX,3,0.3333333333333333,1817.3251231926179,1456.5960135468542,0.0,3,140.0,15.394804318340652,0,0.0,0.0,0.0,0.0,420.0,2.3333333333333335,0.5773502691896257,1.6666666666666667,0.5773502691896257,Banyan Tree,3,0.3333333333333333,False,True,False,False,False,False,False,True,2027.394,124.626,1,3,4,2.55,1764.6462614204734,5,4864.627223327578,True,346.404
1368,515529,1980-05-01,43.0,F,True,True,usa,richmond,RIC,37.505,-77.319,2023-01-07,202,8,11.625,0.25,87.0,1.1428571428571428,11.0,42.0,5.0,0.0,2,1,0.5,0,0.0,2,2,1.0,395.755,382.113433485398,0.25,31.39,31.39,760.12,1,0.5,1.0,0.0,1.0,0.0,Delta Air Lines,2,0.5,RIC-SFO,2,0.5,2329.814031340651,2265.807386792696,0.0,1,119.0,0.0,0,0.0,0.0,0.0,0.0,119.0,1.0,0.0,1.0,0.0,NH Hotel,1,1.0,False,True,False,False,False,False,True,True,879.12,31.39,5,2,2,3.2,1147.7807135711903,3,3164.104573091175,False,395.755
1374,515610,1991-01-10,32.0,M,True,True,canada,vancouver,YVR,49.195,-123.182,2023-01-07,202,8,36.25,0.5,985.0,2.0,114.0,125.0,59.333333333333336,158.0,3,1,0.3333333333333333,1,0.3333333333333333,3,3,1.0,1622.33,1650.033673898809,0.1,278.908,278.908,2965.752,2,0.6666666666666666,2.75,1.5275252316519468,1.0,1.0,TAP Portugal,3,0.3333333333333333,YVR-LIS,3,0.3333333333333333,3308.719254487585,2965.266183850802,0.0,1,88.0,0.0,0,0.0,0.0,0.0,0.0,88.0,4.0,0.0,1.0,0.0,Aman Resorts,1,1.0,False,False,False,False,False,False,True,True,3053.752,278.908,1,3,5,2.9,2657.989542291875,5,7327.320250770711,True,589.9381818181818
1377,515645,1987-11-09,35.0,F,True,False,usa,new york,LGA,40.777,-73.872,2023-01-07,202,8,12.0,0.375,90.125,1.3333333333333333,42.0,42.0,6.666666666666667,0.0,3,1,0.3333333333333333,0,0.0,2,1,0.5,120.785,82.14459477044123,0.0,0.0,0.0,241.57,0,0.0,1.0,0.0,1.0,0.0,JetBlue Airways,2,0.5,LGA-DCA,2,0.5,1206.8502379890488,1219.168153713847,0.0,2,410.5,43.1335136523794,0,0.0,0.0,0.0,0.0,821.0,8.5,9.192388155425117,1.5,0.7071067811865476,Best Western,2,0.5,False,True,False,False,True,False,False,True,1062.57,0.0,2,3,3,2.5999999999999996,924.86225075025,2,2549.5818517225484,False,120.785
1381,515688,1976-11-07,46.0,F,True,True,usa,akron,AKR,41.038,-81.467,2023-01-07,202,8,20.0,0.5,150.5,1.6,59.0,116.0,8.5,0.0,4,4,1.0,0,0.0,4,4,1.0,215.51,181.958079970818,0.0,0.0,0.0,862.04,0,0.0,1.25,0.5,1.25,0.5,Delta Air Lines,3,0.5,AKR-JFK,4,0.25,1248.3710460495795,1387.512016559967,0.0,4,147.75,44.89524844939978,0,0.0,0.0,0.0,0.0,591.0,3.25,0.9574271077563381,1.25,0.5,Conrad,4,0.25,False,True,False,False,True,False,False,True,1453.04,0.0,2,4,3,2.8499999999999996,948.5458686228742,2,2614.8708417988446,True,172.408
1387,515751,1981-07-09,42.0,F,True,True,usa,new york,JFK,40.64,-73.779,2023-01-07,202,7,19.142857142857142,0.2857142857142857,141.71428571428572,1.1666666666666667,56.0,56.0,7.0,0.0,2,2,1.0,0,0.0,2,2,1.0,750.04,873.743565240969,0.0,0.0,0.0,1500.08,0,0.0,1.5,0.7071067811865476,1.0,0.0,Allegiant Air,2,0.5,JFK-LAX,2,0.5,2374.878675312091,2261.7958280699113,0.0,2,205.0,103.23759005323593,0,0.0,0.0,0.0,0.0,410.0,4.5,4.949747468305833,1.5,0.7071067811865476,Fairmont,2,0.5,False,True,False,False,True,False,False,True,1910.08,0.0,2,2,4,2.7,2493.804014671557,5,6874.707506335872,False,500.02666666666664
1414,516092,1986-02-09,37.0,M,True,False,usa,indianapolis,IND,39.717,-86.294,2023-01-07,202,9,19.0,0.4444444444444444,140.88888888888889,1.8,77.0,77.0,8.25,0.0,4,3,0.75,0,0.0,4,4,1.0,316.855,234.12224933426,0.0,0.0,0.0,1267.42,0,0.0,1.25,0.5,1.0,1.1547005383792515,AirTran Airways,2,0.5,IND-CMH,4,0.25,1381.294328777832,1100.9379606833027,0.0,3,174.66666666666666,103.56318522203405,1,0.3333333333333333,0.1,13.6,13.6,510.4,2.3333333333333335,0.5773502691896257,1.0,0.0,Conrad,3,0.3333333333333333,False,True,False,False,True,False,False,False,1777.82,13.6,1,4,4,2.8,1160.5625558519505,3,3199.340472366089,False,253.484
1424,516177,1973-06-26,50.0,F,False,False,usa,philadelphia,PNE,40.082,-75.011,2023-01-07,202,8,19.25,0.375,142.875,1.3333333333333333,49.0,49.0,6.666666666666667,0.0,3,3,1.0,0,0.0,3,3,1.0,452.94,382.93480554789,0.0,0.0,0.0,1358.82,0,0.0,1.0,0.0,1.0,0.0,AeroMéxico,3,0.3333333333333333,PNE-FAT,3,0.3333333333333333,2457.3343630382096,2037.7867147293443,0.0,3,89.66666666666667,74.33258594542056,0,0.0,0.0,0.0,0.0,269.0,4.666666666666667,4.618802153517006,1.0,0.0,Accor,3,0.3333333333333333,False,True,False,False,True,False,False,True,1627.82,0.0,2,3,4,2.95,1416.8565544070245,4,3905.870041381743,False,452.94
1434,516282,1981-04-08,42.0,F,True,False,canada,victoria,YYJ,48.647,-123.426,2023-01-07,202,8,12.5,0.25,92.125,1.1428571428571428,7.0,171.0,8.0,0.0,2,2,1.0,0,0.0,2,2,1.0,501.225,198.449518140005,0.0,0.0,0.0,1002.45,0,0.0,1.0,0.0,1.5,0.7071067811865476,Ryanair,2,0.5,YYJ-NZY,2,0.5,2790.9012663667,1334.1710495167179,0.0,2,164.0,32.526911934581186,0,0.0,0.0,0.0,0.0,328.0,2.0,0.0,1.0,0.0,Hilton,2,0.5,False,True,False,False,True,False,False,True,1330.45,0.0,5,2,3,3.55,1737.0380043347782,5,4788.519120562783,True,501.225
1435,516283,1999-10-13,23.0,M,True,True,usa,phoenix,PHX,33.434,-112.008,2023-01-07,202,9,33.22222222222222,0.3333333333333333,881.5555555555555,1.8,85.0,93.0,88.0,160.0,2,2,1.0,1,0.5,2,2,1.0,271.77,0.0,0.25,67.9425,67.9425,203.8275,2,1.0,5.666666666666667,4.949747468305833,4.5,4.949747468305833,All Nippon Airways,2,0.5,PHX-NRT,2,0.5,1650.6704199838907,5379.966128711314,0.0,2,171.0,0.0,1,0.5,0.15,0.0,0.0,171.0,7.5,9.192388155425117,2.5,2.1213203435596424,Hyatt,2,0.5,False,False,False,False,False,False,False,True,374.8275,67.9425,1,2,1,1.25,489.3754839113037,1,1349.0688493838525,True,47.95941176470588
1453,516561,1975-10-04,47.0,F,True,False,usa,dallas,DAL,32.847,-96.852,2023-01-07,202,9,12.555555555555555,0.2222222222222222,93.11111111111111,1.2857142857142858,18.0,147.0,7.0,0.0,2,2,1.0,0,0.0,2,0,0.0,194.445,29.564134521409553,0.25,53.8375,53.8375,335.0525,1,0.5,1.0,0.0,1.0,0.0,AirTran Airways,2,0.5,DAL-LGA,2,0.5,2061.7171395883797,227.35894145744155,0.0,2,158.0,130.107647738325,0,0.0,0.0,0.0,0.0,316.0,2.5,0.7071067811865476,1.0,0.0,Choice Hotels,2,0.5,False,True,False,False,False,False,False,True,651.0525,53.8375,4,2,2,2.8,850.0153597032344,2,2343.2502873014405,True,194.445
1456,516579,1995-04-09,28.0,F,False,False,usa,stockton,SCK,37.894,-121.239,2023-01-07,202,8,16.0,0.5,119.625,1.3333333333333333,55.0,55.0,8.25,0.0,4,2,0.5,0,0.0,2,2,1.0,364.96,488.073384646203,0.0,0.0,0.0,729.92,0,0.0,1.0,0.0,1.0,0.0,American Airlines,2,0.5,SCK-PNE,2,0.5,2023.8890112569316,2714.504055313449,0.0,4,194.5,111.027023737467,0,0.0,0.0,0.0,0.0,778.0,8.0,8.981462390204987,1.25,0.5,Shangri-La,3,0.5,False,True,False,False,True,False,False,True,1507.92,0.0,2,4,3,2.8499999999999996,984.3715838612871,2,2713.6321366000348,False,364.96
1464,516639,1970-10-03,52.0,F,True,True,usa,phoenix,PHX,33.434,-112.008,2023-01-07,202,8,20.25,0.625,151.0,1.6,59.0,59.0,6.8,0.0,5,2,0.4,0,0.0,5,5,1.0,440.402,218.453392214449,0.15,101.25,101.25,2100.76,1,0.2,1.0,0.0,1.0,0.7071067811865476,American Airlines,5,0.2,PHX-LOU,4,0.4,2472.1402960203554,1169.6234828738336,0.0,2,109.0,4.242640687119285,0,0.0,0.0,0.0,0.0,218.0,4.5,2.1213203435596424,1.0,0.0,Crowne Plaza,2,0.5,False,True,False,False,False,False,False,True,2318.76,101.25,2,5,5,3.8,1210.9509543181061,3,3338.2469378018445,False,440.402
1465,516647,1980-10-17,42.0,F,True,False,usa,san antonio,RND,29.529,-98.279,2023-01-07,202,8,17.375,0.5,129.375,1.1428571428571428,25.0,25.0,9.25,0.0,4,3,0.75,0,0.0,4,4,1.0,305.0525,197.844158935764,0.1,1.801,1.801,1218.409,1,0.25,1.0,0.0,1.0,1.414213562373095,Air Transat,4,0.25,RND-AUS,4,0.25,1812.0763360136236,1195.3605265190329,0.0,3,175.0,54.56189146281496,0,0.0,0.0,0.0,0.0,525.0,4.333333333333333,4.041451884327381,1.0,0.0,Aman Resorts,2,0.6666666666666666,False,True,False,False,False,False,False,True,1743.409,1.801,4,4,4,4.0,1138.0990229243082,3,3137.4149090387623,False,305.0525
1489,516972,1980-12-22,42.0,F,True,True,usa,new york,JFK,40.64,-73.779,2023-01-08,201,8,15.125,0.25,112.75,1.3333333333333333,45.0,162.0,10.0,0.0,2,2,1.0,0,0.0,2,2,1.0,409.025,433.223111629562,0.1,71.536,71.536,746.514,1,0.5,1.0,0.0,1.0,0.0,American Airlines,2,0.5,JFK-LSQ,2,0.5,2258.6510905323034,2426.166454787356,0.0,2,180.5,130.814754519511,1,0.5,0.1,27.3,27.3,333.7,3.5,2.1213203435596424,1.0,0.0,Aman Resorts,2,0.5,False,True,False,False,False,False,False,False,1080.214,98.836,2,2,3,2.3499999999999996,1410.3294154718237,4,3887.876578074791,True,409.025
1491,517061,1969-12-09,53.0,F,True,True,usa,jacksonville,NIP,30.236,-81.681,2023-01-08,201,10,16.0,0.6,120.5,1.6666666666666667,38.0,38.0,8.166666666666666,0.0,6,4,0.6666666666666666,0,0.0,4,3,0.75,344.555,113.663833151388,0.05,16.7475,16.7475,1361.4725,1,0.25,1.25,0.5,1.0,0.0,Delta Air Lines,4,0.25,NIP-AUS,4,0.25,1890.7223805780623,699.6005694696323,0.0,6,221.0,118.055918953689,0,0.0,0.0,0.0,0.0,1326.0,4.333333333333333,2.875181153713043,1.1666666666666667,0.408248290463863,Choice Hotels,6,0.16666666666666666,False,True,False,False,False,False,False,True,2687.4725,16.7475,3,5,5,4.2,1169.5897047626986,3,3224.225751246236,False,275.644
1509,517370,1983-02-15,40.0,F,True,False,usa,new york,LGA,40.777,-73.872,2023-01-08,201,8,11.125,0.375,83.0,1.1428571428571428,17.0,17.0,7.333333333333333,0.0,3,2,0.6666666666666666,0,0.0,2,2,1.0,402.865,494.599980236554,0.0,0.0,0.0,805.73,0,0.0,1.0,0.0,1.5,0.7071067811865476,Air Canada,2,0.5,LGA-BWI,2,0.5,2106.5617981513255,2558.467756149479,0.0,3,141.0,22.60530911091463,0,0.0,0.0,0.0,0.0,423.0,4.666666666666667,3.7859388972001824,1.0,0.0,Accor,3,0.3333333333333333,False,True,False,False,True,False,False,True,1228.73,0.0,4,3,3,3.4,1069.4881215960875,3,2948.2741924457177,False,402.865
1530,517653,1970-09-05,52.0,F,True,True,usa,phoenix,LUF,33.535,-112.383,2023-01-08,201,8,18.125,0.25,134.125,2.0,109.0,109.0,8.5,0.0,2,2,1.0,0,0.0,2,2,1.0,289.8,150.21776459527,0.05,19.801,19.801,559.799,1,0.5,1.0,0.0,1.0,0.0,Air Canada,2,0.5,LUF-SFO,2,0.5,1484.8831900299938,670.7790769661083,0.0,2,72.5,14.849242404917497,1,0.5,0.05,4.15,4.15,140.85,2.0,1.414213562373095,1.0,0.0,Banyan Tree,2,0.5,False,True,False,False,False,False,False,False,700.649,23.951,1,2,2,1.6,914.768642714238,2,2521.7566487302743,True,289.8
1531,517674,1993-07-06,30.0,F,False,False,usa,los angeles,LAX,33.942,-118.408,2023-01-08,201,8,16.625,0.25,125.375,1.6,65.0,65.0,7.5,0.0,2,1,0.5,0,0.0,2,2,1.0,890.215,1213.006327786463,0.0,0.0,0.0,1780.43,0,0.0,2.0,1.414213562373095,2.0,2.8284271247461903,American Airlines,2,0.5,LAX-SAN,2,0.5,1846.8524118827006,2361.2859570929286,0.0,1,524.0,0.0,0,0.0,0.0,0.0,0.0,524.0,4.0,0.0,3.0,0.0,Radisson,1,1.0,False,True,False,False,True,False,True,True,2304.43,0.0,1,2,5,2.65,3008.668111037012,5,8294.041201847866,False,445.1075
1532,517675,1994-05-10,29.0,F,True,False,canada,toronto,YTZ,43.627,-79.396,2023-01-08,201,8,17.25,0.5,128.0,1.1428571428571428,21.0,108.0,7.5,0.0,4,4,1.0,0,0.0,4,4,1.0,275.7775,229.945608840439,0.2,22.15,22.15,1080.96,1,0.25,1.5,1.0,1.0,0.816496580927726,Delta Air Lines,3,0.5,YTZ-LGA,2,0.75,1305.3932093566004,1471.3010670096262,0.0,4,137.75,22.779742462694056,1,0.25,0.1,15.2,15.2,535.8,4.5,0.5773502691896257,1.5,1.0,Aman Resorts,4,0.25,False,True,False,False,False,False,False,False,1616.76,37.35,4,4,4,4.0,1055.4224374791597,2,2909.4991068289246,True,183.85166666666666
1535,517715,1942-02-06,81.0,M,True,False,usa,chicago,MDW,41.786,-87.752,2023-01-08,201,8,20.375,0.25,152.375,1.3333333333333333,40.0,95.0,8.0,0.0,2,2,1.0,0,0.0,2,2,1.0,225.18,76.19782674066236,0.0,0.0,0.0,450.36,0,0.0,1.0,0.0,1.0,0.0,Air Transat,2,0.5,MDW-CLT,2,0.5,1176.1408586041707,333.7670450544771,0.0,2,326.0,212.132034355964,0,0.0,0.0,0.0,0.0,652.0,6.5,0.7071067811865476,1.0,0.0,Marriott,2,0.5,False,True,False,False,True,False,False,True,1102.36,0.0,3,2,3,2.75,1439.243274424808,4,3967.583853390649,True,225.18
1541,517776,1964-02-03,59.0,F,True,True,usa,honolulu,HNL,21.316,-157.927,2023-01-08,201,8,17.125,0.375,127.5,1.3333333333333333,28.0,28.0,8.333333333333334,0.0,3,3,1.0,0,0.0,3,3,1.0,1314.6966666666667,42.57390789360701,0.0,0.0,0.0,3944.09,0,0.0,1.0,0.0,1.0,0.0,Allegiant Air,3,0.3333333333333333,HNL-CLT,3,0.3333333333333333,7809.772080168305,258.6204670677147,1.0,3,266.3333333333333,100.00166665277801,0,0.0,0.0,0.0,0.0,799.0,3.0,0.0,1.0,0.0,Shangri-La,2,0.6666666666666666,False,True,False,False,True,False,False,True,4743.09,0.0,3,3,5,3.7,4128.39144048016,5,11380.79955681668,False,1314.6966666666667
1553,517961,1962-06-08,61.0,F,True,True,canada,montreal,YUL,45.468,-73.741,2023-01-08,201,8,35.375,0.5,991.375,1.3333333333333333,30.0,129.0,79.33333333333333,125.0,3,3,1.0,1,0.3333333333333333,3,3,1.0,1092.715,518.910311373748,0.0,0.0,0.0,2185.43,1,0.3333333333333333,2.25,1.0,1.3333333333333333,1.1547005383792515,Air India Limited,3,0.3333333333333333,YUL-AGR,2,0.3333333333333333,3955.4920854149823,4325.404243539712,0.0,3,143.5,154.856385079854,1,0.3333333333333333,0.0,0.0,0.0,287.0,4.666666666666667,4.618802153517006,1.6666666666666667,0.5773502691896257,Aman Resorts,3,0.3333333333333333,False,False,False,False,True,False,False,True,2472.43,0.0,3,3,5,3.7,2152.00614982772,5,5932.468126951052,True,485.65111111111105
1559,518044,1970-01-14,53.0,F,True,True,usa,cincinnati,LUK,39.103,-84.419,2023-01-08,201,9,14.555555555555555,0.4444444444444444,109.11111111111111,1.2857142857142858,18.0,109.0,8.75,0.0,4,1,0.25,0,0.0,2,2,1.0,377.705,285.890342701533,0.0,0.0,0.0,755.41,0,0.0,1.0,0.0,1.0,0.0,American Airlines,2,0.5,LUK-JFK,2,0.5,2091.032988698834,1651.346875027603,0.0,3,107.0,16.462077633154326,0,0.0,0.0,0.0,0.0,321.0,5.666666666666667,5.507570547286102,1.0,0.0,InterContinental,3,0.3333333333333333,False,True,False,False,True,False,False,True,1076.41,0.0,4,4,3,3.65,702.6814529843282,1,1937.0926628452728,True,377.705
1567,518196,1968-01-07,55.0,F,True,True,usa,san jose,SJC,37.362,-121.929,2023-01-08,201,8,12.375,0.375,92.125,1.6,72.0,131.0,8.0,0.0,3,1,0.3333333333333333,0,0.0,2,2,1.0,645.92,140.827386541113,0.0,0.0,0.0,1291.84,0,0.0,1.0,0.0,1.0,0.0,Air France,2,0.5,SJC-JFK,2,0.5,3537.5865645922768,830.4360976037268,0.0,2,245.5,86.97413408594535,1,0.5,0.05,9.2,9.2,481.8,8.0,9.899494936611665,1.5,0.7071067811865476,Four Seasons,2,0.5,False,True,False,False,True,False,False,False,1773.64,9.2,1,3,4,2.55,1543.778463932422,4,4255.757602312488,True,645.92
1584,518480,1979-06-10,44.0,F,True,True,usa,lubbock,LBB,33.664,-101.823,2023-01-08,201,8,16.875,0.5,125.375,1.3333333333333333,44.0,146.0,8.0,0.0,4,3,0.75,0,0.0,3,3,1.0,616.8566666666667,465.983534079621,0.25,99.1925,99.1925,1751.3775,1,0.3333333333333333,1.6666666666666667,1.1547005383792515,1.3333333333333333,0.5773502691896257,Allegiant Air,3,0.3333333333333333,LBB-LCK,3,0.3333333333333333,1996.6297946811626,218.97073841881675,0.0,4,169.25,104.770781550329,1,0.25,0.05,4.9,4.9,672.1,4.5,3.109126351029605,1.75,0.9574271077563381,Accor,3,0.5,False,True,False,False,False,False,False,False,2423.4775,104.0925,2,4,5,3.55,1582.0483746665554,4,4361.256848060315,True,370.114
1585,518495,2000-05-18,23.0,F,False,False,canada,montreal,YMX,45.68,-74.039,2023-01-08,201,8,18.75,0.25,138.875,2.6666666666666665,121.0,144.0,7.5,0.0,2,2,1.0,0,0.0,2,2,1.0,197.6,171.3319730815,0.35,26.7575,26.7575,368.4425,1,0.5,1.0,0.0,1.0,1.414213562373095,Delta Air Lines,2,0.5,YMX-MEM,2,0.5,1127.9672754584885,935.1229289260843,0.0,2,206.0,11.313708498984761,0,0.0,0.0,0.0,0.0,412.0,11.0,9.899494936611665,1.0,0.0,Aman Resorts,2,0.5,False,True,False,False,False,False,False,True,780.4425,26.7575,1,2,2,1.6,1018.9471853117706,2,2808.947223683581,True,197.6
1606,518722,1971-02-23,52.0,F,True,False,usa,tulsa,TUL,36.198,-95.888,2023-01-09,200,8,25.375,0.5,189.625,1.1428571428571428,8.0,8.0,7.0,0.0,4,3,0.75,0,0.0,4,4,1.0,332.935,49.576853133964306,0.0,0.0,0.0,1331.74,0,0.0,1.0,0.0,1.0,0.816496580927726,Delta Air Lines,2,0.75,TUL-BOS,4,0.25,1915.011883740354,333.10978556105636,0.0,3,81.0,9.16515138991168,1,0.3333333333333333,0.05,3.65,3.65,239.35,2.3333333333333335,1.5275252316519468,1.0,0.0,Accor,3,0.3333333333333333,False,True,False,False,True,False,False,False,1571.09,3.65,5,4,4,4.4,1025.609018839613,2,2827.3120016253833,False,332.935
1629,518998,1977-08-05,45.0,F,True,True,usa,st. petersburg,SPG,27.765,-82.627,2023-01-09,200,7,19.142857142857142,0.2857142857142857,143.57142857142858,1.0,22.0,22.0,8.0,0.0,2,2,1.0,0,0.0,2,2,1.0,361.25,107.63579423221627,0.0,0.0,0.0,722.5,0,0.0,1.0,0.0,1.0,0.0,Air Transat,2,0.5,SPG-ORD,2,0.5,1880.8086308402658,358.9705983617936,0.0,2,101.5,38.890872965260115,1,0.5,0.1,12.9,12.9,190.1,3.0,0.0,1.0,0.0,Conrad,2,0.5,False,True,False,False,True,False,False,False,912.6,12.9,4,2,2,2.8,1191.4922640880293,3,3284.60487010079,False,361.25
1633,519089,1990-03-27,33.0,F,False,True,usa,philadelphia,PHL,39.872,-75.241,2023-01-09,200,8,15.75,0.375,117.0,2.0,107.0,107.0,64.33333333333333,0.0,3,2,0.6666666666666666,0,0.0,3,3,1.0,966.9166666666666,836.134236132772,0.1,38.65,38.65,2862.1,1,0.3333333333333333,1.0,0.0,1.0,1.0,Air India Limited,3,0.3333333333333333,PHL-DEL,3,0.3333333333333333,5960.417880184391,5202.278424373185,0.3333333333333333,2,80.0,12.727922061357855,0,0.0,0.0,0.0,0.0,160.0,6.0,5.656854249492381,1.0,0.0,Accor,2,0.5,False,True,False,False,False,False,False,True,3022.1,38.65,1,3,5,2.9,2630.439602089585,5,7251.372911046531,True,966.9166666666666
1639,519140,1968-04-26,55.0,F,True,False,usa,new york,LGA,40.777,-73.872,2023-01-09,200,8,23.375,0.625,175.5,1.3333333333333333,38.0,38.0,9.4,0.0,5,4,0.8,0,0.0,4,4,1.0,158.9275,55.07044117915405,0.0,0.0,0.0,635.71,0,0.0,1.25,0.5,1.0,0.0,American Airlines,3,0.5,LGA-HLZ,4,0.25,760.1436320948015,291.18238007103565,0.0,5,163.6,117.227556487372,0,0.0,0.0,0.0,0.0,818.0,3.0,1.224744871391589,1.2,0.4472135954999579,Best Western,5,0.2,False,True,False,False,True,False,False,True,1453.71,0.0,3,5,3,3.5,759.1865961987329,2,2092.861251682761,False,127.14200000000001
1647,519260,1997-01-02,26.0,F,False,True,usa,los angeles,LAX,33.942,-118.408,2023-01-09,200,8,22.125,0.375,165.0,1.1428571428571428,16.0,16.0,20.333333333333332,0.0,3,2,0.6666666666666666,0,0.0,2,2,1.0,544.345,161.793102603294,0.0,0.0,0.0,1088.69,0,0.0,1.0,0.0,1.0,0.0,Air Canada,2,0.5,LAX-MEM,2,0.5,3210.5471558057607,863.8671519601396,0.0,3,255.66666666666666,119.274193911899,0,0.0,0.0,0.0,0.0,767.0,1.3333333333333333,0.5773502691896257,1.0,0.0,Accor,3,0.3333333333333333,False,True,False,False,True,False,False,True,1855.69,0.0,4,3,4,3.75,1615.1948860731356,4,4452.632340855676,False,544.345
1658,519392,1966-09-09,56.0,F,True,False,usa,fort worth,FTW,32.82,-97.362,2023-01-09,200,8,15.0,0.25,112.75,1.1428571428571428,10.0,181.0,9.5,0.0,2,1,0.5,0,0.0,2,2,1.0,415.625,33.1986633767084,0.1,43.91,43.91,787.34,1,0.5,1.0,0.0,1.0,0.0,Cebu Pacific,2,0.5,FTW-SFO,2,0.5,2305.5145142915317,29.65067562839924,0.0,1,131.0,0.0,0,0.0,0.0,0.0,0.0,131.0,3.0,0.0,1.0,0.0,Choice Hotels,1,1.0,False,True,False,False,False,False,True,True,918.34,43.91,5,2,2,3.2,1198.9864188062688,3,3305.2641205438963,True,415.625
1664,519446,1976-01-05,47.0,F,True,False,usa,los angeles,LAX,33.942,-118.408,2023-01-09,200,8,14.625,0.5,107.25,1.1428571428571428,26.0,26.0,7.5,0.0,4,3,0.75,0,0.0,4,4,1.0,427.745,338.679347908903,0.0,0.0,0.0,1710.98,0,0.0,1.0,0.0,1.25,1.2583057392117916,Air Transat,4,0.25,LAX-BIF,4,0.25,2415.158351229061,1934.6174098962267,0.0,3,169.0,181.876331610246,0,0.0,0.0,0.0,0.0,507.0,6.0,3.0,1.0,0.0,Choice Hotels,3,0.3333333333333333,False,True,False,False,True,False,False,True,2217.98,0.0,4,4,5,4.35,1447.8994148049348,4,3991.446367404202,False,427.745
1666,519515,1972-08-10,50.0,M,True,True,usa,indianapolis,IND,39.717,-86.294,2023-01-09,200,8,13.5,0.5,100.0,1.3333333333333333,31.0,81.0,9.0,0.0,4,2,0.5,0,0.0,3,3,1.0,350.93666666666667,122.979024363236,0.2,90.764,90.764,962.046,1,0.3333333333333333,1.0,0.0,1.3333333333333333,1.5275252316519468,Allegiant Air,3,0.3333333333333333,IND-DAL,3,0.3333333333333333,2019.5627344287434,699.9585693095997,0.0,3,108.0,44.13615298142782,1,0.3333333333333333,0.15,16.8,16.8,307.2,8.666666666666666,7.371114795831994,1.3333333333333333,0.5773502691896257,Best Western,3,0.3333333333333333,False,True,False,False,False,False,False,False,1269.246,107.564,3,4,3,3.25,828.5649738246083,2,2284.1176818737385,False,350.93666666666667
1668,519532,1979-12-13,43.0,F,False,False,canada,quebec,YQB,46.788,-71.398,2023-01-09,200,8,12.75,0.25,94.875,1.1428571428571428,12.0,12.0,7.5,0.0,2,2,1.0,0,0.0,2,2,1.0,552.995,221.501199206686,0.0,0.0,0.0,1105.99,0,0.0,2.0,1.414213562373095,1.5,0.7071067811865476,Delta Air Lines,2,0.5,YQB-JFK,2,0.5,2245.864091205005,2172.307417752859,0.0,2,66.0,22.627416997969522,0,0.0,0.0,0.0,0.0,132.0,2.5,2.1213203435596424,2.0,1.414213562373095,Conrad,2,0.5,False,True,False,False,True,False,False,True,1237.99,0.0,5,2,3,3.55,1616.3220556852284,4,4455.739626491428,False,276.4975
1678,519664,1970-12-09,52.0,F,True,True,usa,riverside,RAL,33.952,-117.445,2023-01-09,200,8,27.5,0.25,203.75,1.6,65.0,126.0,11.0,0.0,2,2,1.0,0,0.0,2,2,1.0,207.995,271.43708009408,0.0,0.0,0.0,415.99,0,0.0,1.0,0.0,1.0,0.0,Air North Charter - Canada,2,0.5,RAL-LSQ,2,0.5,1008.572089040823,1300.703364247622,0.0,2,157.0,49.49747468305833,1,0.5,0.1,19.2,19.2,294.8,6.0,7.0710678118654755,1.0,0.0,Four Seasons,2,0.5,False,True,False,False,True,False,False,False,710.79,19.2,1,2,2,1.6,928.0087512504167,2,2558.2558575706116,True,207.995
1690,519774,1969-08-17,53.0,F,False,True,usa,las vegas,LAS,36.08,-115.152,2023-01-09,200,8,16.5,0.375,122.625,1.6,58.0,132.0,11.0,0.0,3,2,0.6666666666666666,0,0.0,2,2,1.0,330.89,360.539605591397,0.0,0.0,0.0,661.78,0,0.0,1.0,0.0,1.0,0.0,American Airlines,2,0.5,LAS-PNE,2,0.5,1957.6565423960976,2173.318482226282,0.0,3,106.0,54.0277706369604,1,0.3333333333333333,0.2,32.2,32.2,285.8,6.333333333333333,5.507570547286102,1.0,0.0,Fairmont,3,0.3333333333333333,False,True,False,False,True,False,False,False,947.58,32.2,2,3,2,2.25,824.774811603868,2,2273.6692839580005,True,330.89
1698,519888,1984-11-10,38.0,F,False,False,usa,las vegas,LSV,36.236,-115.034,2023-01-09,200,7,21.428571428571427,0.42857142857142855,159.28571428571428,1.0,23.0,23.0,12.666666666666666,0.0,3,2,0.6666666666666666,0,0.0,2,2,1.0,500.57,204.961971594733,0.0,0.0,0.0,1001.14,0,0.0,1.0,0.0,1.0,0.0,Korean Air,2,0.5,LSV-AUS,2,0.5,2669.701080914454,1306.0648546650407,0.0,3,76.0,38.118237105091836,2,0.6666666666666666,0.2,15.625,31.25,196.75,5.333333333333333,2.516611478423583,1.0,0.0,Banyan Tree,3,0.3333333333333333,False,True,False,False,True,False,False,False,1197.89,31.25,4,3,3,3.4,1042.6449472046238,2,2874.2752047958475,False,500.57
1702,519905,1982-09-06,40.0,F,True,False,canada,montreal,YUL,45.468,-73.741,2023-01-09,200,8,13.875,0.25,102.125,1.3333333333333333,40.0,61.0,7.5,0.0,2,2,1.0,0,0.0,2,2,1.0,356.105,361.395204796633,0.0,0.0,0.0,712.21,0,0.0,1.0,0.0,1.0,0.0,Air New Zealand,2,0.5,YUL-HLZ,2,0.5,2042.24786313122,2103.7132032745194,0.0,2,401.0,145.663996924429,0,0.0,0.0,0.0,0.0,802.0,3.5,2.1213203435596424,1.0,0.0,Conrad,1,1.0,False,True,False,False,True,False,False,True,1514.21,0.0,3,2,3,2.75,1976.9554034678226,5,5449.90306854626,False,356.105
1707,519957,1970-05-21,53.0,F,True,False,usa,new york,LGA,40.777,-73.872,2023-01-09,200,8,15.5,0.25,115.625,2.0,103.0,103.0,8.0,0.0,2,2,1.0,0,0.0,2,1,0.5,549.54,232.185582670415,0.05,35.686,35.686,1063.394,1,0.5,1.0,0.0,1.0,1.414213562373095,Alaska Airlines,2,0.5,LGA-FAT,2,0.5,4047.4520750388915,132.37603621783356,0.0,2,125.5,43.1335136523794,0,0.0,0.0,0.0,0.0,251.0,3.0,0.0,1.0,0.0,Marriott,2,0.5,False,True,False,False,False,False,False,True,1314.394,35.686,1,2,3,1.9499999999999997,1716.0752607535844,4,4730.730806082904,True,549.54
1716,520152,1976-10-25,46.0,F,True,True,usa,phoenix,PHX,33.434,-112.008,2023-01-09,200,9,17.555555555555557,0.4444444444444444,130.88888888888889,1.2857142857142858,15.0,110.0,8.5,0.0,4,3,0.75,0,0.0,3,3,1.0,237.94,243.671409073777,0.1,9.904,9.904,703.916,1,0.3333333333333333,1.0,0.0,1.0,1.0,Air Canada,3,0.3333333333333333,PHX-BIF,3,0.3333333333333333,1395.978206269031,1421.8562380485746,0.0,4,184.25,114.141359725561,0,0.0,0.0,0.0,0.0,737.0,4.75,3.5,1.25,0.5,Hilton,4,0.25,False,True,False,False,False,False,False,True,1440.916,9.904,5,4,3,4.05,940.6313101033677,2,2593.052657794296,True,237.94
1722,520193,1974-08-17,48.0,F,False,False,usa,el paso,BIF,31.849,-106.38,2023-01-09,200,8,11.375,0.375,84.5,1.1428571428571428,10.0,99.0,7.666666666666667,0.0,3,3,1.0,0,0.0,3,3,1.0,518.6166666666667,19.22882298356645,0.0,0.0,0.0,1555.85,0,0.0,1.0,0.0,1.0,1.0,Allegiant Air,3,0.3333333333333333,BIF-LGA,3,0.3333333333333333,3007.9624648766026,71.14877717929997,0.0,3,166.33333333333334,60.92892033618627,0,0.0,0.0,0.0,0.0,499.0,3.6666666666666665,2.8867513459481287,1.0,0.0,Accor,2,0.6666666666666666,False,True,False,False,True,False,False,True,2054.85,0.0,5,3,4,4.15,1788.543997999333,5,4930.506477702248,True,518.6166666666667
1730,520291,1987-09-08,35.0,M,True,False,usa,los angeles,LAX,33.942,-118.408,2023-01-09,200,8,24.75,0.375,183.125,1.3333333333333333,29.0,44.0,9.0,0.0,3,3,1.0,0,0.0,3,3,1.0,439.39666666666665,328.632712360369,0.0,0.0,0.0,1318.19,0,0.0,1.0,0.0,1.0,0.0,Frontier Airlines,3,0.3333333333333333,LAX-BOS,3,0.3333333333333333,2521.1787038655457,1834.4241954128963,0.0,3,118.66666666666667,24.37895267096873,1,0.3333333333333333,0.05,6.4,6.4,349.6,7.333333333333333,7.767453465154029,1.0,0.0,Radisson,3,0.3333333333333333,False,True,False,False,True,False,False,False,1667.79,6.4,3,3,4,3.35,1451.6464921640545,4,4001.775992625755,False,439.39666666666665
1733,520311,1975-12-14,47.0,F,True,True,usa,milwaukee,MKE,42.947,-87.896,2023-01-09,200,8,14.5,0.625,107.875,1.1428571428571428,7.0,7.0,6.4,0.0,5,1,0.2,0,0.0,4,4,1.0,232.6825,127.580600765425,0.15,24.4605,24.4605,906.2695,1,0.25,1.25,0.5,1.0,0.816496580927726,American Airlines,3,0.5,MKE-LOU,4,0.25,1158.0553416850253,829.1894707591235,0.0,2,197.5,26.16295090390226,0,0.0,0.0,0.0,0.0,395.0,6.5,7.7781745930520225,1.0,0.0,Accor,2,0.5,False,True,False,False,False,False,False,True,1301.2695,24.4605,5,5,3,4.3,679.5759556185396,1,1873.3973863745873,False,186.14600000000002
1736,520358,1973-10-22,49.0,F,True,False,usa,montgomery,MXF,32.379,-86.362,2023-01-09,200,8,13.375,0.5,99.5,2.0,91.0,143.0,7.25,0.0,4,3,0.75,0,0.0,3,3,1.0,265.6,87.23515289148062,0.0,0.0,0.0,796.8,0,0.0,1.0,0.0,1.0,1.0,Delta Air Lines,3,0.3333333333333333,MXF-IAH,3,0.3333333333333333,1498.692932902617,631.7396517492999,0.0,4,130.25,57.051876977595285,0,0.0,0.0,0.0,0.0,521.0,4.0,1.8257418583505538,1.0,0.0,Four Seasons,4,0.25,False,True,False,False,True,False,False,True,1317.8,0.0,1,4,3,2.4499999999999997,860.2610703567856,2,2371.4947938959135,True,265.6
1742,520429,1972-09-04,50.0,M,True,True,usa,winston-salem,INT,36.134,-80.222,2023-01-09,200,8,35.5,0.5,977.625,1.6,66.0,138.0,72.33333333333333,125.0,3,2,0.6666666666666666,1,0.3333333333333333,3,2,0.6666666666666666,541.185,306.905556238397,0.0,0.0,0.0,1082.37,1,0.3333333333333333,2.5,1.7320508075688772,1.6666666666666667,1.1547005383792515,Delta Air Lines,3,0.3333333333333333,INT-LAX,2,0.6666666666666666,3462.820856878424,2.6254850544756925e-13,0.0,2,177.0,39.59797974644666,0,0.0,0.0,0.0,0.0,354.0,4.0,2.8284271247461903,1.0,0.0,Aman Resorts,2,0.5,False,False,False,False,True,False,False,True,1436.37,0.0,1,3,3,2.1999999999999997,1250.2182360786928,3,3446.495651447638,True,216.474
1746,520491,1969-05-24,54.0,M,False,True,usa,new york,LGA,40.777,-73.872,2023-01-09,200,8,16.25,0.625,122.125,1.3333333333333333,29.0,29.0,9.4,0.0,5,3,0.6,0,0.0,4,4,1.0,480.9725,282.510069717288,0.0,0.0,0.0,1923.89,0,0.0,1.25,0.5,1.25,1.5,Allegiant Air,4,0.25,LGA-LCK,4,0.25,2138.2921389108433,1105.9321947263354,0.0,4,137.75,26.05602937261675,0,0.0,0.0,0.0,0.0,551.0,2.25,0.9574271077563381,1.25,0.5,Best Western,4,0.25,False,True,False,False,True,False,False,True,2474.89,0.0,3,5,5,4.2,1292.4884021340445,3,3563.022461960878,False,384.778
1747,520497,1975-12-06,47.0,F,False,False,usa,long beach,LGB,33.818,-118.151,2023-01-09,200,8,16.5,0.375,123.375,1.3333333333333333,37.0,139.0,8.0,0.0,3,2,0.6666666666666666,0,0.0,3,3,1.0,640.8266666666667,16.866221667383993,0.5,312.235,312.235,1610.245,1,0.3333333333333333,1.0,0.0,1.0,1.0,Air New Zealand,3,0.3333333333333333,LGB-CLT,3,0.3333333333333333,3600.620179900263,311.0651326618927,0.0,2,81.5,23.33452377915607,0,0.0,0.0,0.0,0.0,163.0,3.5,2.1213203435596424,1.0,0.0,Accor,2,0.5,False,True,False,False,False,False,False,True,1773.245,312.235,3,3,4,3.35,1543.4346554407023,4,4254.809820207374,True,640.8266666666667
1748,520527,1991-01-11,32.0,F,False,False,usa,denver,DEN,39.858,-104.667,2023-01-09,200,8,12.75,0.25,95.75,1.3333333333333333,55.0,55.0,9.0,0.0,2,2,1.0,0,0.0,2,2,1.0,320.28,87.46910883277593,0.0,0.0,0.0,640.56,0,0.0,1.0,0.0,1.0,0.0,American Airlines,1,1.0,DEN-FAT,2,0.5,1744.041771474265,549.8721192731242,0.0,2,215.5,123.743686707646,0,0.0,0.0,0.0,0.0,431.0,3.5,0.7071067811865476,1.0,0.0,Choice Hotels,2,0.5,False,True,False,False,True,False,False,True,1071.56,0.0,2,2,3,2.3499999999999996,1399.030736912304,4,3856.7293388178855,False,320.28
1751,520539,1972-02-11,51.0,F,True,True,usa,little rock,LIT,34.729,-92.224,2023-01-09,200,7,19.571428571428573,0.5714285714285714,524.5311177142858,2.3333333333333335,123.0,130.0,79.66666666666667,217.0,3,3,1.0,1,0.3333333333333333,3,3,1.0,297.045,44.22952916321855,0.0,0.0,0.0,594.09,1,0.3333333333333333,2.0,1.1547005383792515,1.0,1.0,Southwest Airlines,3,0.3333333333333333,LIT-DAL,3,0.3333333333333333,1586.3656947523405,660.811757936148,0.0,3,90.5,40.30508652763321,1,0.3333333333333333,0.0,0.0,0.0,181.0,7.0,7.810249675906654,1.3333333333333333,0.5773502691896257,Conrad,3,0.3333333333333333,False,False,False,False,True,False,False,True,775.09,0.0,1,3,2,1.8499999999999999,674.6393008780705,1,1859.7884350693412,True,148.5225
1756,520619,1966-06-05,57.0,F,True,False,usa,houston,IAH,29.98,-95.34,2023-01-09,200,8,15.75,0.25,118.375,2.0,96.0,96.0,5.5,0.0,2,2,1.0,0,0.0,2,2,1.0,384.545,27.994357467175416,0.15,60.651,60.651,708.439,1,0.5,1.0,0.0,1.0,1.414213562373095,Delta Air Lines,2,0.5,IAH-YAV,2,0.5,2236.845391022839,0.0,0.0,2,208.5,214.253354699524,0,0.0,0.0,0.0,0.0,417.0,2.5,0.7071067811865476,1.0,0.0,Accor,2,0.5,False,True,False,False,False,False,False,True,1125.439,60.651,1,2,3,1.9499999999999997,1469.3752599199734,4,4050.64915669665,True,384.545
1773,520861,1972-09-27,50.0,M,False,True,usa,austin,AUS,30.194,-97.67,2023-01-09,200,9,29.11111111111111,0.4444444444444444,919.1276355555556,1.5,39.0,70.0,71.0,166.0,3,2,0.6666666666666666,1,0.3333333333333333,3,3,1.0,344.515,17.274618664387354,0.0,0.0,0.0,689.03,1,0.3333333333333333,1.0,0.0,1.0,0.0,Alitalia,3,0.3333333333333333,AUS-FCO,3,0.3333333333333333,2104.727711655852,225.2490880231989,0.0,2,138.0,118.79393923933998,1,0.5,0.1,5.4,5.4,270.6,5.5,4.949747468305833,1.0,0.0,Choice Hotels,2,0.5,False,False,False,False,True,False,False,False,959.63,5.4,3,3,2,2.6500000000000004,835.2631466044237,2,2302.582636784879,False,344.515
1775,520878,1985-07-07,38.0,F,True,False,canada,ottawa,YOW,45.323,-75.669,2023-01-09,200,9,21.444444444444443,0.4444444444444444,157.55555555555554,1.5,38.0,38.0,9.0,0.0,4,2,0.5,0,0.0,2,2,1.0,694.055,20.187898602875933,0.15,106.2495,106.2495,1281.8605,1,0.5,1.0,0.0,1.0,0.0,Delta Air Lines,2,0.5,YOW-LSQ,2,0.5,3874.2873573996485,74.80324302618877,0.0,4,168.5,70.410699944445,0,0.0,0.0,0.0,0.0,674.0,5.5,4.203173404306164,1.25,0.5,Crowne Plaza,3,0.5,False,True,False,False,False,False,False,True,1955.8605,106.2495,3,4,4,3.6,1276.7875604784929,3,3519.7397126549236,False,694.055
1777,520885,1987-09-08,35.0,M,True,True,usa,el paso,ELP,31.807,-106.378,2023-01-09,200,8,43.375,0.75,1035.75,1.1428571428571428,20.0,79.0,49.8,165.0,5,4,0.8,1,0.2,5,4,0.8,216.1075,103.92140920747114,0.1,11.74,11.74,852.69,2,0.4,2.0,1.3416407864998738,1.2,1.0954451150103321,American Airlines,4,0.4,ELP-NAP,5,0.2,1419.672354803047,3843.425550247627,0.0,4,386.0,396.49716266324,0,0.0,0.0,0.0,0.0,1544.0,3.75,1.707825127659933,1.0,0.0,Best Western,4,0.25,False,False,False,False,False,False,False,True,2396.69,11.74,4,5,5,4.6,1251.6491757252418,3,3450.440344563604,False,108.05375
1779,520902,1985-03-01,38.0,F,False,False,usa,kansas city,MCI,39.297,-94.714,2023-01-10,199,9,15.11111111111111,0.4444444444444444,112.33333333333333,1.8,62.0,62.0,6.25,0.0,4,4,1.0,0,0.0,4,3,0.75,402.0775,270.320378979585,0.05,21.9295,21.9295,1586.3805,1,0.25,1.25,0.5,1.0,0.0,American Airlines,4,0.25,MCI-LAX,3,0.5,1884.0701434781809,391.4575353014005,0.0,4,159.25,69.10559552838926,0,0.0,0.0,0.0,0.0,637.0,2.5,1.7320508075688772,1.25,0.5,Radisson,3,0.5,False,True,False,False,False,False,False,True,2223.3805,21.9295,2,4,5,3.55,1451.4248662470825,4,4001.1650330852126,False,321.662
1790,521060,1984-07-02,39.0,F,False,False,usa,burlington,BTV,44.472,-73.153,2023-01-10,199,8,21.25,0.625,158.625,1.3333333333333333,42.0,70.0,6.4,0.0,5,4,0.8,0,0.0,4,4,1.0,543.635,321.475477810257,0.0,0.0,0.0,2174.54,0,0.0,1.25,0.5,1.0,0.0,American Airlines,4,0.25,BTV-EFD,4,0.25,2479.13311818588,1387.456587457819,0.0,5,137.8,70.95561993246201,2,0.4,0.075,7.925,15.85,673.15,4.2,4.494441010848846,1.4,0.5477225575051661,Rosewood,4,0.4,False,True,False,False,True,False,False,False,2847.69,15.85,2,5,5,3.8,1487.1797525841948,4,4099.731072775507,False,434.908
1792,521065,1979-11-14,43.0,F,True,True,usa,new york,LGA,40.777,-73.872,2023-01-10,199,8,36.5,0.625,986.0,1.1428571428571428,10.0,82.0,76.25,209.0,4,2,0.5,1,0.25,4,4,1.0,647.1966666666667,359.625180616337,0.15,98.5125,98.5125,1843.0775,2,0.5,2.8,1.8929694486000912,1.0,2.0,Delta Air Lines,3,0.5,LGA-BOS,4,0.25,2824.8777445311794,1589.0063825282684,0.0,2,206.0,165.462986797652,1,0.5,0.25,80.75,80.75,331.25,1.5,0.7071067811865476,1.0,0.0,Crowne Plaza,2,0.5,False,False,False,False,False,False,False,False,2174.3275,179.2625,5,4,4,4.4,1419.4030220490163,4,3912.889927511547,False,231.1416666666667
1793,521066,1982-10-03,40.0,F,False,False,usa,knoxville,TYS,35.812,-83.993,2023-01-10,199,8,18.25,0.5,135.625,1.3333333333333333,29.0,115.0,8.25,0.0,4,4,1.0,0,0.0,4,4,1.0,364.9225,229.109041051781,0.0,0.0,0.0,1459.69,0,0.0,1.0,0.0,1.5,0.5773502691896257,AirTran Airways,4,0.25,TYS-BWI,4,0.25,2079.9917131535235,1380.0780533571692,0.0,4,210.25,78.96148850336262,1,0.25,0.1,22.3,22.3,818.7,2.75,2.8722813232690143,1.0,0.0,InterContinental,4,0.25,False,True,False,False,True,False,False,False,2278.39,22.3,3,4,5,3.95,1487.335119206402,4,4100.1593743090825,True,364.9225
1799,521185,1977-10-01,45.0,F,True,True,usa,los angeles,LAX,33.942,-118.408,2023-01-10,199,8,16.625,0.5,123.5,1.3333333333333333,37.0,70.0,6.5,0.0,4,2,0.5,0,0.0,2,2,1.0,537.655,66.88523043243553,0.0,0.0,0.0,1075.31,0,0.0,1.0,0.0,1.0,0.0,Delta Air Lines,2,0.5,LAX-CMH,2,0.5,3084.5460249936777,169.04544817845158,0.0,4,210.75,171.24519457978,2,0.5,0.175,50.325,100.65,742.35,4.0,3.4641016151377544,1.0,0.0,Crowne Plaza,3,0.5,False,True,False,False,True,False,False,False,1817.66,100.65,3,4,4,3.6,1186.5701450483496,3,3271.03598958328,False,537.655
1802,521192,1996-08-17,26.0,F,False,False,usa,wichita,ICT,37.65,-97.433,2023-01-10,199,8,14.375,0.375,106.25,1.6,59.0,162.0,6.0,0.0,3,2,0.6666666666666666,0,0.0,2,2,1.0,253.57,97.83529424497071,0.35,112.9625,112.9625,394.1775,1,0.5,1.0,0.0,1.0,0.0,Allegiant Air,2,0.5,ICT-BWI,2,0.5,1426.7737160035522,546.4150358683697,0.0,3,154.0,118.215904175369,0,0.0,0.0,0.0,0.0,462.0,4.333333333333333,4.163331998932265,1.3333333333333333,0.5773502691896257,Choice Hotels,3,0.3333333333333333,False,True,False,False,False,False,False,True,856.1775,112.9625,2,3,2,2.25,745.2179618206068,2,2054.3537045589296,True,253.57
1805,521212,1982-06-10,41.0,M,True,True,usa,dallas,DAL,32.847,-96.852,2023-01-10,199,7,46.42857142857143,0.5714285714285714,1173.126289,1.4,60.0,104.0,7.0,5.0,3,2,0.6666666666666666,1,0.3333333333333333,2,2,1.0,206.71,269.153125190847,0.25,99.2575,99.2575,314.1625,1,0.5,1.5,0.7071067811865476,1.5,0.7071067811865476,Allegiant Air,2,0.5,DAL-FTW,2,0.5,1135.1143488573546,1537.773175042016,0.0,3,211.5,170.412734265958,2,0.6666666666666666,0.15,13.65,13.65,409.35,7.0,2.6457513110645907,1.3333333333333333,0.5773502691896257,Rosewood,3,0.3333333333333333,False,False,False,False,False,False,False,False,723.5125,112.9075,2,3,2,2.25,629.7461806713349,1,1736.0308869010137,True,137.80666666666667
1806,521235,1989-06-21,34.0,F,False,False,usa,seattle,SEA,47.449,-122.309,2023-01-10,199,8,24.25,0.625,179.875,1.1428571428571428,16.0,16.0,45.6,0.0,5,5,1.0,0,0.0,5,5,1.0,805.824,363.49515021524,0.1,82.94825,165.8965,3863.2235,2,0.4,1.8,0.8366600265340756,1.2,0.8366600265340756,American Airlines,3,0.4,SEA-DEN,5,0.2,2816.2282551833887,1161.2010968452694,0.0,5,123.0,84.20213774008353,0,0.0,0.0,0.0,0.0,615.0,5.4,3.361547262794322,1.6,0.8944271909999159,Accor,5,0.2,False,True,False,False,False,False,False,True,4478.2235,165.8965,4,5,5,4.6,2338.710785495165,5,6447.159639491477,False,447.67999999999995
1809,521282,1991-04-08,32.0,F,False,False,usa,columbus,CMH,39.998,-82.892,2023-01-10,199,8,19.75,0.25,145.875,1.1428571428571428,18.0,125.0,10.5,0.0,2,1,0.5,0,0.0,2,2,1.0,394.13,125.398316575622,0.0,0.0,0.0,788.26,0,0.0,1.0,0.0,1.0,0.0,Air Canada,2,0.5,CMH-OKC,2,0.5,2041.2628187030466,921.5220224787902,0.0,1,112.0,0.0,0,0.0,0.0,0.0,0.0,112.0,5.0,0.0,1.0,0.0,Conrad,1,1.0,False,True,False,False,True,False,True,True,900.26,0.0,4,2,2,2.8,1175.381137045682,3,3240.1910808206635,True,394.13
1814,521309,1973-08-19,49.0,F,False,True,usa,detroit,YIP,42.238,-83.53,2023-01-10,199,8,14.5,0.25,108.625,1.6,59.0,183.0,9.0,0.0,2,2,1.0,0,0.0,2,2,1.0,452.435,50.73491155013478,0.1,41.656,41.656,863.214,1,0.5,1.0,0.0,1.0,0.0,United Airlines,2,0.5,YIP-YYC,1,1.0,2503.9727602931835,0.0,0.0,2,66.0,1.414213562373095,1,0.5,0.1,6.5,6.5,125.5,2.0,1.414213562373095,1.0,0.0,Best Western,2,0.5,False,True,False,False,False,False,False,False,988.714,48.156,2,2,2,2.0,1290.8668446148718,3,3558.5522896524576,True,452.435
1822,521408,1968-06-05,55.0,F,True,False,usa,san diego,NZY,32.699,-117.215,2023-01-10,199,8,14.75,0.25,108.625,1.3333333333333333,38.0,118.0,8.5,0.0,2,2,1.0,0,0.0,2,2,1.0,661.6,62.97492993247392,0.125,81.58675,163.1735,1160.0265,2,1.0,1.0,0.0,1.0,0.0,Delta Air Lines,2,0.5,NZY-JFK,2,0.5,3644.9619855048145,405.6515443454478,0.0,2,183.0,70.71067811865476,0,0.0,0.0,0.0,0.0,366.0,7.5,6.363961030678928,1.0,0.0,Conrad,2,0.5,False,True,False,False,False,False,False,True,1526.0265,163.1735,3,2,4,3.1,1992.383047932644,5,5492.432690995905,True,661.6
1823,521416,1976-12-19,46.0,F,True,False,usa,new york,JFK,40.64,-73.779,2023-01-10,199,7,12.0,0.2857142857142857,91.14285714285714,2.3333333333333335,121.0,149.0,5.5,0.0,2,2,1.0,0,0.0,2,2,1.0,225.67,168.71567799111,0.0,0.0,0.0,451.34,0,0.0,1.5,0.7071067811865476,1.0,0.0,AirTran Airways,2,0.5,JFK-BWI,2,0.5,1280.4166285412489,1393.066690947875,0.0,2,223.0,203.646752981726,0,0.0,0.0,0.0,0.0,446.0,2.0,0.0,1.5,0.7071067811865476,Radisson,2,0.5,False,True,False,False,True,False,False,True,897.34,0.0,1,2,2,1.6,1171.5687795931976,3,3229.6814969715565,True,150.44666666666666
1824,521434,1975-05-05,48.0,F,True,False,usa,los angeles,LAX,33.942,-118.408,2023-01-10,199,8,17.75,0.5,131.875,1.1428571428571428,20.0,74.0,7.75,0.0,4,3,0.75,0,0.0,4,4,1.0,651.635,327.966347308175,0.2,74.908,74.908,2531.632,1,0.25,1.25,0.5,1.25,0.5,American Airlines,2,0.5,LAX-EFD,4,0.25,3007.5320677395503,600.4477842143704,0.0,3,220.0,175.604669641784,0,0.0,0.0,0.0,0.0,660.0,4.0,2.0,1.3333333333333333,0.5773502691896257,Accor,3,0.3333333333333333,False,True,False,False,False,False,False,True,3191.632,74.908,4,4,5,4.35,2083.5003494498164,5,5743.617143748369,False,521.308
1825,521462,1965-07-26,58.0,F,True,True,usa,indianapolis,IND,39.717,-86.294,2023-01-10,199,8,21.0,0.375,156.25,1.1428571428571428,14.0,155.0,8.333333333333334,0.0,3,2,0.6666666666666666,0,0.0,3,3,1.0,413.43,197.778376977869,0.0,0.0,0.0,1240.29,0,0.0,1.6666666666666667,1.1547005383792515,1.0,0.0,American Airlines,3,0.3333333333333333,IND-LGA,2,0.6666666666666666,1682.488744559875,1065.5951789760954,0.0,2,130.5,33.23401871576773,0,0.0,0.0,0.0,0.0,261.0,3.0,1.414213562373095,2.0,1.414213562373095,Fairmont,2,0.5,False,True,False,False,True,False,False,True,1501.29,0.0,5,3,3,3.8,1306.7246848949649,3,3602.2678394576774,True,248.058
1829,521510,1974-09-07,48.0,F,True,False,usa,chicago,MDW,41.786,-87.752,2023-01-10,199,8,12.875,0.375,95.75,1.3333333333333333,27.0,146.0,8.666666666666666,0.0,3,2,0.6666666666666666,0,0.0,2,2,1.0,250.615,288.76119623315,0.0,0.0,0.0,501.23,0,0.0,1.0,0.0,1.5,0.7071067811865476,JetBlue Airways,2,0.5,MDW-IND,2,0.5,1302.2295610466567,1472.8309451728119,0.0,3,161.0,65.04613747179766,0,0.0,0.0,0.0,0.0,483.0,2.6666666666666665,1.1547005383792515,1.0,0.0,Crowne Plaza,3,0.3333333333333333,False,True,False,False,True,False,False,True,984.23,0.0,3,3,2,2.6500000000000004,856.6750172279649,2,2361.609066622325,True,250.615
1835,521657,1996-09-17,26.0,F,False,False,canada,montreal,YUL,45.468,-73.741,2023-01-10,199,8,17.375,0.375,129.625,1.1428571428571428,15.0,15.0,12.666666666666666,0.0,3,2,0.6666666666666666,0,0.0,2,2,1.0,616.87,46.824611050173175,0.0,0.0,0.0,1233.74,0,0.0,1.0,0.0,1.0,0.0,Air Canada,2,0.5,YUL-BFI,2,0.5,3672.5608949411726,13.46486436839644,0.0,3,125.0,15.716233645501712,0,0.0,0.0,0.0,0.0,375.0,3.6666666666666665,1.5275252316519468,1.3333333333333333,0.5773502691896257,Marriott,3,0.3333333333333333,False,True,False,False,True,False,False,True,1608.74,0.0,5,3,4,4.15,1400.2492986551072,4,3860.0885665322116,False,616.87
1850,521883,1991-08-03,31.0,F,False,False,usa,tulsa,TUL,36.198,-95.888,2023-01-10,199,9,10.777777777777779,0.3333333333333333,80.33333333333333,1.8,61.0,61.0,61.666666666666664,0.0,3,1,0.3333333333333333,0,0.0,3,3,1.0,485.07666666666665,216.427003013333,0.1,73.498,73.498,1381.732,1,0.3333333333333333,1.3333333333333333,0.5773502691896257,1.0,0.0,AeroMéxico,3,0.3333333333333333,TUL-JFK,3,0.3333333333333333,2008.426341632087,44.744834915522695,0.0,1,104.0,0.0,0,0.0,0.0,0.0,0.0,104.0,3.0,0.0,1.0,0.0,Best Western,1,1.0,False,True,False,False,False,False,True,True,1485.732,73.498,2,3,3,2.5999999999999996,1293.1829823274425,3,3564.9372217580444,False,363.8075
1852,521885,1979-03-17,44.0,M,True,True,usa,houston,HOU,29.645,-95.279,2023-01-10,199,8,13.0,0.25,97.875,1.3333333333333333,54.0,54.0,10.5,0.0,2,2,1.0,0,0.0,2,2,1.0,363.625,71.86326217198882,0.0,0.0,0.0,727.25,0,0.0,1.0,0.0,1.0,0.0,AirTran Airways,2,0.5,HOU-JFK,2,0.5,1902.996951819819,555.9721442186315,0.0,2,240.0,5.656854249492381,0,0.0,0.0,0.0,0.0,480.0,2.5,0.7071067811865476,1.0,0.0,Aman Resorts,2,0.5,False,True,False,False,True,False,False,True,1207.25,0.0,2,2,3,2.3499999999999996,1576.1878542847614,4,4345.101062271728,False,363.625
1872,522152,1992-09-27,30.0,F,False,True,usa,dallas,DAL,32.847,-96.852,2023-01-10,199,8,23.75,0.375,638.710063125,2.0,92.0,152.0,87.0,109.0,2,2,1.0,1,0.5,2,2,1.0,381.11,0.0,0.0,0.0,0.0,381.11,1,0.5,1.6666666666666667,0.7071067811865476,1.5,0.7071067811865476,Delta Air Lines,1,1.0,DAL-YKZ,2,0.5,2001.216407490485,37.34122765555681,0.0,2,59.0,0.0,1,0.5,0.0,0.0,0.0,59.0,5.0,5.656854249492381,1.0,0.0,Marriott,2,0.5,False,False,False,False,True,False,False,True,440.11,0.0,1,2,1,1.25,574.6084378126042,1,1584.0318314486726,True,228.666
1874,522179,1982-11-06,40.0,M,True,True,usa,dallas,DAL,32.847,-96.852,2023-01-10,199,8,17.0,0.375,127.375,1.6,61.0,61.0,7.333333333333333,0.0,3,2,0.6666666666666666,0,0.0,3,3,1.0,292.8466666666667,101.88713968569995,0.35,88.8335,88.8335,789.7065,1,0.3333333333333333,1.6666666666666667,1.1547005383792515,1.0,1.0,AirTran Airways,2,0.6666666666666666,DAL-FAT,3,0.3333333333333333,1296.4411826306016,869.3750145219007,0.0,2,110.0,46.66904755831214,0,0.0,0.0,0.0,0.0,220.0,3.0,0.0,2.0,1.414213562373095,Extended Stay,2,0.5,False,True,False,False,False,False,False,True,1009.7065,88.8335,2,3,2,2.25,878.8497945426252,2,2422.7386129537754,False,175.708
1879,522237,1994-08-12,28.0,F,False,False,usa,louisville,LOU,38.228,-85.664,2023-01-10,199,9,13.333333333333334,0.4444444444444444,100.44444444444444,1.2857142857142858,15.0,15.0,10.0,0.0,4,2,0.5,0,0.0,2,1,0.5,298.975,217.923238893882,0.0,0.0,0.0,597.95,0,0.0,2.0,1.414213562373095,1.0,1.414213562373095,Alitalia,2,0.5,LOU-LUF,2,0.5,1505.7472522088883,1341.0351456571832,0.0,4,186.0,129.021961954803,0,0.0,0.0,0.0,0.0,744.0,5.25,4.031128874149275,1.5,1.0,Conrad,3,0.5,False,True,False,False,True,False,False,True,1341.95,0.0,5,4,3,4.05,876.0262129043015,2,2414.954802450008,False,149.4875
1882,522276,1976-12-21,46.0,F,False,False,usa,anchorage,EDF,61.251,-149.806,2023-01-10,199,8,10.625,0.25,79.625,2.6666666666666665,125.0,152.0,8.5,0.0,2,2,1.0,0,0.0,2,2,1.0,1526.89,783.516739961566,0.0,0.0,0.0,3053.78,0,0.0,2.0,1.414213562373095,1.5,0.7071067811865476,American Airlines,2,0.5,EDF-DCA,2,0.5,4631.819421511073,1096.5785958459974,0.5,2,326.5,78.48885271170677,0,0.0,0.0,0.0,0.0,653.0,2.5,0.7071067811865476,2.0,1.414213562373095,Crowne Plaza,2,0.5,False,True,False,False,True,False,False,True,3706.78,0.0,1,2,5,2.65,4839.578889629876,5,13341.340828832133,True,763.445
1883,522286,1978-06-25,45.0,F,False,False,canada,edmonton,YXD,53.573,-113.521,2023-01-10,199,8,12.0,0.375,90.0,2.0,89.0,158.0,7.333333333333333,0.0,3,2,0.6666666666666666,0,0.0,3,3,1.0,465.01,80.8815436301756,0.0,0.0,0.0,1395.03,0,0.0,1.0,0.0,1.0,1.0,American Airlines,2,0.6666666666666666,YXD-IND,3,0.3333333333333333,2587.1793960765804,384.3918251746347,0.0,2,133.0,52.32590180780452,0,0.0,0.0,0.0,0.0,266.0,2.5,2.1213203435596424,1.0,0.0,Choice Hotels,2,0.5,False,True,False,False,True,False,False,True,1661.03,0.0,1,3,4,2.55,1445.762579748805,4,3985.555721662294,True,465.01
1898,522465,1959-08-20,63.0,M,True,False,usa,new york,LGA,40.777,-73.872,2023-01-10,199,8,11.875,0.5,88.875,1.1428571428571428,16.0,78.0,9.75,0.0,4,2,0.5,0,0.0,3,3,1.0,537.83,208.583991715568,0.2,143.038,143.038,1470.452,1,0.3333333333333333,1.0,0.0,1.3333333333333333,1.1547005383792515,Delta Air Lines,3,0.3333333333333333,LGA-LSV,3,0.3333333333333333,3028.708024900821,836.2045998923362,0.0,3,92.33333333333333,25.69695182961071,0,0.0,0.0,0.0,0.0,277.0,14.666666666666666,23.671361036774655,1.0,0.0,Aman Resorts,3,0.3333333333333333,False,True,False,False,False,False,False,True,1747.452,143.038,4,4,4,4.0,1140.738297099033,3,3144.690636350737,False,537.83
1905,522585,1982-12-07,40.0,M,True,True,canada,edmonton,YED,53.667,-113.467,2023-01-10,199,8,14.125,0.25,106.0,1.1428571428571428,12.0,42.0,8.0,0.0,2,2,1.0,0,0.0,2,2,1.0,552.205,9.312596308226832,0.2,111.758,111.758,992.652,1,0.5,1.0,0.0,1.0,0.0,British Airways,2,0.5,YED-JFK,2,0.5,3276.436065606804,0.0,0.0,2,261.5,221.324422511389,1,0.5,0.15,62.7,62.7,460.3,3.0,0.0,1.0,0.0,Aman Resorts,2,0.5,False,True,False,False,False,False,False,False,1452.952,174.458,5,2,3,3.55,1896.976844281427,5,5229.424956413196,False,552.205
1906,522607,1979-06-19,44.0,F,True,False,usa,miami,MIA,25.793,-80.291,2023-01-10,199,8,12.875,0.375,96.0,1.3333333333333333,33.0,91.0,7.666666666666667,0.0,3,2,0.6666666666666666,0,0.0,2,2,1.0,322.18,6.561950929411161,0.1,32.682,32.682,611.678,1,0.5,1.0,0.0,1.0,0.0,Delta Air Lines,2,0.5,MIA-AUS,2,0.5,1818.611255086096,64.4962298377302,0.0,3,181.0,123.219316667477,1,0.3333333333333333,0.15,48.3,48.3,494.7,6.0,4.358898943540674,1.0,0.0,Conrad,3,0.3333333333333333,False,True,False,False,False,False,False,False,1106.378,80.982,3,3,3,3.0,962.9927884850505,2,2654.696885800549,True,322.18
1922,522898,1981-12-25,41.0,F,False,True,usa,honolulu,HNL,21.316,-157.927,2023-01-11,198,8,10.75,0.25,80.625,1.3333333333333333,27.0,27.0,129.5,0.0,2,2,1.0,0,0.0,2,2,1.0,1483.305,21.177848096537097,0.0,0.0,0.0,2966.61,0,0.0,1.0,0.0,1.0,0.0,AeroMéxico,2,0.5,HNL-JFK,2,0.5,8007.273774697621,0.0,1.0,2,244.5,34.64823227814083,0,0.0,0.0,0.0,0.0,489.0,9.5,9.192388155425117,1.0,0.0,Marriott,2,0.5,False,True,False,False,True,False,False,True,3455.61,0.0,3,2,5,3.45,4511.650868622874,5,12437.33665918145,False,1483.305
1928,522944,1968-10-12,54.0,F,True,False,usa,new york,JFK,40.64,-73.779,2023-01-11,198,8,9.0,0.25,66.0,1.3333333333333333,29.0,29.0,9.5,0.0,2,2,1.0,0,0.0,2,2,1.0,655.765,61.08695482670584,0.2,122.514,122.514,1189.016,1,0.5,1.0,0.0,1.5,0.7071067811865476,Air Canada,2,0.5,JFK-LAX,2,0.5,3625.6608064843667,492.92277459215586,0.0,2,171.5,38.890872965260115,0,0.0,0.0,0.0,0.0,343.0,2.0,0.0,1.0,0.0,Fairmont,2,0.5,False,True,False,False,False,False,False,True,1532.016,122.514,3,2,4,3.1,2000.2029503167723,5,5513.989934990502,False,655.765
1936,523090,1988-06-18,35.0,F,False,True,usa,tucson,TUS,32.116,-110.941,2023-01-11,198,8,11.0,0.25,82.5,1.6,57.0,89.0,8.5,0.0,2,2,1.0,0,0.0,2,2,1.0,456.745,71.19858179767347,0.2,81.28,81.28,832.21,1,0.5,1.0,0.0,1.0,0.0,Porter Airlines,2,0.5,TUS-BNA,2,0.5,2653.04618203766,539.9157330250447,0.0,2,169.0,48.08326112068523,0,0.0,0.0,0.0,0.0,338.0,4.0,0.0,1.0,0.0,Best Western,2,0.5,False,True,False,False,False,False,False,True,1170.21,81.28,2,2,3,2.3499999999999996,1527.8283611203735,4,4211.787710980326,False,456.745
1950,523338,1985-09-16,37.0,F,True,True,usa,new york,LGA,40.777,-73.872,2023-01-11,198,9,22.22222222222222,0.4444444444444444,163.11111111111111,1.8,74.0,74.0,8.5,0.0,4,4,1.0,0,0.0,4,4,1.0,148.135,104.468413248535,0.0,0.0,0.0,592.54,0,0.0,1.0,0.0,1.0,0.0,AirTran Airways,4,0.25,LGA-BOS,4,0.25,819.8443008979152,603.6642049713494,0.0,4,451.25,326.690857947795,1,0.25,0.1,18.1,18.1,1786.9,3.75,2.753785273643051,1.0,0.0,Hilton,3,0.5,False,True,False,False,True,False,False,False,2379.44,18.1,1,4,5,3.15,1553.3006535511838,4,4282.00756745158,False,148.135
1952,523395,1991-10-27,31.0,F,False,False,usa,tucson,DMA,32.166,-110.883,2023-01-11,198,8,21.75,0.375,158.5,1.1428571428571428,14.0,40.0,6.0,0.0,3,3,1.0,0,0.0,3,3,1.0,442.26,198.784279307998,0.1,43.465,43.465,1283.315,1,0.3333333333333333,1.0,0.0,1.3333333333333333,0.5773502691896257,Southwest Airlines,3,0.3333333333333333,DMA-DAL,3,0.3333333333333333,2355.8715759148768,1017.7360321880172,0.0,3,300.3333333333333,165.240229161465,0,0.0,0.0,0.0,0.0,901.0,3.3333333333333335,1.5275252316519468,1.0,0.0,Marriott,2,0.6666666666666666,False,True,False,False,False,False,False,True,2184.315,43.465,5,3,4,4.15,1901.2304951650551,5,5241.151060584562,False,442.26
1953,523442,1969-10-28,53.0,F,True,True,usa,milwaukee,MKE,42.947,-87.896,2023-01-11,198,8,22.5,0.5,166.375,1.1428571428571428,8.0,8.0,8.25,0.0,4,3,0.75,0,0.0,3,3,1.0,214.29666666666665,47.867864307208585,0.0,0.0,0.0,642.89,0,0.0,1.0,0.0,1.0,0.0,Allegiant Air,3,0.3333333333333333,MKE-DAL,3,0.3333333333333333,1191.7411444976492,179.60237153499773,0.0,4,172.75,118.060365915069,0,0.0,0.0,0.0,0.0,691.0,4.25,1.5,1.0,0.0,Choice Hotels,3,0.5,False,True,False,False,True,False,False,True,1333.89,0.0,5,4,3,4.05,870.7646373791264,2,2400.4501370692215,False,214.29666666666665
1954,523454,1966-07-20,57.0,F,False,False,usa,cleveland,CLE,41.412,-81.85,2023-01-11,198,8,14.0,0.375,104.0,2.0,91.0,123.0,11.0,0.0,3,3,1.0,0,0.0,3,3,1.0,318.17333333333335,156.137460378134,0.05,8.963,8.963,945.557,1,0.3333333333333333,1.0,0.0,1.0,0.0,Southwest Airlines,2,0.6666666666666666,CLE-LUF,3,0.3333333333333333,1780.6799880486742,934.0201672382213,0.0,3,174.0,148.354305633507,1,0.3333333333333333,0.1,34.2,34.2,487.8,7.333333333333333,6.506407098647712,1.0,0.0,Choice Hotels,3,0.3333333333333333,False,True,False,False,False,False,False,False,1433.357,43.163,1,3,3,2.1999999999999997,1247.5957171279315,3,3439.2661135167345,True,318.17333333333335
1968,523657,1987-12-13,35.0,F,True,False,usa,winston-salem,INT,36.134,-80.222,2023-01-11,198,8,11.5,0.25,86.25,2.0,116.0,116.0,7.0,0.0,2,2,1.0,0,0.0,2,2,1.0,859.91,604.958135576339,0.0,0.0,0.0,1719.82,0,0.0,1.5,0.7071067811865476,1.0,0.0,Delta Air Lines,2,0.5,INT-BIF,2,0.5,2979.0315384333708,747.5857342397851,0.0,2,117.5,44.54772721475249,0,0.0,0.0,0.0,0.0,235.0,2.5,0.7071067811865476,1.5,0.7071067811865476,Choice Hotels,2,0.5,False,True,False,False,True,False,False,True,1954.82,0.0,1,2,4,2.3,2552.2166422140713,5,7035.734486270465,True,573.2733333333333
1970,523686,1981-10-10,41.0,F,True,True,canada,saskatoon,YXE,52.171,-106.7,2023-01-11,198,8,16.25,0.25,122.625,1.6,71.0,134.0,10.0,0.0,2,2,1.0,0,0.0,2,2,1.0,455.06,81.6991174982937,0.0,0.0,0.0,910.12,0,0.0,1.0,0.0,1.0,1.414213562373095,Allegiant Air,2,0.5,YXE-JFK,2,0.5,2531.0068428841123,377.9368912215561,0.0,2,275.5,272.236110756821,1,0.5,0.15,12.45,12.45,538.55,2.0,0.0,1.0,0.0,Fairmont,2,0.5,False,True,False,False,True,False,False,False,1448.67,12.45,1,2,3,1.9499999999999997,1891.3862570856952,5,5214.013299549541,True,455.06
1974,523715,1980-10-07,42.0,F,True,True,usa,portland,PWM,43.646,-70.309,2023-01-11,198,8,33.75,0.5,964.875,1.6,70.0,120.0,70.0,147.0,3,1,0.3333333333333333,1,0.3333333333333333,2,2,1.0,149.96,0.0,0.0,0.0,0.0,149.96,1,0.5,3.6666666666666665,2.8284271247461903,2.5,2.1213203435596424,Iberia Airlines,2,0.5,PWM-MAD,2,0.5,774.4487571981127,3249.591703092544,0.0,2,115.5,36.062445840513924,0,0.0,0.0,0.0,0.0,231.0,4.0,2.8284271247461903,1.0,0.0,Conrad,2,0.5,False,False,False,False,True,False,False,True,380.96,0.0,1,3,1,1.5,331.5880582416361,1,914.0938500355006,True,40.898181818181826
1986,523824,2002-05-12,21.0,F,False,False,usa,oklahoma city,OKC,35.393,-97.601,2023-01-11,198,10,11.3,0.2,83.4,1.6666666666666667,27.0,76.0,10.5,0.0,2,2,1.0,0,0.0,2,2,1.0,255.135,154.31191285834,0.0,0.0,0.0,510.27,0,0.0,1.0,0.0,1.0,0.0,Ryanair,2,0.5,OKC-LOU,2,0.5,1566.3202567424223,648.8408460336124,0.0,2,217.5,68.58935777509511,1,0.5,0.1,16.9,16.9,418.1,2.0,1.414213562373095,1.0,0.0,Crowne Plaza,2,0.5,False,True,False,False,True,False,False,False,928.37,16.9,3,2,2,2.4000000000000004,1212.0816055351784,3,3341.3638212310657,False,255.135
1996,523938,2002-03-23,21.0,F,True,False,usa,new york,JFK,40.64,-73.779,2023-01-11,198,8,15.5,0.25,115.125,1.6,84.0,125.0,6.0,0.0,2,2,1.0,0,0.0,2,2,1.0,633.905,805.118852126815,0.0,0.0,0.0,1267.81,0,0.0,1.5,0.7071067811865476,2.0,0.0,JetBlue Airways,2,0.5,JFK-DCA,2,0.5,1913.4722781784208,2222.1401505771682,0.0,2,96.5,50.204581464244875,0,0.0,0.0,0.0,0.0,193.0,4.0,2.8284271247461903,1.5,0.7071067811865476,Accor,2,0.5,False,True,False,False,True,False,False,True,1460.81,0.0,1,2,3,1.9499999999999997,1907.2362637545848,5,5257.707254319455,True,422.6033333333333
2001,524036,1992-09-19,30.0,F,False,False,usa,new york,LGA,40.777,-73.872,2023-01-11,198,8,12.75,0.375,95.25,1.1428571428571428,7.0,151.0,6.0,0.0,3,1,0.3333333333333333,0,0.0,2,2,1.0,426.76,33.135023766401616,0.0,0.0,0.0,853.52,0,0.0,1.0,0.0,1.0,0.0,Ryanair,2,0.5,LGA-FTW,2,0.5,2398.2042595934545,192.7424932154478,0.0,2,179.0,104.65180361560904,2,1.0,0.075,11.575,23.15,334.85,6.0,4.242640687119285,1.0,0.0,Shangri-La,2,0.5,False,True,False,False,True,False,False,False,1188.37,23.15,5,3,3,3.8,1034.358727353562,2,2851.4324563384284,True,426.76
2004,524046,1965-12-19,57.0,F,True,False,usa,austin,AUS,30.194,-97.67,2023-01-11,198,9,15.777777777777779,0.4444444444444444,118.66666666666667,1.2857142857142858,20.0,20.0,96.25,0.0,4,2,0.5,0,0.0,3,3,1.0,641.3833333333333,297.270243605601,0.05,47.9435,47.9435,1876.2065,1,0.3333333333333333,1.6666666666666667,0.5773502691896257,1.0,0.0,American Airlines,2,0.6666666666666666,AUS-CLT,3,0.3333333333333333,2032.9748579685765,394.63567815736997,0.0,3,279.6666666666667,181.632412672775,1,0.3333333333333333,0.05,10.7,10.7,828.3,12.333333333333334,8.386497083606082,1.3333333333333333,0.5773502691896257,Accor,3,0.3333333333333333,False,True,False,False,False,False,False,False,2704.5065,58.6435,4,4,5,4.35,1765.5043682477492,5,4866.992779486764,False,384.83
2012,524151,2000-07-05,23.0,M,False,False,usa,new york,JFK,40.64,-73.779,2023-01-11,198,8,26.75,0.375,199.875,2.6666666666666665,129.0,129.0,5.0,0.0,3,1,0.3333333333333333,0,0.0,2,2,1.0,93.575,4.164858941188765,0.0,0.0,0.0,187.15,0,0.0,1.0,0.0,1.0,0.0,Ryanair,1,1.0,JFK-YHU,2,0.5,543.0923380648389,0.0,0.0,2,194.5,44.54772721475249,0,0.0,0.0,0.0,0.0,389.0,2.5,2.1213203435596424,1.0,0.0,Accor,2,0.5,False,True,False,False,True,False,False,True,576.15,0.0,1,3,1,1.5,501.48167722574186,1,1382.4421768635912,True,93.575
2016,524180,1967-09-06,55.0,F,False,False,canada,montreal,YUL,45.468,-73.741,2023-01-11,198,8,20.0,0.625,150.25,1.1428571428571428,13.0,13.0,7.2,0.0,5,5,1.0,0,0.0,5,3,0.6,538.756,665.744265487882,0.25,28.07,28.07,2665.71,1,0.2,1.4,0.5477225575051661,1.0,0.0,Air Transat,5,0.2,YUL-IAH,5,0.2,1722.3646106892388,1593.3364578853884,0.0,5,275.8,123.031296831335,1,0.2,0.25,24.25,24.25,1354.75,2.4,1.140175425099138,1.4,0.5477225575051661,Best Western,4,0.4,False,True,False,False,False,False,False,False,4020.46,52.32,5,5,5,5.0,2099.648033344448,5,5788.131709859926,False,384.8257142857143
2023,524251,1974-09-14,48.0,F,True,True,usa,chicago,UGN,42.422,-87.868,2023-01-11,198,9,13.88888888888889,0.3333333333333333,103.11111111111111,1.5,34.0,34.0,5.0,0.0,3,2,0.6666666666666666,0,0.0,2,2,1.0,105.17,14.835100269293767,0.0,0.0,0.0,210.34,0,0.0,1.0,0.0,1.0,0.0,Allegiant Air,2,0.5,UGN-BNA,2,0.5,601.750172897072,149.88545663340565,0.0,3,283.6666666666667,256.231015556925,1,0.3333333333333333,0.15,86.4,86.4,764.6,6.0,4.358898943540674,1.0,0.0,Best Western,3,0.3333333333333333,False,True,False,False,True,False,False,False,974.94,86.4,3,3,2,2.6500000000000004,848.5889896632211,2,2339.3181912894033,False,105.17
2032,524412,1971-02-20,52.0,F,True,False,usa,stockton,SCK,37.894,-121.239,2023-01-11,198,7,13.142857142857142,0.42857142857142855,98.14285714285714,1.4,27.0,27.0,7.666666666666667,0.0,3,2,0.6666666666666666,0,0.0,2,2,1.0,558.845,275.297883119359,0.05,18.209,18.209,1099.481,1,0.5,1.5,0.7071067811865476,1.0,0.0,AirTran Airways,2,0.5,SCK-LGA,2,0.5,2490.899100751504,2201.3095370418578,0.0,3,188.0,200.890517446693,0,0.0,0.0,0.0,0.0,564.0,5.333333333333333,2.516611478423583,1.6666666666666667,0.5773502691896257,Extended Stay,3,0.3333333333333333,False,True,False,False,False,False,False,True,1663.481,18.209,3,3,4,3.35,1447.8959331999554,4,3991.4367696107324,False,372.56333333333333
2037,524511,1969-03-15,54.0,F,False,False,usa,los angeles,LAX,33.942,-118.408,2023-01-11,198,9,20.22222222222222,0.3333333333333333,151.55555555555554,1.2857142857142858,14.0,14.0,7.666666666666667,0.0,3,2,0.6666666666666666,0,0.0,2,2,1.0,509.825,215.321085939116,0.0,0.0,0.0,1019.65,0,0.0,1.0,0.0,1.5,2.1213203435596424,American Airlines,2,0.5,LAX-SKF,2,0.5,2739.3640534814103,1099.0838889681586,0.0,3,250.0,200.501870315466,1,0.3333333333333333,0.1,5.0,5.0,745.0,2.3333333333333335,1.5275252316519468,1.3333333333333333,0.5773502691896257,Starwood,2,0.6666666666666666,False,True,False,False,True,False,False,False,1764.65,5.0,5,3,4,4.15,1535.953556741136,4,4234.18656148978,False,509.825
2044,524637,1986-02-22,37.0,F,False,False,usa,new york,JFK,40.64,-73.779,2023-01-11,198,8,19.25,0.375,143.125,1.3333333333333333,34.0,124.0,8.666666666666666,0.0,3,3,1.0,0,0.0,3,3,1.0,357.37666666666667,335.780633797325,0.0,0.0,0.0,1072.13,0,0.0,1.0,0.0,1.0,1.0,Air Canada,3,0.3333333333333333,JFK-UGN,3,0.3333333333333333,1938.1490504745395,1740.748706510815,0.0,3,138.0,47.57099956906519,0,0.0,0.0,0.0,0.0,414.0,3.6666666666666665,2.8867513459481287,1.0,0.0,Banyan Tree,3,0.3333333333333333,False,True,False,False,True,False,False,True,1486.13,0.0,3,3,3,3.0,1293.5294020228966,3,3565.89220220826,True,357.37666666666667
2048,524668,1977-11-20,45.0,F,False,False,usa,new york,JFK,40.64,-73.779,2023-01-11,198,9,13.88888888888889,0.4444444444444444,104.44444444444444,1.8,75.0,75.0,8.5,0.0,4,3,0.75,0,0.0,3,2,0.6666666666666666,379.96,212.155026336875,0.0,0.0,0.0,1139.88,0,0.0,1.0,0.0,1.0,0.0,American Airlines,3,0.3333333333333333,JFK-DMA,3,0.3333333333333333,2726.871754319263,1696.5927938147381,0.0,4,130.25,72.25591094621025,1,0.25,0.05,2.05,2.05,518.95,3.5,2.3804761428476167,1.25,0.5,Best Western,3,0.5,False,True,False,False,True,False,False,False,1658.83,2.05,1,4,4,2.8,1082.8857727575858,3,2985.2077014405504,False,379.96
2049,524682,1976-04-19,47.0,F,True,False,usa,birmingham,BHM,33.563,-86.753,2023-01-11,198,8,26.25,0.25,195.75,1.3333333333333333,28.0,28.0,5.5,0.0,2,2,1.0,0,0.0,2,2,1.0,494.035,254.127106090633,0.0,0.0,0.0,988.07,0,0.0,1.5,0.7071067811865476,1.0,1.414213562373095,Southwest Airlines,2,0.5,BHM-MDW,2,0.5,2075.743187152641,1636.5138482670627,0.0,2,209.5,23.33452377915607,0,0.0,0.0,0.0,0.0,419.0,3.0,0.0,1.5,0.7071067811865476,Marriott,2,0.5,False,True,False,False,True,False,False,True,1407.07,0.0,3,2,3,2.75,1837.0732194064688,5,5064.2877214252885,False,329.3566666666667
2053,524766,1988-09-13,34.0,M,False,True,canada,ottawa,YOW,45.323,-75.669,2023-01-11,198,9,11.11111111111111,0.2222222222222222,81.88888888888889,1.8,59.0,70.0,6.5,0.0,2,2,1.0,0,0.0,2,2,1.0,549.785,100.78392952251862,0.05,23.926,23.926,1075.644,1,0.5,2.5,2.1213203435596424,1.0,0.0,Kenmore Air,2,0.5,YOW-BFI,2,0.5,2100.000986975419,2020.2989850976999,0.0,2,116.5,33.23401871576773,1,0.5,0.1,14.0,14.0,219.0,2.5,0.7071067811865476,2.5,2.1213203435596424,NH Hotel,2,0.5,False,True,False,False,False,False,False,False,1294.644,37.926,2,2,3,2.3499999999999996,1690.2896238746248,4,4659.647148199394,False,219.914
2057,524821,1996-06-03,27.0,F,True,True,usa,rochester,ROC,43.119,-77.672,2023-01-11,198,8,36.125,0.375,984.375,2.0,108.0,131.0,88.0,146.0,2,1,0.5,1,0.5,2,2,1.0,142.88,0.0,0.0,0.0,0.0,142.88,1,0.5,2.6666666666666665,0.7071067811865476,2.0,0.0,American Airlines,2,0.5,ROC-SAN,2,0.5,424.0163459615513,2259.3740585423984,0.0,1,0.0,0.0,1,1.0,0.0,0.0,0.0,0.0,11.0,0.0,2.0,0.0,Starwood,1,1.0,False,False,False,False,True,True,True,True,142.88,0.0,1,2,1,1.25,186.54439479826607,1,514.2497740959903,True,53.58
2071,524980,1974-09-05,48.0,F,True,False,usa,chicago,UGN,42.422,-87.868,2023-01-12,197,7,31.857142857142858,0.42857142857142855,729.0080585714286,1.1666666666666667,39.0,151.0,11.5,5.0,2,2,1.0,1,0.5,2,2,1.0,496.21,0.0,0.1,49.621,49.621,446.589,2,1.0,1.0,0.0,1.0,0.0,American Airlines,2,0.5,UGN-JFK,2,0.5,2785.792970817019,1129.8443683503651,0.0,2,107.0,0.0,1,0.5,0.0,0.0,0.0,107.0,4.5,2.1213203435596424,1.0,0.0,Starwood,2,0.5,False,False,False,False,False,False,False,True,553.589,49.621,3,2,1,2.0500000000000003,722.7668321107036,1,1992.4623333708375,True,496.21
2072,525022,1975-08-08,47.0,F,True,False,usa,st. louis,STL,38.748,-90.36,2023-01-12,197,8,42.375,0.5,1030.25,1.3333333333333333,35.0,47.0,69.33333333333333,185.0,3,1,0.3333333333333333,1,0.3333333333333333,2,2,1.0,210.48,0.0,0.0,0.0,0.0,210.48,1,0.5,1.6666666666666667,0.7071067811865476,1.0,0.0,AirTran Airways,2,0.5,STL-SJC,2,0.5,1107.7035660804797,1164.5961834402021,0.0,2,150.5,126.572113832392,1,0.5,0.05,12.0,12.0,289.0,2.0,1.414213562373095,1.5,0.7071067811865476,Four Seasons,1,1.0,False,False,False,False,True,False,False,False,499.48,12.0,3,3,1,2.3000000000000003,434.7480137823719,1,1198.4764705368855,False,126.28799999999998
2084,525201,1973-06-24,50.0,M,False,False,usa,norfolk,ORF,36.894,-76.201,2023-01-12,197,8,18.125,0.75,134.125,1.3333333333333333,56.0,56.0,6.333333333333333,0.0,6,2,0.3333333333333333,0,0.0,3,3,1.0,639.47,595.519499932622,0.0,0.0,0.0,1918.41,0,0.0,1.3333333333333333,0.5773502691896257,1.0,0.0,American Airlines,2,0.6666666666666666,ORF-LUF,3,0.3333333333333333,2330.933804081888,1723.2659664490413,0.0,5,78.4,22.1201265819163,0,0.0,0.0,0.0,0.0,392.0,4.2,1.6431676725154982,1.2,0.4472135954999579,Best Western,5,0.2,False,True,False,False,True,False,False,True,2310.41,0.0,2,5,5,3.8,1005.4918700678004,2,2771.8547512344094,False,479.6025
2089,525265,1978-03-12,45.0,M,True,False,usa,houston,EFD,29.607,-95.159,2023-01-12,197,9,20.333333333333332,0.3333333333333333,149.66666666666666,1.2857142857142858,18.0,18.0,11.333333333333334,0.0,3,3,1.0,0,0.0,3,3,1.0,465.29333333333335,98.71655247897048,0.1,39.636,39.636,1356.244,1,0.3333333333333333,1.3333333333333333,0.5773502691896257,1.3333333333333333,0.5773502691896257,American Airlines,3,0.3333333333333333,EFD-LAX,3,0.3333333333333333,2174.6474403089637,456.7563022363979,0.0,3,117.33333333333333,19.655363983740756,1,0.3333333333333333,0.1,10.7,10.7,341.3,2.3333333333333335,1.5275252316519468,1.3333333333333333,0.5773502691896257,Aman Resorts,3,0.3333333333333333,False,True,False,False,False,False,False,False,1697.544,50.336,4,3,4,3.75,1477.5444108036013,4,4073.1691793486566,False,348.97
2092,525323,1993-03-07,30.0,F,False,False,usa,memphis,MEM,35.042,-89.977,2023-01-12,197,8,11.5,0.25,85.5,1.6,58.0,147.0,6.0,0.0,2,2,1.0,0,0.0,2,2,1.0,365.97,73.14312544593648,0.0,0.0,0.0,731.94,0,0.0,1.0,0.0,1.0,1.414213562373095,American Airlines,1,1.0,MEM-LSQ,2,0.5,2209.1067588993633,552.3834392531822,0.0,2,206.0,140.007142674936,0,0.0,0.0,0.0,0.0,412.0,6.0,5.656854249492381,1.0,0.0,Banyan Tree,2,0.5,False,True,False,False,True,False,False,True,1143.94,0.0,2,2,3,2.3499999999999996,1493.5302000666888,4,4117.237448063881,True,365.97
2109,525611,1984-05-02,39.0,F,False,False,usa,miami,TNT,25.862,-80.897,2023-01-12,197,8,23.25,0.625,174.25,1.1428571428571428,10.0,10.0,7.2,0.0,5,4,0.8,0,0.0,4,4,1.0,398.4225,175.475039321836,0.0,0.0,0.0,1593.69,0,0.0,1.0,0.0,1.0,0.816496580927726,AirTran Airways,4,0.25,TNT-JFK,3,0.5,2350.522977154363,1161.2188796543874,0.0,5,155.2,55.75571719563833,0,0.0,0.0,0.0,0.0,776.0,5.8,7.981227975693966,1.0,0.0,Aman Resorts,5,0.2,False,True,False,False,True,False,False,True,2369.69,0.0,5,5,5,5.0,1237.5486755585193,3,3411.569281012115,False,398.4225
2111,525631,1978-09-02,44.0,M,False,False,usa,new york,JFK,40.64,-73.779,2023-01-12,197,8,35.25,0.5,976.875,1.3333333333333333,42.0,132.0,79.33333333333333,135.0,3,1,0.3333333333333333,1,0.3333333333333333,2,2,1.0,1435.03,0.0,0.0,0.0,0.0,1435.03,1,0.5,2.0,0.0,1.0,0.0,British Airways,2,0.5,JFK-WAW,2,0.5,3974.209842999768,2031.8805947240517,0.0,2,83.5,28.991378028648448,0,0.0,0.0,0.0,0.0,167.0,6.5,3.5355339059327378,1.5,0.7071067811865476,Hilton,2,0.5,False,False,False,False,True,False,False,True,1602.03,0.0,2,3,4,2.95,1394.4089063021006,4,3843.98826798712,True,717.515
2115,525716,1968-11-19,54.0,F,True,False,usa,oklahoma city,TIK,35.415,-97.386,2023-01-12,197,8,15.125,0.5,112.875,1.3333333333333333,42.0,106.0,7.5,0.0,4,3,0.75,0,0.0,3,3,1.0,339.17,139.570298774489,0.05,22.602,22.602,994.908,1,0.3333333333333333,1.0,0.0,1.0,0.0,American Airlines,3,0.3333333333333333,TIK-JFK,3,0.3333333333333333,1847.0283657840528,656.0740953650284,0.0,4,140.0,30.144098372097094,1,0.25,0.1,15.6,15.6,544.4,6.25,4.573474244670748,1.0,0.0,Crowne Plaza,4,0.25,False,True,False,False,False,False,False,False,1539.308,38.202,2,4,4,3.2,1004.8616995665221,2,2770.117550616429,True,339.17
2123,525824,1985-02-15,38.0,F,True,False,usa,detroit,YIP,42.238,-83.53,2023-01-12,197,9,13.333333333333334,0.2222222222222222,100.11111111111111,1.8,85.0,124.0,6.5,0.0,2,1,0.5,0,0.0,2,2,1.0,690.84,511.266487069121,0.2,65.864,65.864,1315.816,1,0.5,1.5,0.7071067811865476,1.0,0.0,Delta Air Lines,2,0.5,YIP-DEN,2,0.5,2290.561012130231,711.5228289429471,0.0,1,269.0,0.0,0,0.0,0.0,0.0,0.0,269.0,9.0,0.0,2.0,0.0,Conrad,1,1.0,False,True,False,False,False,False,True,True,1584.816,65.864,1,2,4,2.3,2069.1387289096365,5,5704.0262456866685,True,460.56
2124,525842,1982-04-26,41.0,F,True,False,usa,jacksonville,LRF,34.918,-92.146,2023-01-12,197,8,15.0,0.375,111.875,1.3333333333333333,33.0,33.0,6.0,0.0,3,2,0.6666666666666666,0,0.0,2,1,0.5,95.115,83.75679823154655,0.0,0.0,0.0,190.23,0,0.0,1.0,0.0,1.0,0.0,AirTran Airways,2,0.5,LRF-LGA,2,0.5,964.491173761644,1083.8559028875497,0.0,3,212.33333333333334,198.283467120517,0,0.0,0.0,0.0,0.0,637.0,4.333333333333333,1.1547005383792515,1.0,0.0,Extended Stay,3,0.3333333333333333,False,True,False,False,True,False,False,True,827.23,0.0,3,3,2,2.6500000000000004,720.0220217850394,1,1984.8956729443178,False,95.115
2128,525879,1985-05-13,38.0,F,False,True,usa,new york,LGA,40.777,-73.872,2023-01-12,197,8,15.0,0.5,112.5,1.3333333333333333,27.0,57.0,9.0,0.0,4,4,1.0,0,0.0,4,3,0.75,163.0525,68.54754086277154,0.0,0.0,0.0,652.21,0,0.0,1.0,0.0,1.0,0.816496580927726,Delta Air Lines,3,0.5,LGA-JAX,4,0.25,1065.838644405512,384.00555362588153,0.0,4,224.5,53.36977921383349,0,0.0,0.0,0.0,0.0,898.0,4.25,3.304037933599835,1.0,0.0,Banyan Tree,4,0.25,False,True,False,False,True,False,False,True,1550.21,0.0,3,4,4,3.6,1011.978535345115,2,2789.7366401922777,False,163.0525
2129,525920,1980-08-15,42.0,M,False,False,usa,madison,MSN,43.14,-89.337,2023-01-12,197,7,15.142857142857142,0.5714285714285714,113.28571428571429,1.4,62.0,62.0,7.5,0.0,4,1,0.25,0,0.0,2,2,1.0,618.6,338.576868967743,0.0,0.0,0.0,1237.2,0,0.0,2.5,2.1213203435596424,1.5,0.7071067811865476,Delta Air Lines,2,0.5,MSN-IAD,2,0.5,1625.3736357535254,692.6688784481843,0.0,3,136.66666666666666,34.07834111768549,0,0.0,0.0,0.0,0.0,410.0,4.333333333333333,2.516611478423583,2.3333333333333335,1.5275252316519468,Aman Resorts,3,0.3333333333333333,False,True,False,False,True,False,False,True,1647.2,0.0,2,4,4,3.2,1075.2936978992998,3,2964.278513056115,False,247.44
2135,526079,1974-05-17,49.0,F,True,False,usa,salt lake city,SLC,40.788,-111.978,2023-01-12,197,8,11.625,0.375,86.75,1.1428571428571428,7.0,7.0,9.0,0.0,3,1,0.3333333333333333,0,0.0,3,3,1.0,324.23,238.985155187514,0.1,57.713,57.713,914.977,1,0.3333333333333333,1.0,0.0,1.0,0.0,JetBlue Airways,3,0.3333333333333333,SLC-JFK,3,0.3333333333333333,1778.9454222510894,1315.6950941664334,0.0,1,170.0,0.0,0,0.0,0.0,0.0,0.0,170.0,5.0,0.0,1.0,0.0,NH Hotel,1,1.0,False,True,False,False,False,False,True,True,1084.977,57.713,5,3,3,3.8,944.3653314438147,2,2603.346291290339,False,324.23
2143,526203,1990-11-19,32.0,F,True,True,usa,new york,LGA,40.777,-73.872,2023-01-12,197,9,43.111111111111114,0.5555555555555556,383.4486988888889,1.2857142857142858,15.0,15.0,9.25,3.0,4,3,0.75,1,0.25,4,4,1.0,230.19666666666666,226.673224341415,0.1,47.642,47.642,642.948,2,0.5,1.0,0.0,1.0,0.816496580927726,Delta Air Lines,3,0.5,LGA-BOS,4,0.25,1219.0644852067799,1048.5338679675021,0.0,3,124.0,18.384776310850235,1,0.3333333333333333,0.0,0.0,0.0,248.0,7.333333333333333,3.0550504633038935,1.0,0.0,Aman Resorts,3,0.3333333333333333,False,False,False,False,False,False,False,True,890.948,47.642,5,4,2,3.7,581.6116862287429,1,1603.3377930125787,False,230.19666666666666
2154,526332,1995-03-04,28.0,F,False,False,canada,vancouver,YVR,49.195,-123.182,2023-01-12,197,8,14.125,0.25,103.125,1.1428571428571428,22.0,156.0,9.0,0.0,2,2,1.0,0,0.0,2,2,1.0,518.345,243.775062814062,0.0,0.0,0.0,1036.69,0,0.0,1.5,0.7071067811865476,1.0,0.0,British Airways,2,0.5,YVR-NZY,2,0.5,1899.9803387886814,0.0,0.0,2,577.0,417.193000900063,1,0.5,0.05,14.1,14.1,1139.9,7.0,7.0710678118654755,1.5,0.7071067811865476,Choice Hotels,2,0.5,False,True,False,False,True,False,False,False,2176.59,14.1,4,2,4,3.5,2841.7599683227745,5,7833.922982919877,True,345.56333333333333
2156,526365,1995-05-08,28.0,F,False,False,usa,nashville,BNA,36.124,-86.678,2023-01-12,197,7,15.714285714285714,0.2857142857142857,118.57142857142857,1.75,112.0,126.0,7.0,0.0,2,2,1.0,0,0.0,2,2,1.0,457.05,287.933881299162,0.0,0.0,0.0,914.1,0,0.0,2.5,0.7071067811865476,1.0,0.0,AirTran Airways,2,0.5,BNA-JFK,2,0.5,933.076455886291,419.5896424883957,0.0,2,113.0,49.49747468305833,0,0.0,0.0,0.0,0.0,226.0,5.5,2.1213203435596424,2.5,0.7071067811865476,Hilton,2,0.5,False,True,False,False,True,False,False,True,1140.1,0.0,1,2,3,1.9499999999999997,1488.5166888962985,4,4103.416625467796,True,182.82
2157,526367,1979-10-14,43.0,F,True,False,usa,birmingham,BHM,33.563,-86.753,2023-01-12,197,8,17.25,0.375,129.25,1.6,65.0,65.0,9.0,0.0,3,2,0.6666666666666666,0,0.0,2,2,1.0,328.085,270.348135651053,0.0,0.0,0.0,656.17,0,0.0,1.0,0.0,1.0,0.0,Air India Limited,2,0.5,BHM-CMH,2,0.5,1854.4039893005324,1500.1262262256753,0.0,3,272.6666666666667,63.72074492136241,0,0.0,0.0,0.0,0.0,818.0,11.666666666666666,10.785793124908958,1.0,0.0,Fairmont,3,0.3333333333333333,False,True,False,False,True,False,False,True,1474.17,0.0,1,3,3,2.1999999999999997,1283.1194031343782,3,3537.194799734445,False,328.085
2170,526565,1994-12-11,28.0,F,False,False,usa,little rock,LIT,34.729,-92.224,2023-01-12,197,9,11.333333333333334,0.3333333333333333,84.77777777777777,1.5,36.0,36.0,7.0,0.0,3,2,0.6666666666666666,0,0.0,2,2,1.0,349.12,375.289853046948,0.15,92.1735,92.1735,606.0665,1,0.5,1.5,0.7071067811865476,1.0,0.0,American Airlines,2,0.5,LIT-JFK,2,0.5,1120.8626147413815,885.2810605108064,0.0,3,167.0,28.478061731796284,2,0.6666666666666666,0.1,16.4,32.8,468.2,2.6666666666666665,1.5275252316519468,1.3333333333333333,0.5773502691896257,Four Seasons,3,0.3333333333333333,False,True,False,False,False,False,False,False,1074.2665,124.9735,3,3,3,3.0,935.0428989107479,2,2577.6469995515595,False,232.74666666666667
2176,526690,2001-07-12,22.0,F,False,True,usa,cleveland,CLE,41.412,-81.85,2023-01-12,197,8,21.875,0.25,162.0,1.3333333333333333,46.0,61.0,8.5,0.0,2,2,1.0,0,0.0,2,2,1.0,190.95,52.4107546215469,0.0,0.0,0.0,381.9,0,0.0,1.0,0.0,1.0,0.0,Delta Air Lines,2,0.5,CLE-LRF,2,0.5,1016.4535031312863,279.5328758428701,0.0,2,300.0,275.771644662754,0,0.0,0.0,0.0,0.0,600.0,4.0,0.0,1.0,0.0,Hilton,2,0.5,False,True,False,False,True,False,False,True,981.9,0.0,2,2,2,2.0,1281.9704734911636,3,3534.0275278895083,False,190.95
2178,526727,1960-09-21,62.0,F,True,True,usa,memphis,MEM,35.042,-89.977,2023-01-12,197,9,31.666666666666668,0.3333333333333333,870.7777777777778,1.8,60.0,139.0,103.0,118.0,2,1,0.5,1,0.5,2,2,1.0,238.57,0.0,0.0,0.0,0.0,238.57,1,0.5,3.0,2.1213203435596424,2.5,2.1213203435596424,WestJet,2,0.5,MEM-LGA,2,0.5,1264.9754390036496,201.2074769614084,0.0,1,249.0,0.0,0,0.0,0.0,0.0,0.0,249.0,3.0,0.0,1.0,0.0,Hilton,1,1.0,False,False,False,False,True,False,True,True,487.57,0.0,2,2,1,1.65,636.5723024341447,1,1754.848560722159,True,79.52333333333333
2184,526837,1976-11-24,46.0,F,True,False,usa,honolulu,HNL,21.316,-157.927,2023-01-12,197,8,40.375,0.5,1013.125,1.1428571428571428,12.0,77.0,81.0,159.0,3,3,1.0,1,0.3333333333333333,3,3,1.0,1060.94,328.083404334934,0.1,82.895,82.895,2038.985,2,0.6666666666666666,1.5,0.5773502691896257,1.0,1.0,American Airlines,3,0.3333333333333333,HNL-LSQ,3,0.3333333333333333,6009.246448682112,1471.3745257827243,1.0,3,325.5,276.47875144394,1,0.3333333333333333,0.0,0.0,0.0,651.0,9.0,10.44030650891055,1.0,0.0,InterContinental,3,0.3333333333333333,False,False,False,False,False,False,False,True,2689.985,82.895,5,3,5,4.5,2341.366292653107,5,6454.480116515505,False,707.2933333333334
2189,526873,1982-04-22,41.0,F,False,False,canada,london,YXU,43.036,-81.154,2023-01-12,197,8,29.125,0.375,215.125,1.6,81.0,81.0,11.0,0.0,3,2,0.6666666666666666,0,0.0,2,2,1.0,445.915,180.022315422283,0.0,0.0,0.0,891.83,0,0.0,1.0,0.0,1.0,0.0,Delta Air Lines,2,0.5,YXU-DAL,2,0.5,2557.4612876455612,1102.833854097687,0.0,3,181.0,51.39066063011839,2,0.6666666666666666,0.2,30.575,61.15,481.85,5.0,2.6457513110645907,1.3333333333333333,0.5773502691896257,Accor,3,0.3333333333333333,False,True,False,False,True,False,False,False,1373.68,61.15,1,3,3,2.1999999999999997,1195.6527820384574,3,3296.074233296847,False,445.915
2197,526959,1980-12-20,42.0,F,False,False,usa,seattle,SEA,47.449,-122.309,2023-01-12,197,8,15.875,0.375,118.125,1.6,72.0,72.0,8.666666666666666,0.0,3,3,1.0,0,0.0,3,3,1.0,857.02,355.195439300676,0.0,0.0,0.0,2571.06,0,0.0,1.3333333333333333,0.5773502691896257,1.0,1.7320508075688772,Alitalia,3,0.3333333333333333,SEA-HOU,3,0.3333333333333333,3560.3846127202137,442.7847384519088,0.0,3,59.0,10.583005244258363,0,0.0,0.0,0.0,0.0,177.0,3.6666666666666665,2.309401076758503,1.3333333333333333,0.5773502691896257,Best Western,3,0.3333333333333333,False,True,False,False,True,False,False,True,2748.06,0.0,1,3,5,2.9,2391.914844948316,5,6593.828080450856,False,642.765
2204,527075,1970-03-25,53.0,M,True,True,canada,edmonton,YXD,53.573,-113.521,2023-01-12,197,8,21.5,0.375,159.625,1.1428571428571428,9.0,9.0,9.333333333333334,0.0,3,3,1.0,0,0.0,3,1,0.3333333333333333,530.79,456.613191662265,0.0,0.0,0.0,1592.37,0,0.0,1.3333333333333333,0.5773502691896257,1.0,1.0,Allegiant Air,3,0.3333333333333333,YXD-LAX,3,0.3333333333333333,2864.6984433387565,706.857610127247,0.0,3,163.0,91.16468614545876,0,0.0,0.0,0.0,0.0,489.0,4.666666666666667,2.516611478423583,1.3333333333333333,0.5773502691896257,Aman Resorts,3,0.3333333333333333,False,True,False,False,True,False,False,True,2081.37,0.0,5,3,4,4.15,1811.6270390130042,5,4994.139848405056,False,398.0925
2206,527082,1984-07-21,39.0,M,False,False,usa,el paso,BIF,31.849,-106.38,2023-01-12,197,8,16.375,0.375,122.25,1.6,61.0,61.0,9.333333333333334,0.0,3,2,0.6666666666666666,0,0.0,2,2,1.0,207.755,99.45456877388791,0.0,0.0,0.0,415.51,0,0.0,1.0,0.0,1.0,0.0,Euro Exec Express,2,0.5,BIF-SAT,2,0.5,1181.5867454250263,516.7377364808972,0.0,3,216.0,161.331955916985,1,0.3333333333333333,0.2,26.4,26.4,621.6,4.0,4.358898943540674,1.0,0.0,Choice Hotels,3,0.3333333333333333,False,True,False,False,True,False,False,False,1037.11,26.4,2,3,2,2.25,902.7018350561298,2,2488.4918962891593,False,207.755
2210,527133,1976-01-25,47.0,F,False,False,usa,lubbock,LBB,33.664,-101.823,2023-01-12,197,9,51.22222222222222,0.6666666666666666,1013.1111111111111,1.5,29.0,29.0,9.4,4.0,5,4,0.8,1,0.2,4,4,1.0,375.18333333333334,113.790852151363,0.0,0.0,0.0,1125.55,1,0.25,1.0,0.0,1.0,0.0,Delta Air Lines,2,0.75,LBB-FAT,4,0.25,1995.4517266122032,473.32397280847124,0.0,5,115.5,61.14736298484179,3,0.6,0.225,28.075,56.15,405.85,4.0,3.162277660168379,1.0,0.0,Best Western,5,0.2,False,False,False,False,True,False,False,False,1531.4,56.15,3,5,4,3.85,799.759479826609,2,2204.709137879619,False,375.18333333333334
2214,527154,1988-03-01,35.0,F,False,False,usa,denver,DEN,39.858,-104.667,2023-01-12,197,8,9.0,0.25,66.875,1.3333333333333333,40.0,82.0,7.5,0.0,2,2,1.0,0,0.0,2,2,1.0,384.305,172.229998693607,0.1,26.252,26.252,742.358,1,0.5,1.0,0.0,1.0,1.414213562373095,American Airlines,2,0.5,DEN-EFD,2,0.5,2021.9963187714923,835.3255105896817,0.0,2,259.0,234.759451353934,0,0.0,0.0,0.0,0.0,518.0,4.0,1.414213562373095,1.0,0.0,Hilton,2,0.5,False,True,False,False,False,False,False,True,1260.358,26.252,3,2,3,2.75,1645.5257582527508,4,4536.245918113622,False,384.305
2215,527158,1973-04-15,50.0,F,True,False,canada,victoria,YYJ,48.647,-123.426,2023-01-13,196,8,21.75,0.5,480.060603875,1.3333333333333333,32.0,92.0,71.66666666666667,136.0,3,3,1.0,1,0.3333333333333333,3,3,1.0,477.595,483.639825128163,0.0,0.0,0.0,955.19,1,0.3333333333333333,2.0,1.0,1.0,0.0,China Eastern Airlines,3,0.3333333333333333,YYJ-MFM,3,0.3333333333333333,1207.014376227679,5287.2796739821715,0.0,3,169.5,161.927452891719,1,0.3333333333333333,0.0,0.0,0.0,339.0,4.666666666666667,4.725815626252609,1.6666666666666667,1.1547005383792515,Aman Resorts,3,0.3333333333333333,False,False,False,False,True,False,False,True,1294.19,0.0,3,3,3,3.0,1126.4645870845839,3,3105.342082574141,True,238.7975
2223,527326,1967-06-18,56.0,F,True,False,usa,tacoma,TCM,47.138,-122.476,2023-01-13,196,9,16.0,0.3333333333333333,118.77777777777777,1.5,49.0,71.0,6.333333333333333,0.0,3,1,0.3333333333333333,0,0.0,2,2,1.0,707.545,187.941911371572,0.15,126.066,126.066,1289.024,1,0.5,3.0,0.0,1.0,0.0,Alaska Airlines,2,0.5,TCM-DEN,2,0.5,1350.923213310566,413.55346071860293,0.0,2,167.0,21.213203435596427,0,0.0,0.0,0.0,0.0,334.0,1.5,0.7071067811865476,2.5,0.7071067811865476,Fairmont,2,0.5,False,True,False,False,False,False,False,True,1623.024,126.066,2,3,4,2.95,1412.6821100366788,4,3894.362287011808,False,235.84833333333333
2231,527396,1982-12-13,40.0,M,False,False,usa,austin,AUS,30.194,-97.67,2023-01-13,196,9,15.444444444444445,0.3333333333333333,115.44444444444444,1.5,52.0,89.0,7.666666666666667,0.0,3,2,0.6666666666666666,0,0.0,2,2,1.0,375.285,63.66082351022487,0.1,37.5285,75.057,675.513,2,1.0,1.0,0.0,1.0,0.0,American Airlines,2,0.5,AUS-NZY,2,0.5,2121.7877850787527,353.02347366365393,0.0,3,153.33333333333334,153.54912351861,0,0.0,0.0,0.0,0.0,460.0,13.333333333333334,13.576941236277534,1.0,0.0,Crowne Plaza,3,0.3333333333333333,False,True,False,False,False,False,False,True,1135.513,75.057,2,3,3,2.5999999999999996,988.351928754029,2,2724.604813984044,False,375.285
2237,527455,1996-03-02,27.0,F,True,False,canada,winnipeg,YWG,49.91,-97.234,2023-01-13,196,8,36.5,0.375,984.25,1.1428571428571428,23.0,77.0,129.5,199.0,2,1,0.5,1,0.5,2,2,1.0,430.0,0.0,0.0,0.0,0.0,430.0,1,0.5,1.6666666666666667,0.7071067811865476,1.0,0.0,United Airlines,2,0.5,YWG-XSP,2,0.5,2092.173164894341,8393.816179960037,0.0,1,83.0,0.0,1,1.0,0.1,8.3,8.3,74.7,7.0,0.0,1.0,0.0,Conrad,1,1.0,False,False,False,False,True,False,True,False,504.7,8.3,4,2,1,2.45,658.9372624208069,1,1816.502386521881,False,258.0
2238,527464,1977-04-20,46.0,F,False,False,usa,denver,DEN,39.858,-104.667,2023-01-13,196,8,20.875,0.625,156.875,1.1428571428571428,25.0,68.0,7.0,0.0,5,4,0.8,0,0.0,4,4,1.0,305.9775,95.40777165234846,0.0,0.0,0.0,1223.91,0,0.0,1.0,0.0,1.0,0.0,United Airlines,3,0.5,DEN-EFD,4,0.25,1698.4891500757562,534.314328680686,0.0,5,215.0,204.011029113624,0,0.0,0.0,0.0,0.0,1075.0,5.2,6.099180272790763,1.2,0.4472135954999579,Accor,5,0.2,False,True,False,False,True,False,False,True,2298.91,0.0,4,5,5,4.6,1200.5844754918305,3,3309.669507746398,False,305.9775
2243,527508,1970-06-17,53.0,F,True,False,usa,san antonio,SAT,29.534,-98.47,2023-01-13,196,8,16.25,0.375,121.5,1.3333333333333333,45.0,70.0,8.333333333333334,0.0,3,2,0.6666666666666666,0,0.0,3,3,1.0,369.24333333333334,125.495092068707,0.0,0.0,0.0,1107.73,0,0.0,1.0,0.0,1.0,0.0,Delta Air Lines,3,0.3333333333333333,SAT-BNA,3,0.3333333333333333,1939.0213970755394,614.6399665433522,0.0,2,222.5,137.885822331377,0,0.0,0.0,0.0,0.0,445.0,5.0,1.414213562373095,1.0,0.0,Choice Hotels,2,0.5,False,True,False,False,True,False,False,True,1552.73,0.0,2,3,4,2.95,1351.4981249305324,4,3725.695463475491,False,369.24333333333334
2270,527995,1972-05-27,51.0,F,True,True,usa,nashville,BNA,36.124,-86.678,2023-01-13,196,8,20.625,0.375,152.75,1.6,68.0,124.0,6.333333333333333,0.0,3,1,0.3333333333333333,0,0.0,2,2,1.0,477.745,201.645640790968,0.0,0.0,0.0,955.49,0,0.0,1.0,0.0,1.0,0.0,United Airlines,1,1.0,BNA-DEN,2,0.5,2452.4922815965715,1167.351726975094,0.0,2,138.0,35.35533905932738,1,0.5,0.1,16.3,16.3,259.7,3.0,1.414213562373095,1.0,0.0,Banyan Tree,2,0.5,False,True,False,False,True,False,False,False,1215.19,16.3,1,3,3,2.1999999999999997,1057.7028887406914,2,2915.7856615514493,True,477.745
2295,528379,1974-04-16,49.0,F,True,True,usa,new york,LGA,40.777,-73.872,2023-01-13,196,8,32.75,0.25,240.875,1.6,69.0,124.0,6.0,0.0,2,2,1.0,0,0.0,2,2,1.0,562.245,197.205010205116,0.15,105.2535,105.2535,1019.2365,1,0.5,1.0,0.0,1.0,0.0,Delta Air Lines,2,0.5,LGA-EFD,2,0.5,3215.1301307886847,1309.457018037219,0.0,2,177.5,173.241161390704,0,0.0,0.0,0.0,0.0,355.0,2.0,0.0,1.0,0.0,Accor,2,0.5,False,True,False,False,False,False,False,True,1374.2365,105.2535,1,2,3,1.9499999999999997,1794.2057404968323,5,4946.114289469937,True,562.245
2296,528411,1979-11-19,43.0,F,True,False,usa,milwaukee,MKE,42.947,-87.896,2023-01-13,196,8,14.25,0.5,107.5,2.0,109.0,125.0,8.25,0.0,4,3,0.75,0,0.0,4,4,1.0,165.0875,47.44608123965561,0.2,25.296,25.296,635.054,1,0.25,1.0,0.0,1.0,0.0,United Airlines,2,0.75,MKE-BNA,4,0.25,960.5677642305952,266.811513516381,0.0,3,304.3333333333333,194.168311867136,0,0.0,0.0,0.0,0.0,913.0,1.6666666666666667,1.1547005383792515,1.0,0.0,Marriott,3,0.3333333333333333,False,True,False,False,False,False,False,True,1548.054,25.296,1,4,4,2.8,1010.5710965321774,2,2785.856732182231,True,165.0875
2306,528542,1967-10-26,55.0,F,False,False,usa,philadelphia,PNE,40.082,-75.011,2023-01-13,196,8,13.375,0.375,98.875,2.0,89.0,110.0,7.333333333333333,0.0,3,3,1.0,0,0.0,3,3,1.0,311.8933333333333,204.458612030243,0.0,0.0,0.0,935.68,0,0.0,1.6666666666666667,1.1547005383792515,1.0,0.0,United Airlines,2,0.6666666666666666,PNE-EFD,3,0.3333333333333333,1269.3121456186875,823.0322004324341,0.0,3,245.66666666666666,42.19399641339196,0,0.0,0.0,0.0,0.0,737.0,4.333333333333333,3.511884584284246,1.6666666666666667,1.1547005383792515,Fairmont,3,0.3333333333333333,False,True,False,False,True,False,False,True,1672.68,0.0,1,3,4,2.55,1455.9027542514173,4,4013.5092951422234,True,187.136
2308,528580,1976-04-08,47.0,F,True,False,usa,new york,JFK,40.64,-73.779,2023-01-13,196,9,14.88888888888889,0.3333333333333333,110.77777777777777,1.5,36.0,36.0,8.0,0.0,3,1,0.3333333333333333,0,0.0,2,2,1.0,810.39,950.111097609116,0.0,0.0,0.0,1620.78,0,0.0,1.5,0.7071067811865476,1.0,0.0,Alaska Airlines,2,0.5,JFK-CMH,2,0.5,2353.6742254673454,2231.8082075168113,0.0,2,145.5,16.263455967290593,1,0.5,0.1,13.4,13.4,277.6,6.5,0.7071067811865476,1.5,0.7071067811865476,Hyatt,2,0.5,False,True,False,False,True,False,False,False,1898.38,13.4,3,3,4,3.35,1652.3523152161833,4,4555.064791658951,False,540.26
2315,528706,1977-06-06,46.0,F,True,False,usa,new york,JFK,40.64,-73.779,2023-01-13,196,8,10.625,0.25,79.125,2.0,96.0,141.0,6.5,0.0,2,2,1.0,0,0.0,2,2,1.0,562.735,216.608020280875,0.1,40.957,40.957,1084.513,1,0.5,1.0,0.0,1.0,0.0,Alaska Airlines,2,0.5,JFK-EFD,2,0.5,3131.90342282678,1191.2011630825705,0.0,2,77.0,41.012193308819754,0,0.0,0.0,0.0,0.0,154.0,1.5,0.7071067811865476,1.0,0.0,Accor,2,0.5,False,True,False,False,False,False,False,True,1238.513,40.957,1,2,3,1.9499999999999997,1617.0048854618205,4,4457.621993735634,True,562.735
2316,528723,1988-12-25,34.0,F,False,True,canada,calgary,YYC,51.114,-114.02,2023-01-13,196,8,21.0,0.5,155.5,1.3333333333333333,45.0,45.0,8.25,0.0,4,3,0.75,0,0.0,3,3,1.0,575.16,379.988064549401,0.0,0.0,0.0,1725.48,0,0.0,1.6666666666666667,1.1547005383792515,1.0,1.0,American Airlines,2,0.6666666666666666,YYC-LSV,3,0.3333333333333333,1857.6113846592652,337.5328196211588,0.0,4,96.5,60.95079983068311,0,0.0,0.0,0.0,0.0,386.0,7.25,2.8722813232690143,1.5,1.0,Banyan Tree,4,0.25,False,True,False,False,True,False,False,True,2111.48,0.0,2,4,4,3.2,1378.3761153717905,4,3799.790429060057,False,345.09599999999995
2318,528743,1972-06-24,51.0,F,False,False,usa,riverside,RIV,33.881,-117.259,2023-01-13,196,8,18.25,0.5,440.159554,1.3333333333333333,52.0,143.0,70.0,106.0,3,2,0.6666666666666666,1,0.3333333333333333,3,3,1.0,700.44,58.59086788911733,0.0,0.0,0.0,1400.88,1,0.3333333333333333,2.0,1.1547005383792515,1.0,1.0,Malaysia Airlines,3,0.3333333333333333,RIV-DEL,3,0.3333333333333333,3807.8504052047006,5254.8273755652235,0.0,2,349.5,282.135605693432,0,0.0,0.0,0.0,0.0,699.0,2.5,0.7071067811865476,1.0,0.0,Accor,2,0.5,False,False,False,False,True,False,False,True,2099.88,0.0,2,3,4,2.95,1827.738166055352,5,5038.553637685183,True,350.22
2328,528844,1987-12-18,35.0,F,False,False,usa,houston,IAH,29.98,-95.34,2023-01-13,196,9,13.666666666666666,0.2222222222222222,101.77777777777777,2.25,115.0,115.0,8.5,0.0,2,2,1.0,0,0.0,2,2,1.0,666.735,615.317249920722,0.0,0.0,0.0,1333.47,0,0.0,1.5,0.7071067811865476,1.0,0.0,Frontier Airlines,2,0.5,IAH-BFI,2,0.5,2202.6518652680325,1153.043952585193,0.0,2,147.5,3.5355339059327378,1,0.5,0.15,21.75,21.75,273.25,3.0,1.414213562373095,1.5,0.7071067811865476,InterContinental,2,0.5,False,True,False,False,True,False,False,False,1606.72,21.75,1,2,4,2.3,2097.736632210737,5,5782.862521245169,True,444.49
2337,528967,2004-12-26,18.0,F,False,False,usa,nashville,BNA,36.124,-86.678,2023-01-13,196,8,12.625,0.375,93.75,2.0,89.0,89.0,7.0,0.0,3,2,0.6666666666666666,0,0.0,2,2,1.0,414.745,339.276904681117,0.15,26.226,26.226,803.264,1,0.5,2.0,1.414213562373095,1.0,1.414213562373095,Delta Air Lines,1,1.0,BNA-FTW,2,0.5,1137.5365935376853,130.43934285712362,0.0,3,110.0,43.86342439892262,0,0.0,0.0,0.0,0.0,330.0,2.3333333333333335,1.5275252316519468,2.0,1.0,Accor,3,0.3333333333333333,False,True,False,False,False,False,False,True,1133.264,26.226,1,3,3,2.1999999999999997,986.3943963543403,2,2719.208454605816,False,207.3725
2340,529019,1975-11-10,47.0,F,True,False,usa,philadelphia,PNE,40.082,-75.011,2023-01-13,196,8,20.625,0.625,153.75,1.3333333333333333,51.0,51.0,68.8,0.0,5,3,0.6,0,0.0,5,5,1.0,1239.596,2152.234170851304,0.15,99.8715,99.8715,6098.1085,1,0.2,1.2,0.4472135954999579,1.0,0.7071067811865476,Delta Air Lines,4,0.4,PNE-LGA,4,0.4,4105.505395582372,5754.084531152404,0.2,3,83.33333333333333,34.53018003621373,0,0.0,0.0,0.0,0.0,250.0,6.0,5.291502622129181,1.0,0.0,Hilton,3,0.3333333333333333,False,True,False,False,False,False,False,True,6348.1085,99.8715,2,5,5,3.8,3315.2409245415142,5,9139.175145749823,False,1032.9966666666667
2343,529050,1982-07-26,41.0,F,False,False,usa,new york,JFK,40.64,-73.779,2023-01-13,196,8,16.625,0.25,124.125,1.3333333333333333,34.0,34.0,9.0,0.0,2,2,1.0,0,0.0,2,2,1.0,592.595,280.205204180793,0.0,0.0,0.0,1185.19,0,0.0,1.0,0.0,1.0,0.0,AirTran Airways,2,0.5,JFK-HOU,2,0.5,3220.685270781817,1316.757656553129,0.0,2,167.5,57.27564927611035,0,0.0,0.0,0.0,0.0,335.0,5.0,2.8284271247461903,1.0,0.0,Conrad,2,0.5,False,True,False,False,True,False,False,True,1520.19,0.0,3,2,4,3.1,1984.7629026342115,5,5471.426120401622,False,592.595
2345,529205,1985-05-04,38.0,F,False,False,usa,fort worth,FTW,32.82,-97.362,2023-01-14,195,7,62.0,0.7142857142857143,1318.7142857142858,1.0,9.0,9.0,8.75,2.0,4,4,1.0,1,0.25,4,4,1.0,317.06333333333333,175.197979820925,0.1,11.845,11.845,939.345,2,0.5,1.0,0.0,1.0,0.816496580927726,Allegiant Air,4,0.25,FTW-ORD,4,0.25,1668.5677522213934,707.8765778679985,0.0,4,203.0,57.584720195551874,1,0.25,0.0,0.0,0.0,609.0,2.75,1.5,1.0,0.0,Accor,3,0.25,False,False,False,False,False,False,False,True,1548.345,11.845,5,4,4,4.4,1010.7610616038679,2,2786.380411788411,False,317.06333333333333
2346,529214,1960-06-28,63.0,F,True,False,usa,tucson,DMA,32.166,-110.883,2023-01-14,195,8,20.375,0.25,152.0,1.3333333333333333,54.0,150.0,8.0,0.0,2,2,1.0,0,0.0,2,2,1.0,609.965,34.99471460092224,0.0,0.0,0.0,1219.93,0,0.0,1.0,0.0,1.0,0.0,American Airlines,2,0.5,DMA-LGA,2,0.5,3359.08700451195,91.62027406035159,0.0,2,115.5,20.506096654409877,0,0.0,0.0,0.0,0.0,231.0,2.5,0.7071067811865476,1.0,0.0,Fairmont,2,0.5,False,True,False,False,True,False,False,True,1450.93,0.0,2,2,3,2.3499999999999996,1894.3369173057686,5,5222.1474295149455,True,609.965
2361,529422,1968-04-13,55.0,F,True,False,usa,baltimore,BWI,39.175,-76.668,2023-01-14,195,8,13.25,0.25,98.125,1.3333333333333333,37.0,126.0,11.0,0.0,2,1,0.5,0,0.0,2,2,1.0,457.415,371.662395259461,0.0,0.0,0.0,914.83,0,0.0,2.0,1.414213562373095,1.0,0.0,Delta Air Lines,2,0.5,BWI-MEM,2,0.5,1122.7639325323526,201.11744117721733,0.0,1,163.0,0.0,0,0.0,0.0,0.0,0.0,163.0,4.0,0.0,1.0,0.0,Fairmont,1,1.0,False,True,False,False,True,False,True,True,1077.83,0.0,3,2,3,2.75,1407.2168606202065,4,3879.296150713055,True,228.7075
2372,529602,1979-02-14,44.0,M,True,True,usa,charlotte,CLT,35.214,-80.943,2023-01-14,195,8,46.375,0.5,1060.125,1.1428571428571428,25.0,50.0,110.0,284.0,3,2,0.6666666666666666,1,0.3333333333333333,3,3,1.0,404.78,194.609928318162,0.0,0.0,0.0,809.56,1,0.3333333333333333,4.0,3.4641016151377544,2.0,3.4641016151377544,Pegasus Airlines,3,0.3333333333333333,CLT-AMS,3,0.3333333333333333,2329.7263532796,2669.8054184046796,0.0,2,215.5,190.211724139181,0,0.0,0.0,0.0,0.0,431.0,7.5,0.7071067811865476,1.0,0.0,NH Hotel,2,0.5,False,False,False,False,True,False,False,True,1240.56,0.0,4,3,3,3.4,1079.7849683227741,3,2976.659666631774,False,101.195
2378,529734,1985-04-06,38.0,F,True,False,usa,philadelphia,PNE,40.082,-75.011,2023-01-14,195,8,15.5,0.625,115.375,1.3333333333333333,52.0,52.0,8.4,0.0,5,4,0.8,0,0.0,4,4,1.0,618.32,553.824541348612,0.1,7.372,7.372,2465.908,1,0.25,1.25,0.5,1.0,0.816496580927726,American Airlines,2,0.75,PNE-BOS,4,0.25,2507.689914769033,1596.8205483319537,0.0,5,169.6,71.9569315632622,1,0.2,0.05,9.0,9.0,839.0,3.2,1.3038404810405297,1.4,0.5477225575051661,Accor,5,0.2,False,True,False,False,False,False,False,False,3304.908,16.372,2,5,5,3.8,1725.957622407469,5,4757.973662956415,False,494.65600000000006
2392,529940,1958-04-09,65.0,F,True,True,usa,nashville,BNA,36.124,-86.678,2023-01-14,195,9,15.333333333333334,0.3333333333333333,114.0,1.2857142857142858,14.0,76.0,7.666666666666667,0.0,3,1,0.3333333333333333,0,0.0,2,2,1.0,163.4,96.74634980194344,0.0,0.0,0.0,326.8,0,0.0,1.0,0.0,1.0,0.0,Allegiant Air,2,0.5,BNA-JFK,2,0.5,997.7924200108347,328.0674483214154,0.0,2,174.5,142.128463018496,0,0.0,0.0,0.0,0.0,349.0,2.5,0.7071067811865476,1.0,0.0,Best Western,2,0.5,False,True,False,False,True,False,False,True,675.8,0.0,5,3,2,3.45,588.2171612759809,1,1621.5472066725938,False,163.4
2393,529972,1968-05-26,55.0,F,True,True,usa,wichita,IAB,37.623,-97.267,2023-01-14,195,8,13.625,0.375,101.625,1.6,63.0,121.0,5.666666666666667,0.0,3,2,0.6666666666666666,0,0.0,2,2,1.0,706.8,565.430866508011,0.2,61.396,61.396,1352.204,1,0.5,2.0,1.414213562373095,1.0,0.0,Delta Air Lines,2,0.5,IAB-LGA,2,0.5,1851.169358413346,277.2298582022464,0.0,3,99.66666666666667,36.22614157391501,1,0.3333333333333333,0.1,6.6,6.6,292.4,12.333333333333334,15.37313674346694,1.6666666666666667,1.1547005383792515,Crowne Plaza,3,0.3333333333333333,False,True,False,False,False,False,False,False,1644.604,67.996,2,3,4,2.95,1431.4653689007446,4,3946.142382779779,True,353.4
2397,530118,1981-03-25,42.0,F,False,False,usa,indianapolis,IND,39.717,-86.294,2023-01-14,195,7,17.857142857142858,0.5714285714285714,133.42857142857142,1.0,16.0,16.0,8.0,0.0,4,4,1.0,0,0.0,4,4,1.0,246.3925,96.2182416436717,0.15,32.2605,32.2605,953.3095,1,0.25,1.0,0.0,1.0,0.816496580927726,Air Europa,4,0.25,IND-FTW,4,0.25,1616.4467980141742,868.3107019556907,0.0,4,168.75,76.72624496654757,0,0.0,0.0,0.0,0.0,675.0,2.25,0.9574271077563381,1.0,0.0,Aman Resorts,4,0.25,False,True,False,False,False,False,False,True,1628.3095,32.2605,4,4,4,4.0,1062.9619618622874,2,2930.28342851818,False,246.3925
2398,530188,1986-09-17,36.0,F,False,False,usa,san antonio,SKF,29.384,-98.581,2023-01-14,195,9,20.22222222222222,0.4444444444444444,150.88888888888889,1.2857142857142858,11.0,11.0,7.0,0.0,4,4,1.0,0,0.0,4,4,1.0,552.805,400.878470819607,0.0,0.0,0.0,2211.22,0,0.0,1.5,1.0,1.25,1.2583057392117916,AirTran Airways,4,0.25,SKF-DCA,4,0.25,2202.193947483068,585.4689056942577,0.0,4,145.75,64.32923130272893,0,0.0,0.0,0.0,0.0,583.0,4.25,4.573474244670748,1.5,1.0,Conrad,4,0.25,False,True,False,False,True,False,False,True,2794.22,0.0,5,4,5,4.75,1824.0694248082693,5,5028.439962816694,False,368.53666666666663
2403,530240,1978-01-14,45.0,F,False,True,usa,san antonio,SKF,29.384,-98.581,2023-01-14,195,8,18.75,0.25,140.125,2.0,99.0,160.0,7.0,0.0,2,2,1.0,0,0.0,2,2,1.0,644.98,270.256211769498,0.15,68.082,68.082,1221.878,1,0.5,1.5,0.7071067811865476,1.0,0.0,Cebu Pacific,2,0.5,SKF-JFK,2,0.5,2451.9331451115277,165.99386140804813,0.0,2,239.5,95.45941546018392,1,0.5,0.15,25.8,25.8,453.2,4.0,2.8284271247461903,1.5,0.7071067811865476,Hyatt,2,0.5,False,True,False,False,False,False,False,False,1675.078,93.882,1,2,4,2.3,2186.984964654885,5,6028.894758490786,True,429.9866666666667
2409,530322,1978-08-16,44.0,M,False,True,canada,windsor,YQG,42.276,-82.956,2023-01-14,195,8,13.875,0.25,102.75,1.6,76.0,121.0,6.5,0.0,2,2,1.0,0,0.0,2,1,0.5,203.435,31.685454864969195,0.0,0.0,0.0,406.87,0,0.0,1.0,0.0,1.5,0.7071067811865476,Air Canada,2,0.5,YQG-YQB,2,0.5,1792.0191673231748,1059.192446780587,0.0,2,306.0,149.906637611548,0,0.0,0.0,0.0,0.0,612.0,2.5,2.1213203435596424,1.0,0.0,Choice Hotels,2,0.5,False,True,False,False,True,False,False,True,1018.87,0.0,1,2,2,1.6,1330.2385745248416,4,3667.088937102336,True,203.435
2418,530427,1979-02-24,44.0,M,False,False,usa,seattle,SEA,47.449,-122.309,2023-01-14,195,8,27.75,0.375,207.125,1.3333333333333333,52.0,52.0,6.333333333333333,0.0,3,2,0.6666666666666666,0,0.0,2,2,1.0,635.335,9.977276682542186,0.0,0.0,0.0,1270.67,0,0.0,1.0,0.0,1.0,0.0,Air Canada,2,0.5,SEA-CLT,2,0.5,3721.543672431617,86.45143075998547,0.0,3,140.0,65.5972560401729,1,0.3333333333333333,0.1,12.1,12.1,407.9,3.3333333333333335,2.0816659994661326,1.3333333333333333,0.5773502691896257,Aman Resorts,3,0.3333333333333333,False,True,False,False,True,False,False,False,1678.57,12.1,2,3,4,2.95,1461.0294175836389,4,4027.6420460260665,False,635.335
2422,530514,1971-05-18,52.0,F,True,True,usa,san francisco,SFO,37.619,-122.375,2023-01-14,195,9,30.444444444444443,0.5555555555555556,407.2592868888889,1.5,32.0,32.0,7.0,10.0,4,2,0.5,1,0.25,2,1,0.5,324.62,85.1215143192366,0.25,66.1075,66.1075,583.1325,1,0.5,1.0,0.0,1.0,0.0,AirTran Airways,2,0.5,SFO-DAL,2,0.5,2745.109468182577,530.2626613228798,0.0,4,166.33333333333334,70.74131277643448,1,0.25,0.1,0.0,0.0,499.0,2.25,1.2583057392117916,1.0,0.0,Shangri-La,4,0.25,False,False,False,False,False,False,False,True,1082.1325,66.1075,3,4,3,3.25,706.417106327109,1,1947.3907953070036,False,324.62
2424,530563,1977-04-19,46.0,M,True,True,usa,phoenix,LUF,33.535,-112.383,2023-01-14,195,8,18.0,0.5,133.0,1.3333333333333333,46.0,84.0,9.75,0.0,4,4,1.0,0,0.0,4,4,1.0,721.225,580.419554776256,0.1,156.101,156.101,2728.799,1,0.25,1.75,1.5,1.0,0.816496580927726,China Airlines,4,0.25,LUF-JFK,4,0.25,2559.6638079735308,899.2622242613015,0.0,4,155.0,75.13099671019057,1,0.25,0.2,36.2,36.2,583.8,4.0,2.160246899469287,1.75,1.5,Best Western,3,0.5,False,True,False,False,False,False,False,False,3312.599,192.301,2,4,5,3.55,2162.4677199899966,5,5961.307696740635,False,412.12857142857143
2428,530592,1999-10-28,23.0,F,False,False,canada,toronto,YYZ,43.677,-79.631,2023-01-14,195,8,19.375,0.5,142.875,1.1428571428571428,7.0,122.0,7.25,0.0,4,2,0.5,0,0.0,2,2,1.0,510.765,569.48258836421,0.0,0.0,0.0,1021.53,0,0.0,1.5,0.7071067811865476,1.0,0.0,Air France,2,0.5,YYZ-BIF,2,0.5,1627.7149850671633,1483.6933831460142,0.0,4,220.75,127.128216117954,1,0.25,0.15,58.05,58.05,824.95,4.5,3.6968455021364726,1.5,0.5773502691896257,Wyndham,3,0.5,False,True,False,False,True,False,False,False,1846.48,58.05,5,4,4,4.4,1205.3838679559854,3,3322.9000660441084,True,340.51
2435,530649,1974-02-11,49.0,F,True,False,canada,halifax,YAW,44.64,-63.499,2023-01-14,195,8,15.375,0.375,112.5,1.1428571428571428,24.0,136.0,9.333333333333334,0.0,3,2,0.6666666666666666,0,0.0,2,2,1.0,758.555,580.909433948184,0.0,0.0,0.0,1517.11,0,0.0,1.5,0.7071067811865476,1.0,0.0,Delta Air Lines,2,0.5,YAW-LUF,2,0.5,3142.945147919662,1673.1219219644074,0.0,3,87.0,39.05124837953327,2,0.6666666666666666,0.125,8.0,16.0,245.0,5.333333333333333,5.8594652770823155,1.6666666666666667,0.5773502691896257,Accor,3,0.3333333333333333,False,True,False,False,True,False,False,False,1762.11,16.0,4,3,4,3.75,1533.742737579193,4,4228.091962636645,True,505.7033333333333
2438,530666,1994-04-22,29.0,F,False,False,usa,las vegas,LAS,36.08,-115.152,2023-01-14,195,8,15.625,0.25,116.125,1.1428571428571428,14.0,111.0,7.5,0.0,2,1,0.5,0,0.0,2,2,1.0,391.615,115.27961853684285,0.0,0.0,0.0,783.23,0,0.0,1.0,0.0,1.0,0.0,United Airlines,1,1.0,LAS-FTW,2,0.5,2055.18293755538,546.9345975569042,0.0,1,113.0,0.0,0,0.0,0.0,0.0,0.0,113.0,2.0,0.0,1.0,0.0,Marriott,1,1.0,False,True,False,False,True,False,True,True,896.23,0.0,5,2,2,3.2,1170.1195615205067,3,3225.686415439876,True,391.615
2447,530743,1968-03-24,55.0,F,False,False,usa,birmingham,BHM,33.563,-86.753,2023-01-14,195,8,15.375,0.375,114.75,2.0,91.0,118.0,8.666666666666666,0.0,3,2,0.6666666666666666,0,0.0,3,3,1.0,278.95666666666665,19.2724527067349,0.2,54.116,54.116,782.754,1,0.3333333333333333,1.3333333333333333,0.5773502691896257,1.0,0.0,Delta Air Lines,3,0.3333333333333333,BHM-CMH,3,0.3333333333333333,1311.2917718721853,482.52754973466455,0.0,2,234.0,96.16652224137046,0,0.0,0.0,0.0,0.0,468.0,2.5,0.7071067811865476,1.5,0.7071067811865476,Extended Stay,2,0.5,False,True,False,False,False,False,False,True,1250.754,54.116,1,3,3,2.1999999999999997,1088.6578386128708,3,3001.119643288803,True,209.2175
2450,530775,1973-09-02,49.0,F,True,False,usa,new york,JFK,40.64,-73.779,2023-01-14,195,8,9.25,0.375,69.125,1.6,73.0,119.0,8.0,0.0,3,2,0.6666666666666666,0,0.0,3,3,1.0,580.55,182.038848326394,0.0,0.0,0.0,1741.65,0,0.0,1.0,0.0,1.0,0.0,Cebu Pacific,3,0.3333333333333333,JFK-BIF,3,0.3333333333333333,3158.865061037805,921.4087215713809,0.0,2,136.0,45.254833995939045,1,0.5,0.05,5.2,5.2,266.8,4.0,1.414213562373095,1.0,0.0,Choice Hotels,2,0.5,False,True,False,False,True,False,False,False,2008.45,5.2,1,3,4,2.55,1748.157380237857,5,4819.1720734560095,True,580.55
2452,530801,1980-01-23,43.0,M,False,True,canada,toronto,YKZ,43.862,-79.37,2023-01-14,195,8,13.875,0.375,104.5,1.6,76.0,76.0,9.333333333333334,0.0,3,2,0.6666666666666666,0,0.0,2,2,1.0,652.235,44.58308255381182,0.0,0.0,0.0,1304.47,0,0.0,1.0,0.0,1.0,0.0,United Airlines,2,0.5,YKZ-LAX,2,0.5,3516.5337244636776,0.0,0.0,3,243.0,43.266615305567875,1,0.3333333333333333,0.25,57.75,57.75,671.25,2.6666666666666665,1.5275252316519468,1.0,0.0,Starwood,2,0.6666666666666666,False,True,False,False,True,False,False,False,1975.72,57.75,1,3,4,2.55,1719.669147493609,4,4740.638128391798,False,652.235
2462,530978,1969-12-26,53.0,F,True,False,usa,houston,EFD,29.607,-95.159,2023-01-14,195,8,18.25,0.625,135.375,1.6,61.0,61.0,6.6,0.0,5,4,0.8,0,0.0,4,4,1.0,416.8675,23.28402653465819,0.075,29.863,59.726,1607.744,2,0.5,1.0,0.0,1.0,0.0,Air Canada,4,0.25,EFD-BOS,4,0.25,2360.028243194269,191.17606089649644,0.0,5,219.6,60.97786483634861,0,0.0,0.0,0.0,0.0,1098.0,3.0,1.8708286933869707,1.2,0.4472135954999579,NH Hotel,4,0.4,False,True,False,False,False,False,False,True,2705.744,59.726,2,5,5,3.8,1413.0497675225076,4,3895.3758140021882,False,416.8675
2467,531027,1978-07-10,45.0,F,True,True,usa,new york,LGA,40.777,-73.872,2023-01-15,194,8,11.75,0.25,87.625,1.3333333333333333,44.0,44.0,7.5,0.0,2,1,0.5,0,0.0,2,2,1.0,763.06,44.180031688535486,0.0,0.0,0.0,1526.12,0,0.0,1.0,0.0,1.0,0.0,Avianca - Aerovias Nacionales de Colombia,2,0.5,LGA-LSQ,2,0.5,4039.808008664537,105.23069470148285,0.0,1,119.0,0.0,0,0.0,0.0,0.0,0.0,119.0,4.0,0.0,1.0,0.0,Fairmont,1,1.0,False,True,False,False,True,False,True,True,1645.12,0.0,2,2,4,2.7,2147.871743914638,5,5921.070747206017,False,763.06
2471,531094,1995-05-16,28.0,F,False,False,usa,columbus,LCK,39.814,-82.928,2023-01-15,194,8,13.75,0.375,101.625,1.3333333333333333,40.0,65.0,7.666666666666667,0.0,3,3,1.0,0,0.0,3,3,1.0,328.4866666666667,249.227033111044,0.075,23.84625,47.6925,937.7675,2,0.6666666666666666,2.0,1.7320508075688772,1.0,0.0,American Airlines,3,0.3333333333333333,LCK-DTW,3,0.3333333333333333,1568.3286324803667,1608.4815412447938,0.0,3,168.66666666666666,58.22656896411924,1,0.3333333333333333,0.15,32.1,32.1,473.9,3.3333333333333335,1.5275252316519468,2.0,1.7320508075688772,Aman Resorts,3,0.3333333333333333,False,True,False,False,False,False,False,False,1411.6675,79.7925,3,3,3,3.0,1228.7171493275537,3,3387.2232781525363,False,164.24333333333334
2472,531109,1975-01-11,48.0,F,True,True,usa,san francisco,SFO,37.619,-122.375,2023-01-15,194,8,17.125,0.5,126.25,1.3333333333333333,37.0,37.0,7.25,0.0,4,4,1.0,0,0.0,4,4,1.0,240.4775,215.874671568945,0.05,0.4535,0.4535,961.4565,1,0.25,1.0,0.0,1.0,0.816496580927726,Conviasa,4,0.25,SFO-DAL,4,0.25,1370.4352639537656,1197.275093682928,0.0,4,95.25,30.379543555930308,1,0.25,0.1,8.4,8.4,372.6,2.0,0.816496580927726,1.0,0.0,Accor,4,0.25,False,True,False,False,False,False,False,False,1334.0565,8.8535,3,4,3,3.25,870.8733287345781,2,2400.749768184097,False,240.4775
2474,531144,1968-05-03,55.0,F,True,True,usa,indianapolis,IND,39.717,-86.294,2023-01-15,194,8,16.0,0.375,119.75,1.6,65.0,113.0,6.666666666666667,0.0,3,3,1.0,0,0.0,3,3,1.0,345.85,213.266437115642,0.0,0.0,0.0,1037.55,0,0.0,2.0,1.0,1.0,1.7320508075688772,JetBlue Airways,3,0.3333333333333333,IND-JFK,2,0.6666666666666666,956.7536925544804,191.41480393088904,0.0,3,234.0,176.116438755728,2,0.6666666666666666,0.15,36.375,72.75,629.25,2.0,1.0,2.0,1.0,Hilton,3,0.3333333333333333,False,True,False,False,True,False,False,False,1666.8,72.75,1,3,4,2.55,1450.784794931644,4,3999.4005387420534,True,172.925
2479,531253,1972-10-28,50.0,F,True,True,usa,new york,LGA,40.777,-73.872,2023-01-15,194,8,23.625,0.625,174.5,1.3333333333333333,46.0,46.0,8.8,0.0,5,4,0.8,0,0.0,4,4,1.0,1012.5975,1291.493650581243,0.0,0.0,0.0,4050.39,0,0.0,1.75,1.5,1.0,0.816496580927726,Alaska Airlines,4,0.25,LGA-FAT,4,0.25,2516.7834712957538,1526.2875618848511,0.0,5,164.8,43.70583485073818,1,0.2,0.05,10.85,10.85,813.15,4.4,4.33589667773576,1.6,1.3416407864998738,Accor,5,0.2,False,True,False,False,True,False,False,False,4863.54,10.85,2,5,5,3.8,2539.9387622540844,5,7001.8878676002605,False,578.6271428571429
2482,531339,1981-03-13,42.0,F,True,False,usa,madison,MSN,43.14,-89.337,2023-01-15,194,9,31.22222222222222,0.3333333333333333,867.5555555555555,1.2857142857142858,12.0,28.0,103.5,181.0,2,0,0.0,1,0.5,2,2,1.0,392.93,0.0,0.0,0.0,0.0,392.93,1,0.5,1.6666666666666667,0.7071067811865476,1.0,0.0,Aeroflot Russian Airlines,2,0.5,MSN-SVO,2,0.5,2265.498939346926,3995.775554850539,0.0,0,0.0,0.0,0,0.0,0.0,0.0,0.0,0.0,0.0,0.0,0.0,0.0,MISSING,0,0.0,False,False,False,False,True,True,False,True,392.93,0.0,5,2,1,2.85,513.0101417139047,1,1414.2228704894844,False,235.75799999999998
2492,531471,1978-09-19,44.0,F,True,False,usa,new york,JFK,40.64,-73.779,2023-01-15,194,9,19.88888888888889,0.4444444444444444,147.44444444444446,1.5,36.0,36.0,7.0,0.0,4,3,0.75,0,0.0,4,4,1.0,412.15,240.805515302287,0.0,0.0,0.0,1648.6,0,0.0,1.5,1.0,1.25,0.5,Southwest Airlines,3,0.5,JFK-BNA,4,0.25,1882.740645744338,1365.1712645994473,0.0,3,124.33333333333333,61.88968680913916,0,0.0,0.0,0.0,0.0,373.0,3.0,2.0,1.6666666666666667,1.1547005383792515,Accor,3,0.3333333333333333,False,True,False,False,True,False,False,True,2021.6,0.0,3,4,4,3.6,1319.7023674558186,3,3638.0436146152515,False,274.76666666666665
2522,531847,1958-07-01,65.0,F,True,False,usa,miami,OPF,25.907,-80.278,2023-01-15,194,8,19.25,0.25,142.75,1.3333333333333333,28.0,28.0,10.0,0.0,2,2,1.0,0,0.0,2,2,1.0,301.525,26.67913885416844,0.0,0.0,0.0,603.05,0,0.0,1.0,0.0,1.0,0.0,Allegiant Air,2,0.5,OPF-JFK,2,0.5,1665.1195555539762,112.59609751643,0.0,2,208.0,5.656854249492381,0,0.0,0.0,0.0,0.0,416.0,4.0,4.242640687119285,1.0,0.0,Banyan Tree,2,0.5,False,True,False,False,True,False,False,True,1019.05,0.0,3,2,2,2.4000000000000004,1330.4735828609535,4,3667.736788161527,False,301.525
2531,531971,1965-06-05,58.0,F,True,True,usa,burlington,BTV,44.472,-73.153,2023-01-15,194,8,12.0,0.25,89.0,1.6,83.0,147.0,7.5,0.0,2,2,1.0,0,0.0,2,2,1.0,381.31,80.76573654712746,0.0,0.0,0.0,762.62,0,0.0,1.0,0.0,1.0,1.414213562373095,AirTran Airways,2,0.5,BTV-DAL,2,0.5,2070.5763385305886,489.0714403479875,0.0,2,76.0,19.79898987322333,0,0.0,0.0,0.0,0.0,152.0,4.0,0.0,1.0,0.0,Accor,2,0.5,False,True,False,False,True,False,False,True,914.62,0.0,1,2,2,1.6,1194.1295798599533,3,3291.8751986539387,True,381.31
2543,532225,1969-02-07,54.0,F,True,False,usa,new york,JFK,40.64,-73.779,2023-01-15,194,7,20.285714285714285,0.2857142857142857,150.85714285714286,1.4,63.0,63.0,6.5,0.0,2,2,1.0,0,0.0,2,2,1.0,497.525,387.487445022416,0.0,0.0,0.0,995.05,0,0.0,1.0,0.0,1.0,0.0,Cathay Pacific,2,0.5,JFK-SFO,2,0.5,3118.1188680989135,1461.8084542711115,0.0,2,244.5,135.057395206631,0,0.0,0.0,0.0,0.0,489.0,1.5,0.7071067811865476,1.0,0.0,Extended Stay,2,0.5,False,True,False,False,True,False,False,True,1484.05,0.0,2,2,3,2.3499999999999996,1937.5784511503834,5,5341.352024406177,False,497.525
2548,532312,1978-11-22,44.0,F,True,False,usa,kansas city,MCI,39.297,-94.714,2023-01-15,194,8,10.25,0.375,76.625,1.3333333333333333,31.0,151.0,7.333333333333333,0.0,3,3,1.0,0,0.0,3,3,1.0,163.65666666666667,77.52967969322029,0.3,36.726,36.726,454.244,1,0.3333333333333333,1.0,0.0,1.0,0.0,Delta Air Lines,3,0.3333333333333333,MCI-ELP,3,0.3333333333333333,898.4104877094159,384.58508954763954,0.0,3,133.66666666666666,66.3802179367719,1,0.3333333333333333,0.1,15.6,15.6,385.4,2.0,1.0,1.0,0.0,Accor,3,0.3333333333333333,False,True,False,False,False,False,False,False,839.644,52.326,3,3,2,2.6500000000000004,730.827182838724,1,2014.6824249769213,True,163.65666666666667
2550,532347,1993-03-01,30.0,F,False,False,usa,philadelphia,PNE,40.082,-75.011,2023-01-15,194,8,11.375,0.375,85.625,1.3333333333333333,27.0,27.0,10.666666666666666,0.0,3,3,1.0,0,0.0,3,3,1.0,404.2366666666667,248.238360519347,0.0,0.0,0.0,1212.71,0,0.0,1.0,0.0,1.0,1.0,Delta Air Lines,3,0.3333333333333333,PNE-HOU,3,0.3333333333333333,2376.240797998176,1405.7443435568787,0.0,3,116.33333333333333,19.03505538035898,0,0.0,0.0,0.0,0.0,349.0,1.6666666666666667,1.1547005383792515,1.0,0.0,Choice Hotels,3,0.3333333333333333,False,True,False,False,True,False,False,True,1561.71,0.0,3,3,4,3.35,1359.3143281093699,4,3747.2425098145263,False,404.2366666666667
2553,532381,1972-06-15,51.0,F,False,False,usa,omaha,OMA,41.302,-95.894,2023-01-15,194,9,30.22222222222222,0.5555555555555556,676.0719873333334,1.8,62.0,63.0,8.25,7.0,4,3,0.75,1,0.25,3,3,1.0,328.79,12.469839614044762,0.25,85.5775,85.5775,900.7925,1,0.3333333333333333,1.3333333333333333,0.5773502691896257,1.0,0.0,AirTran Airways,3,0.3333333333333333,OMA-FTW,3,0.3333333333333333,1552.7811767976843,520.2366176389364,0.0,4,129.0,56.32051136131489,1,0.25,0.0,0.0,0.0,387.0,3.25,2.629955639676583,1.25,0.5,Conrad,3,0.25,False,False,False,False,False,False,False,True,1287.7925,85.5775,2,4,3,2.8499999999999996,840.6721463404468,2,2317.4937087328904,False,246.59250000000003
2562,532519,1974-10-13,48.0,F,True,False,usa,tulsa,TUL,36.198,-95.888,2023-01-15,194,8,13.0,0.375,96.875,1.6,60.0,60.0,7.666666666666667,0.0,3,2,0.6666666666666666,0,0.0,2,2,1.0,355.22,142.439590002218,0.0,0.0,0.0,710.44,0,0.0,1.5,0.7071067811865476,2.0,0.0,American Airlines,2,0.5,TUL-HOU,2,0.5,1598.298556442358,1219.4301565506007,0.0,3,171.66666666666666,115.09271624796,0,0.0,0.0,0.0,0.0,515.0,5.0,5.196152422706632,1.3333333333333333,0.5773502691896257,Hilton,2,0.6666666666666666,False,True,False,False,True,False,False,True,1225.44,0.0,2,3,3,2.5999999999999996,1066.6245015005002,3,2940.380007317052,False,236.81333333333336
2566,532607,1993-02-06,30.0,F,False,False,usa,providence,PVD,41.724,-71.428,2023-01-15,194,9,20.11111111111111,0.4444444444444444,150.22222222222223,1.8,84.0,84.0,8.25,0.0,4,3,0.75,0,0.0,4,4,1.0,282.785,289.110048539767,0.2,29.626,29.626,1101.514,1,0.25,1.25,0.5,1.0,0.816496580927726,United Airlines,3,0.5,PVD-PNE,4,0.25,1555.8150410221344,1713.3473669163743,0.0,3,130.0,21.37755832643195,0,0.0,0.0,0.0,0.0,390.0,2.6666666666666665,1.1547005383792515,1.0,0.0,Fairmont,3,0.3333333333333333,False,True,False,False,False,False,False,True,1491.514,29.626,1,4,3,2.4499999999999997,973.6617317439145,2,2684.1081241636584,False,226.228
2574,532656,1991-04-04,32.0,F,False,False,usa,reno,RNO,39.498,-119.768,2023-01-15,194,8,13.25,0.25,98.0,1.6,59.0,59.0,7.0,0.0,2,2,1.0,0,0.0,2,2,1.0,710.765,54.3977246766811,0.1,74.923,74.923,1346.607,1,0.5,1.0,0.0,1.0,1.414213562373095,Delta Air Lines,2,0.5,RNO-JAX,2,0.5,3725.5983761135703,204.51397516337067,0.0,2,196.0,113.13708498984761,0,0.0,0.0,0.0,0.0,392.0,1.5,0.7071067811865476,1.0,0.0,Crowne Plaza,2,0.5,False,True,False,False,False,False,False,True,1738.607,74.923,2,2,4,2.7,2269.928545681894,5,6257.546591487316,False,710.765
2582,532748,1983-06-01,40.0,F,False,True,usa,austin,AUS,30.194,-97.67,2023-01-15,194,6,24.833333333333332,0.5,185.66666666666666,0.8571428571428571,18.0,76.0,10.333333333333334,0.0,3,2,0.6666666666666666,0,0.0,2,2,1.0,358.82,132.709800693091,0.0,0.0,0.0,717.64,0,0.0,1.0,0.0,1.0,0.0,Delta Air Lines,2,0.5,AUS-LGA,2,0.5,2327.350872616208,167.092455258589,0.0,3,110.66666666666667,4.041451884327381,0,0.0,0.0,0.0,0.0,332.0,1.6666666666666667,0.5773502691896257,1.0,0.0,Best Western,3,0.3333333333333333,False,True,False,False,True,False,False,True,1049.64,0.0,4,3,2,3.05,913.6079626542182,2,2518.556984332379,False,358.82
2590,532866,1973-03-23,50.0,F,True,True,usa,san antonio,SKF,29.384,-98.581,2023-01-15,194,8,31.125,0.5,232.375,1.3333333333333333,45.0,45.0,8.5,0.0,4,4,1.0,0,0.0,4,4,1.0,525.2975,243.22801707794,0.0,0.0,0.0,2101.19,0,0.0,1.25,0.5,1.5,1.0,Abu Dhabi Amiri Flight,4,0.25,SKF-CMH,4,0.25,2239.394537204251,262.66780223093406,0.0,4,234.25,124.052072399725,2,0.5,0.1,13.6,27.2,909.8,3.25,0.9574271077563381,1.25,0.5,Conrad,3,0.5,False,True,False,False,True,False,False,False,3010.99,27.2,2,4,5,3.55,1965.577083194398,5,5418.536279763739,False,420.238
2593,532912,1980-06-15,43.0,F,True,False,usa,new york,JFK,40.64,-73.779,2023-01-15,194,8,11.125,0.5,82.125,1.3333333333333333,33.0,33.0,9.25,0.0,4,3,0.75,0,0.0,4,4,1.0,719.06,571.82917629889,0.075,70.88875,141.7775,2734.4625,2,0.5,1.5,1.0,1.0,0.0,American Airlines,4,0.25,JFK-PHX,4,0.25,2633.922902305576,1485.9773493782313,0.0,3,106.66666666666667,43.77594468807422,0,0.0,0.0,0.0,0.0,320.0,6.0,2.0,1.6666666666666667,1.1547005383792515,Choice Hotels,3,0.3333333333333333,False,True,False,False,False,False,False,True,3054.4625,141.7775,3,4,5,3.95,1993.9559717822608,5,5496.7687941268,False,479.3733333333333
2601,533155,1976-09-02,46.0,F,True,False,usa,los angeles,LAX,33.942,-118.408,2023-01-16,193,8,15.0,0.375,111.5,1.3333333333333333,36.0,36.0,6.0,0.0,3,3,1.0,0,0.0,3,3,1.0,827.36,176.38132667604,0.15,154.407,154.407,2327.673,1,0.3333333333333333,1.3333333333333333,0.5773502691896257,1.0,1.0,American Airlines,3,0.3333333333333333,LAX-JFK,3,0.3333333333333333,3594.64152095952,678.246128870307,0.0,3,280.6666666666667,168.075379914291,2,0.6666666666666666,0.05,18.7,37.4,804.6,2.6666666666666665,1.1547005383792515,1.3333333333333333,0.5773502691896257,Four Seasons,3,0.3333333333333333,False,True,False,False,False,False,False,False,3132.273,191.807,3,3,5,3.7,2726.3343184394803,5,7515.727336025432,False,620.5200000000001
2606,533222,1970-01-04,53.0,F,True,True,usa,seattle,SEA,47.449,-122.309,2023-01-16,193,8,18.0,0.375,133.25,1.3333333333333333,42.0,42.0,9.666666666666666,0.0,3,2,0.6666666666666666,0,0.0,2,2,1.0,471.33,265.716586234281,0.0,0.0,0.0,942.66,0,0.0,1.0,0.0,2.0,1.414213562373095,AirTran Airways,2,0.5,SEA-LAS,2,0.5,2640.869917796701,1761.7570746576837,0.0,3,302.3333333333333,107.12764971441003,1,0.3333333333333333,0.05,11.9,11.9,895.1,5.666666666666667,1.5275252316519468,1.0,0.0,Extended Stay,3,0.3333333333333333,False,True,False,False,True,False,False,False,1837.76,11.9,2,3,4,2.95,1599.5885917528065,4,4409.610231628627,False,471.33
2607,533248,1979-09-02,43.0,F,True,True,usa,los angeles,LAX,33.942,-118.408,2023-01-16,193,8,14.25,0.375,106.75,1.1428571428571428,21.0,118.0,10.0,0.0,3,3,1.0,0,0.0,3,3,1.0,929.2766666666666,483.277925870128,0.2,126.224,126.224,2661.606,1,0.3333333333333333,1.3333333333333333,0.5773502691896257,1.0,0.0,Finnair,3,0.3333333333333333,LAX-BWI,3,0.3333333333333333,3808.3840697918604,144.33864380692015,0.0,3,184.33333333333334,45.93836450433704,0,0.0,0.0,0.0,0.0,553.0,2.6666666666666665,2.8867513459481287,1.3333333333333333,0.5773502691896257,Choice Hotels,3,0.3333333333333333,False,True,False,False,False,False,False,True,3214.606,126.224,4,3,5,4.1,2797.997064132489,5,7713.281118456586,True,696.9575
2614,533378,1983-10-26,39.0,F,True,True,usa,long beach,LGB,33.818,-118.151,2023-01-16,193,8,15.375,0.375,112.75,1.1428571428571428,21.0,103.0,8.0,0.0,3,2,0.6666666666666666,0,0.0,3,3,1.0,401.18,200.546914960066,0.05,31.3065,31.3065,1172.2335,1,0.3333333333333333,1.0,0.0,1.0,1.0,American Airlines,2,0.6666666666666666,LGB-JFK,3,0.3333333333333333,2419.0923858803194,1363.492298973317,0.0,2,168.5,168.998520703585,0,0.0,0.0,0.0,0.0,337.0,6.0,4.242640687119285,1.0,0.0,Radisson,2,0.5,False,True,False,False,False,False,False,True,1509.2335,31.3065,4,3,3,3.4,1313.6387171835056,3,3621.327857563928,True,401.18
2618,533402,1994-08-15,28.0,F,False,False,usa,chicago,UGN,42.422,-87.868,2023-01-16,193,9,9.11111111111111,0.3333333333333333,68.44444444444444,1.5,32.0,32.0,12.0,0.0,3,1,0.3333333333333333,0,0.0,2,2,1.0,227.755,21.48897508025918,0.0,0.0,0.0,455.51,0,0.0,1.0,0.0,1.0,0.0,Allegiant Air,2,0.5,UGN-LGA,2,0.5,1311.891570284046,175.27738646630033,0.0,2,171.5,89.80256121069154,1,0.5,0.05,11.75,11.75,331.25,8.5,4.949747468305833,1.0,0.0,Choice Hotels,2,0.5,False,True,False,False,True,False,False,False,786.76,11.75,3,3,2,2.6500000000000004,684.7968834055796,1,1887.7899975166172,False,227.755
2622,533464,1967-01-11,56.0,F,True,True,usa,washington,DCA,38.852,-77.037,2023-01-16,193,8,21.375,0.25,160.125,1.1428571428571428,18.0,124.0,7.0,0.0,2,1,0.5,0,0.0,2,2,1.0,453.605,174.195755545306,0.0,0.0,0.0,907.21,0,0.0,1.0,0.0,1.0,0.0,AirTran Airways,2,0.5,DCA-DAL,2,0.5,2550.2374799917616,917.0058034863417,0.0,1,120.0,0.0,0,0.0,0.0,0.0,0.0,120.0,2.0,0.0,1.0,0.0,Crowne Plaza,1,1.0,False,True,False,False,True,False,True,True,1027.21,0.0,4,2,2,2.8,1341.1272940980327,4,3697.106036178208,True,453.605
2624,533492,1978-09-08,44.0,F,True,True,usa,chicago,MDW,41.786,-87.752,2023-01-16,193,8,15.5,0.375,115.0,1.1428571428571428,19.0,19.0,106.66666666666667,0.0,3,2,0.6666666666666666,0,0.0,3,3,1.0,4506.633333333333,7202.992025681643,0.2,2564.536,2564.536,10955.364,1,0.3333333333333333,2.3333333333333335,2.309401076758503,1.6666666666666667,2.0816659994661326,Delta Air Lines,3,0.3333333333333333,MDW-BFI,3,0.3333333333333333,6129.446156734285,7235.158326011374,0.3333333333333333,2,194.0,118.79393923933998,1,0.5,0.2,22.0,22.0,366.0,3.0,0.0,1.0,0.0,Best Western,2,0.5,False,True,False,False,False,False,False,False,11321.364,2586.536,4,3,5,4.1,9854.129319106369,5,27165.02836626763,False,1931.4142857142856
2631,533573,1978-11-20,44.0,F,False,False,canada,windsor,YQG,42.276,-82.956,2023-01-16,193,8,8.875,0.25,65.875,2.0,91.0,158.0,5.5,0.0,2,1,0.5,0,0.0,2,2,1.0,156.38,69.11261679317316,0.1,10.751,10.751,302.009,1,0.5,1.0,0.0,1.0,0.0,Air Transat,2,0.5,YQG-IAD,2,0.5,835.6214345071762,293.3581979906776,0.0,1,93.0,0.0,0,0.0,0.0,0.0,0.0,93.0,1.0,0.0,1.0,0.0,InterContinental,1,1.0,False,True,False,False,False,False,True,True,395.009,10.751,1,2,1,1.25,515.7244879959986,1,1421.7055502231458,True,156.38
2636,533656,1985-10-15,37.0,M,False,False,usa,boston,BOS,42.364,-71.005,2023-01-16,193,8,20.625,0.25,153.875,1.6,63.0,88.0,6.0,0.0,2,1,0.5,0,0.0,2,1,0.5,538.53,54.56035923635401,0.05,24.9975,24.9975,1052.0625,1,0.5,2.0,0.0,1.0,0.0,American Airlines,2,0.5,BOS-MKE,2,0.5,2373.132775318943,1403.8000829257276,0.0,1,107.0,0.0,1,1.0,0.05,5.35,5.35,101.65,7.0,0.0,2.0,0.0,Accor,1,1.0,False,True,False,False,False,False,True,False,1153.7125,30.3475,2,2,3,2.3499999999999996,1506.2891943147717,4,4152.410361819152,False,269.265
2642,533782,1970-10-10,52.0,F,True,False,usa,honolulu,HNL,21.316,-157.927,2023-01-16,193,8,12.75,0.375,94.5,2.0,114.0,114.0,9.333333333333334,0.0,3,2,0.6666666666666666,0,0.0,2,2,1.0,924.12,181.316320831855,0.0,0.0,0.0,1848.24,0,0.0,1.0,0.0,1.0,0.0,Delta Air Lines,2,0.5,HNL-LSQ,2,0.5,5061.652718284766,1347.6607092372653,0.5,3,139.33333333333334,35.92121007612819,0,0.0,0.0,0.0,0.0,418.0,5.0,3.0,1.0,0.0,Aman Resorts,3,0.3333333333333333,False,True,False,False,True,False,False,True,2266.24,0.0,1,3,5,2.9,1972.538117150161,5,5437.725868081828,True,924.12
2645,533846,1989-04-24,34.0,F,True,False,usa,chicago,UGN,42.422,-87.868,2023-01-16,193,8,15.25,0.375,112.625,2.0,106.0,106.0,8.0,0.0,3,1,0.3333333333333333,0,0.0,2,2,1.0,334.665,180.107168236026,0.0,0.0,0.0,669.33,0,0.0,1.0,0.0,1.0,0.0,American Airlines,2,0.5,UGN-SEA,2,0.5,1974.19030697181,1088.2612433100428,0.0,2,154.5,47.37615433949868,0,0.0,0.0,0.0,0.0,309.0,3.5,3.5355339059327378,1.0,0.0,Four Seasons,2,0.5,False,True,False,False,True,False,False,True,978.33,0.0,1,3,2,1.8499999999999999,851.5396498832945,2,2347.4523212548074,True,334.665
2649,533932,1990-01-10,33.0,F,True,True,usa,corpus christi,CRP,27.77,-97.501,2023-01-16,193,8,39.125,0.5,1004.5,2.0,88.0,131.0,80.66666666666667,181.0,3,1,0.3333333333333333,1,0.3333333333333333,2,2,1.0,339.61,0.0,0.1,0.0,0.0,339.61,1,0.5,2.3333333333333335,1.414213562373095,2.0,1.414213562373095,Royal Air Maroc,2,0.5,CRP-LIS,2,0.5,1968.1884011777577,4257.590905389964,0.0,2,82.0,50.91168824543142,1,0.5,0.05,2.3,2.3,161.7,5.5,3.5355339059327378,1.5,0.7071067811865476,Conrad,2,0.5,False,False,False,False,True,False,False,False,501.31,2.3,1,3,1,1.5,436.34084806046457,1,1202.8674610491832,True,145.54714285714286
2651,533985,1991-02-07,32.0,F,False,False,usa,los angeles,LAX,33.942,-118.408,2023-01-16,193,8,13.625,0.25,102.125,1.1428571428571428,17.0,108.0,9.0,0.0,2,1,0.5,0,0.0,2,2,1.0,636.455,534.87678249294,0.0,0.0,0.0,1272.91,0,0.0,1.5,0.7071067811865476,1.0,1.414213562373095,Great Lakes Airlines,2,0.5,LAX-BNA,2,0.5,2135.9121903147816,1061.28675562169,0.0,1,197.0,0.0,0,0.0,0.0,0.0,0.0,197.0,5.0,0.0,2.0,0.0,Choice Hotels,1,1.0,False,True,False,False,True,False,True,True,1469.91,0.0,4,2,3,3.15,1919.1172407469157,5,5290.459724534136,True,424.30333333333334
2677,534607,1988-12-27,34.0,F,False,False,usa,milwaukee,MKE,42.947,-87.896,2023-01-16,193,9,16.666666666666668,0.4444444444444444,122.66666666666667,1.5,45.0,45.0,8.75,0.0,4,3,0.75,0,0.0,4,4,1.0,327.2875,138.332003618107,0.0,0.0,0.0,1309.15,0,0.0,1.25,0.5,2.0,2.160246899469287,AirTran Airways,4,0.25,MKE-BWI,4,0.25,1558.3372567794515,845.0221980160867,0.0,3,180.33333333333334,77.18376340483361,0,0.0,0.0,0.0,0.0,541.0,3.0,1.0,1.3333333333333333,0.5773502691896257,Best Western,3,0.3333333333333333,False,True,False,False,True,False,False,True,1850.15,0.0,2,4,4,3.2,1207.7796473824608,3,3329.5045476753103,False,261.83000000000004
2680,534688,1986-09-02,36.0,F,False,True,usa,louisville,LOU,38.228,-85.664,2023-01-16,193,8,15.875,0.625,118.5,1.1428571428571428,8.0,8.0,6.8,0.0,5,4,0.8,0,0.0,4,4,1.0,170.6925,95.40880755115501,0.0,0.0,0.0,682.77,0,0.0,1.25,0.5,1.0,0.0,Alaska Airlines,4,0.25,LOU-DEN,4,0.25,923.8383239764904,609.4515374183502,0.0,5,158.2,73.80176149659302,2,0.4,0.1,14.6,29.2,761.8,4.4,3.2093613071762426,1.2,0.4472135954999579,Accor,4,0.4,False,True,False,False,True,False,False,False,1444.57,29.2,5,5,3,4.3,754.413315771924,2,2079.702676836072,False,136.554
2685,534782,1997-12-23,25.0,F,False,False,usa,kansas city,MCI,39.297,-94.714,2023-01-16,193,8,12.25,0.5,89.625,1.1428571428571428,18.0,18.0,6.5,0.0,4,2,0.5,0,0.0,2,2,1.0,306.105,93.3734504556836,0.0,0.0,0.0,612.21,0,0.0,1.0,0.0,1.0,0.0,JetBlue Airways,2,0.5,MCI-BOS,2,0.5,1693.8944818708205,456.7895452979855,0.0,4,301.25,101.96527186580079,0,0.0,0.0,0.0,0.0,1205.0,5.75,3.2015621187164243,1.0,0.0,Choice Hotels,4,0.25,False,True,False,False,True,False,False,True,1817.21,0.0,4,4,4,4.0,1186.2763846282094,3,3270.22617575929,False,306.105
2701,535024,1987-04-07,36.0,F,False,False,usa,san antonio,RND,29.529,-98.279,2023-01-16,193,8,52.375,0.5,1102.375,1.1428571428571428,13.0,13.0,11.0,12.0,3,3,1.0,1,0.3333333333333333,3,3,1.0,448.37,62.08397538817887,0.0,0.0,0.0,896.74,1,0.3333333333333333,2.0,1.1547005383792515,1.0,0.0,Ryanair,3,0.3333333333333333,RND-YMX,3,0.3333333333333333,2549.1780965133285,428.5559558003938,0.0,3,140.0,24.041630560342615,1,0.3333333333333333,0.0,0.0,0.0,280.0,3.3333333333333335,0.5773502691896257,1.6666666666666667,1.1547005383792515,Conrad,3,0.3333333333333333,False,False,False,False,True,False,False,True,1176.74,0.0,5,3,3,3.8,1024.2359608758475,2,2823.526871825848,False,224.185
2707,535081,1985-03-24,38.0,F,True,False,usa,knoxville,TYS,35.812,-83.993,2023-01-16,193,8,14.5,0.5,107.875,1.1428571428571428,17.0,123.0,7.5,0.0,4,2,0.5,0,0.0,2,2,1.0,204.13,27.605448737522817,0.0,0.0,0.0,408.26,0,0.0,1.0,0.0,1.0,0.0,AirTran Airways,2,0.5,TYS-DAL,2,0.5,1132.5610792060957,130.5637643572906,0.0,4,152.5,94.20014154271037,1,0.25,0.05,3.6,3.6,606.4,4.75,3.095695936834452,1.5,0.5773502691896257,Crowne Plaza,4,0.25,False,True,False,False,True,False,False,False,1014.66,3.6,4,4,2,3.3,662.3709953317772,1,1825.9682103311786,True,204.13
2708,535099,1987-01-13,36.0,M,False,False,usa,buffalo,BUF,42.94,-78.732,2023-01-16,193,8,22.625,0.625,168.25,1.1428571428571428,18.0,18.0,8.4,0.0,5,5,1.0,0,0.0,5,5,1.0,352.262,253.016933267321,0.0,0.0,0.0,1761.31,0,0.0,1.0,0.0,1.2,0.4472135954999579,Delta Air Lines,4,0.4,BUF-CMH,5,0.2,2076.0122915043767,1480.0126566810088,0.0,5,271.2,292.628091611178,0,0.0,0.0,0.0,0.0,1356.0,3.4,2.5099800796022267,1.0,0.0,Starwood,4,0.4,False,True,False,False,True,False,False,True,3117.31,0.0,4,5,5,4.6,1627.9863027675892,4,4487.894634062632,False,352.262
2713,535177,1985-03-17,38.0,F,False,False,canada,toronto,YYZ,43.677,-79.631,2023-01-17,192,8,19.0,0.25,142.5,1.3333333333333333,40.0,40.0,8.0,0.0,2,2,1.0,0,0.0,2,2,1.0,512.765,354.67769037536,0.3,78.591,78.591,946.939,1,0.5,1.5,0.7071067811865476,1.0,0.0,AirTran Airways,2,0.5,YYZ-HOU,2,0.5,1789.2864029683005,414.7738660653711,0.0,2,222.5,118.08683245815344,1,0.5,0.2,61.2,61.2,383.8,5.0,2.8284271247461903,1.5,0.7071067811865476,Crowne Plaza,2,0.5,False,True,False,False,False,False,False,False,1330.739,139.791,3,2,3,2.75,1737.4153232744247,5,4789.559281430041,False,341.8433333333333
2722,535447,1971-10-15,51.0,F,True,False,canada,ottawa,YOW,45.323,-75.669,2023-01-17,192,9,18.333333333333332,0.5555555555555556,136.33333333333334,1.2857142857142858,17.0,17.0,7.4,0.0,5,5,1.0,0,0.0,5,3,0.6,355.556,304.986782959524,0.25,102.2325,204.465,1573.315,2,0.4,1.4,0.5477225575051661,1.2,1.0954451150103321,American Airlines,5,0.2,YOW-BFI,5,0.2,1883.949846353368,1661.6731874920265,0.0,5,369.8,243.536855527043,0,0.0,0.0,0.0,0.0,1849.0,3.0,0.7071067811865476,1.4,0.5477225575051661,Hilton,4,0.4,False,True,False,False,False,False,False,True,3422.315,204.465,4,5,5,4.6,1787.2723417805935,5,4927.000883637513,False,253.96857142857144
2725,535495,1980-12-13,42.0,F,True,True,usa,corpus christi,CRP,27.77,-97.501,2023-01-17,192,8,16.75,0.375,124.25,1.6,74.0,74.0,6.0,0.0,3,2,0.6666666666666666,0,0.0,2,2,1.0,474.73,52.99058218211987,0.0,0.0,0.0,949.46,0,0.0,1.0,0.0,1.0,0.0,JetBlue Airways,2,0.5,CRP-JFK,2,0.5,2504.209306710257,129.2972916389181,0.0,3,429.3333333333333,362.596653781214,0,0.0,0.0,0.0,0.0,1288.0,3.3333333333333335,1.1547005383792515,1.0,0.0,Aman Resorts,3,0.3333333333333333,False,True,False,False,True,False,False,True,2237.46,0.0,1,3,5,2.9,1947.4879693231078,5,5368.669744068751,False,474.73
2729,535595,1971-01-02,52.0,F,True,True,usa,atlanta,ATL,33.64,-84.427,2023-01-17,192,8,15.125,0.25,112.75,2.6666666666666665,130.0,130.0,116.0,0.0,2,1,0.5,0,0.0,2,2,1.0,5779.495,7887.726646661255,0.0,0.0,0.0,11558.99,0,0.0,3.0,2.8284271247461903,2.0,2.8284271247461903,Delta Air Lines,2,0.5,ATL-DEL,2,0.5,7025.760414103644,8208.07326519773,0.5,1,326.0,0.0,0,0.0,0.0,0.0,0.0,326.0,7.0,0.0,1.0,0.0,Aman Resorts,1,1.0,False,True,False,False,True,False,True,True,11884.99,0.0,1,2,5,2.65,15517.065136712237,5,42776.12977766731,True,1926.4983333333332
2731,535610,1986-10-21,36.0,F,True,False,usa,kansas city,MCI,39.297,-94.714,2023-01-17,192,8,13.875,0.375,103.125,1.6,70.0,70.0,9.333333333333334,0.0,3,2,0.6666666666666666,0,0.0,2,2,1.0,232.485,119.15456369774512,0.0,0.0,0.0,464.97,0,0.0,1.0,0.0,1.0,0.0,Delta Air Lines,2,0.5,MCI-DAL,2,0.5,1264.2533170034262,737.9647019895522,0.0,3,82.66666666666667,20.207259421636902,1,0.3333333333333333,0.05,4.3,4.3,243.7,2.6666666666666665,0.5773502691896257,1.0,0.0,Banyan Tree,3,0.3333333333333333,False,True,False,False,True,False,False,False,708.67,4.3,1,3,2,1.8499999999999999,616.8272501945092,1,1700.4170745082379,False,232.485
2742,535746,1981-06-14,42.0,F,True,False,usa,new orleans,MSY,29.993,-90.258,2023-01-17,192,8,15.375,0.375,115.0,1.3333333333333333,35.0,35.0,10.0,0.0,3,2,0.6666666666666666,0,0.0,2,2,1.0,500.11,28.072139213105938,0.175,87.023,174.046,826.174,2,1.0,1.0,0.0,1.0,0.0,Southwest Airlines,2,0.5,MSY-LAX,2,0.5,2872.2997146761436,267.8985836576608,0.0,3,146.0,35.04283093587046,0,0.0,0.0,0.0,0.0,438.0,5.0,3.0,1.0,0.0,Banyan Tree,3,0.3333333333333333,False,True,False,False,False,False,False,True,1264.174,174.046,3,3,3,3.0,1100.338623318884,3,3033.3202403789874,False,500.11
2746,535878,1971-10-06,51.0,F,False,False,usa,phoenix,LUF,33.535,-112.383,2023-01-17,192,10,11.3,0.4,84.3,1.6666666666666667,38.0,38.0,6.25,0.0,4,3,0.75,0,0.0,3,3,1.0,746.8466666666667,260.410553997593,0.1,56.331,56.331,2184.209,1,0.3333333333333333,1.3333333333333333,0.5773502691896257,1.0,0.0,Air Transat,3,0.3333333333333333,LUF-BWI,3,0.3333333333333333,3290.1892242524846,415.8433675855359,0.0,4,219.25,64.92752369629797,0,0.0,0.0,0.0,0.0,877.0,8.0,10.099504938362077,1.25,0.5,Choice Hotels,3,0.5,False,True,False,False,False,False,False,True,3061.209,56.331,3,4,5,3.95,1998.3600932810934,5,5508.909702934675,False,560.1350000000001
2750,535905,1990-12-23,32.0,F,False,False,usa,new york,JFK,40.64,-73.779,2023-01-17,192,8,36.625,0.375,1044.25,1.3333333333333333,33.0,36.0,7.5,5.0,2,2,1.0,1,0.5,2,2,1.0,615.87,0.0,0.0,0.0,0.0,615.87,1,0.5,1.0,0.0,1.0,0.0,Cebu Pacific,2,0.5,JFK-SJI,2,0.5,3062.2046199096585,751.3638455405907,0.0,2,355.0,0.0,1,0.5,0.1,0.0,0.0,355.0,5.0,1.414213562373095,1.0,0.0,Rosewood,2,0.5,False,False,False,False,True,False,False,True,970.87,0.0,3,2,2,2.4000000000000004,1267.569684894965,3,3494.328654651275,False,615.87
2761,536050,1994-04-06,29.0,F,False,False,canada,toronto,YYZ,43.677,-79.631,2023-01-17,192,8,17.5,0.375,130.75,1.6,76.0,116.0,5.0,0.0,3,3,1.0,0,0.0,3,3,1.0,317.66,195.725559649219,0.0,0.0,0.0,952.98,0,0.0,1.0,0.0,1.3333333333333333,0.5773502691896257,Southwest Airlines,2,0.6666666666666666,YYZ-AUS,2,0.6666666666666666,1643.309758929602,939.9198343890008,0.0,3,233.33333333333334,139.162974002905,1,0.3333333333333333,0.05,4.35,4.35,695.65,2.3333333333333335,1.1547005383792515,1.0,0.0,Crowne Plaza,3,0.3333333333333333,False,True,False,False,True,False,False,False,1648.63,4.35,1,3,4,2.55,1434.9696043125489,4,3955.802561906835,True,317.66
2784,536532,1976-06-14,47.0,F,True,True,usa,kansas city,MCI,39.297,-94.714,2023-01-17,192,8,11.875,0.375,89.625,1.1428571428571428,25.0,81.0,13.666666666666666,0.0,3,2,0.6666666666666666,0,0.0,2,2,1.0,341.87,40.27680225638575,0.0,0.0,0.0,683.74,0,0.0,1.0,0.0,1.0,0.0,Air Canada,2,0.5,MCI-YOW,2,0.5,1785.6702220973898,123.89990848885893,0.0,3,153.0,104.02403568406679,0,0.0,0.0,0.0,0.0,459.0,6.666666666666667,4.509249752822894,1.0,0.0,Crowne Plaza,3,0.3333333333333333,False,True,False,False,True,False,False,True,1142.74,0.0,4,3,3,3.4,994.642318550628,2,2741.9456273350697,False,341.87
2791,536651,1986-12-28,36.0,F,False,False,usa,long beach,LGB,33.818,-118.151,2023-01-17,192,8,12.5,0.375,92.5,1.3333333333333333,42.0,42.0,6.333333333333333,0.0,3,3,1.0,0,0.0,3,3,1.0,943.5833333333334,537.254840958491,0.15,100.3225,200.645,2630.105,2,0.6666666666666666,1.3333333333333333,0.5773502691896257,1.0,1.0,British Airways,3,0.3333333333333333,LGB-BOS,3,0.3333333333333333,3677.5764230862746,685.5815528832067,0.0,3,322.3333333333333,290.844173627964,1,0.3333333333333333,0.15,31.95,31.95,935.05,1.6666666666666667,0.5773502691896257,1.3333333333333333,0.5773502691896257,Banyan Tree,3,0.3333333333333333,False,True,False,False,False,False,False,False,3565.155,232.595,2,3,5,3.3,3103.1153501167055,5,8554.405344191819,False,707.6875000000001
2815,537123,1979-08-08,43.0,F,False,False,usa,detroit,DET,42.409,-83.01,2023-01-17,192,8,20.125,0.375,150.0,1.6,69.0,109.0,7.666666666666667,0.0,3,3,1.0,0,0.0,3,3,1.0,274.7133333333333,214.232609640394,0.0,0.0,0.0,824.14,0,0.0,1.0,0.0,1.0,0.0,Ryanair,3,0.3333333333333333,DET-LSQ,3,0.3333333333333333,1695.5031335243912,1417.6537112781066,0.0,3,296.6666666666667,164.466815295163,0,0.0,0.0,0.0,0.0,890.0,10.0,10.583005244258363,1.0,0.0,Crowne Plaza,3,0.3333333333333333,False,True,False,False,True,False,False,True,1714.14,0.0,1,3,4,2.55,1491.9895898632876,4,4112.990424453626,True,274.7133333333333
2836,537671,1978-10-18,44.0,F,True,False,usa,new york,JFK,40.64,-73.779,2023-01-18,191,8,16.25,0.375,121.125,1.6,69.0,84.0,7.666666666666667,0.0,3,3,1.0,0,0.0,3,3,1.0,426.05333333333334,309.112554635578,0.0,0.0,0.0,1278.16,0,0.0,1.0,0.0,1.3333333333333333,0.5773502691896257,Delta Air Lines,3,0.3333333333333333,JFK-DEN,3,0.3333333333333333,2375.552449922519,1727.4662418263242,0.0,3,137.33333333333334,104.64384039843594,1,0.3333333333333333,0.1,25.7,25.7,386.3,3.6666666666666665,1.5275252316519468,1.0,0.0,Banyan Tree,3,0.3333333333333333,False,True,False,False,True,False,False,False,1664.46,25.7,1,3,4,2.55,1448.748056018673,4,3993.785829562394,False,426.05333333333334
2842,537770,1983-06-03,40.0,F,True,False,usa,philadelphia,PHL,39.872,-75.241,2023-01-18,191,7,16.285714285714285,0.42857142857142855,122.28571428571429,1.0,13.0,105.0,8.666666666666666,0.0,3,2,0.6666666666666666,0,0.0,2,2,1.0,329.14,316.953543599058,0.0,0.0,0.0,658.28,0,0.0,1.0,0.0,1.0,1.414213562373095,American Airlines,2,0.5,PHL-YKZ,2,0.5,1898.643902560084,1893.1810106013827,0.0,3,149.0,93.95211546314431,1,0.3333333333333333,0.2,15.2,15.2,431.8,4.0,2.0,1.3333333333333333,0.5773502691896257,Banyan Tree,2,0.6666666666666666,False,True,False,False,True,False,False,False,1090.08,15.2,5,3,3,3.8,948.8069889963319,2,2615.5906763090575,True,329.14
2847,537819,1985-09-01,37.0,F,False,False,usa,chicago,ORD,41.979,-87.904,2023-01-18,191,8,21.5,0.5,160.5,1.3333333333333333,29.0,29.0,7.75,0.0,4,3,0.75,0,0.0,3,3,1.0,344.0566666666667,243.426644460571,0.0,0.0,0.0,1032.17,0,0.0,1.0,0.0,1.0,0.0,American Airlines,3,0.3333333333333333,ORD-LOU,3,0.3333333333333333,1838.0267563749665,1232.6540707448082,0.0,4,220.25,145.866091558891,1,0.25,0.1,16.1,16.1,864.9,3.0,1.1547005383792515,1.25,0.5,Accor,4,0.25,False,True,False,False,True,False,False,False,1897.07,16.1,3,4,4,3.6,1238.4090671890629,3,3413.9411357232657,False,344.0566666666667
2851,537904,1991-07-11,32.0,F,False,True,canada,toronto,YZD,43.742,-79.466,2023-01-18,191,8,15.5,0.625,114.375,1.3333333333333333,32.0,115.0,8.4,0.0,5,4,0.8,0,0.0,4,3,0.75,121.36,8.320624976526704,0.15,16.44,16.44,469.0,1,0.25,1.0,0.0,1.0,0.0,Southwest Airlines,3,0.5,YZD-IND,4,0.25,869.0905170768443,415.6101950726507,0.0,5,190.8,157.414103561276,0,0.0,0.0,0.0,0.0,954.0,2.4,1.6733200530681511,1.6,1.3416407864998738,Best Western,5,0.2,False,True,False,False,False,False,False,True,1423.0,16.44,3,5,3,3.5,743.1485828609536,2,2048.649016065494,True,121.36
2852,537922,1970-03-20,53.0,F,True,False,canada,montreal,YUL,45.468,-73.741,2023-01-18,191,8,12.0,0.375,88.0,1.3333333333333333,32.0,96.0,10.0,0.0,3,2,0.6666666666666666,0,0.0,2,2,1.0,387.28,225.736768825993,0.0,0.0,0.0,774.56,0,0.0,1.0,0.0,1.0,0.0,Ryanair,2,0.5,YUL-BIF,2,0.5,2195.3489790051012,1396.006012160385,0.0,3,126.66666666666667,10.692676621563626,1,0.3333333333333333,0.15,18.0,18.0,362.0,7.333333333333333,2.516611478423583,1.0,0.0,Conrad,3,0.3333333333333333,False,True,False,False,True,False,False,False,1136.56,18.0,3,3,3,3.0,989.2632388573968,2,2727.1170364246864,True,387.28
2858,538108,1994-03-04,29.0,F,False,True,canada,toronto,YTZ,43.627,-79.396,2023-01-18,191,8,18.625,0.25,139.125,1.3333333333333333,27.0,113.0,10.0,0.0,2,0,0.0,0,0.0,2,2,1.0,124.58,93.91792267719724,0.15,28.6485,28.6485,220.5115,1,0.5,1.5,0.7071067811865476,1.0,0.0,Delta Air Lines,2,0.5,YTZ-DTW,2,0.5,444.9150934734316,171.7234125184885,0.0,0,0.0,0.0,0,0.0,0.0,0.0,0.0,0.0,0.0,0.0,0.0,0.0,MISSING,0,0.0,False,True,False,False,False,True,False,True,220.5115,28.6485,3,2,1,2.0500000000000003,287.9002261587196,1,793.658937993897,True,83.05333333333333
2861,538134,1970-04-23,53.0,M,True,False,usa,san antonio,SAT,29.534,-98.47,2023-01-18,191,7,10.428571428571429,0.2857142857142857,78.57142857142857,1.1666666666666667,31.0,148.0,11.5,0.0,2,1,0.5,0,0.0,2,2,1.0,549.635,672.988878994297,0.0,0.0,0.0,1099.27,0,0.0,2.0,1.414213562373095,1.0,0.0,AirTran Airways,2,0.5,SAT-DAL,2,0.5,1107.741365441584,1001.9885555472941,0.0,1,129.0,0.0,0,0.0,0.0,0.0,0.0,129.0,9.0,0.0,3.0,0.0,Rosewood,1,1.0,False,True,False,False,True,False,True,True,1228.27,0.0,3,2,3,2.75,1603.6316055351783,4,4420.7556692950875,True,274.8175
2869,538260,1973-12-20,49.0,F,False,False,usa,louisville,LOU,38.228,-85.664,2023-01-18,191,8,18.0,0.375,134.625,1.3333333333333333,53.0,67.0,6.666666666666667,0.0,3,2,0.6666666666666666,0,0.0,2,2,1.0,543.505,516.704138216446,0.0,0.0,0.0,1087.01,0,0.0,1.5,0.7071067811865476,1.0,0.0,United Airlines,2,0.5,LOU-LGA,2,0.5,1887.6336711181373,1178.340611913046,0.0,3,203.0,141.042546772242,0,0.0,0.0,0.0,0.0,609.0,5.333333333333333,4.041451884327381,1.3333333333333333,0.5773502691896257,Best Western,3,0.3333333333333333,False,True,False,False,True,False,False,True,1696.01,0.0,2,3,4,2.95,1476.209215293987,4,4069.488425553102,False,362.33666666666664
2874,538319,1985-10-11,37.0,F,False,False,usa,los angeles,LAX,33.942,-118.408,2023-01-18,191,8,23.0,0.375,171.375,1.1428571428571428,11.0,11.0,6.0,0.0,3,3,1.0,0,0.0,3,3,1.0,937.15,550.157820175266,0.1,69.746,69.746,2741.704,1,0.3333333333333333,1.3333333333333333,0.5773502691896257,1.0,1.0,Air Canada,3,0.3333333333333333,LAX-DET,3,0.3333333333333333,3667.9196921387916,405.43232218592914,0.0,3,194.66666666666666,60.069404303133666,1,0.3333333333333333,0.05,12.65,12.65,571.35,3.3333333333333335,1.5275252316519468,1.3333333333333333,0.5773502691896257,Crowne Plaza,3,0.3333333333333333,False,True,False,False,False,False,False,False,3313.054,82.396,5,3,5,4.5,2883.6863258864064,5,7949.502011328002,False,702.8625000000001
2879,538388,1979-06-19,44.0,M,True,False,usa,san diego,NZY,32.699,-117.215,2023-01-18,191,8,17.375,0.625,130.0,1.6,83.0,83.0,7.6,0.0,5,5,1.0,0,0.0,5,4,0.8,474.392,181.327312393914,0.0,0.0,0.0,2371.96,0,0.0,1.0,0.0,1.0,0.7071067811865476,Air Canada,5,0.2,NZY-CLT,5,0.2,2875.2589848419307,716.4139610487341,0.0,5,97.2,26.385602134497518,1,0.2,0.05,3.85,3.85,482.15,3.0,3.391164991562634,1.0,0.0,NH Hotel,4,0.4,False,True,False,False,True,False,False,False,2854.11,3.85,1,5,5,3.4,1490.532538179393,4,4108.973747886638,False,474.392
2884,538441,1983-06-13,40.0,F,True,False,canada,montreal,YHU,45.517,-73.417,2023-01-18,191,8,28.75,0.5,479.25414075,2.6666666666666665,122.0,158.0,11.666666666666666,2.0,3,2,0.6666666666666666,1,0.3333333333333333,2,2,1.0,210.32,0.0,0.0,0.0,0.0,210.32,1,0.5,2.3333333333333335,1.414213562373095,1.0,1.414213562373095,United Airlines,1,1.0,YHU-LGA,2,0.5,1295.6509826716333,532.1393208420213,0.0,3,281.5,47.37615433949868,1,0.3333333333333333,0.0,0.0,0.0,563.0,2.6666666666666665,1.1547005383792515,1.6666666666666667,1.1547005383792515,Radisson,3,0.3333333333333333,False,False,False,False,True,False,False,True,773.32,0.0,1,3,2,1.8499999999999999,673.0986906746695,1,1855.5414114590865,True,90.13714285714285
2886,538457,1995-01-16,28.0,F,False,False,usa,philadelphia,PHL,39.872,-75.241,2023-01-18,191,8,19.0,0.375,140.375,1.3333333333333333,54.0,99.0,7.0,0.0,3,3,1.0,0,0.0,3,1,0.3333333333333333,288.33,403.060992530907,0.0,0.0,0.0,864.99,0,0.0,1.0,0.0,1.0,1.0,American Airlines,3,0.3333333333333333,PHL-BNA,3,0.3333333333333333,1576.4522423690325,1725.3743947374762,0.0,3,122.33333333333333,48.562674281111555,2,0.6666666666666666,0.1,11.775,23.55,343.45,4.0,2.6457513110645907,1.0,0.0,Aman Resorts,3,0.3333333333333333,False,True,False,False,True,False,False,False,1208.44,23.55,2,3,3,2.5999999999999996,1051.8276803378903,2,2899.589385071662,True,288.33
2889,538489,1989-02-21,34.0,F,False,True,usa,omaha,OFF,41.118,-95.913,2023-01-18,191,8,12.0,0.375,89.5,1.6,67.0,132.0,5.666666666666667,0.0,3,2,0.6666666666666666,0,0.0,2,2,1.0,462.485,179.414203590463,0.0,0.0,0.0,924.97,0,0.0,1.5,0.7071067811865476,1.5,0.7071067811865476,Delta Air Lines,2,0.5,OFF-BWI,2,0.5,1751.5913410621492,148.55694896186793,0.0,3,138.33333333333334,2.516611478423583,1,0.3333333333333333,0.1,13.6,13.6,401.4,4.333333333333333,2.8867513459481287,1.3333333333333333,0.5773502691896257,Aman Resorts,3,0.3333333333333333,False,True,False,False,True,False,False,False,1326.37,13.6,1,3,3,2.1999999999999997,1154.474099144159,3,3182.556331036295,True,308.3233333333333
2892,538529,1983-06-02,40.0,F,False,False,usa,philadelphia,PHL,39.872,-75.241,2023-01-18,191,8,23.5,0.375,174.875,1.3333333333333333,35.0,35.0,8.666666666666666,0.0,3,3,1.0,0,0.0,3,3,1.0,249.94666666666666,385.566692199071,0.15,104.274,104.274,645.566,1,0.3333333333333333,1.0,0.0,1.6666666666666667,0.5773502691896257,Delta Air Lines,3,0.3333333333333333,PHL-JFK,3,0.3333333333333333,1440.2861375161808,2233.7814668097826,0.0,3,179.33333333333334,86.3268980870582,0,0.0,0.0,0.0,0.0,538.0,2.6666666666666665,1.1547005383792515,1.0,0.0,Best Western,3,0.3333333333333333,False,True,False,False,False,False,False,True,1183.566,104.274,3,3,3,3.0,1030.1773197732578,2,2839.905506381556,False,249.94666666666666
2899,538680,1983-06-13,40.0,F,True,False,usa,tulsa,TUL,36.198,-95.888,2023-01-18,191,8,15.625,0.375,116.5,1.3333333333333333,32.0,32.0,8.666666666666666,0.0,3,2,0.6666666666666666,0,0.0,3,3,1.0,250.77666666666667,188.478901294902,0.25,89.8775,89.8775,662.4525,1,0.3333333333333333,1.0,0.0,1.0,0.0,Air Transat,3,0.3333333333333333,TUL-LSQ,3,0.3333333333333333,1461.1297120055926,1111.5522726675056,0.0,2,108.5,44.54772721475249,0,0.0,0.0,0.0,0.0,217.0,1.5,0.7071067811865476,1.0,0.0,Crowne Plaza,2,0.5,False,True,False,False,False,False,False,True,879.4525,89.8775,3,3,2,2.6500000000000004,765.4765507947093,2,2110.2008653096022,False,250.77666666666667
2906,538788,1997-04-08,26.0,F,False,False,usa,st. louis,STL,38.748,-90.36,2023-01-18,191,8,15.25,0.25,113.5,1.6,62.0,163.0,5.0,0.0,2,2,1.0,0,0.0,2,2,1.0,399.04,176.6352739404,0.0,0.0,0.0,798.08,0,0.0,1.0,0.0,1.0,0.0,JetBlue Airways,2,0.5,STL-JFK,2,0.5,2089.0014573330536,929.1478602941324,0.0,2,173.0,60.81118318204309,1,0.5,0.05,10.8,10.8,335.2,2.0,1.414213562373095,1.0,0.0,Aman Resorts,2,0.5,False,True,False,False,True,False,False,False,1133.28,10.8,2,2,3,2.3499999999999996,1479.612484161387,4,4078.870268669541,True,399.04
2915,539012,1978-07-18,45.0,F,True,True,usa,new york,LGA,40.777,-73.872,2023-01-18,191,8,14.5,0.375,107.375,1.1428571428571428,20.0,40.0,8.666666666666666,0.0,3,3,1.0,0,0.0,3,3,1.0,725.13,622.915883807758,0.0,0.0,0.0,2175.39,0,0.0,1.6666666666666667,1.1547005383792515,1.3333333333333333,0.5773502691896257,Conviasa,3,0.3333333333333333,LGA-ELP,3,0.3333333333333333,2251.7005655273665,977.5287900886897,0.0,3,275.6666666666667,72.45918391296809,1,0.3333333333333333,0.3,95.1,95.1,731.9,3.3333333333333335,1.1547005383792515,1.6666666666666667,1.1547005383792515,Conrad,3,0.3333333333333333,False,True,False,False,True,False,False,False,2907.29,95.1,4,3,5,4.1,2530.508835167278,5,6975.892243988112,False,435.078
2921,539209,1975-06-24,48.0,M,True,False,usa,houston,IAH,29.98,-95.34,2023-01-19,190,8,15.5,0.5,115.125,1.1428571428571428,19.0,19.0,8.75,0.0,4,3,0.75,0,0.0,4,4,1.0,467.44,91.15157742281077,0.05,22.25975,44.5195,1825.2405,2,0.5,1.25,0.5,1.0,0.816496580927726,JetBlue Airways,4,0.25,IAH-BFI,4,0.25,2219.4938543549915,709.1843862106125,0.0,3,204.33333333333334,28.676354952004157,1,0.3333333333333333,0.15,34.65,34.65,578.35,2.6666666666666665,2.0816659994661326,1.3333333333333333,0.5773502691896257,Aman Resorts,3,0.3333333333333333,False,True,False,False,False,False,False,False,2403.5905,79.1695,4,4,5,4.35,1569.066122499166,4,4325.468475798812,False,373.952
2926,539300,1983-08-13,39.0,F,False,False,usa,new york,JFK,40.64,-73.779,2023-01-19,190,9,11.88888888888889,0.3333333333333333,90.22222222222223,1.5,30.0,30.0,6.0,0.0,3,1,0.3333333333333333,0,0.0,3,3,1.0,468.94666666666666,381.57588253627,0.25,175.79,175.79,1231.05,1,0.3333333333333333,1.0,0.0,1.0,0.0,American Airlines,3,0.3333333333333333,JFK-NZY,3,0.3333333333333333,2735.7354367343323,2240.861369180153,0.0,1,161.0,0.0,0,0.0,0.0,0.0,0.0,161.0,2.0,0.0,1.0,0.0,Accor,1,1.0,False,True,False,False,False,False,True,True,1392.05,175.79,3,3,3,3.0,1211.6420529065242,3,3340.1520998055403,False,468.94666666666666
2938,539460,1975-07-18,48.0,M,False,False,canada,toronto,YTZ,43.627,-79.396,2023-01-19,190,7,15.857142857142858,0.2857142857142857,117.42857142857143,1.1666666666666667,38.0,160.0,6.5,0.0,2,2,1.0,0,0.0,2,2,1.0,387.005,430.281547419826,0.0,0.0,0.0,774.01,0,0.0,1.0,0.0,1.0,0.0,Allegiant Air,2,0.5,YTZ-FAT,2,0.5,2021.0533037106159,2052.463173134167,0.0,2,131.5,58.68986283848344,0,0.0,0.0,0.0,0.0,263.0,2.0,0.0,1.0,0.0,InterContinental,2,0.5,False,True,False,False,True,False,False,True,1037.01,0.0,3,2,2,2.4000000000000004,1353.9221923974658,4,3732.3779271786325,True,387.005
2940,539510,1979-08-08,43.0,F,False,True,usa,tulsa,TUL,36.198,-95.888,2023-01-19,190,9,9.444444444444445,0.3333333333333333,69.55555555555556,1.2857142857142858,17.0,17.0,11.666666666666666,0.0,3,2,0.6666666666666666,0,0.0,2,2,1.0,254.275,264.733707808432,0.0,0.0,0.0,508.55,0,0.0,1.0,0.0,1.0,0.0,AirTran Airways,2,0.5,TUL-DAL,2,0.5,1367.702306113607,1392.6779826024674,0.0,3,187.33333333333334,100.72900939318987,1,0.3333333333333333,0.15,33.9,33.9,528.1,7.333333333333333,6.8068592855540455,1.0,0.0,Banyan Tree,3,0.3333333333333333,False,True,False,False,True,False,False,False,1036.65,33.9,4,3,2,3.05,902.3014504834945,2,2487.3881500401662,False,254.275
2950,539648,1980-08-28,42.0,F,False,False,usa,new york,LGA,40.777,-73.872,2023-01-19,190,8,15.25,0.5,113.125,2.6666666666666665,119.0,119.0,5.5,0.0,4,3,0.75,0,0.0,3,2,0.6666666666666666,289.5233333333333,99.28822001291661,0.0,0.0,0.0,868.57,0,0.0,1.0,0.0,1.0,0.0,Delta Air Lines,3,0.3333333333333333,LGA-BNA,3,0.3333333333333333,2494.1097464065106,1380.2905905756913,0.0,4,141.75,95.64996950687787,1,0.25,0.1,6.0,6.0,561.0,3.75,0.5,1.0,0.0,Conrad,4,0.25,False,True,False,False,True,False,False,False,1429.57,6.0,1,4,3,2.4499999999999997,933.2246307102366,2,2572.6345519121114,True,289.5233333333333
2962,539883,1977-04-16,46.0,F,False,False,usa,new york,JFK,40.64,-73.779,2023-01-19,190,9,15.0,0.5555555555555556,112.11111111111111,1.2857142857142858,23.0,84.0,9.4,0.0,5,3,0.6,0,0.0,4,4,1.0,139.6,165.22469932388,0.1,2.395,2.395,556.005,1,0.25,1.0,0.0,1.25,0.9574271077563381,Air Canada,4,0.25,JFK-DAL,4,0.25,814.5455092581051,952.1932044193425,0.0,4,200.5,66.64583007710735,0,0.0,0.0,0.0,0.0,802.0,3.25,2.217355782608345,1.0,0.0,Best Western,3,0.5,False,True,False,False,False,False,False,True,1358.005,2.395,4,5,3,3.9,709.2055455151717,1,1955.0777280829382,False,139.6
2973,540029,1960-09-26,62.0,F,True,True,usa,columbus,LCK,39.814,-82.928,2023-01-19,190,8,14.5,0.25,107.25,1.6,62.0,62.0,116.0,0.0,2,2,1.0,0,0.0,2,2,1.0,2687.965,2579.645745921327,0.15,129.582,129.582,5246.348,1,0.5,3.0,0.0,1.5,0.7071067811865476,American Airlines,2,0.5,LCK-AYT,2,0.5,5317.919659005846,5390.568251377075,0.5,2,117.5,33.23401871576773,0,0.0,0.0,0.0,0.0,235.0,5.5,4.949747468305833,2.5,0.7071067811865476,Best Western,2,0.5,False,True,False,False,False,False,False,True,5481.348,129.582,2,2,5,3.05,7156.458184061354,5,19728.317264428253,False,895.9883333333333
2975,540094,1978-08-11,44.0,F,True,True,usa,chicago,MDW,41.786,-87.752,2023-01-19,190,7,16.142857142857142,0.2857142857142857,121.71428571428571,1.0,15.0,15.0,9.5,0.0,2,1,0.5,0,0.0,2,2,1.0,415.54,150.246048866518,0.0,0.0,0.0,831.08,0,0.0,1.0,0.0,1.5,0.7071067811865476,AirTran Airways,2,0.5,MDW-AUS,2,0.5,2188.414537312812,881.3060901750996,0.0,1,198.0,0.0,0,0.0,0.0,0.0,0.0,198.0,2.0,0.0,1.0,0.0,Hyatt,1,1.0,False,True,False,False,True,False,True,True,1029.08,0.0,5,2,2,3.2,1343.5687695898632,4,3703.8364888486967,False,415.54
2982,540244,1985-10-03,37.0,F,False,False,canada,montreal,YMX,45.68,-74.039,2023-01-19,190,8,22.5,0.5,167.0,1.1428571428571428,7.0,7.0,7.75,0.0,4,3,0.75,0,0.0,4,4,1.0,424.375,246.73008605897,0.0,0.0,0.0,1697.5,0,0.0,1.0,0.0,1.0,0.0,AirTran Airways,4,0.25,YMX-LUF,4,0.25,2336.179776201843,1356.0016414708416,0.0,3,182.0,116.322826650662,1,0.3333333333333333,0.05,8.6,8.6,537.4,2.6666666666666665,2.0816659994661326,1.0,0.0,Choice Hotels,3,0.3333333333333333,False,True,False,False,True,False,False,False,2234.9,8.6,5,4,5,4.75,1458.9448066022007,4,4021.895367186202,False,424.375
2985,540260,1980-12-22,42.0,F,True,False,usa,milwaukee,MKE,42.947,-87.896,2023-01-19,190,9,21.11111111111111,0.3333333333333333,156.0,1.8,85.0,96.0,5.666666666666667,0.0,3,3,1.0,0,0.0,3,3,1.0,346.70666666666665,222.863673651256,0.0,0.0,0.0,1040.12,0,0.0,1.6666666666666667,1.1547005383792515,1.0,0.0,Ryanair,2,0.6666666666666666,MKE-HLZ,3,0.3333333333333333,1551.4435883573606,1131.8059365711065,0.0,3,249.33333333333334,56.86240703077327,0,0.0,0.0,0.0,0.0,748.0,1.6666666666666667,1.1547005383792515,1.6666666666666667,1.1547005383792515,Extended Stay,3,0.3333333333333333,False,True,False,False,True,False,False,True,1788.12,0.0,1,3,4,2.55,1556.3818739579858,4,4290.50161467209,True,208.02399999999997
2987,540306,1993-10-25,29.0,F,False,False,canada,toronto,YTZ,43.627,-79.396,2023-01-19,190,8,13.875,0.375,103.5,1.3333333333333333,50.0,123.0,5.333333333333333,0.0,3,3,1.0,0,0.0,3,3,1.0,353.8,225.296554123671,0.0,0.0,0.0,1061.4,0,0.0,1.0,0.0,1.0,0.0,JetBlue Airways,3,0.3333333333333333,YTZ-AUS,3,0.3333333333333333,2050.926829416536,1413.5142095184253,0.0,3,148.0,87.67553820764375,1,0.3333333333333333,0.15,7.5,7.5,436.5,2.3333333333333335,1.5275252316519468,1.0,0.0,Accor,3,0.3333333333333333,False,True,False,False,True,False,False,False,1497.9,7.5,2,3,3,2.5999999999999996,1303.7740246748917,3,3594.1337094922737,True,353.8
2995,540455,1990-03-13,33.0,F,False,False,usa,los angeles,LAX,33.942,-118.408,2023-01-19,190,8,15.75,0.25,116.625,1.3333333333333333,44.0,81.0,6.5,0.0,2,2,1.0,0,0.0,2,2,1.0,400.12,438.632478505639,0.0,0.0,0.0,800.24,0,0.0,1.0,0.0,1.0,0.0,CAL Cargo Air Lines,2,0.5,LAX-LGA,2,0.5,2234.966382875523,2459.661689576417,0.0,2,195.5,16.263455967290593,1,0.5,0.1,18.4,18.4,372.6,4.5,4.949747468305833,1.0,0.0,Extended Stay,2,0.5,False,True,False,False,True,False,False,False,1172.84,18.4,2,2,3,2.3499999999999996,1531.2620940313436,4,4221.253534789623,False,400.12
3000,540572,1974-03-03,49.0,F,True,True,usa,phoenix,LUF,33.535,-112.383,2023-01-19,190,8,23.25,0.75,172.5,1.3333333333333333,55.0,55.0,36.166666666666664,0.0,6,5,0.8333333333333334,0,0.0,5,5,1.0,638.256,486.779013958079,0.05,34.004,34.004,3157.276,1,0.2,2.0,2.23606797749979,1.2,2.16794833886788,United Airlines,4,0.4,LUF-SEA,5,0.2,2297.0979670024144,885.0611410292139,0.0,6,215.16666666666666,126.37945508138,1,0.16666666666666666,0.05,9.3,9.3,1281.7,5.0,4.560701700396552,1.5,0.8366600265340756,Extended Stay,6,0.16666666666666666,False,True,False,False,False,False,False,False,4438.976,43.304,2,5,5,3.8,1931.8451181504943,5,5325.5468580102715,False,319.128
3025,540973,1991-11-16,31.0,F,False,False,usa,portland,PDX,45.589,-122.597,2023-01-19,190,8,17.5,0.375,130.75,1.1428571428571428,8.0,64.0,7.333333333333333,0.0,3,3,1.0,0,0.0,3,3,1.0,511.50666666666666,109.335481127278,0.0,0.0,0.0,1534.52,0,0.0,1.0,0.0,1.0,0.0,American Airlines,3,0.3333333333333333,PDX-FTW,3,0.3333333333333333,2967.5965843653394,846.6964526371887,0.0,3,233.0,110.435501538228,0,0.0,0.0,0.0,0.0,699.0,1.3333333333333333,0.5773502691896257,1.0,0.0,Accor,3,0.3333333333333333,False,True,False,False,True,False,False,True,2233.52,0.0,5,3,5,4.5,1944.0585884183615,5,5359.21591750129,False,511.50666666666666
3029,541040,1995-10-13,27.0,F,False,False,usa,los angeles,LAX,33.942,-118.408,2023-01-19,190,9,38.666666666666664,0.4444444444444444,863.2550688888889,1.5,33.0,61.0,6.333333333333333,7.0,3,2,0.6666666666666666,1,0.3333333333333333,2,2,1.0,734.91,0.0,0.05,0.0,0.0,734.91,1,0.5,1.0,0.0,1.0,0.0,Frontier Airlines,2,0.5,LAX-DEN,2,0.5,3974.209842999768,1830.516113863712,0.0,3,181.5,101.1162697096763,2,0.6666666666666666,0.05,5.5,5.5,357.5,3.6666666666666665,2.0816659994661326,1.0,0.0,Extended Stay,3,0.3333333333333333,False,False,False,False,True,False,False,False,1092.41,5.5,3,3,3,3.0,950.8350238968546,2,2621.1813910050437,False,734.91
3035,541112,1979-12-01,43.0,F,False,False,usa,detroit,DTW,42.212,-83.353,2023-01-19,190,8,16.25,0.5,119.25,1.3333333333333333,35.0,67.0,7.5,0.0,4,3,0.75,0,0.0,3,3,1.0,196.81666666666666,151.558549852304,0.1,7.248,7.248,583.202,1,0.3333333333333333,1.3333333333333333,0.5773502691896257,1.3333333333333333,2.309401076758503,Air Canada,3,0.3333333333333333,DTW-BOS,3,0.3333333333333333,754.4823520077895,338.37970071725255,0.0,4,163.5,123.484142031814,0,0.0,0.0,0.0,0.0,654.0,3.75,1.2583057392117916,1.25,0.5,Crowne Plaza,3,0.5,False,True,False,False,False,False,False,True,1237.202,7.248,3,4,3,3.25,807.6466207069022,2,2226.4517392605944,False,147.6125
3037,541150,1990-01-27,33.0,F,False,False,usa,akron,AKR,41.038,-81.467,2023-01-19,190,9,11.88888888888889,0.3333333333333333,88.88888888888889,1.5,33.0,62.0,11.0,0.0,3,2,0.6666666666666666,0,0.0,2,2,1.0,338.195,28.927738418341658,0.0,0.0,0.0,676.39,0,0.0,1.0,0.0,1.0,0.0,Frontier Airlines,2,0.5,AKR-AUS,2,0.5,1832.2592336863286,83.86833458130504,0.0,3,141.66666666666666,34.93326972004386,0,0.0,0.0,0.0,0.0,425.0,6.333333333333333,4.041451884327381,1.0,0.0,Accor,3,0.3333333333333333,False,True,False,False,True,False,False,True,1101.39,0.0,3,3,3,3.0,958.651227075692,2,2642.728437344079,False,338.195
3058,541454,1968-03-28,55.0,F,False,True,usa,boston,BOS,42.364,-71.005,2023-01-20,189,7,20.857142857142858,0.5714285714285714,154.71428571428572,1.1666666666666667,28.0,28.0,7.0,0.0,4,4,1.0,0,0.0,4,3,0.75,639.29,97.6620226427175,0.3,194.481,194.481,2362.679,1,0.25,1.25,0.5,1.25,1.2583057392117916,American Airlines,4,0.25,BOS-NZY,4,0.25,3592.245076515259,559.283041566996,0.0,4,134.75,49.86899504368086,0,0.0,0.0,0.0,0.0,539.0,5.25,2.5,1.25,0.5,Starwood,3,0.5,False,True,False,False,False,False,False,True,2901.679,194.481,3,4,5,3.95,1894.218760336779,5,5221.821704399074,False,511.43199999999996
3061,541516,1970-08-20,52.0,M,False,False,usa,bakersfield,BFL,35.433,-119.057,2023-01-20,189,8,17.25,0.375,129.375,1.1428571428571428,24.0,24.0,5.333333333333333,0.0,3,2,0.6666666666666666,0,0.0,2,2,1.0,386.535,508.247141113455,0.1,74.592,74.592,698.478,1,0.5,1.0,0.0,1.0,1.414213562373095,American Airlines,1,1.0,BFL-FAT,2,0.5,2062.049970707978,2688.9044288903187,0.0,3,183.0,59.3548650070068,0,0.0,0.0,0.0,0.0,549.0,3.3333333333333335,0.5773502691896257,1.0,0.0,Wyndham,2,0.6666666666666666,False,True,False,False,False,False,False,True,1247.478,74.592,4,3,3,3.4,1085.8064041347116,3,2993.2590504372806,False,386.535
3068,541700,1978-08-27,44.0,M,True,False,usa,san diego,SAN,32.733,-117.189,2023-01-20,189,8,14.625,0.25,109.0,1.1428571428571428,24.0,69.0,9.0,0.0,2,1,0.5,0,0.0,2,2,1.0,445.285,470.85533452431,0.25,194.5575,194.5575,696.0125,1,0.5,1.0,0.0,1.0,0.0,Air Canada,2,0.5,SAN-TUS,2,0.5,2370.0575787990674,2510.3495410747023,0.0,1,236.0,0.0,0,0.0,0.0,0.0,0.0,236.0,6.0,0.0,1.0,0.0,Aman Resorts,1,1.0,False,True,False,False,False,False,True,True,932.0125,194.5575,4,2,2,2.8,1216.8372603367789,3,3354.473807248315,False,445.285
3069,541734,1985-06-22,38.0,F,False,False,usa,los angeles,LAX,33.942,-118.408,2023-01-20,189,8,20.625,0.375,153.625,1.3333333333333333,28.0,56.0,5.666666666666667,0.0,3,3,1.0,0,0.0,3,3,1.0,583.9266666666666,209.554252959307,0.0,0.0,0.0,1751.78,0,0.0,1.0,0.0,1.0,0.0,Delta Air Lines,2,0.6666666666666666,LAX-LGA,3,0.3333333333333333,3264.2494215186775,1129.1517083243875,0.0,3,130.33333333333334,93.62869930386374,2,0.6666666666666666,0.2,19.55,39.1,351.9,2.6666666666666665,1.5275252316519468,1.0,0.0,Hyatt,3,0.3333333333333333,False,True,False,False,True,False,False,False,2103.68,39.1,3,3,4,3.35,1831.0456907858172,5,5047.671541481211,False,583.9266666666666
3076,541906,1972-08-02,50.0,F,True,False,usa,san jose,SJC,37.362,-121.929,2023-01-20,189,7,15.714285714285714,0.5714285714285714,294.51295828571426,1.75,90.0,110.0,69.66666666666667,176.0,3,1,0.3333333333333333,1,0.3333333333333333,2,2,1.0,695.78,0.0,0.0,0.0,0.0,695.78,1,0.5,1.6666666666666667,0.7071067811865476,2.0,1.414213562373095,IndiGo Airlines,2,0.5,SJC-PNQ,2,0.5,4124.793560549965,6683.478479240401,0.0,2,68.0,0.0,1,0.5,0.0,0.0,0.0,68.0,12.0,0.0,1.0,0.0,InterContinental,2,0.5,False,False,False,False,True,False,False,True,763.78,0.0,1,3,2,1.8499999999999999,664.7950627987107,1,1832.6506740343204,True,417.46799999999996
3081,541967,1982-03-01,41.0,F,True,False,usa,new york,JFK,40.64,-73.779,2023-01-20,189,7,12.571428571428571,0.42857142857142855,93.42857142857143,1.1666666666666667,47.0,97.0,8.333333333333334,0.0,3,2,0.6666666666666666,0,0.0,3,3,1.0,542.9366666666666,417.799852840249,0.0,0.0,0.0,1628.81,0,0.0,2.0,1.7320508075688772,1.0,1.0,AirTran Airways,3,0.3333333333333333,JFK-BNA,3,0.3333333333333333,1683.3250818130928,1422.3216755970225,0.0,2,229.0,35.35533905932738,0,0.0,0.0,0.0,0.0,458.0,2.5,2.1213203435596424,2.5,2.1213203435596424,Fairmont,2,0.5,False,True,False,False,True,False,False,True,2086.81,0.0,2,3,4,2.95,1816.3620217850394,5,5007.19284752358,True,271.4683333333333
3082,541972,1969-07-10,54.0,F,True,True,usa,chicago,ORD,41.979,-87.904,2023-01-20,189,8,16.5,0.25,122.125,1.1428571428571428,15.0,156.0,7.0,0.0,2,2,1.0,0,0.0,2,1,0.5,244.65,9.418662325404814,0.0,0.0,0.0,489.3,0,0.0,1.0,0.0,1.0,1.414213562373095,Alaska Airlines,2,0.5,ORD-DEN,2,0.5,2108.662436341321,965.851159044365,0.0,2,295.5,255.265548008344,0,0.0,0.0,0.0,0.0,591.0,6.5,4.949747468305833,1.0,0.0,Best Western,2,0.5,False,True,False,False,True,False,False,True,1080.3,0.0,5,2,3,3.55,1410.4416972324107,4,3888.186106914183,True,244.65
3087,542012,1978-06-24,45.0,F,False,False,usa,nashville,BNA,36.124,-86.678,2023-01-20,189,8,17.375,0.375,130.375,1.3333333333333333,44.0,137.0,7.0,0.0,3,3,1.0,0,0.0,3,3,1.0,336.65,168.627232972613,0.05,14.7305,14.7305,995.2195,1,0.3333333333333333,1.0,0.0,1.0,1.0,AirTran Airways,3,0.3333333333333333,BNA-DEN,3,0.3333333333333333,1843.4526836699026,910.0920164884841,0.0,3,277.0,128.421182053429,0,0.0,0.0,0.0,0.0,831.0,3.3333333333333335,1.1547005383792515,1.0,0.0,Rosewood,2,0.6666666666666666,False,True,False,False,False,False,False,True,1826.2195,14.7305,2,3,4,2.95,1589.5437261865065,4,4381.919397744926,True,336.65
3088,542015,1981-07-16,42.0,F,True,False,usa,new york,LGA,40.777,-73.872,2023-01-20,189,8,16.75,0.75,126.0,1.1428571428571428,9.0,9.0,5.833333333333333,0.0,6,4,0.6666666666666666,0,0.0,4,4,1.0,472.6,270.327810999904,0.0,0.0,0.0,1890.4,0,0.0,1.0,0.0,1.0,0.816496580927726,American Airlines,4,0.25,LGA-BFI,4,0.25,2717.4273640320985,1577.67909590302,0.0,6,238.33333333333334,258.73822034378,1,0.16666666666666666,0.1,14.8,14.8,1415.2,5.5,3.987480407475377,1.1666666666666667,0.408248290463863,Banyan Tree,6,0.16666666666666666,False,True,False,False,True,False,False,False,3305.6,14.8,5,5,5,5.0,1438.599177503612,4,3965.808261598791,False,472.6
3096,542142,1980-07-14,43.0,M,True,True,usa,long beach,LGB,33.818,-118.151,2023-01-20,189,9,47.888888888888886,0.7777777777777778,990.4444444444445,1.5,27.0,27.0,52.833333333333336,6.0,6,4,0.6666666666666666,1,0.16666666666666666,5,5,1.0,1940.925,3169.347249950164,0.05,334.335,334.335,7429.365,2,0.4,1.3333333333333333,0.8944271909999159,1.2,1.3038404810405297,American Airlines,4,0.2,LGB-EFD,5,0.2,4411.208499929392,4428.364385047342,0.25,5,181.25,60.162973109158536,1,0.2,0.0,0.0,0.0,725.0,6.2,5.215361924162119,1.2,0.4472135954999579,NH Hotel,5,0.2,False,False,False,False,False,False,False,True,8154.365,334.335,3,5,5,4.2,3548.78472351895,5,9782.988893118352,False,1455.6937500000001
3103,542254,1979-10-26,43.0,F,True,False,usa,montgomery,MXF,32.379,-86.362,2023-01-20,189,8,12.25,0.25,91.5,1.3333333333333333,39.0,39.0,7.0,0.0,2,2,1.0,0,0.0,2,2,1.0,498.61,196.363553135504,0.0,0.0,0.0,997.22,0,0.0,1.0,0.0,1.0,0.0,Air Transat,2,0.5,MXF-YQB,2,0.5,2806.911101647249,1077.7873545162242,0.0,2,218.0,193.747258045114,0,0.0,0.0,0.0,0.0,436.0,3.5,3.5355339059327378,1.0,0.0,Aman Resorts,2,0.5,False,True,False,False,True,False,False,True,1433.22,0.0,3,2,3,2.75,1871.2147082360786,5,5158.406083635606,False,498.61
3106,542277,1988-07-17,35.0,F,False,False,canada,london,YXU,43.036,-81.154,2023-01-20,189,8,16.25,0.25,120.25,2.0,101.0,101.0,8.0,0.0,2,2,1.0,0,0.0,2,2,1.0,506.3,122.895158570222,0.05,29.66,29.66,982.94,1,0.5,1.0,0.0,1.0,0.0,American Airlines,2,0.5,YXU-BIF,2,0.5,2950.885758764592,586.0674335234611,0.0,2,219.0,115.96551211459379,0,0.0,0.0,0.0,0.0,438.0,4.0,1.414213562373095,1.0,0.0,Choice Hotels,2,0.5,False,True,False,False,False,False,False,True,1420.94,29.66,1,2,3,1.9499999999999997,1855.1819173057686,5,5114.208244708543,True,506.3
3116,542451,1988-07-22,35.0,F,True,False,usa,new york,LGA,40.777,-73.872,2023-01-20,189,9,12.666666666666666,0.2222222222222222,95.55555555555556,1.8,60.0,170.0,9.0,0.0,2,2,1.0,0,0.0,2,2,1.0,525.34,290.606744932047,0.0,0.0,0.0,1050.68,0,0.0,1.0,0.0,1.0,0.0,JetBlue Airways,2,0.5,LGA-PWM,2,0.5,3039.541876135126,1252.654385738258,0.0,2,190.0,128.693434175952,0,0.0,0.0,0.0,0.0,380.0,2.0,0.0,1.0,0.0,Best Western,2,0.5,False,True,False,False,True,False,False,True,1430.68,0.0,2,2,3,2.3499999999999996,1867.8984794931644,5,5149.264185355904,True,525.34
3133,542805,1991-09-10,31.0,F,False,False,usa,new york,JFK,40.64,-73.779,2023-01-20,189,8,17.625,0.5,131.5,1.3333333333333333,51.0,51.0,6.0,0.0,4,4,1.0,0,0.0,4,4,1.0,376.39,132.503450269543,0.1,47.712,47.712,1457.848,1,0.25,1.0,0.0,1.0,0.0,American Airlines,2,0.5,JFK-AUS,4,0.25,2161.3596190676462,740.996012411223,0.0,4,191.75,104.723047447382,0,0.0,0.0,0.0,0.0,767.0,3.75,2.217355782608345,1.0,0.0,Banyan Tree,4,0.25,False,True,False,False,False,False,False,True,2224.848,47.712,2,4,5,3.55,1452.3828516172057,4,4003.8059259445554,False,376.39
3137,542843,1969-03-13,54.0,F,True,True,usa,mobile,BFM,30.626,-88.068,2023-01-20,189,8,14.125,0.25,103.625,1.6,82.0,151.0,8.5,0.0,2,2,1.0,0,0.0,2,2,1.0,597.015,406.551043843205,0.0,0.0,0.0,1194.03,0,0.0,2.0,1.414213562373095,1.5,0.7071067811865476,Etihad Airways,2,0.5,BFM-DEN,2,0.5,1760.0304242013135,83.32215218607183,0.0,2,133.0,151.320851173921,0,0.0,0.0,0.0,0.0,266.0,6.0,2.8284271247461903,2.0,1.414213562373095,Shangri-La,1,1.0,False,True,False,False,True,False,False,True,1460.03,0.0,1,2,3,1.9499999999999997,1906.2178942980993,5,5254.899899729626,True,298.5075
3142,542918,1988-01-16,35.0,F,True,True,canada,toronto,YYZ,43.677,-79.631,2023-01-20,189,8,20.625,0.5,153.5,1.1428571428571428,15.0,15.0,61.25,0.0,4,3,0.75,0,0.0,4,4,1.0,2710.1175,5064.430257474675,0.1,26.214,26.214,10814.256,1,0.25,2.0,2.0,1.5,1.7320508075688772,Allegiant Air,4,0.25,YYZ-BNA,4,0.25,3544.898859653561,5037.807325819329,0.25,3,172.66666666666666,75.79797710581288,0,0.0,0.0,0.0,0.0,518.0,5.0,2.6457513110645907,1.0,0.0,Aman Resorts,3,0.3333333333333333,False,True,False,False,False,False,False,True,11332.256,26.214,5,4,5,4.75,7397.707297099032,5,20393.372368413813,False,1355.05875
3145,542976,1980-05-05,43.0,F,True,True,usa,san diego,NZY,32.699,-117.215,2023-01-20,189,8,15.25,0.375,113.75,1.3333333333333333,32.0,119.0,11.0,0.0,3,2,0.6666666666666666,0,0.0,2,2,1.0,546.69,57.176654326744234,0.0,0.0,0.0,1093.38,0,0.0,1.0,0.0,1.0,0.0,Delta Air Lines,2,0.5,NZY-ORD,2,0.5,2978.6125043342827,280.91841560610436,0.0,3,133.66666666666666,78.69138029881884,2,0.6666666666666666,0.05,7.6,15.2,385.8,4.0,2.0,1.0,0.0,Aman Resorts,3,0.3333333333333333,False,True,False,False,True,False,False,False,1479.18,15.2,3,3,3,3.0,1287.4801133711237,3,3549.216036054998,True,546.69
3146,543008,1975-03-22,48.0,F,True,True,usa,buffalo,BUF,42.94,-78.732,2023-01-20,189,8,16.875,0.375,408.34705925,2.0,90.0,127.0,103.0,160.0,2,1,0.5,1,0.5,2,2,1.0,90.82,0.0,0.0,0.0,0.0,90.82,1,0.5,2.3333333333333335,1.414213562373095,1.0,1.414213562373095,Spicejet,2,0.5,BUF-BLR,2,0.5,483.63600812314723,9099.010191791363,0.0,1,73.0,0.0,0,0.0,0.0,0.0,0.0,73.0,5.0,0.0,1.0,0.0,Crowne Plaza,1,1.0,False,False,False,False,True,False,True,True,163.82,0.0,1,2,1,1.25,213.88369789929976,1,589.6164473152656,True,38.92285714285714
3155,543222,1985-05-05,38.0,F,True,False,usa,bakersfield,BFL,35.433,-119.057,2023-01-21,188,8,41.625,0.5,1051.5,1.3333333333333333,37.0,79.0,8.333333333333334,1.0,3,2,0.6666666666666666,1,0.3333333333333333,3,3,1.0,548.875,419.15168668395,0.1,0.0,0.0,1097.75,1,0.3333333333333333,1.25,0.5773502691896257,1.0,1.0,Finnair,3,0.3333333333333333,BFL-JFK,3,0.3333333333333333,1711.7534374165639,1343.7288020920068,0.0,2,52.0,0.0,1,0.5,0.0,0.0,0.0,52.0,3.5,3.5355339059327378,1.0,0.0,Aman Resorts,2,0.5,False,False,False,False,True,False,False,True,1149.75,0.0,3,3,3,3.0,1000.7438312770923,2,2758.765760390374,False,439.1
3158,543271,1983-06-21,40.0,F,False,False,usa,honolulu,HNL,21.316,-157.927,2023-01-21,188,9,9.666666666666666,0.2222222222222222,72.66666666666667,2.25,93.0,131.0,8.5,0.0,2,2,1.0,0,0.0,2,2,1.0,2123.585,850.557533885862,0.0,0.0,0.0,4247.17,0,0.0,1.5,0.7071067811865476,1.0,1.414213562373095,American Airlines,2,0.5,HNL-IAD,2,0.5,7295.7773272759805,681.4894387480118,1.0,2,113.0,42.42640687119285,0,0.0,0.0,0.0,0.0,226.0,2.5,2.1213203435596424,1.5,0.7071067811865476,Hilton,2,0.5,False,True,False,False,True,False,False,True,4473.17,0.0,1,2,5,2.65,5840.179104701567,5,16099.710680241891,True,1415.7233333333334
3160,543304,1975-04-09,48.0,F,False,True,usa,st. louis,STL,38.748,-90.36,2023-01-21,188,8,14.75,0.375,109.375,1.6,65.0,65.0,11.0,0.0,3,3,1.0,0,0.0,3,3,1.0,878.9833333333333,894.457452668003,0.0,0.0,0.0,2636.95,0,0.0,2.0,1.7320508075688772,1.0,0.0,American Airlines,3,0.3333333333333333,STL-SJI,3,0.3333333333333333,2255.324610073469,864.9284497901158,0.0,3,309.0,168.223066194859,1,0.3333333333333333,0.1,29.9,29.9,897.1,3.0,1.0,2.0,1.7320508075688772,Banyan Tree,3,0.3333333333333333,False,True,False,False,True,False,False,False,3534.05,29.9,1,3,5,2.9,3076.041519395354,5,8479.770502724594,False,439.4916666666667
3161,543306,1986-07-18,37.0,F,False,True,usa,houston,IAH,29.98,-95.34,2023-01-21,188,8,20.375,0.375,152.875,1.3333333333333333,47.0,47.0,5.666666666666667,0.0,3,1,0.3333333333333333,0,0.0,2,2,1.0,350.34,109.78539884702337,0.0,0.0,0.0,700.68,0,0.0,1.0,0.0,1.0,0.0,AirTran Airways,2,0.5,IAH-MDW,2,0.5,2145.8142403463244,943.6136513346303,0.0,2,209.5,102.5304832720494,1,0.5,0.2,56.4,56.4,362.6,4.0,2.8284271247461903,1.0,0.0,Choice Hotels,2,0.5,False,True,False,False,True,False,False,False,1063.28,56.4,2,3,3,2.5999999999999996,925.4802356341003,2,2551.285460063385,False,350.34
3183,543716,1983-07-12,40.0,F,True,True,usa,philadelphia,PNE,40.082,-75.011,2023-01-21,188,10,14.0,0.4,105.1,1.6666666666666667,31.0,82.0,9.5,0.0,4,4,1.0,0,0.0,4,4,1.0,519.26,211.220489062969,0.0,0.0,0.0,2077.04,0,0.0,1.25,0.5,1.0,0.0,Ryanair,3,0.5,PNE-LAX,4,0.25,2887.903742554089,1540.5320607274266,0.0,4,216.25,78.771293417505,0,0.0,0.0,0.0,0.0,865.0,3.0,3.3665016461206925,1.25,0.5,InterContinental,4,0.25,False,True,False,False,True,False,False,True,2942.04,0.0,3,4,5,3.95,1920.5664588196064,5,5294.454806065816,False,415.408
3195,543937,1979-06-18,44.0,F,False,False,usa,san francisco,SFO,37.619,-122.375,2023-01-21,188,8,10.375,0.375,77.75,1.6,76.0,143.0,6.333333333333333,0.0,3,2,0.6666666666666666,0,0.0,2,2,1.0,745.485,14.304770183403857,0.0,0.0,0.0,1490.97,0,0.0,1.0,0.0,1.0,0.0,AirTran Airways,2,0.5,SFO-LGA,2,0.5,3899.223663169803,357.15945944720266,0.0,3,190.33333333333334,121.857840672373,0,0.0,0.0,0.0,0.0,571.0,3.6666666666666665,2.0816659994661326,1.0,0.0,Hyatt,2,0.6666666666666666,False,True,False,False,True,False,False,True,2061.97,0.0,1,3,4,2.55,1794.7412548627317,5,4947.590550077964,True,745.485
3198,543976,1990-08-25,32.0,F,False,False,usa,chicago,MDW,41.786,-87.752,2023-01-21,188,9,34.333333333333336,0.5555555555555556,956.0,1.2857142857142858,16.0,16.0,7.75,6.0,4,3,0.75,1,0.25,3,3,1.0,205.31,109.7571145757759,0.0,0.0,0.0,410.62,1,0.3333333333333333,1.0,0.0,1.0,0.0,Allegiant Air,3,0.3333333333333333,MDW-DCA,3,0.3333333333333333,1051.3110816747337,333.9735273851324,0.0,4,127.66666666666667,98.8803991361955,1,0.25,0.0,0.0,0.0,383.0,2.25,0.9574271077563381,1.25,0.5,Hyatt,3,0.5,False,False,False,False,True,False,False,True,793.62,0.0,4,4,2,3.3,518.0758769589863,1,1428.1876599876118,False,205.31
3199,544002,1980-05-14,43.0,F,False,True,usa,denver,DEN,39.858,-104.667,2023-01-21,188,7,12.571428571428571,0.2857142857142857,94.57142857142857,1.1666666666666667,43.0,127.0,9.5,0.0,2,2,1.0,0,0.0,2,2,1.0,380.415,126.635753442699,0.0,0.0,0.0,760.83,0,0.0,1.0,0.0,1.0,0.0,AeroMéxico,2,0.5,DEN-IAD,2,0.5,1967.9857437140208,566.8194969540825,0.0,2,182.5,43.1335136523794,0,0.0,0.0,0.0,0.0,365.0,1.5,0.7071067811865476,1.0,0.0,Crowne Plaza,2,0.5,False,True,False,False,True,False,False,True,1125.83,0.0,2,2,3,2.3499999999999996,1469.8857502500832,4,4052.056433164116,True,380.415
3203,544043,1982-11-24,40.0,F,False,True,usa,santa ana,SNA,33.676,-117.868,2023-01-21,188,9,14.88888888888889,0.3333333333333333,110.0,1.2857142857142858,16.0,16.0,4.666666666666667,0.0,3,2,0.6666666666666666,0,0.0,2,2,1.0,291.205,94.73109547556177,0.0,0.0,0.0,582.41,0,0.0,1.0,0.0,1.0,0.0,AirTran Airways,2,0.5,SNA-AUS,2,0.5,1650.755980288929,411.2692887206869,0.0,3,90.0,38.03945320322047,1,0.3333333333333333,0.05,6.35,6.35,263.65,3.6666666666666665,2.8867513459481287,1.0,0.0,Banyan Tree,3,0.3333333333333333,False,True,False,False,True,False,False,False,846.06,6.35,4,3,2,3.05,736.4116772257419,1,2030.0772857020047,False,291.205
3204,544163,1978-09-22,44.0,F,True,True,usa,new york,LGA,40.777,-73.872,2023-01-21,188,8,13.25,0.5,96.5,1.1428571428571428,18.0,18.0,7.75,0.0,4,2,0.5,0,0.0,2,2,1.0,941.39,356.466670531762,0.0,0.0,0.0,1882.78,0,0.0,1.5,0.7071067811865476,1.0,0.0,Allegiant Air,2,0.5,LGA-FAT,2,0.5,3959.6233765074066,8.16749958902974,0.0,4,202.0,180.364445868174,0,0.0,0.0,0.0,0.0,808.0,5.0,3.8297084310253524,1.5,0.5773502691896257,Accor,4,0.25,False,True,False,False,True,False,False,True,2690.78,0.0,4,4,5,4.35,1756.5436962320775,5,4842.290758475677,False,627.5933333333334
3205,544207,1970-04-24,53.0,F,True,False,usa,new york,JFK,40.64,-73.779,2023-01-21,188,8,13.0,0.5,97.25,1.1428571428571428,21.0,96.0,7.0,0.0,4,3,0.75,0,0.0,3,2,0.6666666666666666,376.50333333333333,321.354213031871,0.0,0.0,0.0,1129.51,0,0.0,1.0,0.0,1.0,0.0,United Airlines,2,0.6666666666666666,JFK-CLT,3,0.3333333333333333,2358.253832778592,1536.2208421290636,0.0,4,127.0,56.53907203577599,0,0.0,0.0,0.0,0.0,508.0,3.75,1.5,1.0,0.0,Accor,4,0.25,False,True,False,False,True,False,False,True,1637.51,0.0,4,4,4,4.0,1068.968056852284,3,2946.840522046211,True,376.50333333333333
3226,544513,1969-08-25,53.0,F,True,False,usa,new york,LGA,40.777,-73.872,2023-01-21,188,8,14.0,0.5,105.0,1.3333333333333333,47.0,120.0,6.75,0.0,4,3,0.75,0,0.0,4,4,1.0,367.17,248.624857834717,0.15,35.295,35.295,1433.385,1,0.25,1.0,0.0,1.0,0.816496580927726,American Airlines,4,0.25,LGA-BNA,4,0.25,2045.1789256274324,1416.0556634116956,0.0,3,154.66666666666666,83.05018563093844,2,0.6666666666666666,0.075,7.45,14.9,449.1,3.0,1.0,1.0,0.0,Accor,3,0.3333333333333333,False,True,False,False,False,False,False,False,1882.485,50.195,2,4,4,3.2,1228.8879655718572,3,3387.6941698946334,True,367.17
3228,544549,1984-02-07,39.0,F,False,False,usa,houston,HOU,29.645,-95.279,2023-01-21,188,8,22.375,0.5,168.375,1.3333333333333333,37.0,37.0,7.25,0.0,4,4,1.0,0,0.0,4,4,1.0,346.6625,192.208629944131,0.1,39.711,39.711,1346.939,1,0.25,1.0,0.0,1.0,0.816496580927726,Alaska Airlines,4,0.25,HOU-JFK,3,0.5,1855.4587614099096,981.9916048000626,0.0,4,262.75,118.960427593941,0,0.0,0.0,0.0,0.0,1051.0,3.0,0.816496580927726,1.0,0.0,InterContinental,3,0.5,False,True,False,False,False,False,False,True,2397.939,39.711,3,4,5,3.95,1565.3768180226741,4,4315.298113962644,False,346.6625
3241,544818,1994-07-26,29.0,F,False,False,usa,anchorage,ANC,61.174,-149.996,2023-01-21,188,8,17.875,0.25,133.0,1.6,63.0,80.0,7.0,0.0,2,2,1.0,0,0.0,2,2,1.0,926.23,28.977235893024716,0.35,331.352,331.352,1521.108,1,0.5,1.0,0.0,1.0,1.414213562373095,AirTran Airways,2,0.5,ANC-CMH,2,0.5,5073.717243752542,95.24142030466841,1.0,2,134.5,61.518289963229634,0,0.0,0.0,0.0,0.0,269.0,1.5,0.7071067811865476,1.0,0.0,Choice Hotels,2,0.5,False,True,False,False,False,False,False,True,1790.108,331.352,2,2,4,2.7,2337.1683474491497,5,6442.90757703965,False,926.23
3246,545011,1969-09-12,53.0,F,True,True,usa,memphis,MEM,35.042,-89.977,2023-01-21,188,8,16.0,0.5,118.875,1.3333333333333333,37.0,37.0,7.5,0.0,4,3,0.75,0,0.0,4,4,1.0,367.9325,244.276260188473,0.0,0.0,0.0,1471.73,0,0.0,1.25,0.5,1.0,0.0,United Airlines,3,0.5,MEM-IAH,4,0.25,1618.0896540853887,1023.1390412132859,0.0,3,176.33333333333334,108.914339429358,2,0.6666666666666666,0.1,14.95,29.9,499.1,3.6666666666666665,2.8867513459481287,1.3333333333333333,0.5773502691896257,Choice Hotels,3,0.3333333333333333,False,True,False,False,True,False,False,False,1970.83,29.9,3,4,4,3.6,1286.5596640546848,3,3546.6786194064975,False,294.346
3283,545684,1977-03-28,46.0,F,True,True,usa,chicago,ORD,41.979,-87.904,2023-01-22,187,8,47.0,0.375,1063.625,1.6,62.0,64.0,5.5,4.0,2,2,1.0,1,0.5,2,2,1.0,477.82,0.0,0.0,0.0,0.0,477.82,1,0.5,1.3333333333333333,0.7071067811865476,1.0,0.0,American Airlines,1,1.0,ORD-LSV,2,0.5,1187.7586618438768,879.647565890168,0.0,2,89.0,0.0,1,0.5,0.0,0.0,0.0,89.0,6.0,5.656854249492381,1.5,0.7071067811865476,InterContinental,2,0.5,False,False,False,False,True,False,False,True,566.82,0.0,2,2,1,1.65,740.0412504168056,1,2040.0829853939622,False,358.365
3286,545748,1973-07-19,50.0,F,True,True,canada,victoria,YYJ,48.647,-123.426,2023-01-22,187,8,19.125,0.25,142.625,1.3333333333333333,40.0,40.0,13.0,0.0,2,1,0.5,0,0.0,2,2,1.0,504.99,285.331728344396,0.0,0.0,0.0,1009.98,0,0.0,1.0,0.0,1.0,0.0,American Airlines,2,0.5,YYJ-LSQ,2,0.5,2710.6722152705192,1447.63206167326,0.0,1,241.0,0.0,0,0.0,0.0,0.0,0.0,241.0,6.0,0.0,1.0,0.0,Hyatt,1,1.0,False,True,False,False,True,False,True,True,1250.98,0.0,3,2,3,2.75,1633.2818239413139,4,4502.492877929746,False,504.99
3311,546130,1974-09-07,48.0,F,True,True,usa,bakersfield,BFL,35.433,-119.057,2023-01-22,187,9,8.0,0.2222222222222222,60.22222222222222,1.2857142857142858,20.0,45.0,6.5,0.0,2,1,0.5,0,0.0,2,2,1.0,658.0,15.344217151748081,0.0,0.0,0.0,1316.0,0,0.0,1.0,0.0,1.0,1.414213562373095,AirTran Airways,2,0.5,BFL-BWI,2,0.5,3613.2472216713804,176.65461117862878,0.0,1,137.0,0.0,0,0.0,0.0,0.0,0.0,137.0,7.0,0.0,1.0,0.0,Extended Stay,1,1.0,False,True,False,False,True,False,True,True,1453.0,0.0,4,2,3,3.15,1897.039513171057,5,5229.597716695647,False,658.0
3316,546224,1978-12-07,44.0,F,True,True,usa,phoenix,PHX,33.434,-112.008,2023-01-22,187,8,15.125,0.25,113.25,1.6,57.0,105.0,9.5,0.0,2,2,1.0,0,0.0,2,2,1.0,240.845,214.175572953593,0.0,0.0,0.0,481.69,0,0.0,1.0,0.0,1.0,0.0,JetBlue Airways,2,0.5,PHX-ORD,2,0.5,1405.6882271297095,1292.1565302280815,0.0,2,137.5,74.24621202458749,0,0.0,0.0,0.0,0.0,275.0,1.5,0.7071067811865476,1.0,0.0,Rosewood,1,1.0,False,True,False,False,True,False,False,True,756.69,0.0,2,2,2,2.0,987.9358769589863,2,2723.457877664439,True,240.845
3328,546485,1980-08-21,42.0,M,True,True,canada,winnipeg,YWG,49.91,-97.234,2023-01-22,187,8,15.0,0.5,112.625,1.1428571428571428,8.0,8.0,10.25,0.0,4,4,1.0,0,0.0,4,4,1.0,340.865,23.376795474715234,0.0,0.0,0.0,1363.46,0,0.0,1.0,0.0,1.0,0.0,Alaska Airlines,4,0.25,YWG-DCA,4,0.25,1947.765423306955,124.44234810244586,0.0,4,172.5,79.91870869827665,0,0.0,0.0,0.0,0.0,690.0,3.0,1.414213562373095,1.0,0.0,Best Western,4,0.25,False,True,False,False,True,False,False,True,2053.46,0.0,5,4,4,4.4,1340.5006052017338,4,3695.378433353697,False,340.865
3330,546529,1976-08-06,46.0,F,True,False,usa,las vegas,LAS,36.08,-115.152,2023-01-22,187,10,38.8,0.5,896.0,2.0,79.0,79.0,82.25,3.0,4,3,0.75,1,0.25,4,4,1.0,844.41,466.142999840178,0.05,67.96,67.96,2465.27,2,0.5,1.2,0.5,1.0,0.0,United Airlines,4,0.25,LAS-YKZ,4,0.25,3218.866206259707,474.7785804498626,0.0,3,104.5,30.405591591021544,1,0.3333333333333333,0.0,0.0,0.0,209.0,2.0,1.0,1.0,0.0,Marriott,3,0.3333333333333333,False,False,False,False,False,False,False,True,2674.27,67.96,1,4,5,3.15,1745.765952817606,5,4812.579589066645,False,703.675
3336,546679,1989-02-28,34.0,F,True,False,usa,houston,EFD,29.607,-95.159,2023-01-22,187,8,20.625,0.5,152.5,1.1428571428571428,9.0,106.0,9.0,0.0,4,2,0.5,0,0.0,3,3,1.0,299.46,65.39841817658895,0.0,0.0,0.0,898.38,0,0.0,1.0,0.0,1.0,0.0,AeroMéxico,3,0.3333333333333333,EFD-IND,3,0.3333333333333333,1668.423513128877,389.10759475345697,0.0,3,147.66666666666666,182.209586282757,0,0.0,0.0,0.0,0.0,443.0,4.0,2.0,1.0,0.0,Accor,3,0.3333333333333333,False,True,False,False,True,False,False,True,1341.38,0.0,5,4,3,4.05,875.6541163721241,2,2413.9290382729555,True,299.46
3340,546740,1983-05-07,40.0,F,False,False,usa,new york,JFK,40.64,-73.779,2023-01-22,187,8,15.0,0.25,111.625,1.6,70.0,163.0,7.5,0.0,2,2,1.0,0,0.0,2,2,1.0,573.95,205.838784003404,0.0,0.0,0.0,1147.9,0,0.0,1.0,0.0,1.0,0.0,AirTran Airways,2,0.5,JFK-NZY,2,0.5,3908.401995999119,33.09110863269157,0.0,2,90.0,33.94112549695428,0,0.0,0.0,0.0,0.0,180.0,2.5,2.1213203435596424,1.0,0.0,Aman Resorts,2,0.5,False,True,False,False,True,False,False,True,1327.9,0.0,1,2,3,1.9499999999999997,1733.708719573191,5,4779.34123055757,True,573.95
3342,546774,1966-08-22,56.0,F,True,True,usa,new york,JFK,40.64,-73.779,2023-01-22,187,8,16.75,0.375,125.5,1.1428571428571428,17.0,17.0,12.666666666666666,0.0,3,1,0.3333333333333333,0,0.0,2,2,1.0,343.845,333.266497041032,0.0,0.0,0.0,687.69,0,0.0,1.5,0.7071067811865476,1.0,0.0,JetBlue Airways,1,1.0,JFK-BOS,2,0.5,1681.1833713087894,1953.0589796967747,0.0,2,132.5,47.37615433949868,0,0.0,0.0,0.0,0.0,265.0,18.0,19.79898987322333,1.0,0.0,Rosewood,1,1.0,False,True,False,False,True,False,False,True,952.69,0.0,4,3,2,3.05,829.2225619650994,2,2285.9304651152906,False,229.23000000000002
3352,546888,1994-10-04,28.0,F,False,False,usa,orlando,MCO,28.429,-81.316,2023-01-23,186,8,36.875,0.375,988.0,1.1428571428571428,23.0,51.0,88.0,141.0,2,1,0.5,1,0.5,2,1,0.5,667.22,0.0,0.0,0.0,0.0,667.22,1,0.5,2.0,0.0,1.0,1.414213562373095,Air Baltic,2,0.5,MCO-LIN,2,0.5,3561.6841444934776,3029.259386699269,0.0,1,401.0,0.0,1,1.0,0.1,40.1,40.1,360.9,7.0,0.0,2.0,0.0,Choice Hotels,1,1.0,False,False,False,False,True,False,True,False,1028.12,40.1,4,2,2,2.8,1342.3153917972656,4,3700.3812831996756,False,333.61
3361,547100,1974-01-14,49.0,F,False,False,canada,toronto,YZD,43.742,-79.466,2023-01-23,186,8,17.125,0.5,401.692491125,1.1428571428571428,25.0,90.0,98.0,215.0,3,3,1.0,1,0.3333333333333333,3,3,1.0,384.17,355.052456969389,0.0,0.0,0.0,768.34,1,0.3333333333333333,1.5,0.5773502691896257,1.0,0.0,Turkish Airlines,3,0.3333333333333333,YZD-HKG,3,0.3333333333333333,2108.9559286507483,6185.279377108343,0.0,3,242.0,22.627416997969522,1,0.3333333333333333,0.0,0.0,0.0,484.0,4.333333333333333,3.0550504633038935,1.0,0.0,Choice Hotels,3,0.3333333333333333,False,False,False,False,True,False,False,True,1252.34,0.0,4,3,3,3.4,1090.038294987218,3,3004.925168399462,False,256.11333333333334
3369,547266,1968-07-05,55.0,F,True,False,canada,winnipeg,YWG,49.91,-97.234,2023-01-23,186,8,15.0,0.375,110.375,1.3333333333333333,42.0,42.0,9.333333333333334,0.0,3,2,0.6666666666666666,0,0.0,2,2,1.0,490.975,111.84307958027622,0.0,0.0,0.0,981.95,0,0.0,1.5,0.7071067811865476,1.0,0.0,American Airlines,2,0.5,YWG-LSQ,2,0.5,2292.6081103076813,261.25929692319835,0.0,3,218.66666666666666,236.415594522302,1,0.3333333333333333,0.2,11.4,11.4,644.6,2.6666666666666665,1.1547005383792515,1.3333333333333333,0.5773502691896257,Aman Resorts,3,0.3333333333333333,False,True,False,False,True,False,False,False,1626.55,11.4,2,3,4,2.95,1415.751144826053,4,3902.822741955175,False,327.31666666666666
3372,547325,1980-06-19,43.0,F,False,True,usa,oklahoma city,OKC,35.393,-97.601,2023-01-23,186,8,13.25,0.25,98.75,1.1428571428571428,13.0,13.0,8.0,0.0,2,2,1.0,0,0.0,2,2,1.0,312.985,121.36073685504715,0.0,0.0,0.0,625.97,0,0.0,1.0,0.0,1.0,1.414213562373095,Air Canada,2,0.5,OKC-LUF,2,0.5,1777.635050900501,577.1784953948488,0.0,2,122.5,4.949747468305833,0,0.0,0.0,0.0,0.0,245.0,3.5,2.1213203435596424,1.0,0.0,Rosewood,2,0.5,False,True,False,False,True,False,False,True,870.97,0.0,5,2,2,3.2,1137.1400583527843,3,3134.7713168000055,False,312.985
3375,547412,1971-03-28,52.0,M,False,False,usa,new york,LGA,40.777,-73.872,2023-01-23,186,8,17.75,0.25,132.25,1.1428571428571428,20.0,124.0,5.5,0.0,2,2,1.0,0,0.0,2,2,1.0,220.155,9.76514464818622,0.0,0.0,0.0,440.31,0,0.0,2.0,1.414213562373095,1.0,0.0,American Airlines,2,0.5,LGA-UGN,2,0.5,846.1517584850718,449.4362858514823,0.0,2,207.0,1.414213562373095,0,0.0,0.0,0.0,0.0,414.0,4.0,1.414213562373095,2.0,1.414213562373095,Hilton,2,0.5,False,True,False,False,True,False,False,True,854.31,0.0,4,2,2,2.8,1115.3887312437478,3,3074.809102099283,True,110.0775
3379,547483,1989-03-17,34.0,F,False,True,usa,new york,LGA,40.777,-73.872,2023-01-23,186,8,14.375,0.25,106.5,1.1428571428571428,7.0,7.0,8.5,0.0,2,2,1.0,0,0.0,2,2,1.0,270.78,244.036692323101,0.0,0.0,0.0,541.56,0,0.0,1.0,0.0,1.0,0.0,Air Canada,2,0.5,LGA-DAL,2,0.5,1372.6077637575668,1197.1144187656623,0.0,2,322.5,130.814754519511,0,0.0,0.0,0.0,0.0,645.0,3.5,0.7071067811865476,1.0,0.0,Extended Stay,2,0.5,False,True,False,False,True,False,False,True,1186.56,0.0,5,2,3,3.55,1549.1749516505502,4,4270.634182190219,False,270.78
3380,547512,1978-04-17,45.0,F,True,False,canada,calgary,YYC,51.114,-114.02,2023-01-23,186,8,17.625,0.5,131.25,1.1428571428571428,12.0,12.0,6.5,0.0,4,4,1.0,0,0.0,4,3,0.75,350.5,144.138501217868,0.1,34.536,34.536,1367.464,1,0.25,1.0,0.0,1.0,0.0,American Airlines,3,0.5,YYC-LSQ,4,0.25,2313.245680571804,545.7716146425539,0.0,4,318.25,170.400264084302,1,0.25,0.05,11.05,11.05,1261.95,5.75,3.593976442141304,1.0,0.0,Extended Stay,4,0.25,False,True,False,False,False,False,False,False,2629.414,45.586,5,4,5,4.75,1716.4839141380462,4,4731.857347091387,False,350.5
3381,547555,1978-03-10,45.0,F,False,False,usa,san antonio,RND,29.529,-98.279,2023-01-23,186,9,41.111111111111114,0.6666666666666666,986.8888888888889,1.5,36.0,43.0,8.0,1.0,5,4,0.8,1,0.2,5,5,1.0,500.08,65.89744810435884,0.0,0.0,0.0,2000.32,1,0.2,1.1666666666666667,0.4472135954999579,1.0,0.0,Delta Air Lines,5,0.2,RND-LGA,3,0.6,2295.5734614650187,430.37283986337707,0.0,4,207.66666666666666,181.152790023597,1,0.25,0.0,0.0,0.0,623.0,1.75,0.9574271077563381,1.25,0.5,Shangri-La,3,0.5,False,False,False,False,True,False,False,True,2623.32,0.0,3,5,5,4.2,1370.0045961987328,4,3776.712534662636,False,428.64
3392,547776,1980-07-05,43.0,F,False,False,usa,fort worth,FTW,32.82,-97.362,2023-01-23,186,8,15.5,0.375,115.75,1.3333333333333333,35.0,58.0,9.333333333333334,0.0,3,3,1.0,0,0.0,3,3,1.0,409.76,21.976414630234842,0.0,0.0,0.0,1229.28,0,0.0,1.3333333333333333,0.5773502691896257,1.0,1.0,Delta Air Lines,3,0.3333333333333333,FTW-JFK,3,0.3333333333333333,1915.6800009891492,605.842847977548,0.0,3,199.33333333333334,61.92199393861065,2,0.6666666666666666,0.175,40.825,81.65,516.35,3.0,1.7320508075688772,1.3333333333333333,0.5773502691896257,Best Western,3,0.3333333333333333,False,True,False,False,True,False,False,False,1745.63,81.65,3,3,4,3.35,1519.3985250639103,4,4188.549053542291,False,307.32
3393,547779,1982-03-07,41.0,F,True,True,usa,los angeles,LAX,33.942,-118.408,2023-01-23,186,8,13.125,0.375,97.625,1.6,61.0,61.0,7.0,0.0,3,3,1.0,0,0.0,3,3,1.0,411.8433333333333,308.565003902473,0.15,61.785,61.785,1173.745,1,0.3333333333333333,1.3333333333333333,0.5773502691896257,1.0,0.0,AirTran Airways,3,0.3333333333333333,LAX-DAL,3,0.3333333333333333,1596.3921854990906,920.1546703867734,0.0,3,163.33333333333334,87.15694655811052,0,0.0,0.0,0.0,0.0,490.0,4.666666666666667,1.1547005383792515,1.3333333333333333,0.5773502691896257,Aman Resorts,3,0.3333333333333333,False,True,False,False,False,False,False,True,1663.745,61.785,2,3,4,2.95,1448.1257191285981,4,3992.0702239797192,False,308.8825
3401,547862,1977-02-04,46.0,M,True,True,usa,houston,EFD,29.607,-95.159,2023-01-23,186,8,17.75,0.5,132.125,1.6,57.0,75.0,6.75,0.0,4,3,0.75,0,0.0,3,3,1.0,162.66,192.872163880639,0.0,0.0,0.0,487.98,0,0.0,1.0,0.0,1.0,0.0,Southwest Airlines,2,0.6666666666666666,EFD-AUS,3,0.3333333333333333,963.3317285468555,1112.0519522983304,0.0,4,199.25,54.07017045777952,0,0.0,0.0,0.0,0.0,797.0,5.5,2.8867513459481287,1.0,0.0,Banyan Tree,4,0.25,False,True,False,False,True,False,False,True,1284.98,0.0,2,4,3,2.8499999999999996,838.8361437145716,2,2312.432372332957,False,162.66
3411,548037,1975-08-22,47.0,F,True,False,usa,new york,JFK,40.64,-73.779,2023-01-23,186,8,14.875,0.25,109.625,1.1428571428571428,24.0,157.0,7.5,0.0,2,2,1.0,0,0.0,2,2,1.0,576.97,224.237702449878,0.0,0.0,0.0,1153.94,0,0.0,1.0,0.0,1.0,0.0,Conviasa,2,0.5,JFK-SJC,2,0.5,3330.4763767080094,1123.334134215297,0.0,2,202.0,103.23759005323593,0,0.0,0.0,0.0,0.0,404.0,2.5,2.1213203435596424,1.0,0.0,Marriott,2,0.5,False,True,False,False,True,False,False,True,1557.94,0.0,4,2,4,3.5,2034.0493731243748,5,5607.294884204279,True,576.97
3416,548120,1976-11-12,46.0,F,False,False,usa,tampa,MCF,27.849,-82.521,2023-01-23,186,9,15.0,0.3333333333333333,110.33333333333333,1.2857142857142858,15.0,15.0,5.666666666666667,0.0,3,2,0.6666666666666666,0,0.0,3,3,1.0,334.02,127.443145362942,0.2,62.566,62.566,939.494,1,0.3333333333333333,1.0,0.0,1.0,1.0,Allegiant Air,3,0.3333333333333333,MCF-JFK,3,0.3333333333333333,1913.805474137556,744.8862938820746,0.0,2,161.5,144.956890143242,1,0.5,0.1,5.9,5.9,317.1,1.5,0.7071067811865476,1.0,0.0,Hilton,2,0.5,False,True,False,False,False,False,False,False,1256.594,68.466,5,3,3,3.8,1093.7409818828498,3,3015.1324217542788,False,334.02
3420,548190,1989-03-13,34.0,F,True,False,usa,corpus christi,CRP,27.77,-97.501,2023-01-23,186,8,16.625,0.375,123.625,1.3333333333333333,56.0,106.0,6.333333333333333,0.0,3,2,0.6666666666666666,0,0.0,2,2,1.0,432.1,16.885709934734756,0.0,0.0,0.0,864.2,0,0.0,1.0,0.0,1.0,0.0,Delta Air Lines,2,0.5,CRP-BWI,2,0.5,2374.4796827212176,101.96393968832948,0.0,3,159.33333333333334,26.576932353703526,1,0.3333333333333333,0.05,7.25,7.25,470.75,6.333333333333333,6.110100926607787,1.0,0.0,Accor,3,0.3333333333333333,False,True,False,False,True,False,False,False,1334.95,7.25,2,3,3,2.5999999999999996,1161.9421418250529,3,3203.1435980283804,True,432.1
3421,548193,2006-09-09,16.0,F,False,True,usa,denver,DEN,39.858,-104.667,2023-01-23,186,8,31.875,0.375,798.607736,1.1428571428571428,4.0,79.0,145.0,206.0,2,0,0.0,1,0.5,2,2,1.0,283.93,0.0,0.0,0.0,0.0,283.93,1,0.5,1.6666666666666667,0.7071067811865476,1.0,0.0,Southwest Airlines,1,1.0,DEN-IND,2,0.5,1431.3319857354131,96.06176293887636,0.0,0,0.0,0.0,0,0.0,0.0,0.0,0.0,0.0,0.0,0.0,0.0,0.0,MISSING,0,0.0,False,False,False,False,True,True,False,True,283.93,0.0,5,2,1,2.85,370.69953817939313,1,1021.9130624235341,False,170.358
3422,548222,1971-07-25,52.0,F,True,True,canada,calgary,YYC,51.114,-114.02,2023-01-23,186,8,16.875,0.5,126.0,1.1428571428571428,24.0,24.0,74.5,0.0,4,2,0.5,0,0.0,3,3,1.0,2052.7833333333333,2960.719307707729,0.05,2.514,2.514,6155.836,1,0.3333333333333333,2.0,1.7320508075688772,1.3333333333333333,1.5275252316519468,American Airlines,2,0.6666666666666666,YYC-JFK,3,0.3333333333333333,3578.161119262895,3452.197016328121,0.3333333333333333,3,202.66666666666666,54.30776494511014,0,0.0,0.0,0.0,0.0,608.0,6.0,2.0,1.0,0.0,Best Western,3,0.3333333333333333,False,True,False,False,False,False,False,True,6763.836,2.514,4,4,5,4.35,4415.438455818607,5,12172.10643554846,False,1026.3916666666667
3427,548272,1981-08-28,41.0,F,True,True,usa,chicago,MDW,41.786,-87.752,2023-01-23,186,8,19.5,0.375,143.375,1.1428571428571428,12.0,12.0,9.666666666666666,0.0,3,3,1.0,0,0.0,3,2,0.6666666666666666,227.59333333333333,55.93215294741776,0.15,42.486,42.486,640.294,1,0.3333333333333333,1.0,0.0,1.0,0.0,JetBlue Airways,3,0.3333333333333333,MDW-DAL,3,0.3333333333333333,1543.5738333574857,385.60886695550266,0.0,3,300.6666666666667,153.461178587072,0,0.0,0.0,0.0,0.0,902.0,6.333333333333333,4.618802153517006,1.0,0.0,Aman Resorts,3,0.3333333333333333,False,True,False,False,False,False,False,True,1542.294,42.486,5,3,4,4.15,1342.41461753918,4,3700.6548203135576,False,227.59333333333333
3431,548408,1988-09-20,34.0,F,False,False,usa,new york,JFK,40.64,-73.779,2023-01-23,186,8,21.875,0.625,162.125,1.1428571428571428,9.0,9.0,8.8,0.0,5,5,1.0,0,0.0,5,5,1.0,381.866,234.552533944957,0.1,5.714,5.714,1903.616,1,0.2,1.4,0.5477225575051661,1.4,1.140175425099138,United Airlines,4,0.4,JFK-AUS,5,0.2,1974.3549792623082,1521.453625254599,0.0,5,140.8,39.69508785731554,2,0.4,0.1,14.375,28.75,675.25,4.6,1.6733200530681511,1.4,0.5477225575051661,Accor,5,0.2,False,True,False,False,False,False,False,False,2578.866,34.464,5,5,5,5.0,1346.788906035345,4,3712.7134880286403,False,272.76142857142855
3432,548422,1985-03-11,38.0,F,True,False,usa,tulsa,TUL,36.198,-95.888,2023-01-23,186,8,28.5,0.75,278.625,1.1428571428571428,8.0,8.0,7.8,5.0,5,5,1.0,1,0.2,5,5,1.0,385.02,31.066381615287394,0.25,0.0,0.0,1540.08,1,0.2,1.0,0.0,1.0,0.7071067811865476,American Airlines,5,0.2,TUL-CLT,5,0.2,2255.6885937118254,422.41981271151315,0.0,5,134.25,99.29207756244537,1,0.2,0.0,0.0,0.0,537.0,3.6,3.2093613071762426,1.0,0.0,Crowne Plaza,5,0.2,False,False,False,False,True,False,False,True,2077.08,0.0,5,5,4,4.65,1084.7358106035344,3,2990.307728945408,False,385.02
3448,548853,1970-07-27,53.0,F,True,False,canada,quebec,YQB,46.788,-71.398,2023-01-23,186,8,11.0,0.375,80.375,1.6,86.0,121.0,6.666666666666667,0.0,3,1,0.3333333333333333,0,0.0,2,2,1.0,580.49,693.784889428993,0.05,53.5535,53.5535,1107.4265,1,0.5,2.0,1.414213562373095,1.0,0.0,JetBlue Airways,2,0.5,YQB-BOS,2,0.5,1204.5829338356639,1006.4598904796256,0.0,2,259.0,123.036579926459,0,0.0,0.0,0.0,0.0,518.0,3.5,0.7071067811865476,1.0,0.0,Four Seasons,2,0.5,False,True,False,False,False,False,False,True,1625.4265,53.5535,1,3,4,2.55,1414.7732490274536,4,3900.126961714429,True,290.245
3454,548988,1975-09-20,47.0,F,True,False,usa,los angeles,LAX,33.942,-118.408,2023-01-23,186,8,13.625,0.5,100.625,1.6,63.0,63.0,7.25,0.0,4,3,0.75,0,0.0,3,2,0.6666666666666666,355.6166666666667,80.00423134643151,0.2,60.496,60.496,1006.354,1,0.3333333333333333,1.0,0.0,1.0,1.7320508075688772,AirTran Airways,3,0.3333333333333333,LAX-HOU,3,0.3333333333333333,2481.0081478314955,882.185643411854,0.0,4,122.5,23.614967005411348,2,0.5,0.075,9.025,18.05,471.95,3.25,1.707825127659933,1.25,0.5,Choice Hotels,4,0.25,False,True,False,False,False,False,False,False,1478.304,78.546,2,4,3,2.8499999999999996,965.0382314104702,2,2660.3355894638826,False,355.6166666666667
3456,549058,1994-09-01,28.0,F,True,False,canada,toronto,YKZ,43.862,-79.37,2023-01-23,186,8,11.375,0.25,86.375,1.1428571428571428,10.0,10.0,186.0,0.0,2,2,1.0,0,0.0,2,2,1.0,2298.37,2681.363056395012,0.15,60.354,60.354,4536.386,1,0.5,1.5,0.7071067811865476,1.0,0.0,AirTran Airways,2,0.5,YKZ-AUS,2,0.5,7332.17558986686,7236.628967024189,0.5,2,394.5,441.941738241592,0,0.0,0.0,0.0,0.0,789.0,8.0,5.656854249492381,1.0,0.0,Rosewood,2,0.5,False,True,False,False,False,False,False,True,5325.386,60.354,5,2,5,4.25,6952.833905635212,5,19166.98311501925,False,1532.2466666666667
3475,549357,1978-01-03,45.0,F,False,False,usa,new orleans,MSY,29.993,-90.258,2023-01-24,185,9,8.555555555555555,0.2222222222222222,64.0,1.8,67.0,109.0,10.5,0.0,2,1,0.5,0,0.0,2,2,1.0,314.83,207.549982413875,0.1,46.159,46.159,583.501,1,0.5,1.0,0.0,1.0,0.0,Allegiant Air,2,0.5,MSY-FAT,2,0.5,1868.4234701479936,1352.5829857256035,0.0,1,138.0,0.0,1,1.0,0.05,6.9,6.9,131.1,6.0,0.0,1.0,0.0,Wyndham,1,1.0,False,True,False,False,False,False,True,False,714.601,53.059,1,2,2,1.6,932.9843999666555,2,2571.972304162716,True,314.83
3477,549361,1972-05-03,51.0,F,True,True,usa,new york,JFK,40.64,-73.779,2023-01-24,185,8,21.0,0.5,157.375,1.3333333333333333,32.0,32.0,7.75,0.0,4,4,1.0,0,0.0,4,4,1.0,320.035,253.071536724303,0.15,54.20025,108.4005,1171.7395,2,0.5,1.25,0.5,1.0,0.0,American Airlines,2,0.5,JFK-DCA,4,0.25,1696.0368033564068,1546.5016230382691,0.0,4,131.0,17.33974240485327,0,0.0,0.0,0.0,0.0,524.0,4.5,2.516611478423583,1.25,0.5,Rosewood,3,0.5,False,True,False,False,False,False,False,True,1695.7395,108.4005,3,4,4,3.6,1106.9803288179392,3,3051.6295310772944,False,256.028
3480,549377,1980-02-04,43.0,F,True,False,usa,nashville,BNA,36.124,-86.678,2023-01-24,185,8,21.875,0.625,228.0,1.3333333333333333,39.0,107.0,4.75,2.0,4,1,0.25,1,0.25,2,2,1.0,127.365,12.225876246715407,0.2,23.744,23.744,230.986,1,0.5,1.0,0.0,1.5,0.7071067811865476,United Airlines,1,1.0,BNA-NCA,2,0.5,707.5812304574192,100.69123643650684,0.0,3,108.0,24.041630560342615,2,0.6666666666666666,0.05,4.55,4.55,211.45,4.333333333333333,3.0550504633038935,1.3333333333333333,0.5773502691896257,Conrad,2,0.6666666666666666,False,False,False,False,False,False,False,False,442.436,28.294,3,4,1,2.5500000000000003,288.8226338779593,1,796.2017534012234,True,127.365
3486,549482,1981-09-11,41.0,F,False,False,canada,vancouver,YVR,49.195,-123.182,2023-01-24,185,8,16.625,0.625,124.375,1.1428571428571428,10.0,10.0,7.8,0.0,5,5,1.0,0,0.0,5,5,1.0,373.586,208.098259555432,0.0,0.0,0.0,1867.93,0,0.0,1.0,0.0,1.0,1.224744871391589,Allegiant Air,5,0.2,YVR-DEN,4,0.4,2019.304465139517,1177.7197726525999,0.0,5,193.0,66.45675285477014,2,0.4,0.125,25.325,50.65,914.35,4.2,2.9495762407505253,1.0,0.0,Aman Resorts,5,0.2,False,True,False,False,True,False,False,False,2782.28,50.65,5,5,5,5.0,1453.0199853284428,4,4005.5623221494743,False,373.586
3492,549584,1980-07-11,43.0,F,True,False,usa,san francisco,SFO,37.619,-122.375,2023-01-24,185,8,20.125,0.25,149.5,1.6,75.0,93.0,7.0,0.0,2,2,1.0,0,0.0,2,2,1.0,1006.78,658.500261047784,0.0,0.0,0.0,2013.56,0,0.0,1.5,0.7071067811865476,1.5,0.7071067811865476,Delta Air Lines,2,0.5,SFO-BNA,2,0.5,3750.9319316786286,834.8559673953788,0.0,2,65.5,16.263455967290593,0,0.0,0.0,0.0,0.0,131.0,7.0,2.8284271247461903,1.5,0.7071067811865476,Fairmont,2,0.5,False,True,False,False,True,False,False,True,2144.56,0.0,1,2,4,2.3,2799.941540513504,5,7718.641486109303,True,671.1866666666666
3498,549714,1967-07-12,56.0,M,True,True,canada,montreal,YUL,45.468,-73.741,2023-01-24,185,8,16.625,0.25,122.75,1.1428571428571428,18.0,61.0,5.5,0.0,2,2,1.0,0,0.0,2,2,1.0,766.28,11.61069334708311,0.25,189.5175,189.5175,1343.0425,1,0.5,1.0,0.0,1.0,1.414213562373095,Alaska Airlines,2,0.5,YUL-LAX,2,0.5,4013.693361581288,58.065979841106945,0.0,2,160.0,45.254833995939045,0,0.0,0.0,0.0,0.0,320.0,3.0,1.414213562373095,1.0,0.0,Conrad,2,0.5,False,True,False,False,False,False,False,True,1663.0425,189.5175,4,2,4,3.5,2171.271393381127,5,5985.576917252458,False,766.28
3500,549746,1980-06-24,43.0,F,False,False,canada,montreal,YHU,45.517,-73.417,2023-01-24,185,8,19.0,0.75,140.75,1.1428571428571428,7.0,7.0,6.5,0.0,6,5,0.8333333333333334,0,0.0,5,5,1.0,450.212,193.039771472098,0.05,16.3055,16.3055,2234.7545,1,0.2,1.2,0.4472135954999579,1.0,0.0,Southwest Airlines,4,0.4,YHU-IND,5,0.2,2268.7137819305026,1254.7793490478045,0.0,6,130.5,59.912436104702,2,0.3333333333333333,0.125,14.9,29.8,753.2,4.0,4.0,1.1666666666666667,0.408248290463863,Accor,6,0.16666666666666666,False,True,False,False,False,False,False,False,2987.9545,46.1055,5,5,5,5.0,1300.3596581916195,3,3584.72127340915,False,375.1766666666667
3505,549800,1984-04-22,39.0,F,True,True,usa,knoxville,TYS,35.812,-83.993,2023-01-24,185,8,17.375,0.25,128.625,1.6,80.0,113.0,8.0,0.0,2,1,0.5,0,0.0,2,1,0.5,602.095,728.807888301163,0.0,0.0,0.0,1204.19,0,0.0,1.5,0.7071067811865476,3.5,3.5355339059327378,American Airlines,2,0.5,TYS-JFK,2,0.5,2085.2158006991317,1477.8209917515057,0.0,1,70.0,0.0,0,0.0,0.0,0.0,0.0,70.0,3.0,0.0,1.0,0.0,Hilton,1,1.0,False,True,False,False,True,False,True,True,1274.19,0.0,1,2,3,1.9499999999999997,1663.5848432810938,4,4586.029672839936,True,401.3966666666667
3508,549938,1985-10-13,37.0,F,False,False,usa,los angeles,LAX,33.942,-118.408,2023-01-24,185,8,33.5,0.5,405.969275125,1.3333333333333333,29.0,149.0,7.666666666666667,3.0,3,2,0.6666666666666666,1,0.3333333333333333,2,2,1.0,315.72,0.0,0.15,0.0,0.0,315.72,1,0.5,1.0,0.0,1.0,0.0,American Airlines,2,0.5,LAX-MEM,2,0.5,1942.110291915344,464.98673198384154,0.0,3,177.5,62.932503525602726,1,0.3333333333333333,0.0,0.0,0.0,355.0,3.6666666666666665,3.0550504633038935,1.0,0.0,Starwood,3,0.3333333333333333,False,False,False,False,True,False,False,True,670.72,0.0,3,3,2,2.6500000000000004,583.7955229520952,1,1609.3580089663249,True,315.72
3525,550222,1989-07-11,34.0,F,False,False,usa,indianapolis,IND,39.717,-86.294,2023-01-24,185,8,16.625,0.375,123.875,1.3333333333333333,56.0,125.0,9.333333333333334,0.0,3,3,1.0,0,0.0,3,3,1.0,497.48,33.48851146288828,0.1,53.566,53.566,1438.874,1,0.3333333333333333,1.0,0.0,1.0,0.0,Air Canada,3,0.3333333333333333,IND-LAX,3,0.3333333333333333,2653.7176663209084,227.71669812979243,0.0,3,278.6666666666667,150.74592310684,0,0.0,0.0,0.0,0.0,836.0,3.6666666666666665,1.1547005383792515,1.0,0.0,Crowne Plaza,3,0.3333333333333333,False,True,False,False,False,False,False,True,2274.874,53.566,2,3,5,3.3,1980.053161498277,5,5458.44270528575,True,497.48
3541,550572,1966-02-08,57.0,F,True,True,usa,new york,LGA,40.777,-73.872,2023-01-24,185,9,12.777777777777779,0.3333333333333333,96.55555555555556,1.5,55.0,55.0,10.333333333333334,0.0,3,2,0.6666666666666666,0,0.0,2,2,1.0,1091.435,1419.113812366718,0.0,0.0,0.0,2182.87,0,0.0,2.0,1.414213562373095,1.0,1.414213562373095,JetBlue Airways,2,0.5,LGA-SAN,2,0.5,2224.9012190236535,2402.4393823247888,0.0,3,127.0,16.822603841260722,1,0.3333333333333333,0.1,11.4,11.4,369.6,3.3333333333333335,4.041451884327381,1.6666666666666667,1.1547005383792515,Best Western,3,0.3333333333333333,False,True,False,False,True,False,False,False,2552.47,11.4,2,3,5,3.3,2221.6730654662665,5,6124.519974275815,False,545.7175
3542,550579,1977-12-25,45.0,F,True,True,usa,portland,PDX,45.589,-122.597,2023-01-24,185,8,19.25,0.625,143.75,1.3333333333333333,39.0,39.0,58.0,0.0,5,3,0.6,0,0.0,5,4,0.8,1183.536,1251.737112907499,0.175,339.271,678.542,5239.138,2,0.4,1.4,0.5477225575051661,1.2,0.8366600265340756,Allegiant Air,5,0.2,PDX-JFK,5,0.2,4203.562065829183,3058.5804700271256,0.2,3,206.33333333333334,125.635716789985,0,0.0,0.0,0.0,0.0,619.0,6.0,5.196152422706632,1.0,0.0,Best Western,3,0.3333333333333333,False,True,False,False,False,False,False,True,5858.138,678.542,3,5,5,4.2,3059.358364654885,5,8433.779795977429,False,845.3828571428572
3564,551116,1984-08-09,38.0,F,False,False,canada,ottawa,YOW,45.323,-75.669,2023-01-25,184,8,8.375,0.25,63.0,1.3333333333333333,44.0,134.0,9.5,0.0,2,2,1.0,0,0.0,2,2,1.0,553.225,97.51709619343677,0.0,0.0,0.0,1106.45,0,0.0,1.0,0.0,1.0,0.0,Delta Air Lines,1,1.0,YOW-LSQ,2,0.5,3231.804392692005,833.8048792570353,0.0,2,220.0,175.362481734264,0,0.0,0.0,0.0,0.0,440.0,6.5,0.7071067811865476,1.0,0.0,Best Western,2,0.5,False,True,False,False,True,False,False,True,1546.45,0.0,2,2,4,2.7,2019.0480076692231,5,5565.940391592556,True,553.225
3574,551331,1974-08-09,48.0,F,True,True,canada,winnipeg,YWG,49.91,-97.234,2023-01-25,184,8,14.125,0.375,104.0,1.3333333333333333,41.0,141.0,9.333333333333334,0.0,3,3,1.0,0,0.0,3,3,1.0,400.6,50.61050187461097,0.05,17.1435,17.1435,1184.6565,1,0.3333333333333333,1.3333333333333333,0.5773502691896257,1.0,0.0,United Airlines,2,0.6666666666666666,YWG-BFI,3,0.3333333333333333,1807.1170391682008,624.8934263050562,0.0,3,114.0,54.4426303552648,1,0.3333333333333333,0.1,10.6,10.6,331.4,3.0,2.0,1.3333333333333333,0.5773502691896257,Best Western,3,0.3333333333333333,False,True,False,False,False,False,False,False,1516.0565,27.7435,2,3,4,2.95,1319.5774648771812,3,3637.699293774533,True,300.45000000000005
3576,551359,1979-01-06,44.0,F,False,False,usa,denver,DEN,39.858,-104.667,2023-01-25,184,8,20.375,0.625,150.75,1.3333333333333333,50.0,78.0,6.8,0.0,5,3,0.6,0,0.0,3,3,1.0,342.1766666666667,127.575731365073,0.0,0.0,0.0,1026.53,0,0.0,1.0,0.0,1.0,1.0,Allegiant Air,3,0.3333333333333333,DEN-IND,2,0.6666666666666666,1983.249057175444,720.6461063063078,0.0,5,141.0,61.30660649554826,0,0.0,0.0,0.0,0.0,705.0,5.2,4.08656334834051,1.2,0.4472135954999579,Accor,5,0.2,False,True,False,False,True,False,False,True,1731.53,0.0,2,5,4,3.4499999999999997,904.2755205068355,2,2492.8300989373747,False,342.1766666666667
3577,551430,1980-10-03,42.0,F,False,True,canada,vancouver,YVR,49.195,-123.182,2023-01-25,184,8,15.0,0.25,111.5,1.1428571428571428,18.0,33.0,8.0,0.0,2,2,1.0,0,0.0,2,2,1.0,995.495,469.115851842591,0.0,0.0,0.0,1990.99,0,0.0,1.5,0.7071067811865476,1.0,0.0,Air Canada,2,0.5,YVR-JFK,2,0.5,3642.6947085389643,406.61265846240417,0.0,2,105.5,79.90306627407988,0,0.0,0.0,0.0,0.0,211.0,3.0,1.414213562373095,1.5,0.7071067811865476,InterContinental,2,0.5,False,True,False,False,True,False,False,True,2201.99,0.0,4,2,5,3.85,2874.922255751917,5,7925.341965716894,False,663.6633333333333
3593,551627,1991-09-24,31.0,F,False,False,usa,providence,PVD,41.724,-71.428,2023-01-25,184,8,11.25,0.25,83.125,1.3333333333333333,34.0,93.0,7.5,0.0,2,1,0.5,0,0.0,2,2,1.0,222.49,48.28125101941747,0.0,0.0,0.0,444.98,0,0.0,1.0,0.0,1.5,0.7071067811865476,American Airlines,2,0.5,PVD-BNA,2,0.5,1277.4252164579827,252.55719696807284,0.0,1,115.0,0.0,0,0.0,0.0,0.0,0.0,115.0,4.0,0.0,1.0,0.0,Hyatt,1,1.0,False,True,False,False,True,False,True,True,559.98,0.0,3,2,1,2.0500000000000003,731.1109336445481,1,2015.4646451446858,True,222.49
3604,551890,1991-11-19,31.0,F,False,False,canada,saskatoon,YXE,52.171,-106.7,2023-01-25,184,8,12.875,0.5,95.125,1.3333333333333333,30.0,109.0,9.0,0.0,4,2,0.5,0,0.0,3,3,1.0,512.03,201.550763580791,0.1,34.749,34.749,1501.341,1,0.3333333333333333,1.3333333333333333,0.5773502691896257,1.0,0.0,Delta Air Lines,2,0.6666666666666666,YXE-LAS,3,0.3333333333333333,2250.954501775246,351.44442464472877,0.0,3,445.6666666666667,282.684158263836,0,0.0,0.0,0.0,0.0,1337.0,3.0,1.0,1.0,0.0,Banyan Tree,3,0.3333333333333333,False,True,False,False,False,False,False,True,2838.341,34.749,3,4,5,3.95,1852.8716548016005,5,5107.839508879436,True,384.0225
3606,551914,1973-04-12,50.0,F,False,False,canada,calgary,YYC,51.114,-114.02,2023-01-25,184,8,11.75,0.25,88.375,1.3333333333333333,37.0,172.0,6.5,0.0,2,2,1.0,0,0.0,2,2,1.0,586.36,7.396336931211287,0.0,0.0,0.0,1172.72,0,0.0,1.0,0.0,1.0,1.414213562373095,AirTran Airways,1,1.0,YYC-BWI,2,0.5,3224.7641407109595,74.03072725474978,0.0,2,177.5,13.435028842544403,0,0.0,0.0,0.0,0.0,355.0,1.5,0.7071067811865476,1.0,0.0,Banyan Tree,2,0.5,False,True,False,False,True,False,False,True,1527.72,0.0,3,2,4,3.1,1994.5940846948984,5,5498.527889711132,True,586.36
3608,551963,1986-08-15,36.0,F,False,False,usa,fort worth,FTW,32.82,-97.362,2023-01-25,184,8,12.125,0.5,91.5,1.1428571428571428,10.0,133.0,7.5,0.0,4,3,0.75,0,0.0,4,4,1.0,550.1225,301.73301281928,0.05,18.692,18.692,2181.798,1,0.25,1.5,0.5773502691896257,1.0,0.0,American Airlines,3,0.5,FTW-JFK,4,0.25,1913.0346065275899,422.663770245248,0.0,3,143.33333333333334,37.44774136491189,2,0.6666666666666666,0.1,16.35,32.7,397.3,1.6666666666666667,0.5773502691896257,1.6666666666666667,0.5773502691896257,Aman Resorts,3,0.3333333333333333,False,True,False,False,False,False,False,False,2579.098,51.392,5,4,5,4.75,1683.6375823607868,4,4641.3093640517245,True,366.7483333333333
3609,551967,1983-08-14,39.0,F,True,False,usa,omaha,OFF,41.118,-95.913,2023-01-25,184,8,14.0,0.375,104.625,1.3333333333333333,34.0,111.0,5.0,0.0,3,2,0.6666666666666666,0,0.0,2,2,1.0,558.015,280.502189028892,0.1,75.636,75.636,1040.394,1,0.5,2.0,1.414213562373095,1.0,0.0,Air Canada,2,0.5,OFF-YYC,2,0.5,1581.8610176524728,274.4733145582276,0.0,3,173.33333333333334,111.956836920901,0,0.0,0.0,0.0,0.0,520.0,3.0,0.0,2.0,1.0,Best Western,3,0.3333333333333333,False,True,False,False,False,False,False,True,1560.394,75.636,3,3,4,3.35,1358.168880071135,4,3744.08483576306,True,279.0075
3615,552172,1969-12-06,53.0,F,True,True,usa,las vegas,LSV,36.236,-115.034,2023-01-25,184,7,26.428571428571427,0.5714285714285714,952.678327,1.4,65.0,69.0,60.333333333333336,165.0,3,2,0.6666666666666666,1,0.3333333333333333,2,1,0.5,252.38,0.0,0.0,0.0,0.0,252.38,1,0.5,3.6666666666666665,2.8284271247461903,2.0,2.8284271247461903,Emirates,2,0.5,LSV-CMB,2,0.5,3478.746073595439,8105.909844102655,0.0,3,125.5,68.58935777509511,1,0.3333333333333333,0.1,0.0,0.0,251.0,8.0,7.0,1.6666666666666667,1.1547005383792515,Extended Stay,3,0.3333333333333333,False,False,False,False,True,False,False,True,503.38,0.0,1,3,1,1.5,438.14257863732354,1,1207.8343191696513,False,68.83090909090909
3637,552558,1971-10-18,51.0,F,True,True,canada,vancouver,YVR,49.195,-123.182,2023-01-25,184,8,18.75,0.5,139.75,1.3333333333333333,36.0,36.0,7.25,0.0,4,2,0.5,0,0.0,2,2,1.0,444.14,425.706566545549,0.0,0.0,0.0,888.28,0,0.0,1.0,0.0,1.0,1.414213562373095,Canadian North,2,0.5,YVR-LGA,2,0.5,2383.1033273902044,2187.943872731239,0.0,4,131.25,69.75851202541521,1,0.25,0.05,2.8,2.8,522.2,4.75,3.4034296427770228,1.0,0.0,Accor,4,0.25,False,True,False,False,True,False,False,False,1410.48,2.8,3,4,3,3.25,920.7626608869623,2,2538.280449912208,False,444.14
3638,552573,1988-06-17,35.0,M,True,True,usa,st. petersburg,PIE,27.911,-82.687,2023-01-25,184,8,8.625,0.25,63.625,1.1428571428571428,19.0,19.0,101.5,0.0,2,1,0.5,0,0.0,2,2,1.0,5802.31,7555.846078911348,0.05,22.976,22.976,11581.644,1,0.5,2.5,2.1213203435596424,2.0,1.414213562373095,Delta Air Lines,2,0.5,PIE-LUF,2,0.5,10150.508129747572,10259.284625785205,0.5,1,262.0,0.0,0,0.0,0.0,0.0,0.0,262.0,2.0,0.0,1.0,0.0,Starwood,1,1.0,False,True,False,False,False,False,True,True,11843.644,22.976,4,2,5,3.85,15463.083721907302,5,42627.31838937103,False,2320.924
3639,552597,1996-03-20,27.0,F,False,False,usa,los angeles,LAX,33.942,-118.408,2023-01-25,184,8,16.625,0.375,124.125,1.1428571428571428,15.0,66.0,6.333333333333333,0.0,3,2,0.6666666666666666,0,0.0,3,3,1.0,878.9633333333334,1001.515038845315,0.0,0.0,0.0,2636.89,0,0.0,1.6666666666666667,1.1547005383792515,1.3333333333333333,1.5275252316519468,Delta Air Lines,3,0.3333333333333333,LAX-JFK,3,0.3333333333333333,2443.011230437545,1744.9330792726332,0.0,2,110.5,34.64823227814083,1,0.5,0.05,4.3,4.3,216.7,7.5,0.7071067811865476,2.0,1.414213562373095,Best Western,2,0.5,False,True,False,False,True,False,False,False,2853.59,4.3,5,3,5,4.5,2483.7682883183284,5,6847.041866660029,False,527.378
3649,552732,1979-11-23,43.0,F,False,False,canada,vancouver,YVR,49.195,-123.182,2023-01-25,184,8,18.25,0.25,136.25,1.1428571428571428,9.0,9.0,9.0,0.0,2,2,1.0,0,0.0,2,2,1.0,457.485,165.243783695484,0.0,0.0,0.0,914.97,0,0.0,1.0,0.0,1.0,0.0,Air New Zealand,2,0.5,YVR-HLZ,2,0.5,2544.6687468050154,1136.5282036750923,0.0,2,367.0,415.77878733769,0,0.0,0.0,0.0,0.0,734.0,4.5,0.7071067811865476,1.0,0.0,Extended Stay,2,0.5,False,True,False,False,True,False,False,True,1648.97,0.0,5,2,4,3.9,2152.8983111037014,5,5934.927561527614,False,457.485
3650,552734,1972-04-01,51.0,F,False,True,usa,nashville,BNA,36.124,-86.678,2023-01-25,184,8,17.0,0.5,127.5,1.3333333333333333,42.0,107.0,8.75,0.0,4,3,0.75,0,0.0,4,4,1.0,323.5375,157.933222887607,0.0,0.0,0.0,1294.15,0,0.0,1.0,0.0,1.0,0.0,Delta Air Lines,3,0.5,BNA-HOU,4,0.25,1844.251527138525,923.2957465406412,0.0,3,106.33333333333333,36.67878587594379,0,0.0,0.0,0.0,0.0,319.0,3.6666666666666665,2.0816659994661326,1.0,0.0,Extended Stay,3,0.3333333333333333,False,True,False,False,True,False,False,True,1613.15,0.0,2,4,4,3.2,1053.0658261087028,2,2903.002600374254,True,323.5375
3652,552763,1980-12-16,42.0,M,True,False,usa,omaha,OMA,41.302,-95.894,2023-01-25,184,8,16.625,0.375,123.375,1.3333333333333333,52.0,74.0,7.0,0.0,3,2,0.6666666666666666,0,0.0,3,3,1.0,300.52666666666664,120.511053573244,0.0,0.0,0.0,901.58,0,0.0,1.0,0.0,1.0,1.0,Abu Dhabi Amiri Flight,3,0.3333333333333333,OMA-JFK,3,0.3333333333333333,1655.8917132276813,604.5294256502038,0.0,2,91.5,20.506096654409877,0,0.0,0.0,0.0,0.0,183.0,2.0,0.0,1.0,0.0,Accor,2,0.5,False,True,False,False,True,False,False,True,1084.58,0.0,2,3,3,2.5999999999999996,944.0197821496054,2,2602.3937102884906,False,300.52666666666664
3653,552775,2003-02-25,20.0,F,False,False,canada,calgary,YYC,51.114,-114.02,2023-01-25,184,8,18.125,0.375,135.25,1.3333333333333333,42.0,56.0,9.0,0.0,3,2,0.6666666666666666,0,0.0,2,2,1.0,399.83,3.4789653634378137,0.0,0.0,0.0,799.66,0,0.0,1.0,0.0,1.0,0.0,AirTran Airways,2,0.5,YYC-MDW,2,0.5,2247.14265917744,0.0,0.0,3,166.0,110.729399890002,0,0.0,0.0,0.0,0.0,498.0,2.0,1.7320508075688772,1.3333333333333333,0.5773502691896257,Choice Hotels,3,0.3333333333333333,False,True,False,False,True,False,False,True,1297.66,0.0,2,3,3,2.5999999999999996,1129.484879404246,3,3113.6681684089353,False,399.83
3657,552929,1993-12-11,29.0,F,False,False,usa,memphis,MEM,35.042,-89.977,2023-01-26,183,8,18.125,0.5,134.625,1.1428571428571428,16.0,88.0,9.0,0.0,4,3,0.75,0,0.0,3,3,1.0,177.17,63.55745353615105,0.15,21.228,21.228,510.282,1,0.3333333333333333,1.0,0.0,1.0,1.0,American Airlines,3,0.3333333333333333,MEM-EFD,3,0.3333333333333333,934.0294044844704,274.04096401870527,0.0,4,154.75,77.57308381992644,0,0.0,0.0,0.0,0.0,619.0,4.25,5.188127472091127,1.25,0.5,Best Western,4,0.25,False,True,False,False,False,False,False,True,1129.282,21.228,4,4,3,3.65,737.1963439479825,1,2032.2403884051937,False,177.17
3663,553151,1977-04-27,46.0,F,True,True,usa,omaha,OFF,41.118,-95.913,2023-01-26,183,8,12.375,0.5,92.125,1.1428571428571428,12.0,12.0,8.0,0.0,4,1,0.25,0,0.0,3,3,1.0,360.64,83.34866585614913,0.0,0.0,0.0,1081.92,0,0.0,1.0,0.0,1.0,0.0,Alaska Airlines,3,0.3333333333333333,OFF-LUF,3,0.3333333333333333,2051.0776020270537,324.2088262577212,0.0,2,69.0,48.08326112068523,0,0.0,0.0,0.0,0.0,138.0,7.0,2.8284271247461903,1.0,0.0,Hyatt,2,0.5,False,True,False,False,True,False,False,True,1219.92,0.0,5,4,3,4.05,796.3649149716573,2,2195.351289246853,False,360.64
3669,553339,1981-02-09,42.0,F,False,False,usa,riverside,RIV,33.881,-117.259,2023-01-26,183,8,18.75,0.5,139.875,1.6,83.0,83.0,6.75,0.0,4,3,0.75,0,0.0,4,3,0.75,377.06,210.714173388186,0.0,0.0,0.0,1508.24,0,0.0,1.0,0.0,1.0,0.0,Delta Air Lines,3,0.5,RIV-FTW,4,0.25,2339.261139986231,1028.0202344432882,0.0,3,397.3333333333333,361.779398713267,0,0.0,0.0,0.0,0.0,1192.0,5.333333333333333,2.516611478423583,1.0,0.0,Hyatt,2,0.6666666666666666,False,True,False,False,True,False,False,True,2700.24,0.0,1,4,5,3.15,1762.7191930643546,5,4859.314844642207,False,377.06
3670,553361,1982-04-04,41.0,F,True,False,usa,memphis,MEM,35.042,-89.977,2023-01-26,183,8,14.625,0.5,109.75,1.1428571428571428,8.0,8.0,7.75,0.0,4,2,0.5,0,0.0,3,3,1.0,295.7133333333333,51.89103037455831,0.0,0.0,0.0,887.14,0,0.0,1.6666666666666667,0.5773502691896257,1.0,1.0,AirTran Airways,3,0.3333333333333333,MEM-DAL,3,0.3333333333333333,1137.4818170091937,712.7361951821093,0.0,3,87.66666666666667,28.571547618799602,2,0.6666666666666666,0.05,5.2,10.4,252.6,5.333333333333333,3.2145502536643185,1.3333333333333333,0.5773502691896257,Aman Resorts,3,0.3333333333333333,False,True,False,False,True,False,False,False,1139.74,10.4,5,4,3,4.05,744.0233361120373,2,2051.0604616747064,False,177.42799999999997
3678,553645,1970-09-22,52.0,F,True,False,usa,cleveland,CLE,41.412,-81.85,2023-01-26,183,7,26.714285714285715,0.42857142857142855,197.71428571428572,1.75,103.0,103.0,9.0,0.0,3,1,0.3333333333333333,0,0.0,2,2,1.0,379.17,359.931493759576,0.0,0.0,0.0,758.34,0,0.0,1.0,0.0,1.0,1.414213562373095,Iberia Airlines,2,0.5,CLE-JFK,2,0.5,2062.475338253809,1951.9840621408857,0.0,2,226.5,116.67261889578035,0,0.0,0.0,0.0,0.0,453.0,2.0,1.414213562373095,2.0,1.414213562373095,Hyatt,2,0.5,False,True,False,False,True,False,False,True,1211.34,0.0,1,3,3,2.1999999999999997,1054.3518439479826,2,2906.547785337052,True,379.17
3687,553791,1990-04-13,33.0,F,False,True,usa,new york,JFK,40.64,-73.779,2023-01-26,183,8,18.875,0.375,140.75,1.6,77.0,132.0,6.0,0.0,3,3,1.0,0,0.0,3,3,1.0,377.7733333333333,279.044224870061,0.1,19.92,19.92,1113.4,1,0.3333333333333333,1.0,0.0,1.0,1.0,Delta Air Lines,2,0.6666666666666666,JFK-LSQ,3,0.3333333333333333,2161.043070398506,1572.286922106479,0.0,3,111.66666666666667,67.17390366305455,0,0.0,0.0,0.0,0.0,335.0,5.0,5.196152422706632,1.0,0.0,Aman Resorts,3,0.3333333333333333,False,True,False,False,False,False,False,True,1448.4,19.92,1,3,3,2.1999999999999997,1260.6891630543514,3,3475.3610153071695,True,377.7733333333333
3692,553938,1980-01-19,43.0,F,False,False,usa,oakland,OAK,37.721,-122.221,2023-01-26,183,8,50.5,0.5,1090.125,1.1428571428571428,15.0,31.0,11.0,2.0,3,2,0.6666666666666666,1,0.3333333333333333,2,2,1.0,525.705,342.345748111467,0.0,0.0,0.0,1051.41,0,0.0,1.0,0.0,1.0,1.414213562373095,Air Transat,2,0.5,OAK-DEN,2,0.5,2881.177156986601,1900.536297966224,0.0,3,93.0,43.840620433565945,1,0.3333333333333333,0.0,0.0,0.0,186.0,5.333333333333333,2.516611478423583,1.0,0.0,Hyatt,2,0.6666666666666666,False,False,False,False,True,False,False,True,1237.41,0.0,5,3,3,3.8,1077.0432044014672,3,2969.1014042745405,False,525.705
3708,554284,1988-09-18,34.0,F,True,True,usa,san antonio,SAT,29.534,-98.47,2023-01-26,183,8,15.375,0.25,114.25,1.6,60.0,90.0,16.0,0.0,2,2,1.0,0,0.0,2,2,1.0,185.16,191.852211871534,0.1,4.95,4.95,365.37,1,0.5,1.0,0.0,1.0,0.0,Ryanair,1,1.0,SAT-FTW,2,0.5,1350.737065805909,1372.4350357553076,0.0,2,222.5,51.61879502661797,0,0.0,0.0,0.0,0.0,445.0,1.0,0.0,1.0,0.0,Marriott,2,0.5,False,True,False,False,False,False,False,True,810.37,4.95,2,2,2,2.0,1058.020585195065,2,2916.6614602055415,False,185.16
3713,554444,1989-11-20,33.0,F,False,False,usa,fort worth,FTW,32.82,-97.362,2023-01-26,183,8,21.75,0.375,163.875,1.1428571428571428,7.0,7.0,6.333333333333333,0.0,3,3,1.0,0,0.0,3,3,1.0,276.49666666666667,175.627423921588,0.0,0.0,0.0,829.49,0,0.0,1.0,0.0,1.0,1.0,Air Canada,3,0.3333333333333333,FTW-CLT,3,0.3333333333333333,1567.726409135751,860.2208344148154,0.0,3,158.66666666666666,81.13158036999731,0,0.0,0.0,0.0,0.0,476.0,2.3333333333333335,1.5275252316519468,1.0,0.0,Banyan Tree,3,0.3333333333333333,False,True,False,False,True,False,False,True,1305.49,0.0,5,3,3,3.8,1136.300121151495,3,3132.455849125488,False,276.49666666666667
3727,554885,1986-09-14,36.0,F,False,False,usa,phoenix,LUF,33.535,-112.383,2023-01-26,183,7,20.714285714285715,0.5714285714285714,153.71428571428572,1.1666666666666667,50.0,50.0,7.25,0.0,4,4,1.0,0,0.0,4,4,1.0,388.3275,228.579973076529,0.0,0.0,0.0,1553.31,0,0.0,1.0,0.0,1.0,0.0,American Airlines,3,0.5,LUF-JFK,4,0.25,2106.163290901548,1244.7332423329347,0.0,4,200.5,80.10617953691214,1,0.25,0.2,23.4,23.4,778.6,4.25,1.707825127659933,1.0,0.0,Fairmont,4,0.25,False,True,False,False,True,False,False,False,2331.91,23.4,2,4,5,3.55,1522.2730251750581,4,4196.473231775549,False,388.3275
3731,554956,1987-06-07,36.0,M,False,False,usa,houston,HOU,29.645,-95.279,2023-01-26,183,8,14.875,0.625,110.625,1.1428571428571428,7.0,7.0,8.4,0.0,5,3,0.6,0,0.0,4,4,1.0,299.8675,168.983924753214,0.15,70.578,70.578,1128.892,1,0.25,1.0,0.0,2.0,0.0,Cebu Pacific,4,0.25,HOU-DAL,4,0.25,1724.5583918530228,970.7579893168771,0.0,4,127.5,60.434537586824746,0,0.0,0.0,0.0,0.0,510.0,2.25,0.5,1.75,1.5,Fairmont,4,0.25,False,True,False,False,False,False,False,True,1638.892,70.578,5,5,4,4.65,855.8961821940647,2,2359.462040223197,False,299.8675
3736,555083,1965-06-16,58.0,F,True,True,usa,louisville,LOU,38.228,-85.664,2023-01-26,183,8,11.625,0.25,88.0,1.6,60.0,125.0,6.5,0.0,2,2,1.0,0,0.0,2,2,1.0,260.925,49.61768283586004,0.0,0.0,0.0,521.85,0,0.0,1.0,0.0,1.0,0.0,Frontier Airlines,2,0.5,LOU-BOS,2,0.5,1485.7001553467867,229.48347562581597,0.0,2,333.0,114.5512985522207,0,0.0,0.0,0.0,0.0,666.0,6.0,2.8284271247461903,1.0,0.0,Four Seasons,2,0.5,False,True,False,False,True,False,False,True,1187.85,0.0,2,2,3,2.3499999999999996,1550.8591780593529,4,4275.27711478109,True,260.925
3761,555492,1973-08-05,49.0,F,False,False,usa,atlanta,ATL,33.64,-84.427,2023-01-27,182,8,13.875,0.25,103.5,1.3333333333333333,34.0,125.0,9.0,0.0,2,1,0.5,0,0.0,2,2,1.0,230.05,9.800499987245548,0.0,0.0,0.0,460.1,0,0.0,1.0,0.0,1.0,0.0,American Airlines,2,0.5,ATL-JFK,1,1.0,1221.7761478063208,0.0,0.0,1,178.0,0.0,0,0.0,0.0,0.0,0.0,178.0,1.0,0.0,1.0,0.0,Marriott,1,1.0,False,True,False,False,True,False,True,True,638.1,0.0,3,2,2,2.4000000000000004,833.1045515171724,2,2296.632004833787,True,230.05
3762,555499,1981-01-23,42.0,F,True,True,canada,montreal,YMX,45.68,-74.039,2023-01-27,182,8,19.25,0.5,143.125,1.1428571428571428,18.0,18.0,6.5,0.0,4,3,0.75,0,0.0,3,3,1.0,454.18333333333334,268.037946256371,0.0,0.0,0.0,1362.55,0,0.0,1.0,0.0,1.3333333333333333,0.5773502691896257,American Airlines,3,0.3333333333333333,YMX-IND,3,0.3333333333333333,2511.131835766792,1439.3729399867145,0.0,4,168.0,100.48217088949993,1,0.25,0.1,5.0,5.0,667.0,4.0,2.0,1.0,0.0,Extended Stay,3,0.5,False,True,False,False,True,False,False,False,2029.55,5.0,4,4,4,4.0,1324.8921348782926,3,3652.3503255057294,False,454.18333333333334
3770,555710,1977-01-14,46.0,F,True,False,canada,toronto,YZD,43.742,-79.466,2023-01-27,182,10,15.2,0.3,111.5,1.6666666666666667,27.0,136.0,8.666666666666666,0.0,3,2,0.6666666666666666,0,0.0,2,1,0.5,287.785,53.351206640525014,0.0,0.0,0.0,575.57,0,0.0,2.0,0.0,1.0,0.0,AirTran Airways,2,0.5,YZD-IND,2,0.5,1263.1735854709004,765.8597627195038,0.0,3,177.33333333333334,67.67815994346576,0,0.0,0.0,0.0,0.0,532.0,5.666666666666667,4.618802153517006,2.0,0.0,Conrad,3,0.3333333333333333,False,True,False,False,True,False,False,True,1107.57,0.0,3,3,3,3.0,964.030306768923,2,2657.5570282544613,True,143.8925
3779,555850,1974-03-09,49.0,F,True,True,usa,memphis,MEM,35.042,-89.977,2023-01-27,182,8,17.875,0.25,133.75,1.6,66.0,66.0,9.5,0.0,2,2,1.0,0,0.0,2,2,1.0,169.415,74.38056231301293,0.0,0.0,0.0,338.83,0,0.0,1.0,0.0,1.0,0.0,Porter Airlines,2,0.5,MEM-FTW,2,0.5,1030.3397218065202,432.4949881241395,0.0,2,110.5,24.748737341529164,0,0.0,0.0,0.0,0.0,221.0,5.5,2.1213203435596424,1.0,0.0,Aman Resorts,2,0.5,False,True,False,False,True,False,False,True,559.83,0.0,1,2,1,1.25,730.9150933644548,1,2014.9247692620263,False,169.415
3797,556215,1966-12-12,56.0,F,False,False,usa,houston,IAH,29.98,-95.34,2023-01-27,182,9,21.333333333333332,0.2222222222222222,156.88888888888889,1.5,37.0,37.0,10.0,0.0,2,2,1.0,0,0.0,2,2,1.0,418.71,15.584633457351508,0.0,0.0,0.0,837.42,0,0.0,1.0,0.0,1.0,0.0,Delta Air Lines,2,0.5,IAH-JFK,2,0.5,2278.084947606745,0.0,0.0,2,128.0,141.42135623731,0,0.0,0.0,0.0,0.0,256.0,5.0,5.656854249492381,1.0,0.0,Aman Resorts,2,0.5,False,True,False,False,True,False,False,True,1093.42,0.0,3,2,3,2.75,1427.5711937312437,4,3935.4072507841397,False,418.71
3805,556533,1981-08-15,41.0,F,True,True,usa,winston-salem,INT,36.134,-80.222,2023-01-27,182,8,10.375,0.375,78.0,1.3333333333333333,49.0,76.0,7.0,0.0,3,2,0.6666666666666666,0,0.0,2,2,1.0,348.72,344.049875454127,0.1,59.2,59.2,638.24,1,0.5,1.0,0.0,1.0,0.0,Air Canada,2,0.5,INT-PNE,2,0.5,1909.5711488326924,1848.487949225886,0.0,3,137.33333333333334,22.5905584998099,2,0.6666666666666666,0.075,9.175,18.35,393.65,5.333333333333333,0.5773502691896257,1.3333333333333333,0.5773502691896257,Accor,3,0.3333333333333333,False,True,False,False,False,False,False,False,1031.89,77.55,2,3,2,2.25,898.1583405579638,2,2475.9667758114574,False,348.72
3809,556623,1984-10-15,38.0,F,True,False,usa,newark,EWR,40.692,-74.169,2023-01-27,182,8,50.125,0.375,1087.375,1.1428571428571428,19.0,119.0,8.0,7.0,2,2,1.0,1,0.5,2,2,1.0,424.46,0.0,0.3,127.338,127.338,297.122,2,1.0,1.0,0.0,1.0,0.0,Porter Airlines,2,0.5,EWR-YTZ,2,0.5,2262.5815738944984,1208.0134409114344,0.0,2,59.0,0.0,1,0.5,0.0,0.0,0.0,59.0,3.0,1.414213562373095,1.0,0.0,Wyndham,2,0.5,False,False,False,False,False,False,False,True,356.122,127.338,4,2,1,2.45,464.95354818272756,1,1281.7445272299294,True,424.46
3818,556887,1976-09-13,46.0,F,True,True,usa,phoenix,PHX,33.434,-112.008,2023-01-27,182,8,15.5,0.5,115.625,1.3333333333333333,31.0,31.0,90.25,0.0,4,3,0.75,0,0.0,4,3,0.75,872.42,884.114161444475,0.1,56.841,56.841,3432.839,1,0.25,1.75,1.5,1.0,1.414213562373095,Air Canada,4,0.25,PHX-BWI,4,0.25,2919.3870774119982,654.2726211166242,0.0,3,202.33333333333334,69.47181682764122,2,0.6666666666666666,0.125,21.375,42.75,564.25,7.0,3.4641016151377544,1.3333333333333333,0.5773502691896257,Banyan Tree,3,0.3333333333333333,False,True,False,False,False,False,False,False,3997.089,99.591,3,4,5,3.95,2609.3034310603534,5,7193.106506479452,False,498.5257142857143
3822,557005,1974-01-22,49.0,M,False,True,canada,hamilton,YHM,43.173,-79.935,2023-01-27,182,8,27.625,0.5,204.625,1.1428571428571428,12.0,12.0,54.25,0.0,4,3,0.75,0,0.0,3,3,1.0,1637.56,2655.806335032734,0.0,0.0,0.0,4912.68,0,0.0,1.3333333333333333,0.5773502691896257,1.0,1.0,AeroMéxico,3,0.3333333333333333,YHM-JFK,3,0.3333333333333333,4574.964991370001,6917.916146637891,0.3333333333333333,4,201.75,24.52719579025155,0,0.0,0.0,0.0,0.0,807.0,6.5,5.802298395176403,1.0,0.0,Accor,4,0.25,False,True,False,False,True,False,False,True,5719.68,0.0,5,4,5,4.75,3733.8124441480495,5,10293.057628434191,False,1228.17
3833,557262,1997-08-23,25.0,F,True,True,usa,los angeles,LAX,33.942,-118.408,2023-01-28,181,8,48.125,0.625,1071.75,1.1428571428571428,10.0,11.0,54.5,196.0,4,3,0.75,1,0.25,3,2,0.6666666666666666,434.715,132.872435252764,0.0,0.0,0.0,869.43,1,0.3333333333333333,2.5,1.7320508075688772,1.0,1.7320508075688772,Delta Air Lines,2,0.6666666666666666,LAX-LGA,3,0.3333333333333333,3469.6113426288716,582.6601600436371,0.0,4,194.0,64.09368143584827,2,0.5,0.05,9.5,9.5,572.5,8.75,6.994045086119096,1.25,0.5,Hyatt,4,0.25,False,False,False,False,True,False,False,False,1441.93,9.5,5,4,3,4.05,941.2932502500834,2,2594.877438277686,False,173.886
3850,557692,1981-09-23,41.0,F,False,True,usa,seattle,BFI,47.53,-122.302,2023-01-28,181,9,17.0,0.3333333333333333,126.22222222222223,1.2857142857142858,22.0,22.0,7.0,0.0,3,2,0.6666666666666666,0,0.0,2,2,1.0,652.53,146.965073401812,0.05,37.8225,37.8225,1267.2375,1,0.5,1.5,0.7071067811865476,1.5,0.7071067811865476,Southwest Airlines,2,0.5,BFI-TUS,2,0.5,2633.0834486599324,948.8681824710368,0.0,3,198.33333333333334,107.12764971441003,0,0.0,0.0,0.0,0.0,595.0,7.0,4.358898943540674,1.6666666666666667,0.5773502691896257,Choice Hotels,2,0.6666666666666666,False,True,False,False,False,False,False,True,1862.2375,37.8225,4,3,4,3.75,1620.8938382238523,4,4468.342729041069,False,435.02
3853,557794,1978-02-17,45.0,F,False,True,usa,new york,JFK,40.64,-73.779,2023-01-28,181,8,13.5,0.5,100.25,1.3333333333333333,28.0,28.0,8.0,0.0,4,3,0.75,0,0.0,4,4,1.0,397.775,369.74389239941,0.125,9.11775,18.2355,1572.8645,2,0.5,1.0,0.0,1.0,1.414213562373095,Delta Air Lines,3,0.5,JFK-BOS,4,0.25,2245.533587976299,2087.1456877769106,0.0,3,181.66666666666666,38.00438571182717,0,0.0,0.0,0.0,0.0,545.0,4.666666666666667,2.0816659994661326,1.0,0.0,Radisson,2,0.6666666666666666,False,True,False,False,False,False,False,True,2117.8645,18.2355,3,4,4,3.6,1382.5439229326444,4,3811.279887636191,False,397.775
3857,557851,1977-07-24,46.0,F,True,False,usa,philadelphia,PHL,39.872,-75.241,2023-01-28,181,8,14.875,0.5,110.875,1.3333333333333333,39.0,65.0,5.75,0.0,4,4,1.0,0,0.0,4,3,0.75,724.1475,958.481627866874,0.0,0.0,0.0,2896.59,0,0.0,1.75,0.9574271077563381,1.75,0.9574271077563381,Delta Air Lines,2,0.75,PHL-DMA,4,0.25,2061.2844417196516,1792.7476648160198,0.0,4,253.75,223.183594080449,3,0.75,0.08333333333333333,16.016666666666666,48.05,966.95,4.25,2.217355782608345,1.75,0.9574271077563381,Crowne Plaza,3,0.5,False,True,False,False,True,False,False,False,3863.54,48.05,3,4,5,3.95,2522.1225191730578,5,6952.773558968445,False,413.79857142857145
3865,557957,1976-04-09,47.0,F,True,False,canada,montreal,YHU,45.517,-73.417,2023-01-28,181,9,8.555555555555555,0.2222222222222222,65.0,1.5,55.0,163.0,5.5,0.0,2,1,0.5,0,0.0,2,2,1.0,619.425,201.659782926591,0.0,0.0,0.0,1238.85,0,0.0,1.0,0.0,1.0,0.0,American Airlines,2,0.5,YHU-IAH,2,0.5,3295.217880915622,994.0574856417674,0.0,1,415.0,0.0,0,0.0,0.0,0.0,0.0,415.0,6.0,0.0,1.0,0.0,Radisson,1,1.0,False,True,False,False,True,False,True,True,1653.85,0.0,2,2,4,2.7,2159.269648216072,5,5952.491523576804,True,619.425
3867,557986,2006-08-05,16.0,F,False,False,usa,san jose,SJC,37.362,-121.929,2023-01-28,181,10,12.5,0.2,93.6,1.4285714285714286,18.0,18.0,10.0,0.0,2,2,1.0,0,0.0,2,2,1.0,334.95,229.314729138797,0.0,0.0,0.0,669.9,0,0.0,1.0,0.0,1.0,0.0,JetBlue Airways,2,0.5,SJC-BNA,2,0.5,2044.4001911672476,1529.2148607988431,0.0,2,220.0,183.847763108502,0,0.0,0.0,0.0,0.0,440.0,4.0,1.414213562373095,1.0,0.0,Conrad,2,0.5,False,True,False,False,True,False,False,True,1109.9,0.0,4,2,3,3.15,1449.0875125041682,4,3994.721614425671,False,334.95
3879,558277,1974-05-27,49.0,M,False,False,usa,houston,HOU,29.645,-95.279,2023-01-28,181,8,17.0,0.625,126.875,1.1428571428571428,24.0,24.0,9.4,0.0,5,5,1.0,0,0.0,5,5,1.0,548.458,375.487846367895,0.0,0.0,0.0,2742.29,0,0.0,1.2,0.4472135954999579,1.4,1.140175425099138,Cathay Pacific,5,0.2,HOU-DCA,3,0.4,2311.9417212489907,445.50799122961286,0.0,5,390.6,123.649909017354,0,0.0,0.0,0.0,0.0,1953.0,3.6,2.701851217221259,1.2,0.4472135954999579,Best Western,5,0.2,False,True,False,False,True,False,False,True,4695.29,0.0,4,5,5,4.6,2452.0717565855284,5,6759.66355491367,False,457.04833333333335
3883,558388,1984-06-14,39.0,F,True,True,usa,houston,HOU,29.645,-95.279,2023-01-28,181,8,19.0,0.5,140.75,1.1428571428571428,14.0,80.0,5.5,0.0,4,3,0.75,0,0.0,3,3,1.0,646.1066666666667,209.727575281205,0.15,60.6885,60.6885,1877.6315,1,0.3333333333333333,1.6666666666666667,0.5773502691896257,1.3333333333333333,1.5275252316519468,American Airlines,3,0.3333333333333333,HOU-DCA,3,0.3333333333333333,2162.4788356159584,179.1455672338776,0.0,4,112.5,24.186773244895647,1,0.25,0.2,15.8,15.8,434.2,3.5,1.7320508075688772,1.5,0.5773502691896257,Aman Resorts,4,0.25,False,True,False,False,False,False,False,False,2311.8315,76.4885,5,4,5,4.75,1509.165761628876,4,4160.340238742282,False,387.664
3884,558394,1967-09-01,55.0,F,True,False,usa,memphis,MEM,35.042,-89.977,2023-01-28,181,9,14.666666666666666,0.2222222222222222,109.77777777777777,1.8,74.0,74.0,7.0,0.0,2,2,1.0,0,0.0,2,1,0.5,313.585,328.288465301478,0.0,0.0,0.0,627.17,0,0.0,1.0,0.0,1.0,1.414213562373095,Alaska Airlines,2,0.5,MEM-CLT,2,0.5,1914.2395099364098,1545.3425625682883,0.0,2,246.0,182.433549546129,0,0.0,0.0,0.0,0.0,492.0,7.0,4.242640687119285,1.0,0.0,Accor,2,0.5,False,True,False,False,True,False,False,True,1119.17,0.0,1,2,3,1.9499999999999997,1461.190441813938,4,4028.085943974031,False,313.585
3891,558651,1979-07-03,44.0,F,True,True,usa,philadelphia,PNE,40.082,-75.011,2023-01-28,181,8,11.125,0.25,83.125,1.3333333333333333,37.0,164.0,8.5,0.0,2,1,0.5,0,0.0,2,2,1.0,59.245,53.49262799676232,0.2,4.284,4.284,114.206,1,0.5,1.0,0.0,1.0,1.414213562373095,American Airlines,2,0.5,PNE-JFK,2,0.5,337.4538679362892,305.5017066452697,0.0,1,159.0,0.0,0,0.0,0.0,0.0,0.0,159.0,1.0,0.0,1.0,0.0,Banyan Tree,1,1.0,False,True,False,False,False,False,True,True,273.206,4.284,3,2,1,2.0500000000000003,356.6982637545849,1,983.3155359859265,True,59.245
3902,558987,1977-02-24,46.0,M,False,False,canada,montreal,YMX,45.68,-74.039,2023-01-28,181,8,14.375,0.375,106.875,1.1428571428571428,17.0,17.0,9.0,0.0,3,2,0.6666666666666666,0,0.0,2,2,1.0,415.815,284.306423511675,0.0,0.0,0.0,831.63,0,0.0,1.0,0.0,1.0,0.0,AirTran Airways,2,0.5,YMX-IND,2,0.5,2354.7213444566446,1634.4142810311873,0.0,3,155.66666666666666,53.29477773040557,0,0.0,0.0,0.0,0.0,467.0,5.0,3.0,1.0,0.0,Banyan Tree,3,0.3333333333333333,False,True,False,False,True,False,False,True,1298.63,0.0,4,3,3,3.4,1130.3291686117595,3,3115.99563332529,False,415.815
3909,559112,1980-04-12,43.0,F,False,True,canada,toronto,YTZ,43.627,-79.396,2023-01-28,181,8,12.75,0.375,96.125,1.1428571428571428,17.0,17.0,5.666666666666667,0.0,3,2,0.6666666666666666,0,0.0,3,3,1.0,254.93666666666667,311.255161617174,0.0,0.0,0.0,764.81,0,0.0,1.0,0.0,1.0,0.0,Ryanair,3,0.3333333333333333,YTZ-LAX,3,0.3333333333333333,1460.3287779825832,1779.0655408270447,0.0,2,109.0,29.698484809834994,0,0.0,0.0,0.0,0.0,218.0,5.0,1.414213562373095,1.0,0.0,Conrad,2,0.5,False,True,False,False,True,False,False,True,982.81,0.0,4,3,2,3.05,855.4390474602644,2,2358.201849940651,False,254.93666666666667
3911,559148,1971-09-18,51.0,F,True,False,usa,chicago,UGN,42.422,-87.868,2023-01-28,181,8,15.875,0.375,117.875,1.1428571428571428,13.0,13.0,7.333333333333333,0.0,3,2,0.6666666666666666,0,0.0,3,2,0.6666666666666666,290.86333333333334,250.657562689286,0.0,0.0,0.0,872.59,0,0.0,1.6666666666666667,0.5773502691896257,1.0,0.0,Delta Air Lines,3,0.3333333333333333,UGN-IAH,3,0.3333333333333333,1085.7853313548328,539.6679524612925,0.0,2,126.5,140.714249456123,1,0.5,0.1,2.7,2.7,250.3,2.5,0.7071067811865476,1.5,0.7071067811865476,Accor,2,0.5,False,True,False,False,True,False,False,False,1122.89,2.7,5,3,3,3.8,977.364853840169,2,2694.316577242659,False,174.518
3922,559368,1976-02-12,47.0,F,False,True,usa,atlanta,ATL,33.64,-84.427,2023-01-29,180,8,16.625,0.375,123.25,1.1428571428571428,14.0,14.0,9.0,0.0,3,3,1.0,0,0.0,3,3,1.0,481.39,82.4089048586377,0.15,57.9675,57.9675,1386.2025,1,0.3333333333333333,1.0,0.0,1.3333333333333333,0.5773502691896257,AirTran Airways,2,0.6666666666666666,ATL-SAN,2,0.6666666666666666,2713.482573341591,566.8759423342259,0.0,3,220.0,99.03534722511958,0,0.0,0.0,0.0,0.0,660.0,3.0,1.0,1.0,0.0,Best Western,3,0.3333333333333333,False,True,False,False,False,False,False,True,2046.2025,57.9675,5,3,4,4.15,1781.0172032344115,5,4909.7572479453665,False,481.39
3933,559537,1969-10-25,53.0,M,True,True,usa,los angeles,LAX,33.942,-118.408,2023-01-29,180,8,11.5,0.25,84.875,1.1428571428571428,18.0,40.0,7.0,0.0,2,2,1.0,0,0.0,2,2,1.0,1623.61,1759.324097999001,0.1,37.958,37.958,3209.262,1,0.5,2.5,2.1213203435596424,1.5,0.7071067811865476,AirTran Airways,2,0.5,LAX-DAL,2,0.5,2928.780223273803,1311.7733282473077,0.0,2,112.5,24.748737341529164,0,0.0,0.0,0.0,0.0,225.0,4.0,1.414213562373095,2.5,2.1213203435596424,Best Western,2,0.5,False,True,False,False,False,False,False,True,3434.262,37.958,4,2,5,3.85,4483.778879959987,5,12360.501523561341,False,649.444
3936,559695,1968-02-01,55.0,F,True,True,usa,san antonio,RND,29.529,-98.279,2023-01-29,180,8,47.125,0.625,706.775376875,1.3333333333333333,45.0,45.0,6.25,2.0,4,2,0.5,1,0.25,3,3,1.0,435.005,9.199459223236984,0.0,0.0,0.0,870.01,1,0.3333333333333333,1.0,0.0,1.0,1.7320508075688772,AirTran Airways,3,0.3333333333333333,RND-BWI,3,0.3333333333333333,2318.8034241447403,53.5568629281395,0.0,3,141.5,31.81980515339464,1,0.3333333333333333,0.1,0.0,0.0,283.0,4.0,1.0,1.0,0.0,InterContinental,3,0.3333333333333333,False,False,False,False,True,False,False,True,1153.01,0.0,2,4,3,2.8499999999999996,752.6860045015005,2,2074.9409715510146,False,435.005
3937,559712,1983-09-17,39.0,F,False,False,canada,toronto,YZD,43.742,-79.466,2023-01-29,180,9,16.11111111111111,0.3333333333333333,119.66666666666667,1.2857142857142858,23.0,62.0,8.0,0.0,3,3,1.0,0,0.0,3,3,1.0,312.0833333333333,161.367600630775,0.0,0.0,0.0,936.25,0,0.0,1.0,0.0,1.0,0.0,American Airlines,3,0.3333333333333333,YZD-IAH,3,0.3333333333333333,1837.9669569748185,1011.9462112830288,0.0,3,188.0,68.72408602520662,1,0.3333333333333333,0.05,11.05,11.05,552.95,4.333333333333333,0.5773502691896257,1.0,0.0,Hilton,3,0.3333333333333333,False,True,False,False,True,False,False,False,1489.2,11.05,4,3,3,3.4,1296.201533844615,3,3573.258508696104,False,312.0833333333333
3940,559775,1977-05-04,46.0,F,True,False,usa,san antonio,RND,29.529,-98.279,2023-01-29,180,9,21.0,0.3333333333333333,156.66666666666666,1.5,39.0,62.0,9.0,0.0,3,3,1.0,0,0.0,3,3,1.0,194.55666666666667,158.464302078838,0.0,0.0,0.0,583.67,0,0.0,1.0,0.0,1.0,1.0,Ryanair,3,0.3333333333333333,RND-AUS,3,0.3333333333333333,1114.731356651397,945.8031529489688,0.0,3,162.0,114.947814246292,1,0.3333333333333333,0.1,5.9,5.9,480.1,4.0,3.0,1.0,0.0,Aman Resorts,3,0.3333333333333333,False,True,False,False,True,False,False,False,1063.77,5.9,3,3,3,3.0,925.9067322440812,2,2552.461189763399,False,194.55666666666667
3954,560035,1973-03-13,50.0,F,False,False,usa,san diego,NZY,32.699,-117.215,2023-01-29,180,8,10.625,0.25,79.25,1.6,74.0,74.0,5.5,0.0,2,2,1.0,0,0.0,2,2,1.0,322.995,336.010071352036,0.0,0.0,0.0,645.99,0,0.0,1.0,0.0,1.0,0.0,American Airlines,2,0.5,NZY-FAT,2,0.5,2000.137244367972,2110.6056916728294,0.0,2,133.5,54.44722215136416,0,0.0,0.0,0.0,0.0,267.0,6.5,7.7781745930520225,1.0,0.0,Rosewood,2,0.5,False,True,False,False,True,False,False,True,912.99,0.0,1,2,2,1.6,1192.0014488162722,3,3286.008547395705,False,322.995
3956,560078,1968-03-10,55.0,F,True,False,usa,nashville,BNA,36.124,-86.678,2023-01-29,180,8,15.875,0.375,119.875,1.3333333333333333,34.0,90.0,7.333333333333333,0.0,3,2,0.6666666666666666,0,0.0,3,3,1.0,343.29,149.608078324668,0.0,0.0,0.0,1029.87,0,0.0,1.0,0.0,1.0,0.0,Air Canada,3,0.3333333333333333,BNA-PHL,3,0.3333333333333333,1859.0635889544262,829.4520302165191,0.0,2,105.0,9.899494936611665,1,0.5,0.05,5.6,5.6,204.4,2.0,1.414213562373095,1.0,0.0,Aman Resorts,2,0.5,False,True,False,False,True,False,False,False,1234.27,5.6,3,3,3,3.0,1074.3101444926087,3,2961.567136400981,False,343.29
3959,560125,1981-12-26,41.0,M,False,False,canada,toronto,YZD,43.742,-79.466,2023-01-29,180,8,12.125,0.25,92.625,1.3333333333333333,41.0,41.0,6.0,0.0,2,2,1.0,0,0.0,2,2,1.0,705.675,859.311515836952,0.0,0.0,0.0,1411.35,0,0.0,1.5,0.7071067811865476,1.0,0.0,Allegiant Air,2,0.5,YZD-LGA,2,0.5,2032.3468467487594,2051.708017287639,0.0,2,183.0,113.13708498984761,1,0.5,0.1,26.3,26.3,339.7,6.5,4.949747468305833,1.5,0.7071067811865476,Hyatt,2,0.5,False,True,False,False,True,False,False,False,1751.05,26.3,2,2,4,2.7,2286.174149716572,5,6302.331095540202,False,470.45
3962,560213,1974-08-21,48.0,F,True,True,usa,houston,HOU,29.645,-95.279,2023-01-29,180,8,13.125,0.25,98.375,1.6,76.0,109.0,6.0,0.0,2,2,1.0,0,0.0,2,2,1.0,298.45,63.271914780572274,0.05,12.6855,12.6855,584.2145,1,0.5,1.0,0.0,1.5,0.7071067811865476,AirTran Airways,2,0.5,HOU-BWI,2,0.5,1712.3136958920877,411.59835364601537,0.0,2,333.5,174.655374953077,0,0.0,0.0,0.0,0.0,667.0,1.5,0.7071067811865476,1.0,0.0,Hyatt,2,0.5,False,True,False,False,False,False,False,True,1251.2145,12.6855,1,2,3,1.9499999999999997,1633.5879875791932,4,4503.336883892971,True,298.45
3967,560291,1977-12-19,45.0,F,True,False,usa,el paso,BIF,31.849,-106.38,2023-01-29,180,8,13.75,0.375,101.75,1.3333333333333333,29.0,29.0,8.333333333333334,0.0,3,2,0.6666666666666666,0,0.0,3,3,1.0,438.81,199.822285794153,0.15,98.367,98.367,1218.063,1,0.3333333333333333,1.0,0.0,1.0,0.0,Air Transat,3,0.3333333333333333,BIF-CLT,3,0.3333333333333333,2446.386433390127,920.2774034847463,0.0,2,139.0,22.627416997969522,0,0.0,0.0,0.0,0.0,278.0,5.5,4.949747468305833,1.0,0.0,Hyatt,2,0.5,False,True,False,False,False,False,False,True,1496.063,98.367,3,3,3,3.0,1302.175097588085,3,3589.7259228414046,False,438.81
3981,560627,1982-12-26,40.0,F,False,False,usa,bakersfield,BFL,35.433,-119.057,2023-01-29,180,9,33.888888888888886,0.4444444444444444,799.5182927777778,1.5,48.0,52.0,89.33333333333333,248.0,3,3,1.0,1,0.3333333333333333,3,3,1.0,421.46,77.93730942238126,0.05,23.8285,23.8285,819.0915,2,0.6666666666666666,1.5,0.5773502691896257,1.0,0.0,China Airlines,3,0.3333333333333333,BFL-SIN,3,0.3333333333333333,2433.576946927369,6667.997895206354,0.0,3,102.5,81.31727983645297,1,0.3333333333333333,0.0,0.0,0.0,205.0,8.333333333333334,4.163331998932265,1.0,0.0,Fairmont,3,0.3333333333333333,False,False,False,False,False,False,False,True,1024.0915,23.8285,2,3,2,2.25,891.3705164499278,2,2457.254677718477,False,280.9733333333333
3985,560733,1971-07-02,52.0,F,True,False,usa,indianapolis,IND,39.717,-86.294,2023-01-29,180,8,14.25,0.5,106.625,1.1428571428571428,24.0,24.0,6.25,0.0,4,3,0.75,0,0.0,3,3,1.0,519.6766666666666,620.995235193744,0.0,0.0,0.0,1559.03,0,0.0,1.6666666666666667,1.1547005383792515,1.0,1.0,Delta Air Lines,3,0.3333333333333333,IND-BWI,3,0.3333333333333333,1437.764704676318,856.9935790257592,0.0,4,167.0,55.815171175347416,0,0.0,0.0,0.0,0.0,668.0,3.25,1.5,1.5,1.0,Aman Resorts,4,0.25,False,True,False,False,True,False,False,True,2227.03,0.0,4,4,5,4.35,1453.8072632544183,4,4007.7326231977663,False,311.806
3988,560796,1985-09-16,37.0,F,True,False,canada,calgary,YYC,51.114,-114.02,2023-01-29,180,8,14.0,0.25,104.125,1.3333333333333333,38.0,129.0,8.5,0.0,2,1,0.5,0,0.0,2,2,1.0,473.02,126.03471267869,0.05,28.107,28.107,917.933,1,0.5,1.0,0.0,1.0,1.414213562373095,Ryanair,2,0.5,YYC-BWI,2,0.5,2850.780037638971,454.86266342159394,0.0,1,158.0,0.0,1,1.0,0.15,23.7,23.7,134.3,10.0,0.0,1.0,0.0,Fairmont,1,1.0,False,True,False,False,False,False,True,False,1052.233,51.807,3,2,3,2.75,1373.7973696232077,4,3787.1681309234764,True,473.02
3990,560854,1986-04-19,37.0,F,True,True,usa,new york,JFK,40.64,-73.779,2023-01-29,180,9,15.777777777777779,0.4444444444444444,116.44444444444444,1.5,38.0,38.0,75.5,0.0,4,4,1.0,0,0.0,4,4,1.0,438.125,190.822545925091,0.0,0.0,0.0,1752.5,0,0.0,2.0,2.0,1.25,1.8929694486000912,Ryanair,3,0.5,JFK-EFD,4,0.25,2055.529884098712,1417.1846690489353,0.0,4,70.25,14.660036380127666,0,0.0,0.0,0.0,0.0,281.0,5.25,4.5,1.5,1.0,Banyan Tree,4,0.25,False,True,False,False,True,False,False,True,2033.5,0.0,3,4,4,3.6,1327.4706985661887,3,3659.458691294081,False,219.0625
3993,560897,1970-08-12,52.0,F,False,False,usa,los angeles,LAX,33.942,-118.408,2023-01-29,180,7,16.285714285714285,0.2857142857142857,120.71428571428571,1.1666666666666667,43.0,120.0,7.5,0.0,2,2,1.0,0,0.0,2,1,0.5,432.145,259.585970441393,0.0,0.0,0.0,864.29,0,0.0,1.0,0.0,1.0,0.0,Air Canada,2,0.5,LAX-IND,2,0.5,3214.732897940792,426.81082200407434,0.0,2,104.0,45.254833995939045,0,0.0,0.0,0.0,0.0,208.0,2.5,0.7071067811865476,1.0,0.0,Accor,2,0.5,False,True,False,False,True,False,False,True,1072.29,0.0,2,2,3,2.3499999999999996,1399.9838262754251,4,3859.3567347801622,True,432.145
4002,561033,1970-04-22,53.0,F,True,True,canada,toronto,YTZ,43.627,-79.396,2023-01-29,180,8,16.75,0.5,125.625,1.1428571428571428,12.0,42.0,9.0,0.0,4,4,1.0,0,0.0,4,3,0.75,301.4825,234.503408130884,0.0,0.0,0.0,1205.93,0,0.0,1.25,0.5,1.0,1.414213562373095,American Airlines,4,0.25,YTZ-AUS,4,0.25,1727.0049481757296,1485.0171259004792,0.0,4,177.25,49.45957945636012,1,0.25,0.05,9.2,9.2,699.8,2.5,1.2909944487358056,1.25,0.5,Aman Resorts,4,0.25,False,True,False,False,True,False,False,False,1905.73,9.2,5,4,4,4.4,1244.062323274425,3,3429.525552869373,False,241.186
4005,561054,1998-07-27,25.0,M,False,False,canada,winnipeg,YAV,50.056,-97.032,2023-01-29,180,9,19.444444444444443,0.4444444444444444,146.11111111111111,1.2857142857142858,10.0,10.0,54.25,0.0,4,3,0.75,0,0.0,3,3,1.0,596.3833333333333,143.654457756567,0.0,0.0,0.0,1789.15,0,0.0,1.6666666666666667,0.5773502691896257,1.0,0.0,JetBlue Airways,3,0.3333333333333333,YAV-HOU,3,0.3333333333333333,2057.2830614821783,236.73803842522148,0.0,4,75.0,55.88679032949856,2,0.5,0.075,4.025,8.05,291.95,4.25,4.5,1.25,0.5,Wyndham,3,0.5,False,True,False,False,True,False,False,False,2081.1,8.05,5,4,4,4.4,1358.5440230076692,4,3745.1189980093986,False,357.83
4007,561201,1964-08-22,58.0,F,True,True,canada,montreal,YUL,45.468,-73.741,2023-01-30,179,8,17.5,0.375,130.625,1.1428571428571428,8.0,8.0,90.33333333333333,0.0,3,1,0.3333333333333333,0,0.0,2,2,1.0,536.905,140.89102615142,0.0,0.0,0.0,1073.81,0,0.0,3.5,3.5355339059327378,3.0,2.8284271247461903,Air France,2,0.5,YUL-EFD,2,0.5,1552.7462206230593,1436.682948430691,0.0,2,124.0,74.95331880577403,0,0.0,0.0,0.0,0.0,248.0,3.5,0.7071067811865476,1.0,0.0,Rosewood,2,0.5,False,True,False,False,True,False,False,True,1321.81,0.0,5,3,3,3.8,1150.5050694676002,3,3171.6148464810612,False,153.40142857142857
4013,561339,1981-06-14,42.0,M,True,True,usa,chicago,MDW,41.786,-87.752,2023-01-30,179,8,9.5,0.25,71.5,1.1428571428571428,17.0,131.0,9.0,0.0,2,2,1.0,0,0.0,2,2,1.0,527.47,35.49676041556469,0.0,0.0,0.0,1054.94,0,0.0,1.0,0.0,2.0,1.414213562373095,All Nippon Airways,2,0.5,MDW-SEA,2,0.5,2817.186631860464,50.14909566302482,0.0,2,203.0,63.63961030678928,0,0.0,0.0,0.0,0.0,406.0,2.5,0.7071067811865476,1.0,0.0,Fairmont,2,0.5,False,True,False,False,True,False,False,True,1460.94,0.0,4,2,3,3.15,1907.4059919973324,5,5258.175146751094,True,527.47
4025,561707,1982-05-22,41.0,F,True,True,usa,san jose,SJC,37.362,-121.929,2023-01-30,179,8,14.875,0.25,110.25,1.3333333333333333,29.0,29.0,8.5,0.0,2,0,0.0,0,0.0,2,2,1.0,696.91,247.473231279668,0.0,0.0,0.0,1393.82,0,0.0,1.0,0.0,1.0,0.0,Delta Air Lines,2,0.5,SJC-BOS,2,0.5,3703.351996356154,867.4300896855887,0.0,0,0.0,0.0,0,0.0,0.0,0.0,0.0,0.0,0.0,0.0,0.0,0.0,MISSING,0,0.0,False,True,False,False,True,True,False,True,1393.82,0.0,3,2,3,2.75,1819.773994664888,5,5016.598685123693,False,696.91
4026,561710,1982-11-05,40.0,F,False,False,usa,los angeles,LAX,33.942,-118.408,2023-01-30,179,9,21.88888888888889,0.3333333333333333,164.22222222222223,1.5,37.0,132.0,7.666666666666667,0.0,3,2,0.6666666666666666,0,0.0,3,3,1.0,445.0933333333333,198.054239119826,0.0,0.0,0.0,1335.28,0,0.0,1.0,0.0,1.0,0.0,Delta Air Lines,3,0.3333333333333333,LAX-DEN,3,0.3333333333333333,2500.567895901776,1068.985305116682,0.0,2,174.0,29.698484809834994,0,0.0,0.0,0.0,0.0,348.0,4.0,0.0,1.0,0.0,Hilton,2,0.5,False,True,False,False,True,False,False,True,1683.28,0.0,3,3,4,3.35,1465.1290074469268,4,4038.9434478364074,True,445.0933333333333
4032,561908,1989-08-05,33.0,F,False,False,canada,ottawa,YOW,45.323,-75.669,2023-01-30,179,8,69.5,0.5,1668.195910375,1.1428571428571428,24.0,25.0,9.5,8.5,2,2,1.0,2,1.0,2,2,1.0,0.0,0.0,0.0,0.0,0.0,0.0,2,1.0,1.0,0.0,1.0,0.0,Ryanair,2,0.5,YOW-IND,2,0.5,0.0,429.3135385180532,0.0,2,0.0,0.0,2,1.0,0.0,0.0,0.0,0.0,5.0,2.8284271247461903,1.0,0.0,Accor,2,0.5,False,False,True,False,True,True,False,True,0.0,0.0,4,2,0,2.1,0.0,1,0.0,False,0.0
4043,562192,1981-11-02,41.0,F,True,True,usa,las vegas,LSV,36.236,-115.034,2023-01-30,179,8,25.875,0.375,191.625,1.6,58.0,58.0,5.666666666666667,0.0,3,2,0.6666666666666666,0,0.0,3,3,1.0,290.55,205.280957957625,0.0,0.0,0.0,871.65,0,0.0,1.0,0.0,1.3333333333333333,0.5773502691896257,Iberia Airlines,3,0.3333333333333333,LSV-EFD,3,0.3333333333333333,1605.2859373849278,1066.893544085741,0.0,2,136.0,21.213203435596427,0,0.0,0.0,0.0,0.0,272.0,1.5,0.7071067811865476,1.0,0.0,Rosewood,2,0.5,False,True,False,False,True,False,False,True,1143.65,0.0,2,3,3,2.5999999999999996,995.43438368345,2,2744.1291253493814,False,290.55
4056,562490,1971-08-15,51.0,F,True,False,usa,new york,JFK,40.64,-73.779,2023-01-30,179,8,18.125,0.375,134.5,1.1428571428571428,18.0,18.0,125.0,0.0,3,1,0.3333333333333333,0,0.0,3,3,1.0,1337.4,1412.823199236196,0.0,0.0,0.0,4012.2,0,0.0,1.3333333333333333,0.5773502691896257,1.0,0.0,Aeroflot Russian Airlines,3,0.3333333333333333,JFK-AYT,3,0.3333333333333333,4854.48920672861,3257.1538915330448,0.3333333333333333,1,86.0,0.0,1,1.0,0.15,12.9,12.9,73.1,2.0,0.0,1.0,0.0,Banyan Tree,1,1.0,False,True,False,False,True,False,True,False,4085.3,12.9,4,3,5,4.1,3555.850205624097,5,9802.466415240526,False,1003.0500000000001
4062,562612,1981-10-23,41.0,F,False,False,usa,chicago,MDW,41.786,-87.752,2023-01-30,179,8,25.75,0.625,449.476361,1.1428571428571428,24.0,98.0,8.0,6.0,4,2,0.5,1,0.25,2,1,0.5,510.175,561.718555906781,0.0,0.0,0.0,1020.35,0,0.0,1.5,0.7071067811865476,1.0,1.414213562373095,KLM Royal Dutch Airlines,2,0.5,MDW-DAL,2,0.5,2064.970544363072,1113.943288437064,0.0,4,100.66666666666667,39.80368492154129,1,0.25,0.0,0.0,0.0,302.0,4.25,3.947573094109004,1.25,0.5,Hilton,4,0.25,False,False,False,False,True,False,False,True,1322.35,0.0,4,4,3,3.65,863.2313146048682,2,2379.682911449583,True,340.1166666666667
4070,562886,1977-03-16,46.0,F,True,False,usa,san francisco,SFO,37.619,-122.375,2023-01-30,179,7,12.714285714285714,0.42857142857142855,93.42857142857143,1.1666666666666667,9.0,9.0,8.666666666666666,0.0,3,3,1.0,0,0.0,3,3,1.0,368.1666666666667,237.296193465747,0.0,0.0,0.0,1104.5,0,0.0,1.0,0.0,1.0,0.0,Conviasa,3,0.3333333333333333,SFO-LAX,3,0.3333333333333333,1972.9304749464764,1271.6004995797196,0.0,3,223.0,226.563456894531,0,0.0,0.0,0.0,0.0,669.0,2.0,1.7320508075688772,1.0,0.0,Choice Hotels,3,0.3333333333333333,False,True,False,False,True,False,False,True,1773.5,0.0,5,3,4,4.15,1543.6566077581415,4,4255.421679541056,False,368.1666666666667
4083,563253,1992-01-11,31.0,F,False,False,usa,new york,JFK,40.64,-73.779,2023-01-31,178,8,35.25,0.375,262.375,1.3333333333333333,29.0,29.0,5.333333333333333,0.0,3,2,0.6666666666666666,0,0.0,2,2,1.0,274.265,243.478077965964,0.1,44.643,44.643,503.887,1,0.5,1.0,0.0,1.0,0.0,United Airlines,1,1.0,JFK-AUS,2,0.5,1494.2036068447949,1345.340617966583,0.0,3,163.0,38.97435053981015,1,0.3333333333333333,0.15,27.75,27.75,461.25,3.0,1.7320508075688772,1.3333333333333333,0.5773502691896257,Four Seasons,3,0.3333333333333333,False,True,False,False,False,False,False,False,965.137,72.393,3,3,2,2.6500000000000004,840.0564462598644,2,2315.7963989440177,False,274.265
4097,563507,1986-03-17,37.0,F,True,False,usa,san francisco,SFO,37.619,-122.375,2023-01-31,178,8,15.625,0.5,117.25,1.1428571428571428,8.0,46.0,7.75,0.0,4,3,0.75,0,0.0,4,4,1.0,598.885,158.682584320607,0.15,110.5365,110.5365,2285.0035,1,0.25,1.25,0.5,1.0,1.414213562373095,Allegiant Air,4,0.25,SFO-JFK,3,0.5,2990.631435228458,1411.5768142758798,0.0,3,165.33333333333334,56.0029761113937,0,0.0,0.0,0.0,0.0,496.0,2.3333333333333335,2.309401076758503,1.0,0.0,Crowne Plaza,3,0.3333333333333333,False,True,False,False,False,False,False,True,2781.0035,110.5365,5,4,5,4.75,1815.4416812687562,5,5004.6557308061265,False,479.108
4098,563544,1974-05-08,49.0,F,True,True,usa,new york,LGA,40.777,-73.872,2023-01-31,178,8,16.875,0.375,126.625,1.6,78.0,78.0,8.333333333333334,0.0,3,3,1.0,0,0.0,3,2,0.6666666666666666,351.54,314.335461092127,0.0,0.0,0.0,1054.62,0,0.0,1.0,0.0,1.0,0.0,Air India Limited,3,0.3333333333333333,LGA-DAL,3,0.3333333333333333,2380.3361962893546,1685.8924378162512,0.0,3,199.66666666666666,92.25146791966691,1,0.3333333333333333,0.1,15.2,15.2,583.8,4.666666666666667,1.1547005383792515,1.0,0.0,Banyan Tree,3,0.3333333333333333,False,True,False,False,True,False,False,False,1638.42,15.2,1,3,4,2.55,1426.082807602534,4,3931.3041940759267,False,351.54
4114,563896,1980-04-07,43.0,M,False,True,usa,jacksonville,NCA,34.708,-77.439,2023-01-31,178,8,24.625,0.375,346.812948625,1.6,67.0,127.0,6.5,4.0,2,2,1.0,1,0.5,2,2,1.0,97.35,0.0,0.0,0.0,0.0,97.35,1,0.5,1.0,0.0,1.5,0.7071067811865476,Porter Airlines,2,0.5,NCA-YTZ,2,0.5,606.1804159949435,300.58389143341753,0.0,2,77.0,0.0,1,0.5,0.0,0.0,0.0,77.0,3.5,2.1213203435596424,1.0,0.0,InterContinental,2,0.5,False,False,False,False,True,False,False,True,174.35,0.0,1,2,1,1.25,227.63168556185394,1,627.515734277967,True,97.35
4117,563995,1997-05-08,26.0,M,False,True,usa,sacramento,MHR,38.554,-121.297,2023-01-31,178,8,8.375,0.25,62.125,1.3333333333333333,36.0,36.0,9.5,0.0,2,2,1.0,0,0.0,2,2,1.0,1313.525,223.877077991473,0.0,0.0,0.0,2627.05,0,0.0,2.0,0.0,1.0,0.0,American Airlines,2,0.5,MHR-DET,2,0.5,3633.4351639240917,558.2169847830282,0.0,2,152.5,57.27564927611035,1,0.5,0.1,19.3,19.3,285.7,5.0,2.8284271247461903,2.0,0.0,Banyan Tree,2,0.5,False,True,False,False,True,False,False,False,2912.75,19.3,3,2,5,3.45,3802.891838946315,5,10483.489848110974,False,656.7625
4137,564517,1967-02-11,56.0,F,True,False,usa,fort worth,FTW,32.82,-97.362,2023-01-31,178,8,25.125,0.5,185.125,1.1428571428571428,13.0,41.0,9.5,0.0,4,4,1.0,0,0.0,4,4,1.0,338.5175,80.5693533030188,0.3,104.523,104.523,1249.547,1,0.25,1.0,0.0,1.0,0.0,Air Canada,4,0.25,FTW-LGA,4,0.25,1901.026794634773,362.7480345779861,0.0,4,218.75,211.525215202979,0,0.0,0.0,0.0,0.0,875.0,4.5,5.0,1.0,0.0,Conrad,4,0.25,False,True,False,False,False,False,False,True,2124.547,104.523,5,4,4,4.4,1386.9062651717238,4,3823.3056229224317,False,338.5175
4142,564604,1985-10-20,37.0,F,True,False,usa,reno,RNO,39.498,-119.768,2023-01-31,178,8,15.0,0.25,111.25,1.3333333333333333,30.0,137.0,6.5,0.0,2,1,0.5,0,0.0,2,2,1.0,359.72,332.269476479559,0.3,37.431,37.431,682.009,1,0.5,1.0,0.0,1.5,0.7071067811865476,American Airlines,2,0.5,RNO-CLT,2,0.5,2033.6386636625004,1985.675622547494,0.0,1,325.0,0.0,0,0.0,0.0,0.0,0.0,325.0,3.0,0.0,1.0,0.0,Fairmont,1,1.0,False,True,False,False,False,False,True,True,1007.009,37.431,3,2,2,2.4000000000000004,1314.7528307769255,3,3624.3991514741683,True,359.72
4143,564606,1987-08-09,35.0,F,False,False,usa,los angeles,LAX,33.942,-118.408,2023-01-31,178,8,10.5,0.375,78.625,1.3333333333333333,32.0,32.0,5.666666666666667,0.0,3,2,0.6666666666666666,0,0.0,2,2,1.0,985.45,882.030856716476,0.0,0.0,0.0,1970.9,0,0.0,2.5,2.1213203435596424,1.5,0.7071067811865476,American Airlines,2,0.5,LAX-EFD,2,0.5,2244.7283506705503,0.0,0.0,3,162.66666666666666,121.492112226816,0,0.0,0.0,0.0,0.0,488.0,5.666666666666667,3.7859388972001824,2.3333333333333335,1.5275252316519468,Aman Resorts,3,0.3333333333333333,False,True,False,False,True,False,False,True,2458.9,0.0,3,3,5,3.7,2140.2296209847727,5,5900.0035905404575,False,394.18
4147,564713,1984-01-16,39.0,F,True,True,usa,los angeles,LAX,33.942,-118.408,2023-01-31,178,7,19.285714285714285,0.42857142857142855,144.57142857142858,1.0,20.0,20.0,127.66666666666667,0.0,3,1,0.3333333333333333,0,0.0,3,3,1.0,613.75,100.8657647569283,0.0,0.0,0.0,1841.25,0,0.0,2.3333333333333335,2.309401076758503,2.0,1.7320508075688772,American Airlines,3,0.3333333333333333,LAX-DMA,3,0.3333333333333333,2355.1947657042347,1451.183190474484,0.0,1,173.0,0.0,0,0.0,0.0,0.0,0.0,173.0,6.0,0.0,1.0,0.0,Four Seasons,1,1.0,False,True,False,False,True,False,True,True,2014.25,0.0,4,3,4,3.75,1753.2057074580414,5,4833.088873986789,False,263.0357142857143
4156,565070,1957-04-16,66.0,F,False,False,canada,quebec,YQB,46.788,-71.398,2023-01-31,178,9,16.88888888888889,0.2222222222222222,126.11111111111111,1.8,63.0,144.0,5.0,0.0,2,2,1.0,0,0.0,2,2,1.0,590.795,164.777093219901,0.0,0.0,0.0,1181.59,0,0.0,1.0,0.0,1.0,1.414213562373095,American Airlines,2,0.5,YQB-FTW,2,0.5,3455.254494194794,1086.0919014601752,0.0,2,141.0,12.727922061357855,1,0.5,0.1,15.0,15.0,267.0,2.5,2.1213203435596424,1.0,0.0,Aman Resorts,2,0.5,False,True,False,False,True,False,False,False,1448.59,15.0,2,2,3,2.3499999999999996,1891.281808936312,5,5213.725365745456,True,590.795
4159,565114,1990-03-12,33.0,F,False,False,usa,philadelphia,PNE,40.082,-75.011,2023-01-31,178,10,17.4,0.4,129.5,1.6666666666666667,44.0,44.0,7.5,0.0,4,1,0.25,0,0.0,3,3,1.0,470.6333333333333,328.614403265185,0.05,34.6715,34.6715,1377.2285,1,0.3333333333333333,1.0,0.0,1.0,1.0,Alaska Airlines,3,0.3333333333333333,PNE-LSQ,3,0.3333333333333333,2759.586907357849,1927.1810032184294,0.0,2,86.0,7.0710678118654755,1,0.5,0.05,4.05,4.05,167.95,7.5,2.1213203435596424,1.0,0.0,Best Western,2,0.5,False,True,False,False,False,False,False,False,1545.1785,38.7215,2,4,4,3.2,1008.6939674474825,2,2780.6820218469393,False,470.6333333333333
4184,565573,1985-09-17,37.0,F,False,False,usa,fort worth,FTW,32.82,-97.362,2023-02-01,177,9,24.0,0.6666666666666666,178.33333333333334,1.5,8.0,8.0,8.666666666666666,0.0,6,6,1.0,0,0.0,6,6,1.0,333.3616666666667,79.58456669899427,0.0,0.0,0.0,2000.17,0,0.0,1.0,0.0,1.0,0.6324555320336759,American Airlines,4,0.3333333333333333,FTW-HLZ,6,0.16666666666666666,1811.3714527478623,440.4475469528744,0.0,6,210.83333333333334,102.231925867934,0,0.0,0.0,0.0,0.0,1265.0,3.5,1.0488088481701514,1.0,0.0,Accor,4,0.3333333333333333,False,True,False,False,True,False,False,True,3265.17,0.0,5,5,5,5.0,1421.0040163387796,4,3917.303412852289,False,333.3616666666667
4187,565718,1973-01-22,50.0,F,False,False,usa,san antonio,RND,29.529,-98.279,2023-02-01,177,8,24.25,0.5,180.125,1.3333333333333333,24.0,24.0,11.0,0.0,4,3,0.75,0,0.0,3,2,0.6666666666666666,262.2133333333333,199.310445620227,0.0,0.0,0.0,786.64,0,0.0,1.0,0.0,1.0,0.0,Japan Airlines,3,0.3333333333333333,RND-FTW,3,0.3333333333333333,1624.848575889061,1118.801165984747,0.0,4,115.25,30.24758943563382,0,0.0,0.0,0.0,0.0,461.0,3.25,1.5,1.25,0.5,Four Seasons,4,0.25,False,True,False,False,True,False,False,True,1247.64,0.0,4,4,3,3.65,814.4605568522842,2,2245.2358208045966,False,262.2133333333333
4190,565768,1992-01-13,31.0,F,False,False,canada,calgary,YYC,51.114,-114.02,2023-02-01,177,8,16.75,0.625,123.875,1.3333333333333333,9.0,9.0,9.2,0.0,5,3,0.6,0,0.0,4,4,1.0,652.3375,244.812706556802,0.05,49.6265,49.6265,2559.7235,1,0.25,1.25,0.5,1.0,0.816496580927726,American Airlines,4,0.25,YYC-AUS,4,0.25,2773.3604836476015,427.6184147563078,0.0,4,217.25,47.46489931166679,0,0.0,0.0,0.0,0.0,869.0,2.5,0.5773502691896257,1.25,0.5,Accor,4,0.25,False,True,False,False,False,False,False,True,3428.7235,49.6265,5,5,5,5.0,1790.6191216072023,5,4936.227002554909,False,521.87
4200,565949,1986-09-21,36.0,F,False,True,usa,los angeles,LAX,33.942,-118.408,2023-02-01,177,8,18.25,0.5,134.875,1.3333333333333333,21.0,21.0,6.5,0.0,4,3,0.75,0,0.0,3,3,1.0,494.06333333333333,236.543068876121,0.15,52.068,52.068,1430.122,1,0.3333333333333333,1.0,0.0,1.0,0.0,Air Transat,3,0.3333333333333333,LAX-FTW,3,0.3333333333333333,2623.6743668698036,1169.6149785602177,0.0,4,173.5,47.148700936505136,1,0.25,0.15,21.0,21.0,673.0,6.5,5.066228051190222,1.0,0.0,Banyan Tree,3,0.5,False,True,False,False,False,False,False,False,2103.122,73.068,4,4,4,4.0,1372.9200051683893,4,3784.749486969161,False,494.06333333333333
4203,566032,1970-05-19,53.0,M,True,False,usa,san antonio,SAT,29.534,-98.47,2023-02-01,177,8,20.25,0.5,149.875,1.6,47.0,81.0,8.25,0.0,4,3,0.75,0,0.0,4,4,1.0,627.0175,588.13776636516,0.0,0.0,0.0,2508.07,0,0.0,1.75,0.9574271077563381,1.75,1.707825127659933,American Airlines,4,0.25,SAT-FTW,4,0.25,1672.997493002379,919.4272677196409,0.0,3,105.33333333333333,33.005050118630834,0,0.0,0.0,0.0,0.0,316.0,3.0,1.7320508075688772,2.0,1.0,Accor,3,0.3333333333333333,False,True,False,False,True,False,False,True,2824.07,0.0,2,4,5,3.55,1843.5555326775593,5,5082.15761314132,False,358.2957142857143
4205,566059,1995-07-03,28.0,F,True,True,usa,baltimore,BWI,39.175,-76.668,2023-02-01,177,11,38.90909090909091,0.45454545454545453,809.8181818181819,2.2,35.0,51.0,55.75,181.0,4,4,1.0,1,0.25,4,4,1.0,257.35,297.434266351407,0.0,0.0,0.0,772.05,1,0.25,2.2,1.5,1.0,1.414213562373095,United Airlines,4,0.25,BWI-MEM,4,0.25,1385.4412213889461,1275.159526743837,0.0,4,227.0,140.630722105804,2,0.5,0.1,37.1,37.1,643.9,7.25,5.439056290693573,1.25,0.5,Crowne Plaza,3,0.5,False,False,False,False,True,False,False,False,1415.95,37.1,3,4,3,3.25,924.333481993998,2,2548.1241868393677,False,116.97727272727273
4223,566489,1974-09-14,48.0,M,False,False,usa,phoenix,LUF,33.535,-112.383,2023-02-01,177,8,15.75,0.375,117.75,2.0,60.0,60.0,9.333333333333334,0.0,3,2,0.6666666666666666,0,0.0,3,3,1.0,232.68333333333334,231.346104858788,0.0,0.0,0.0,698.05,0,0.0,1.0,0.0,1.0,1.0,United Airlines,2,0.6666666666666666,LUF-BIF,3,0.3333333333333333,1404.062331094525,1435.2299171463699,0.0,2,355.0,203.646752981726,0,0.0,0.0,0.0,0.0,710.0,4.5,4.949747468305833,1.0,0.0,Conrad,2,0.5,False,True,False,False,True,False,False,True,1408.05,0.0,2,3,3,2.5999999999999996,1225.5684728242745,3,3378.5432736835537,False,232.68333333333334
4230,566650,1973-07-06,50.0,F,False,False,usa,new york,LGA,40.777,-73.872,2023-02-01,177,8,9.875,0.25,74.5,1.6,29.0,131.0,10.5,0.0,2,2,1.0,0,0.0,2,2,1.0,207.44,160.994071940553,0.0,0.0,0.0,414.88,0,0.0,1.0,0.0,1.0,0.0,Porter Airlines,2,0.5,LGA-TIK,2,0.5,1360.512253404639,1121.852078353378,0.0,2,92.5,51.61879502661797,0,0.0,0.0,0.0,0.0,185.0,2.0,1.414213562373095,1.0,0.0,Hilton,2,0.5,False,True,False,False,True,False,False,True,599.88,0.0,3,2,1,2.0500000000000003,783.2044481493831,2,2159.07162993213,True,207.44
4233,566726,1969-04-19,54.0,F,True,True,usa,portland,PDX,45.589,-122.597,2023-02-01,177,8,11.0,0.25,82.625,1.3333333333333333,23.0,158.0,9.5,0.0,2,2,1.0,0,0.0,2,1,0.5,474.915,173.446222357248,0.0,0.0,0.0,949.83,0,0.0,1.0,0.0,1.0,0.0,American Airlines,2,0.5,PDX-BOS,2,0.5,3725.5605306575117,490.31378438031703,0.0,2,102.5,60.10407640085654,0,0.0,0.0,0.0,0.0,205.0,4.0,0.0,1.0,0.0,Hyatt,2,0.5,False,True,False,False,True,False,False,True,1154.83,0.0,4,2,3,3.15,1507.748204401467,4,4156.432437144965,True,474.915
4245,566992,1987-05-10,36.0,F,False,False,canada,ottawa,YOW,45.323,-75.669,2023-02-01,177,8,21.625,0.625,161.125,1.6,30.0,51.0,8.6,0.0,5,5,1.0,0,0.0,5,5,1.0,282.758,266.222956316693,0.1,28.17,56.34,1357.45,2,0.4,1.2,0.4472135954999579,1.0,0.0,United Airlines,4,0.4,YOW-JFK,5,0.2,1468.9373223237883,1530.7896034824882,0.0,5,176.6,73.4186624776017,1,0.2,0.05,10.9,10.9,872.1,3.8,1.7888543819998317,1.2,0.4472135954999579,Banyan Tree,5,0.2,False,True,False,False,False,False,False,False,2229.55,67.24,3,5,5,4.2,1164.361857285762,3,3209.8140644896853,False,235.63166666666666
4252,567172,1969-06-03,54.0,F,True,False,canada,hamilton,YHM,43.173,-79.935,2023-02-01,177,8,10.625,0.25,80.25,1.6,27.0,100.0,7.5,0.0,2,2,1.0,0,0.0,2,2,1.0,184.185,238.34448273455,0.0,0.0,0.0,368.37,0,0.0,1.0,0.0,1.0,0.0,American Airlines,2,0.5,YHM-DEN,2,0.5,1086.5637835927057,1410.5770809196176,0.0,2,69.5,41.71930009000631,0,0.0,0.0,0.0,0.0,139.0,4.0,1.414213562373095,1.0,0.0,Extended Stay,2,0.5,False,True,False,False,True,False,False,True,507.37,0.0,3,2,1,2.0500000000000003,662.4232194064688,1,1826.1121772332212,True,184.185
4267,567547,1990-05-06,33.0,F,False,False,usa,san jose,SJC,37.362,-121.929,2023-02-02,176,8,13.5,0.25,100.875,1.6,36.0,36.0,6.5,0.0,2,1,0.5,0,0.0,2,2,1.0,999.485,446.205592132147,0.0,0.0,0.0,1998.97,0,0.0,1.5,0.7071067811865476,1.0,0.0,Air China,2,0.5,SJC-IAD,2,0.5,3826.3068934875255,92.03536549485449,0.0,1,129.0,0.0,0,0.0,0.0,0.0,0.0,129.0,5.0,0.0,2.0,0.0,Conrad,1,1.0,False,True,False,False,True,False,True,True,2127.97,0.0,3,2,4,3.1,2778.281605535178,5,7658.931213487155,False,666.3233333333334
4270,567563,1979-01-13,44.0,F,True,False,usa,new york,LGA,40.777,-73.872,2023-02-02,176,8,15.875,0.375,118.75,1.6,47.0,123.0,10.0,0.0,3,1,0.3333333333333333,0,0.0,3,3,1.0,307.2633333333333,375.785164200682,0.3999999999999999,26.55999999999999,26.55999999999999,895.23,1,0.3333333333333333,1.0,0.0,1.0,1.0,Alaska Airlines,3,0.3333333333333333,LGA-DCA,3,0.3333333333333333,1718.7210129153734,2082.0302834714157,0.0,1,176.0,0.0,0,0.0,0.0,0.0,0.0,176.0,1.0,0.0,1.0,0.0,Choice Hotels,1,1.0,False,True,False,False,False,False,True,True,1071.23,26.55999999999999,2,3,3,2.5999999999999996,932.3999255307324,2,2570.361074584023,True,307.2633333333333
4286,568064,1977-10-16,45.0,F,True,False,usa,santa ana,SNA,33.676,-117.868,2023-02-02,176,8,17.875,0.25,131.875,2.6666666666666665,94.0,94.0,6.0,0.0,2,2,1.0,0,0.0,2,2,1.0,415.0,301.326483734835,0.0,0.0,0.0,830.0,0,0.0,1.0,0.0,1.0,0.0,Allegiant Air,2,0.5,SNA-BIF,2,0.5,2532.3413194626346,2036.0726894811944,0.0,2,149.0,87.68124086713189,1,0.5,0.1,8.7,8.7,289.3,11.5,12.020815280171307,1.0,0.0,Conrad,2,0.5,False,True,False,False,True,False,False,False,1119.3,8.7,1,2,3,1.9499999999999997,1461.3601700566855,4,4028.5538364056697,True,415.0
4310,568716,1981-12-21,41.0,F,False,False,usa,kansas city,MCI,39.297,-94.714,2023-02-02,176,9,17.22222222222222,0.5555555555555556,128.0,1.5,15.0,15.0,46.6,0.0,5,4,0.8,0,0.0,5,4,0.8,303.608,105.918512640614,0.05,10.629,10.629,1507.411,1,0.2,1.4,0.8944271909999159,1.0,0.7071067811865476,Air Canada,4,0.4,MCI-AUS,5,0.2,1517.0387761598342,559.9448903246345,0.0,4,149.25,81.46318186763884,1,0.25,0.05,12.55,12.55,584.45,5.25,6.551081335677849,1.5,1.0,Hilton,4,0.25,False,True,False,False,False,False,False,False,2091.861,23.179,5,5,4,4.65,1092.4550510836943,3,3011.587476736317,False,216.86285714285717
4320,569150,1983-10-18,39.0,F,False,False,usa,washington,IAD,38.944,-77.456,2023-02-02,176,8,17.125,0.625,126.875,1.6,33.0,33.0,7.0,0.0,5,4,0.8,0,0.0,5,5,1.0,292.058,321.88688249135,0.0,0.0,0.0,1460.29,0,0.0,1.4,0.8944271909999159,1.0,1.0,Allegiant Air,4,0.4,IAD-AUS,5,0.2,1145.6399804722366,790.8540846994432,0.0,4,89.25,31.763448595306315,1,0.25,0.05,4.3,4.3,352.7,2.5,2.3804761428476167,1.0,0.0,Choice Hotels,3,0.5,False,True,False,False,True,False,False,False,1812.99,4.3,3,5,4,3.85,946.8172517505835,2,2610.1055373412364,False,208.61285714285714
4321,569170,1982-08-19,40.0,F,False,False,usa,des moines,DSM,41.534,-93.663,2023-02-02,176,8,13.875,0.625,103.75,1.3333333333333333,19.0,19.0,6.6,0.0,5,3,0.6,0,0.0,3,3,1.0,316.02,130.032531698802,0.0,0.0,0.0,948.06,0,0.0,1.0,0.0,1.3333333333333333,0.5773502691896257,AirTran Airways,3,0.3333333333333333,DSM-DAL,3,0.3333333333333333,1665.2538886344398,658.8150015956234,0.0,5,209.2,145.482645013074,0,0.0,0.0,0.0,0.0,1046.0,5.2,2.8635642126552705,1.2,0.4472135954999579,Aman Resorts,5,0.2,False,True,False,False,True,False,False,True,1994.06,0.0,4,5,4,4.25,1041.3793837945982,2,2870.7864068696827,False,316.02
4322,569180,1979-07-14,44.0,F,False,True,usa,washington,IAD,38.944,-77.456,2023-02-02,176,8,15.5,0.375,115.25,1.3333333333333333,23.0,23.0,8.333333333333334,0.0,3,1,0.3333333333333333,0,0.0,2,2,1.0,674.825,120.5122087176233,0.0,0.0,0.0,1349.65,0,0.0,1.0,0.0,1.5,0.7071067811865476,United Airlines,1,1.0,IAD-LSQ,2,0.5,3421.8171176803303,356.69323526058156,0.0,2,411.0,152.735064736294,0,0.0,0.0,0.0,0.0,822.0,4.5,3.5355339059327378,1.0,0.0,Choice Hotels,2,0.5,False,True,False,False,True,False,False,True,2171.65,0.0,4,3,4,3.75,1890.2068633989106,5,5210.762047011746,False,674.825
4324,569236,1967-12-19,55.0,F,True,False,usa,philadelphia,PNE,40.082,-75.011,2023-02-02,176,8,23.5,0.5,175.125,1.3333333333333333,11.0,51.0,5.0,0.0,4,3,0.75,0,0.0,3,3,1.0,346.33666666666664,337.013552002487,0.0,0.0,0.0,1039.01,0,0.0,1.3333333333333333,0.5773502691896257,1.0,0.0,American Airlines,3,0.3333333333333333,PNE-DET,3,0.3333333333333333,1323.7259309466478,754.5929710991979,0.0,4,118.5,44.12482294582042,0,0.0,0.0,0.0,0.0,474.0,7.75,10.90489186863706,1.25,0.5,Accor,4,0.25,False,True,False,False,True,False,False,True,1513.01,0.0,5,4,3,4.05,987.6943406135379,2,2722.792030742492,False,259.7525
4343,569817,1987-12-08,35.0,M,True,False,usa,houston,IAH,29.98,-95.34,2023-02-03,175,8,16.125,0.375,118.75,1.6,27.0,102.0,6.666666666666667,0.0,3,2,0.6666666666666666,0,0.0,2,2,1.0,69.715,0.6151828996322963,0.0,0.0,0.0,139.43,0,0.0,1.0,0.0,1.0,0.0,United Airlines,1,1.0,IAH-FTW,1,1.0,369.51004561600706,0.0,0.0,3,89.0,32.51153641401772,1,0.3333333333333333,0.1,12.2,12.2,254.8,7.0,9.539392014169456,1.3333333333333333,0.5773502691896257,Fairmont,3,0.3333333333333333,False,True,False,False,True,False,False,False,394.23,12.2,3,3,1,2.3000000000000003,343.1382827609203,1,945.9345298705781,True,69.715
4344,569829,1984-10-05,38.0,F,True,False,usa,chicago,ORD,41.979,-87.904,2023-02-03,175,8,22.875,0.625,168.25,1.6,31.0,31.0,7.2,0.0,5,5,1.0,0,0.0,5,5,1.0,328.306,159.592628369859,0.15,43.2835,86.567,1554.963,2,0.4,1.0,0.0,1.0,0.7071067811865476,American Airlines,4,0.4,ORD-DCA,3,0.4,1847.6048033051752,915.2952872068346,0.0,5,289.8,154.417291777832,1,0.2,0.15,71.25,71.25,1377.75,2.2,0.8366600265340756,1.0,0.0,Crowne Plaza,4,0.4,False,True,False,False,False,False,False,False,2932.713,157.817,3,5,5,4.2,1531.582227609203,4,4222.136051899144,False,328.306
4350,570021,1986-07-11,37.0,F,False,True,usa,tucson,DMA,32.166,-110.883,2023-02-03,175,8,18.0,0.375,134.5,1.3333333333333333,15.0,15.0,9.0,0.0,3,3,1.0,0,0.0,3,3,1.0,581.8566666666667,552.534382851722,0.0,0.0,0.0,1745.57,0,0.0,1.3333333333333333,0.5773502691896257,1.0,0.0,American Airlines,2,0.6666666666666666,DMA-JFK,2,0.6666666666666666,2351.545315186872,1857.3248574257193,0.0,3,128.0,44.91102314577124,0,0.0,0.0,0.0,0.0,384.0,2.6666666666666665,0.5773502691896257,1.3333333333333333,0.5773502691896257,Hilton,3,0.3333333333333333,False,True,False,False,True,False,False,True,2129.57,0.0,5,3,4,4.15,1853.5803790152272,5,5109.793259712572,False,436.39250000000004
4352,570144,1981-06-01,42.0,F,True,True,usa,indianapolis,IND,39.717,-86.294,2023-02-03,175,8,19.625,0.5,145.125,1.6,30.0,30.0,11.5,0.0,4,3,0.75,0,0.0,4,4,1.0,259.66,154.018160617506,0.0,0.0,0.0,1038.64,0,0.0,1.0,0.0,1.0,0.816496580927726,American Airlines,4,0.25,IND-BOS,4,0.25,1405.4561086150966,807.0813649232375,0.0,3,70.66666666666667,5.507570547286102,0,0.0,0.0,0.0,0.0,212.0,2.0,1.0,1.0,0.0,Best Western,2,0.6666666666666666,False,True,False,False,True,False,False,True,1250.64,0.0,3,4,3,3.25,816.4189596532178,2,2250.6345796311925,False,259.66
4369,570601,1986-05-22,37.0,M,True,True,usa,baltimore,BWI,39.175,-76.668,2023-02-03,175,8,11.375,0.25,85.125,1.6,50.0,50.0,8.0,0.0,2,1,0.5,0,0.0,2,2,1.0,205.475,209.338962570277,0.05,17.675,17.675,393.275,1,0.5,1.0,0.0,1.0,0.0,American Airlines,2,0.5,BWI-EFD,2,0.5,1146.002804049405,1202.9768373810728,0.0,1,197.0,0.0,0,0.0,0.0,0.0,0.0,197.0,8.0,0.0,1.0,0.0,Radisson,1,1.0,False,True,False,False,False,False,True,True,590.275,17.675,2,2,1,1.65,770.6641422140713,2,2124.5015775791626,False,205.475
4371,570626,1975-03-12,48.0,F,True,False,usa,new york,LGA,40.777,-73.872,2023-02-03,175,7,19.857142857142858,0.42857142857142855,146.57142857142858,1.4,48.0,48.0,8.0,0.0,3,3,1.0,0,0.0,3,3,1.0,477.68,159.920514006177,0.0,0.0,0.0,1433.04,0,0.0,1.0,0.0,1.0,0.0,Alaska Airlines,3,0.3333333333333333,LGA-DAL,3,0.3333333333333333,2783.987952980793,941.5833310891121,0.0,3,174.0,107.25203960764568,0,0.0,0.0,0.0,0.0,522.0,2.6666666666666665,2.0816659994661326,1.0,0.0,Wyndham,2,0.6666666666666666,False,True,False,False,True,False,False,True,1955.04,0.0,2,3,4,2.95,1701.6692497499164,4,4691.017536154465,False,477.68
4375,570666,1989-05-11,34.0,F,True,False,canada,winnipeg,YAV,50.056,-97.032,2023-02-03,175,8,12.625,0.375,94.0,1.6,38.0,101.0,8.666666666666666,0.0,3,2,0.6666666666666666,0,0.0,2,2,1.0,389.275,17.458466427495857,0.0,0.0,0.0,778.55,0,0.0,1.0,0.0,1.0,0.0,Delta Air Lines,2,0.5,YAV-LGA,2,0.5,2154.840302263584,99.52684212348476,0.0,3,175.0,32.90896534380867,1,0.3333333333333333,0.05,10.6,10.6,514.4,4.333333333333333,2.0816659994661326,1.0,0.0,Banyan Tree,3,0.3333333333333333,False,True,False,False,True,False,False,False,1292.95,10.6,3,3,3,3.0,1125.3852895409582,3,3102.366766598595,True,389.275
4376,570683,1975-12-28,47.0,F,False,False,usa,new york,LGA,40.777,-73.872,2023-02-03,175,8,17.125,0.5,126.125,1.3333333333333333,11.0,11.0,6.0,0.0,4,4,1.0,0,0.0,4,4,1.0,722.1375,572.0421549953,0.0,0.0,0.0,2888.55,0,0.0,1.25,0.5,1.0,0.816496580927726,United Airlines,3,0.5,LGA-LSQ,3,0.5,3000.018479294303,1897.7538510786806,0.0,4,328.25,379.546549626437,2,0.5,0.125,56.4,112.8,1200.2,3.5,1.7320508075688772,1.25,0.5,Accor,4,0.25,False,True,False,False,True,False,False,False,4088.75,112.8,5,4,5,4.75,2669.139817439146,5,7358.0583840809795,False,577.71
4380,570713,1973-09-09,49.0,F,False,False,usa,new york,JFK,40.64,-73.779,2023-02-03,175,8,20.75,0.25,154.625,2.0,60.0,129.0,8.0,0.0,2,1,0.5,0,0.0,2,2,1.0,1500.21,1124.540198392214,0.0,0.0,0.0,3000.42,0,0.0,2.0,1.414213562373095,1.5,0.7071067811865476,American Airlines,2,0.5,JFK-FAT,2,0.5,3947.877125986964,22.735155572559503,0.0,1,153.0,0.0,0,0.0,0.0,0.0,0.0,153.0,2.0,0.0,1.0,0.0,Conrad,1,1.0,False,True,False,False,True,False,True,True,3153.42,0.0,2,2,5,3.05,4117.111040346782,5,11349.702705975491,True,750.105
4381,570746,1981-11-04,41.0,F,False,False,usa,new york,JFK,40.64,-73.779,2023-02-03,175,8,13.5,0.375,100.5,2.6666666666666665,96.0,96.0,9.0,0.0,3,1,0.3333333333333333,0,0.0,2,2,1.0,416.955,427.594541651317,0.15,17.19,17.19,816.72,1,0.5,1.0,0.0,1.0,0.0,Condor Flugdienst,2,0.5,JFK-SEA,2,0.5,2233.9859371677517,2334.890790821934,0.0,2,291.5,166.170093578839,1,0.5,0.3,122.7,122.7,460.3,8.0,8.48528137423857,1.5,0.7071067811865476,Best Western,2,0.5,False,True,False,False,False,False,False,False,1277.02,139.89,1,3,3,2.1999999999999997,1111.5197977103478,3,3064.1435541062974,True,416.955
4396,571200,1976-11-09,46.0,F,False,False,canada,halifax,YAW,44.64,-63.499,2023-02-03,175,9,16.77777777777778,0.5555555555555556,125.66666666666667,1.8,29.0,29.0,8.2,0.0,5,4,0.8,0,0.0,4,4,1.0,421.2375,233.3352804264,0.225,60.597,121.194,1563.756,2,0.5,1.0,0.0,1.0,1.1547005383792515,Delta Air Lines,4,0.25,YAW-FTW,4,0.25,2452.134178947179,1230.3337847632383,0.0,5,114.0,58.40804739074916,0,0.0,0.0,0.0,0.0,570.0,3.6,2.3021728866442674,1.0,0.0,Accor,5,0.2,False,True,False,False,False,False,False,True,2133.756,121.194,3,5,4,3.85,1114.334327175725,3,3071.9024103470438,False,421.2375
4399,571243,1977-06-09,46.0,F,False,True,usa,portland,PDX,45.589,-122.597,2023-02-03,175,9,30.0,0.3333333333333333,707.8117827777778,3.0,104.0,104.0,8.0,10.0,2,1,0.5,1,0.5,2,2,1.0,445.81,0.0,0.05,0.0,0.0,445.81,1,0.5,1.0,0.0,1.0,0.0,American Airlines,2,0.5,PDX-SFO,2,0.5,2613.8145178397554,1221.456104826126,0.0,1,0.0,0.0,1,1.0,0.15,0.0,0.0,0.0,3.0,0.0,1.0,0.0,Starwood,1,1.0,False,False,False,False,True,True,True,True,445.81,0.0,1,2,1,1.25,582.050368456152,1,1604.547114989736,True,445.81
4404,571429,1982-05-22,41.0,F,True,True,usa,new york,LGA,40.777,-73.872,2023-02-03,175,9,13.333333333333334,0.2222222222222222,98.77777777777777,1.5,7.0,152.0,7.5,0.0,2,2,1.0,0,0.0,2,2,1.0,450.82,331.392664070887,0.0,0.0,0.0,901.64,0,0.0,1.0,0.0,1.0,0.0,AirTran Airways,2,0.5,LGA-LAX,2,0.5,2564.674937387049,1980.9225010042185,0.0,2,363.0,35.35533905932738,1,0.5,0.1,33.8,33.8,692.2,2.0,0.0,1.0,0.0,Extended Stay,2,0.5,False,True,False,False,True,False,False,False,1593.84,33.8,5,2,4,3.9,2080.920480160053,5,5736.505178787467,True,450.82
4414,571637,1983-04-07,40.0,F,False,True,usa,seattle,BFI,47.53,-122.302,2023-02-04,174,8,13.875,0.375,102.0,1.3333333333333333,24.0,118.0,8.333333333333334,0.0,3,1,0.3333333333333333,0,0.0,2,2,1.0,593.585,106.51149445012966,0.0,0.0,0.0,1187.17,0,0.0,1.0,0.0,1.0,0.0,AirTran Airways,2,0.5,BFI-DAL,2,0.5,3286.5844920392256,846.2916387883752,0.0,2,96.0,22.627416997969522,0,0.0,0.0,0.0,0.0,192.0,9.0,7.0710678118654755,1.0,0.0,Four Seasons,2,0.5,False,True,False,False,True,False,False,True,1379.17,0.0,4,3,3,3.4,1200.4312848727354,3,3309.24720483374,True,593.585
4415,571639,1983-02-24,40.0,F,True,True,usa,san francisco,SFO,37.619,-122.375,2023-02-04,174,9,11.11111111111111,0.2222222222222222,80.55555555555556,3.0,90.0,90.0,5.0,0.0,2,1,0.5,0,0.0,2,2,1.0,440.845,180.305158134758,0.0,0.0,0.0,881.69,0,0.0,1.0,0.0,1.0,0.0,American Airlines,2,0.5,SFO-CMH,2,0.5,2520.9188483094235,1247.9992873448887,0.0,1,63.0,0.0,0,0.0,0.0,0.0,0.0,63.0,3.0,0.0,1.0,0.0,Aman Resorts,1,1.0,False,True,False,False,True,False,True,True,944.69,0.0,1,2,2,1.6,1233.3890280093365,3,3400.1023172644263,False,440.845
4434,572489,1978-10-04,44.0,F,True,True,usa,los angeles,LAX,33.942,-118.408,2023-02-04,174,8,34.5,0.5,970.875,1.3333333333333333,5.0,48.0,69.0,153.0,3,0,0.0,1,0.3333333333333333,2,2,1.0,363.73,0.0,0.35,127.3055,127.3055,236.4245,2,1.0,3.0,2.1213203435596424,1.5,2.1213203435596424,Singapore Airlines,2,0.5,LAX-IST,2,0.5,1942.110291915344,6429.304882528544,0.0,1,142.0,0.0,0,0.0,0.0,0.0,0.0,142.0,7.0,0.0,2.0,0.0,Accor,1,1.0,False,False,False,False,False,False,True,True,378.4245,127.3055,5,3,1,3.1,329.38115588529513,1,908.0100487000194,False,121.24333333333334
4435,572502,1966-02-08,57.0,F,True,False,usa,fresno,FAT,36.776,-119.718,2023-02-04,174,8,21.25,0.375,158.5,1.6,39.0,39.0,9.333333333333334,0.0,3,2,0.6666666666666666,0,0.0,2,2,1.0,407.585,454.294893708921,0.0,0.0,0.0,815.17,0,0.0,1.0,0.0,1.0,0.0,United Airlines,1,1.0,FAT-NZY,2,0.5,2223.329682500959,2426.247464699617,0.0,3,170.0,80.54191455385202,0,0.0,0.0,0.0,0.0,510.0,2.3333333333333335,0.5773502691896257,1.3333333333333333,0.5773502691896257,Aman Resorts,3,0.3333333333333333,False,True,False,False,True,False,False,True,1325.17,0.0,3,3,3,3.0,1153.4296176503278,3,3179.6769929954444,False,407.585
4440,572591,1981-05-05,42.0,F,True,False,usa,wichita,ICT,37.65,-97.433,2023-02-04,174,8,14.5,0.25,106.75,2.0,80.0,80.0,8.0,0.0,2,2,1.0,0,0.0,2,2,1.0,428.9,349.183470685541,0.0,0.0,0.0,857.8,0,0.0,2.0,0.0,1.0,1.414213562373095,Delta Air Lines,2,0.5,ICT-DAL,2,0.5,1298.5015134168661,1077.3993907338893,0.0,2,368.5,133.643181644257,0,0.0,0.0,0.0,0.0,737.0,4.0,1.414213562373095,2.0,0.0,Banyan Tree,2,0.5,False,True,False,False,True,False,False,True,1594.8,0.0,1,2,4,2.3,2082.173857952651,5,5739.960384436489,False,214.45
4444,572728,1968-03-06,55.0,F,False,True,usa,jacksonville,LRF,34.918,-92.146,2023-02-04,174,7,18.857142857142858,0.5714285714285714,139.71428571428572,2.3333333333333335,94.0,94.0,48.0,0.0,4,2,0.5,0,0.0,3,3,1.0,410.11,245.076323417828,0.0,0.0,0.0,1230.33,0,0.0,1.3333333333333333,0.5773502691896257,1.0,1.0,Delta Air Lines,2,0.6666666666666666,LRF-LAX,3,0.3333333333333333,1655.5030240179992,789.0791452181566,0.0,3,229.33333333333334,27.31910198621714,0,0.0,0.0,0.0,0.0,688.0,3.6666666666666665,1.5275252316519468,1.3333333333333333,0.5773502691896257,Conrad,3,0.3333333333333333,False,True,False,False,True,False,False,True,1918.33,0.0,1,4,4,2.8,1252.287615038346,3,3452.200339941074,True,307.58250000000004
4453,573011,1981-05-14,42.0,F,True,False,usa,san antonio,SKF,29.384,-98.581,2023-02-04,174,8,13.25,0.5,97.75,1.3333333333333333,10.0,10.0,10.25,0.0,4,2,0.5,0,0.0,2,2,1.0,1073.695,286.97928714456,0.0,0.0,0.0,2147.39,0,0.0,2.5,0.7071067811865476,1.0,0.0,American Airlines,2,0.5,SKF-PHL,2,0.5,2362.458146110291,85.06488641751999,0.0,4,174.0,63.314032146647136,0,0.0,0.0,0.0,0.0,696.0,6.25,5.315072906367325,2.25,0.5,Best Western,4,0.25,False,True,False,False,True,False,False,True,2843.39,0.0,5,4,5,4.75,1856.1676467155717,5,5116.925619984596,False,429.47799999999995
4455,573086,1979-03-27,44.0,F,False,True,usa,new york,LGA,40.777,-73.872,2023-02-04,174,8,33.75,0.5,787.552429625,1.6,34.0,34.0,7.666666666666667,0.0,3,2,0.6666666666666666,1,0.3333333333333333,2,2,1.0,292.425,179.612193489195,0.1,16.542,16.542,568.308,1,0.5,1.0,0.0,1.0,1.414213562373095,JetBlue Airways,2,0.5,LGA-CLT,2,0.5,1582.0739139421917,1000.0332319447893,0.0,3,181.5,113.84419177103415,1,0.3333333333333333,0.05,0.0,0.0,363.0,6.0,1.7320508075688772,1.0,0.0,Wyndham,3,0.3333333333333333,False,False,False,False,False,False,False,True,931.308,16.542,3,3,2,2.6500000000000004,810.6116425475158,2,2234.6254601240603,False,292.425
4457,573147,1982-01-13,41.0,F,True,False,usa,chicago,ORD,41.979,-87.904,2023-02-04,174,8,19.5,0.5,146.25,1.3333333333333333,8.0,8.0,6.25,0.0,4,3,0.75,0,0.0,3,3,1.0,276.8933333333333,178.525523478671,0.0,0.0,0.0,830.68,0,0.0,1.0,0.0,1.3333333333333333,0.5773502691896257,JetBlue Airways,2,0.6666666666666666,ORD-FAT,3,0.3333333333333333,1563.7566907180517,1076.7984714573101,0.0,4,156.5,69.63954815093696,0,0.0,0.0,0.0,0.0,626.0,4.0,2.581988897471611,1.0,0.0,Radisson,4,0.25,False,True,False,False,True,False,False,True,1456.68,0.0,5,4,3,4.05,950.9220640213405,2,2621.421335841781,False,276.8933333333333
4459,573189,1972-08-06,50.0,F,True,False,usa,santa ana,SNA,33.676,-117.868,2023-02-04,174,8,24.5,0.5,182.5,2.0,87.0,87.0,7.0,0.0,4,4,1.0,0,0.0,4,4,1.0,618.055,69.26569015994379,0.0,0.0,0.0,2472.22,0,0.0,1.0,0.0,1.0,0.0,Air Canada,4,0.25,SNA-LGA,4,0.25,3523.83977780436,314.2002585022326,0.0,4,164.0,107.731146842499,0,0.0,0.0,0.0,0.0,656.0,4.5,4.509249752822894,1.0,0.0,Four Seasons,3,0.5,False,True,False,False,True,False,False,True,3128.22,0.0,1,4,5,3.15,2042.1049366455484,5,5629.501778844342,False,618.055
4460,573191,1986-02-21,37.0,M,False,False,usa,cleveland,CLE,41.412,-81.85,2023-02-04,174,8,37.875,0.5,995.75,1.6,42.0,89.0,61.0,122.0,3,3,1.0,1,0.3333333333333333,3,3,1.0,136.01,18.75247183706724,0.2,20.4015,40.803,231.217,3,1.0,2.0,1.1547005383792515,1.0,1.0,Brussels Airlines,3,0.3333333333333333,CLE-BRU,3,0.3333333333333333,750.5040411020702,3231.882091742609,0.0,3,336.0,147.078210486802,2,0.6666666666666666,0.15,34.8,34.8,637.2,7.0,5.196152422706632,1.3333333333333333,0.5773502691896257,Radisson,3,0.3333333333333333,False,False,False,False,False,False,False,False,868.417,75.603,2,3,2,2.25,755.8712378570634,2,2083.7217528514266,False,68.005
4471,573427,1969-01-14,54.0,F,True,False,usa,winston-salem,INT,36.134,-80.222,2023-02-04,174,8,15.75,0.5,117.25,1.6,28.0,28.0,7.5,0.0,4,2,0.5,0,0.0,3,3,1.0,433.1,166.931510506555,0.1,44.468,44.468,1254.832,1,0.3333333333333333,1.3333333333333333,0.5773502691896257,1.3333333333333333,1.1547005383792515,AirTran Airways,3,0.3333333333333333,INT-JFK,3,0.3333333333333333,2383.7132675232933,1437.2674020056404,0.0,3,152.66666666666666,34.07834111768549,1,0.3333333333333333,0.05,6.6,6.6,451.4,6.666666666666667,7.234178138070235,1.0,0.0,Accor,3,0.3333333333333333,False,True,False,False,False,False,False,False,1706.232,51.068,3,4,4,3.6,1113.8298426142046,3,3070.511690073313,False,324.82500000000005
4489,573931,2006-10-25,16.0,F,False,False,canada,toronto,YZD,43.742,-79.466,2023-02-05,173,8,20.0,0.375,149.75,1.6,32.0,77.0,7.333333333333333,0.0,3,3,1.0,0,0.0,3,2,0.6666666666666666,558.2733333333333,628.298182182102,0.0,0.0,0.0,1674.82,0,0.0,1.3333333333333333,0.5773502691896257,1.0,1.0,Alaska Airlines,3,0.3333333333333333,YZD-LSQ,3,0.3333333333333333,2515.1717820520635,1697.9149525401926,0.0,3,193.66666666666666,73.35757175188758,2,0.6666666666666666,0.05,9.05,18.1,562.9,3.0,1.0,1.3333333333333333,0.5773502691896257,NH Hotel,3,0.3333333333333333,False,True,False,False,True,False,False,False,2237.72,18.1,3,3,5,3.7,1947.714273646771,5,5369.293600644269,False,418.705
4490,573939,1972-05-27,51.0,F,True,False,usa,chicago,MDW,41.786,-87.752,2023-02-05,173,8,12.375,0.5,93.375,1.3333333333333333,23.0,23.0,4.75,0.0,4,2,0.5,0,0.0,2,2,1.0,455.36,74.41591765207227,0.0,0.0,0.0,910.72,0,0.0,1.0,0.0,1.0,0.0,Air New Zealand,2,0.5,MDW-PHX,2,0.5,2660.5902892361273,448.1812192277308,0.0,4,127.25,33.59935515254224,0,0.0,0.0,0.0,0.0,509.0,6.5,1.9148542155126762,1.25,0.5,Hilton,4,0.25,False,True,False,False,True,False,False,True,1419.72,0.0,4,4,3,3.65,926.7945415138379,2,2554.9086270981225,False,455.36
4500,574279,1976-05-17,47.0,F,True,False,usa,new orleans,NBG,29.825,-90.035,2023-02-05,173,9,15.444444444444445,0.3333333333333333,116.55555555555556,1.5,14.0,42.0,8.0,0.0,3,2,0.6666666666666666,0,0.0,2,2,1.0,226.285,167.944931599617,0.1,10.753,10.753,441.817,1,0.5,1.0,0.0,1.5,0.7071067811865476,Delta Air Lines,1,1.0,NBG-MEM,2,0.5,1201.6346185942666,878.9410655393788,0.0,3,166.33333333333334,156.730128990355,1,0.3333333333333333,0.1,11.2,11.2,487.8,3.6666666666666665,2.8867513459481287,1.0,0.0,Accor,3,0.3333333333333333,False,True,False,False,False,False,False,False,929.617,21.953,5,3,2,3.45,809.1397940424584,2,2230.5679929348275,False,226.285
4504,574440,1974-05-24,49.0,F,True,True,usa,san francisco,SFO,37.619,-122.375,2023-02-05,173,8,13.75,0.25,102.75,1.6,37.0,108.0,9.0,0.0,2,2,1.0,0,0.0,2,2,1.0,566.625,74.29570949927054,0.0,0.0,0.0,1133.25,0,0.0,1.0,0.0,1.0,0.0,AirTran Airways,2,0.5,SFO-BNA,2,0.5,2911.109419557105,352.83241923312306,0.0,2,266.5,123.743686707646,0,0.0,0.0,0.0,0.0,533.0,4.0,1.414213562373095,1.0,0.0,Banyan Tree,2,0.5,False,True,False,False,True,False,False,True,1666.25,0.0,3,2,4,3.1,2175.459111370457,5,5997.121263209995,True,566.625
4507,574489,1972-03-02,51.0,F,True,True,usa,rochester,ROC,43.119,-77.672,2023-02-05,173,8,13.75,0.25,102.75,1.3333333333333333,25.0,116.0,6.5,0.0,2,2,1.0,0,0.0,2,2,1.0,464.045,174.393745444038,0.0,0.0,0.0,928.09,0,0.0,1.0,0.0,1.0,0.0,AirTran Airways,2,0.5,ROC-LSV,2,0.5,2594.1849618468623,964.2857419430131,0.0,2,244.0,74.95331880577403,0,0.0,0.0,0.0,0.0,488.0,3.0,0.0,1.0,0.0,Choice Hotels,2,0.5,False,True,False,False,True,False,False,True,1416.09,0.0,4,2,3,3.15,1848.8497482494163,5,5096.752257835883,True,464.045
4508,574493,1986-11-23,36.0,F,True,False,usa,indianapolis,IND,39.717,-86.294,2023-02-05,173,9,11.444444444444445,0.3333333333333333,85.77777777777777,1.5,16.0,16.0,7.0,0.0,3,3,1.0,0,0.0,3,3,1.0,151.01,55.30584688800995,0.1,18.948,18.948,434.082,1,0.3333333333333333,1.3333333333333333,0.5773502691896257,1.0,1.0,AirTran Airways,3,0.3333333333333333,IND-FTW,3,0.3333333333333333,819.0260059058337,507.4711832531154,0.0,3,140.33333333333334,41.186567389542596,0,0.0,0.0,0.0,0.0,421.0,4.0,2.6457513110645907,1.3333333333333333,0.5773502691896257,Banyan Tree,3,0.3333333333333333,False,True,False,False,False,False,False,True,855.082,18.948,4,3,2,3.05,744.2644372568634,2,2051.7251088724697,False,113.2575
4514,574840,1985-03-05,38.0,F,False,True,usa,new york,JFK,40.64,-73.779,2023-02-05,173,8,12.125,0.375,90.375,1.6,42.0,119.0,7.333333333333333,0.0,3,2,0.6666666666666666,0,0.0,3,3,1.0,394.05,157.919080861054,0.25,94.5125,94.5125,1087.6375,1,0.3333333333333333,1.0,0.0,1.0,0.0,Southwest Airlines,2,0.6666666666666666,JFK-DAL,3,0.3333333333333333,2278.0307458471902,972.4982270980693,0.0,2,364.0,280.014285349873,0,0.0,0.0,0.0,0.0,728.0,4.5,2.1213203435596424,1.0,0.0,Four Seasons,2,0.5,False,True,False,False,False,False,False,True,1815.6375,94.5125,2,3,4,2.95,1580.3331402134045,4,4356.528435121355,True,394.05
4516,574909,1980-07-06,43.0,F,True,True,usa,orlando,MCO,28.429,-81.316,2023-02-05,173,8,15.5,0.375,116.125,2.6666666666666665,91.0,91.0,7.333333333333333,0.0,3,3,1.0,0,0.0,3,3,1.0,290.1066666666667,27.266140785474818,0.0,0.0,0.0,870.32,0,0.0,1.0,0.0,1.0,0.0,American Airlines,1,1.0,MCO-JFK,3,0.3333333333333333,1587.1688319134628,113.33979234316084,0.0,3,264.0,71.84010022264724,1,0.3333333333333333,0.05,17.2,17.2,774.8,1.6666666666666667,1.1547005383792515,1.0,0.0,Hyatt,3,0.3333333333333333,False,True,False,False,True,False,False,False,1645.12,17.2,1,3,4,2.55,1431.914495943092,4,3947.380498137345,True,290.1066666666667
4527,575433,1967-10-10,55.0,F,True,False,usa,los angeles,LAX,33.942,-118.408,2023-02-05,173,8,20.875,0.375,154.5,1.3333333333333333,8.0,8.0,9.0,0.0,3,2,0.6666666666666666,0,0.0,2,2,1.0,545.165,186.386276452962,0.0,0.0,0.0,1090.33,0,0.0,1.0,0.0,1.0,0.0,Delta Air Lines,1,1.0,LAX-DCA,2,0.5,3155.3402549525376,785.7928040369255,0.0,3,346.3333333333333,130.27023195394,0,0.0,0.0,0.0,0.0,1039.0,3.3333333333333335,1.5275252316519468,1.0,0.0,NH Hotel,2,0.6666666666666666,False,True,False,False,True,False,False,True,2129.33,0.0,5,3,4,4.15,1853.3714827164608,5,5109.2173921044005,False,545.165
4531,575554,1979-06-02,44.0,F,True,False,usa,oklahoma city,OKC,35.393,-97.601,2023-02-05,173,8,53.875,0.375,1111.875,1.6,41.0,145.0,6.5,2.0,2,0,0.0,1,0.5,2,2,1.0,262.04,0.0,0.1,0.0,0.0,262.04,1,0.5,1.0,0.0,1.0,1.414213562373095,Delta Air Lines,1,1.0,OKC-LGA,2,0.5,1369.5082228517547,558.5094376730636,0.0,0,0.0,0.0,0,0.0,0.0,0.0,0.0,0.0,0.0,0.0,0.0,0.0,MISSING,0,0.0,False,False,False,False,True,True,False,True,262.04,0.0,2,2,1,1.65,342.1199133044348,1,943.1271752807485,True,262.04
4532,575561,1978-05-16,45.0,F,True,False,usa,el paso,BIF,31.849,-106.38,2023-02-05,173,8,13.5,0.375,100.375,1.6,30.0,93.0,8.0,0.0,3,3,1.0,0,0.0,3,3,1.0,293.32666666666665,209.03486607103,0.0,0.0,0.0,879.98,0,0.0,1.0,0.0,1.0,1.0,Delta Air Lines,3,0.3333333333333333,BIF-FTW,3,0.3333333333333333,1646.2126864773875,1229.1837517465863,0.0,3,156.66666666666666,73.38483040338332,0,0.0,0.0,0.0,0.0,470.0,2.6666666666666665,1.5275252316519468,1.0,0.0,Aman Resorts,3,0.3333333333333333,False,True,False,False,True,False,False,True,1349.98,0.0,3,3,3,3.0,1175.0242725352896,3,3239.2073069900393,True,293.32666666666665
4536,575711,1975-04-04,48.0,F,True,True,usa,santa ana,SNA,33.676,-117.868,2023-02-06,172,9,20.555555555555557,0.3333333333333333,154.22222222222223,1.5,9.0,9.0,7.0,0.0,3,2,0.6666666666666666,0,0.0,2,2,1.0,525.755,239.984970466902,0.0,0.0,0.0,1051.51,0,0.0,1.0,0.0,1.0,0.0,American Airlines,2,0.5,SNA-DAL,2,0.5,2946.870898003008,1405.7578701513214,0.0,3,136.66666666666666,71.0234702991436,0,0.0,0.0,0.0,0.0,410.0,10.0,3.0,1.0,0.0,Aman Resorts,3,0.3333333333333333,False,True,False,False,True,False,False,True,1461.51,0.0,5,3,3,3.8,1272.1001233744582,3,3506.817783403467,False,525.755
4542,575868,1957-10-13,65.0,F,True,False,usa,dallas,DAL,32.847,-96.852,2023-02-06,172,8,12.375,0.25,92.25,2.6666666666666665,94.0,94.0,6.5,0.0,2,1,0.5,0,0.0,2,2,1.0,423.26,21.29805624933881,0.0,0.0,0.0,846.52,0,0.0,1.0,0.0,1.0,0.0,Finnair,2,0.5,DAL-BOS,2,0.5,2360.0332567900095,194.5237573635851,0.0,1,102.0,0.0,1,1.0,0.15,15.3,15.3,86.7,2.0,0.0,1.0,0.0,Crowne Plaza,1,1.0,False,True,False,False,True,False,True,False,933.22,15.3,1,2,2,1.6,1218.4137745915305,3,3358.8198081037244,True,423.26
4558,576373,1976-02-03,47.0,F,False,False,canada,halifax,YHZ,44.881,-63.509,2023-02-06,172,8,13.625,0.5,101.625,1.6,32.0,54.0,7.75,0.0,4,2,0.5,0,0.0,2,2,1.0,555.305,207.203500091094,0.15,61.3185,61.3185,1049.2915,1,0.5,1.5,0.7071067811865476,1.0,0.0,American Airlines,2,0.5,YHZ-LOU,2,0.5,2115.322869108084,193.5720644881264,0.0,4,134.0,108.729020964966,0,0.0,0.0,0.0,0.0,536.0,6.5,3.6968455021364726,1.25,0.5,Banyan Tree,4,0.25,False,True,False,False,False,False,False,True,1585.2915,61.3185,3,4,4,3.6,1034.8797712987662,2,2852.8688261173493,False,370.2033333333333
4559,576541,1978-12-21,44.0,F,True,True,usa,houston,IAH,29.98,-95.34,2023-02-06,172,8,14.25,0.375,106.75,1.6,38.0,38.0,80.66666666666667,0.0,3,2,0.6666666666666666,0,0.0,3,3,1.0,464.99,474.920577254766,0.3999999999999999,15.287999999999997,15.287999999999997,1379.682,1,0.3333333333333333,2.0,1.7320508075688772,1.3333333333333333,1.5275252316519468,Air France,3,0.3333333333333333,IAH-AUS,3,0.3333333333333333,1306.4515306135766,1006.0609489454815,0.0,2,168.0,72.12489168102785,0,0.0,0.0,0.0,0.0,336.0,2.0,0.0,1.0,0.0,Best Western,2,0.5,False,True,False,False,False,False,False,True,1715.682,15.287999999999997,3,3,4,3.35,1493.3317485828609,4,4116.690373836119,False,232.495
4570,576849,1985-10-27,37.0,F,True,False,usa,houston,EFD,29.607,-95.159,2023-02-06,172,8,61.25,0.625,1168.625,1.6,28.0,94.0,7.5,4.0,4,2,0.5,1,0.25,2,2,1.0,427.855,69.57223620094442,0.0,0.0,0.0,855.71,0,0.0,1.0,0.0,1.0,0.0,Delta Air Lines,1,1.0,EFD-YHU,2,0.5,2352.1253684722033,339.6767360282324,0.0,4,196.0,56.04462507680821,1,0.25,0.0,0.0,0.0,588.0,6.75,6.3966136874651625,1.0,0.0,Best Western,4,0.25,False,False,False,False,True,False,False,True,1443.71,0.0,3,4,3,3.25,942.4552359119707,2,2598.080701848133,True,427.855
4583,577145,1981-02-02,42.0,F,False,False,usa,wichita,IAB,37.623,-97.267,2023-02-06,172,9,28.555555555555557,0.6666666666666666,211.33333333333334,1.5,8.0,8.0,10.666666666666666,0.0,6,3,0.5,0,0.0,4,4,1.0,385.7775,202.249623382426,0.1,15.521,15.521,1527.589,1,0.25,1.75,0.9574271077563381,1.5,1.7320508075688772,American Airlines,4,0.25,IAB-BWI,4,0.25,1367.5553249853951,657.4909129786114,0.0,5,126.2,55.83189052862172,0,0.0,0.0,0.0,0.0,631.0,4.6,3.7815340802378072,1.8,0.8366600265340756,Fairmont,4,0.4,False,True,False,False,False,False,False,True,2158.589,15.521,5,5,4,4.65,939.4192763699011,2,2589.711425942726,False,220.4442857142857
4587,577216,1977-01-27,46.0,F,True,True,usa,tucson,TUS,32.116,-110.941,2023-02-06,172,8,20.0,0.5,149.125,1.3333333333333333,20.0,20.0,9.25,0.0,4,2,0.5,0,0.0,2,2,1.0,313.86,268.700576850888,0.0,0.0,0.0,627.72,0,0.0,1.0,0.0,1.0,0.0,American Airlines,2,0.5,TUS-DTW,2,0.5,1716.1318763930506,1401.7919029895686,0.0,4,264.25,141.874063873564,2,0.5,0.175,52.75,105.5,951.5,3.25,1.707825127659933,1.0,0.0,Conrad,4,0.25,False,True,False,False,True,False,False,False,1579.22,105.5,4,4,4,4.0,1030.9162904301434,2,2841.942638045458,False,313.86
4588,577225,1977-10-24,45.0,F,True,False,usa,amarillo,AMA,35.219,-101.706,2023-02-06,172,8,18.625,0.25,137.875,1.6,30.0,30.0,9.0,0.0,2,2,1.0,0,0.0,2,2,1.0,348.695,220.185980593679,0.0,0.0,0.0,697.39,0,0.0,1.5,0.7071067811865476,1.5,0.7071067811865476,Delta Air Lines,2,0.5,AMA-MEM,2,0.5,1240.2300725646496,246.11835278593938,0.0,2,210.0,182.433549546129,0,0.0,0.0,0.0,0.0,420.0,3.0,1.414213562373095,1.5,0.7071067811865476,Four Seasons,2,0.5,False,True,False,False,True,False,False,True,1117.39,0.0,3,2,3,2.75,1458.8664704901635,4,4021.679416833138,False,232.46333333333334
4594,577410,1988-06-17,35.0,F,True,True,usa,milwaukee,MKE,42.947,-87.896,2023-02-06,172,7,13.857142857142858,0.5714285714285714,102.71428571428571,1.1666666666666667,24.0,24.0,6.0,0.0,4,2,0.5,0,0.0,2,2,1.0,185.015,20.880863248438747,0.0,0.0,0.0,370.03,0,0.0,1.0,0.0,1.0,1.414213562373095,Allegiant Air,2,0.5,MKE-JFK,2,0.5,1152.322809222314,62.553876434111906,0.0,4,93.5,30.315012782448235,1,0.25,0.15,14.55,14.55,359.45,4.75,2.217355782608345,1.25,0.5,Radisson,4,0.25,False,True,False,False,True,False,False,False,729.48,14.55,4,4,2,3.3,476.205225075025,1,1312.7621962749968,False,185.015
4596,577539,1990-01-28,33.0,F,False,True,usa,new york,JFK,40.64,-73.779,2023-02-06,172,8,11.375,0.25,84.25,1.3333333333333333,19.0,19.0,7.5,0.0,2,2,1.0,0,0.0,2,2,1.0,140.955,51.49858687381626,0.0,0.0,0.0,281.91,0,0.0,1.0,0.0,1.0,0.0,Air Canada,2,0.5,JFK-DET,2,0.5,687.879229173742,148.3657155007871,0.0,2,513.5,239.70919882224,0,0.0,0.0,0.0,0.0,1027.0,2.0,0.0,1.0,0.0,Crowne Plaza,2,0.5,False,True,False,False,True,False,False,True,1308.91,0.0,4,2,3,3.15,1708.9153401133713,4,4710.99294381287,False,140.955
4608,577915,1979-02-26,44.0,M,True,False,usa,chicago,UGN,42.422,-87.868,2023-02-06,172,8,17.625,0.5,131.0,1.3333333333333333,7.0,7.0,7.75,0.0,4,4,1.0,0,0.0,4,4,1.0,329.5275,192.291614720109,0.15,18.2385,18.2385,1299.8715,1,0.25,1.0,0.0,1.0,0.0,American Airlines,2,0.75,UGN-LAX,3,0.5,1880.2643612401607,1094.5350682908065,0.0,4,190.75,109.219580051686,0,0.0,0.0,0.0,0.0,763.0,5.25,4.7871355387816905,1.0,0.0,Best Western,4,0.25,False,True,False,False,False,False,False,True,2062.8715,18.2385,5,4,4,4.4,1346.6444411887296,4,3712.3152395858656,False,329.5275
4615,578120,1964-03-23,59.0,F,True,False,usa,las vegas,LSV,36.236,-115.034,2023-02-07,171,8,12.875,0.375,94.375,1.3333333333333333,13.0,29.0,12.333333333333334,0.0,3,2,0.6666666666666666,0,0.0,2,2,1.0,512.4,229.456150495035,0.0,0.0,0.0,1024.8,0,0.0,1.0,0.0,1.0,0.0,JetBlue Airways,2,0.5,LSV-EFD,2,0.5,2792.3307989064306,1132.6402443307995,0.0,3,151.0,41.58124577258358,0,0.0,0.0,0.0,0.0,453.0,3.6666666666666665,1.1547005383792515,1.0,0.0,Crowne Plaza,3,0.3333333333333333,False,True,False,False,True,False,False,True,1477.8,0.0,5,3,3,3.8,1286.2789596532177,3,3545.904797308019,False,512.4
4619,578488,1972-03-28,51.0,F,False,False,usa,chicago,ORD,41.979,-87.904,2023-02-07,171,8,12.875,0.25,97.375,1.6,46.0,133.0,6.5,0.0,2,2,1.0,0,0.0,2,1,0.5,95.01,42.45469114244031,0.25,31.2575,31.2575,158.7625,1,0.5,1.0,0.0,1.0,0.0,United Airlines,1,1.0,ORD-YZD,1,1.0,725.3717322459502,0.0,0.0,2,168.5,154.856385079854,0,0.0,0.0,0.0,0.0,337.0,1.5,0.7071067811865476,1.0,0.0,Best Western,2,0.5,False,True,False,False,False,False,False,True,495.7625,31.2575,2,2,1,1.65,647.2684457319106,1,1784.3347818467485,True,95.01
4620,578503,1973-07-14,50.0,F,True,False,usa,louisville,LOU,38.228,-85.664,2023-02-07,171,8,13.125,0.375,99.375,1.6,28.0,88.0,7.0,0.0,3,2,0.6666666666666666,0,0.0,2,2,1.0,153.35,81.472843328314,0.0,0.0,0.0,306.7,0,0.0,1.0,0.0,1.0,0.0,American Airlines,2,0.5,LOU-CLT,2,0.5,917.4750848742335,536.9411586083506,0.0,3,124.66666666666667,108.306663383807,1,0.3333333333333333,0.1,8.6,8.6,365.4,4.666666666666667,1.1547005383792515,1.0,0.0,Four Seasons,3,0.3333333333333333,False,True,False,False,True,False,False,False,672.1,8.6,3,3,2,2.6500000000000004,584.9966766700011,1,1612.6692477133033,False,153.35
4630,578938,1977-12-24,45.0,F,True,False,usa,new york,JFK,40.64,-73.779,2023-02-07,171,8,15.75,0.625,117.875,1.6,35.0,98.0,7.6,0.0,5,3,0.6,0,0.0,4,4,1.0,486.5925,294.545144290311,0.0,0.0,0.0,1946.37,0,0.0,1.0,0.0,1.25,0.5,American Airlines,2,0.75,JFK-BOS,4,0.25,2922.733889104099,1762.3447446090472,0.0,4,207.0,70.743668739094,1,0.25,0.05,10.05,10.05,817.95,5.0,2.160246899469287,1.0,0.0,Aman Resorts,4,0.25,False,True,False,False,True,False,False,False,2764.32,10.05,3,5,5,4.2,1443.640541513838,4,3979.705866542632,True,486.5925
4639,579323,1995-09-10,27.0,F,False,True,usa,new york,JFK,40.64,-73.779,2023-02-07,171,8,17.75,0.375,132.375,1.3333333333333333,9.0,9.0,12.0,0.0,3,3,1.0,0,0.0,3,3,1.0,321.22333333333336,191.031510577008,0.0,0.0,0.0,963.67,0,0.0,1.0,0.0,1.0,0.0,United Airlines,2,0.6666666666666666,JFK-FTW,3,0.3333333333333333,1794.8638502897304,1058.2231325288476,0.0,3,165.66666666666666,99.16820727094613,1,0.3333333333333333,0.1,11.4,11.4,485.6,2.6666666666666665,0.5773502691896257,1.0,0.0,Choice Hotels,3,0.3333333333333333,False,True,False,False,True,False,False,False,1449.27,11.4,5,3,3,3.8,1261.446412137379,3,3477.448535386786,False,321.22333333333336
4642,579547,1978-04-09,45.0,F,True,False,usa,columbus,LCK,39.814,-82.928,2023-02-07,171,8,15.875,0.375,119.5,1.3333333333333333,26.0,127.0,7.333333333333333,0.0,3,2,0.6666666666666666,0,0.0,3,3,1.0,510.54,569.778146562326,0.0,0.0,0.0,1531.62,0,0.0,1.3333333333333333,0.5773502691896257,1.0,0.0,United Airlines,2,0.6666666666666666,LCK-MKE,3,0.3333333333333333,1887.0328483160367,1387.9994029898385,0.0,2,115.5,77.07463914933368,0,0.0,0.0,0.0,0.0,231.0,5.0,1.414213562373095,1.5,0.7071067811865476,Radisson,2,0.5,False,True,False,False,True,False,False,True,1762.62,0.0,4,3,4,3.75,1534.1866422140713,4,4229.315681304006,True,382.90500000000003
4648,579804,1968-10-26,54.0,F,True,False,usa,baton rouge,BTR,30.533,-91.149,2023-02-07,171,8,12.25,0.375,92.25,1.3333333333333333,17.0,17.0,6.333333333333333,0.0,3,2,0.6666666666666666,0,0.0,2,1,0.5,152.025,63.3072701196316,0.0,0.0,0.0,304.05,0,0.0,1.0,0.0,1.0,0.0,American Airlines,2,0.5,BTR-CLT,2,0.5,1098.6207366376095,19.05974383879664,0.0,3,264.6666666666667,265.951750009909,1,0.3333333333333333,0.15,25.5,25.5,768.5,4.666666666666667,4.618802153517006,1.0,0.0,Wyndham,2,0.6666666666666666,False,True,False,False,True,False,False,False,1072.55,25.5,4,3,3,3.4,933.5488551739468,2,2573.528346428959,False,152.025
4658,580402,1982-10-12,40.0,F,False,False,usa,las vegas,LAS,36.08,-115.152,2023-02-08,170,8,20.125,0.625,147.375,1.3333333333333333,12.0,12.0,8.6,0.0,5,3,0.6,0,0.0,4,4,1.0,500.515,421.979944981591,0.0,0.0,0.0,2002.06,0,0.0,1.25,0.5,1.0,0.0,American Airlines,3,0.5,LAS-BWI,4,0.25,1954.5210251545454,1307.0914623362505,0.0,4,124.75,93.84517391249625,0,0.0,0.0,0.0,0.0,499.0,5.0,3.559026084010437,1.25,0.5,Conrad,4,0.25,False,True,False,False,True,False,False,True,2501.06,0.0,5,5,5,5.0,1306.1554424808269,3,3600.698600225414,False,400.412
4676,581120,1982-12-21,40.0,F,False,False,canada,quebec,YQB,46.788,-71.398,2023-02-08,170,8,50.875,0.5,1103.0,1.6,49.0,75.0,6.333333333333333,5.0,3,3,1.0,1,0.3333333333333333,3,3,1.0,469.21,71.4177848998413,0.0,0.0,0.0,938.42,1,0.3333333333333333,1.0,0.0,1.0,0.0,American Airlines,3,0.3333333333333333,YQB-BNA,3,0.3333333333333333,2668.8485791798485,539.8939581130028,0.0,3,95.0,15.556349186104045,1,0.3333333333333333,0.0,0.0,0.0,190.0,2.3333333333333335,2.309401076758503,1.0,0.0,Choice Hotels,2,0.6666666666666666,False,False,False,False,True,False,False,True,1128.42,0.0,2,3,3,2.5999999999999996,982.1781727242414,2,2707.5855267142474,False,469.21
4677,581239,1987-09-15,35.0,M,False,True,usa,chicago,UGN,42.422,-87.868,2023-02-08,170,8,13.0,0.25,96.0,1.6,40.0,40.0,7.0,0.0,2,1,0.5,0,0.0,2,2,1.0,266.145,31.982439713067546,0.0,0.0,0.0,532.29,0,0.0,1.0,0.0,1.0,0.0,Delta Air Lines,2,0.5,UGN-FTW,2,0.5,1460.659282095608,150.4841124046432,0.0,1,45.0,0.0,0,0.0,0.0,0.0,0.0,45.0,6.0,0.0,1.0,0.0,Hyatt,1,1.0,False,True,False,False,True,False,True,True,577.29,0.0,3,2,1,2.0500000000000003,753.7109019673223,2,2077.7663220035993,False,266.145
4680,581343,1999-01-04,24.0,F,False,False,canada,halifax,YAW,44.64,-63.499,2023-02-08,170,8,38.625,0.375,1009.25,2.0,85.0,119.0,116.0,191.0,2,2,1.0,1,0.5,2,2,1.0,878.09,0.0,0.0,0.0,0.0,878.09,1,0.5,1.6666666666666667,0.7071067811865476,1.0,0.0,Southwest Airlines,2,0.5,YAW-HOU,2,0.5,4863.6582469602445,1150.5140848517287,1.0,2,308.0,0.0,1,0.5,0.0,0.0,0.0,308.0,8.5,6.363961030678928,1.0,0.0,Wyndham,2,0.5,False,False,False,False,True,False,False,True,1186.09,0.0,1,2,3,1.9499999999999997,1548.561318772924,4,4268.942571091218,True,526.854
4685,581412,1976-03-05,47.0,F,False,False,usa,charlotte,CLT,35.214,-80.943,2023-02-08,170,8,16.25,0.25,120.75,1.3333333333333333,24.0,24.0,8.5,0.0,2,2,1.0,0,0.0,2,2,1.0,255.22,50.10558651487876,0.0,0.0,0.0,510.44,0,0.0,1.0,0.0,1.0,0.0,Air Canada,2,0.5,CLT-AUS,2,0.5,1434.1147103165345,318.13799528042193,0.0,2,216.5,127.986327394765,0,0.0,0.0,0.0,0.0,433.0,4.0,0.0,1.0,0.0,Crowne Plaza,2,0.5,False,True,False,False,True,False,False,True,943.44,0.0,4,2,2,2.8,1231.7570256752251,3,3395.6033515755967,False,255.22
4686,581438,1984-02-01,39.0,M,True,False,usa,new york,JFK,40.64,-73.779,2023-02-08,170,8,15.625,0.375,116.5,1.3333333333333333,16.0,16.0,9.333333333333334,0.0,3,3,1.0,0,0.0,3,3,1.0,515.2466666666667,250.427028559885,0.05,35.485,35.485,1510.255,1,0.3333333333333333,2.0,1.7320508075688772,1.0,1.0,American Airlines,3,0.3333333333333333,JFK-BNA,3,0.3333333333333333,2024.8374397690925,1697.734632698881,0.0,3,101.66666666666667,42.015870017569945,0,0.0,0.0,0.0,0.0,305.0,5.666666666666667,3.7859388972001824,2.0,1.7320508075688772,Best Western,3,0.3333333333333333,False,True,False,False,False,False,False,True,1815.255,35.485,4,3,4,3.75,1580.0002117372458,4,4355.610646120834,False,257.62333333333333
4703,582038,1995-01-22,28.0,F,False,False,usa,norfolk,NGU,36.938,-76.289,2023-02-08,170,9,16.444444444444443,0.2222222222222222,123.77777777777777,1.5,11.0,11.0,7.0,0.0,2,2,1.0,0,0.0,2,2,1.0,1186.18,836.464895736815,0.0,0.0,0.0,2372.36,0,0.0,2.0,1.414213562373095,2.5,3.5355339059327378,American Airlines,2,0.5,NGU-PHX,2,0.5,3337.108575827211,80.34686017955698,0.0,2,111.5,78.48885271170677,0,0.0,0.0,0.0,0.0,223.0,4.5,0.7071067811865476,2.0,1.414213562373095,Four Seasons,2,0.5,False,True,False,False,True,False,False,True,2595.36,0.0,5,2,5,4.25,3388.506862287429,5,9341.148472128847,False,593.09
4710,582326,1978-10-08,44.0,F,True,False,usa,baltimore,BWI,39.175,-76.668,2023-02-09,169,7,17.142857142857142,0.42857142857142855,126.42857142857143,1.1666666666666667,16.0,16.0,9.666666666666666,0.0,3,3,1.0,0,0.0,3,3,1.0,251.84333333333333,378.070891809107,0.0,0.0,0.0,755.53,0,0.0,1.0,0.0,1.3333333333333333,0.5773502691896257,American Airlines,3,0.3333333333333333,BWI-DCA,3,0.3333333333333333,1363.603648768734,2068.1438392885048,0.0,3,142.66666666666666,16.502525059315417,0,0.0,0.0,0.0,0.0,428.0,2.6666666666666665,1.5275252316519468,1.0,0.0,Hilton,3,0.3333333333333333,False,True,False,False,True,False,False,True,1183.53,0.0,4,3,3,3.4,1030.1459853284427,2,2839.81912624033,False,251.84333333333333
4712,582343,1988-09-06,34.0,F,False,False,usa,tampa,MCF,27.849,-82.521,2023-02-09,169,8,14.875,0.25,110.625,1.3333333333333333,11.0,11.0,8.0,0.0,2,2,1.0,0,0.0,2,1,0.5,489.575,241.766879555492,0.0,0.0,0.0,979.15,0,0.0,1.0,0.0,1.0,0.0,American Airlines,2,0.5,MCF-FAT,2,0.5,3896.910618713632,407.3342710346453,0.0,2,203.5,101.1162697096763,0,0.0,0.0,0.0,0.0,407.0,2.5,0.7071067811865476,1.0,0.0,Banyan Tree,2,0.5,False,True,False,False,True,False,False,True,1386.15,0.0,5,2,3,3.55,1809.760028342781,5,4988.993031657035,False,489.575
4718,582636,1973-05-01,50.0,F,False,False,usa,omaha,OFF,41.118,-95.913,2023-02-09,169,9,15.666666666666666,0.2222222222222222,116.77777777777777,1.5,23.0,23.0,8.5,0.0,2,2,1.0,0,0.0,2,2,1.0,299.275,3.6557420587344507,0.0,0.0,0.0,598.55,0,0.0,1.0,0.0,1.0,0.0,American Airlines,2,0.5,OFF-NCA,2,0.5,1744.4753795607476,6.929454515371047,0.0,2,255.5,6.363961030678928,0,0.0,0.0,0.0,0.0,511.0,1.5,0.7071067811865476,1.0,0.0,Banyan Tree,2,0.5,False,True,False,False,True,False,False,True,1109.55,0.0,4,2,3,3.15,1448.6305518506167,4,3993.4619040327975,False,299.275
4725,582801,1972-09-15,50.0,F,True,False,usa,milwaukee,MKE,42.947,-87.896,2023-02-09,169,8,21.375,0.5,252.47134425,1.6,45.0,85.0,99.33333333333333,241.0,3,3,1.0,1,0.3333333333333333,3,3,1.0,195.83,86.60643855972835,0.1,25.707,25.707,365.953,2,0.6666666666666666,1.5,0.5773502691896257,1.0,1.0,Delta Air Lines,2,0.6666666666666666,MKE-JFK,3,0.3333333333333333,1046.627167892092,361.2252036467808,0.0,3,167.5,140.714249456123,1,0.3333333333333333,0.05,0.0,0.0,335.0,8.666666666666666,6.658328118479393,1.0,0.0,Best Western,3,0.3333333333333333,False,False,False,False,False,False,False,True,700.953,25.707,2,3,2,2.25,610.1103637879293,1,1681.9005314571984,False,130.55333333333334
4737,583120,1971-04-05,52.0,F,True,True,usa,stockton,SCK,37.894,-121.239,2023-02-09,169,8,35.125,0.375,975.375,1.6,54.0,87.0,116.0,192.0,2,1,0.5,1,0.5,2,2,1.0,796.57,0.0,0.0,0.0,0.0,796.57,1,0.5,2.3333333333333335,1.414213562373095,1.5,0.7071067811865476,United Airlines,2,0.5,SCK-RKE,2,0.5,4047.460001884421,3316.875634551897,0.0,1,191.0,0.0,0,0.0,0.0,0.0,0.0,191.0,4.0,0.0,1.0,0.0,Shangri-La,1,1.0,False,False,False,False,True,False,True,True,987.57,0.0,2,2,2,2.0,1289.373236078693,3,3554.4348362540404,False,341.38714285714286
4741,583200,1983-07-20,40.0,F,True,False,usa,new york,LGA,40.777,-73.872,2023-02-09,169,8,12.875,0.25,97.0,2.6666666666666665,98.0,98.0,8.5,0.0,2,1,0.5,0,0.0,2,2,1.0,556.805,187.715637201593,0.1,68.954,68.954,1044.656,1,0.5,1.0,0.0,1.0,0.0,Alaska Airlines,2,0.5,LGA-AUS,2,0.5,3157.3039994309765,1009.2529951033821,0.0,1,162.0,0.0,0,0.0,0.0,0.0,0.0,162.0,5.0,0.0,1.0,0.0,Crowne Plaza,1,1.0,False,True,False,False,False,False,True,True,1206.656,68.954,1,2,3,1.9499999999999997,1575.4123267755917,4,4342.963153776395,True,556.805
4749,583486,1979-02-04,44.0,F,True,False,usa,houston,HOU,29.645,-95.279,2023-02-09,169,9,18.11111111111111,0.4444444444444444,134.0,1.8,38.0,57.0,7.75,0.0,4,4,1.0,0,0.0,4,4,1.0,602.725,449.868607669691,0.0,0.0,0.0,2410.9,0,0.0,1.5,1.0,1.0,0.0,United Airlines,3,0.5,HOU-LGA,4,0.25,2178.6950538943847,384.57663676766396,0.0,4,156.25,77.85188929413766,0,0.0,0.0,0.0,0.0,625.0,3.25,0.9574271077563381,1.5,1.0,Accor,4,0.25,False,True,False,False,True,False,False,True,3035.9,0.0,3,4,5,3.95,1981.8383544514838,5,5463.363973887239,False,401.81666666666666
4751,583499,1975-06-23,48.0,F,False,False,canada,ottawa,YOW,45.323,-75.669,2023-02-09,169,8,16.875,0.375,124.25,2.0,69.0,84.0,8.666666666666666,0.0,3,3,1.0,0,0.0,3,3,1.0,697.3,405.946670389104,0.05,24.023,24.023,2067.877,1,0.3333333333333333,2.0,1.7320508075688772,1.6666666666666667,2.0816659994661326,Air Canada,3,0.3333333333333333,YOW-EFD,3,0.3333333333333333,2331.5062153846175,608.1983215769641,0.0,3,118.33333333333333,67.98774399355617,2,0.6666666666666666,0.075,12.2,24.4,330.6,3.6666666666666665,1.1547005383792515,2.0,1.7320508075688772,Radisson,2,0.6666666666666666,False,True,False,False,False,False,False,False,2398.477,48.423,1,3,5,2.9,2087.637366566633,5,5755.021721838506,False,348.65
4757,583764,1979-08-21,43.0,F,False,True,usa,honolulu,HNL,21.316,-157.927,2023-02-09,169,8,12.75,0.25,95.5,1.3333333333333333,13.0,13.0,9.5,0.0,2,2,1.0,0,0.0,2,2,1.0,1999.26,1626.670865848405,0.0,0.0,0.0,3998.52,0,0.0,2.5,2.1213203435596424,2.5,2.1213203435596424,Delta Air Lines,2,0.5,HNL-LSQ,2,0.5,4568.843498674356,650.7232272017226,0.5,2,253.0,110.30865786510141,0,0.0,0.0,0.0,0.0,506.0,4.0,2.8284271247461903,2.5,2.1213203435596424,Extended Stay,2,0.5,False,True,False,False,True,False,False,True,4504.52,0.0,5,2,5,4.25,5881.109723241081,5,16212.544739717743,False,799.704
4762,584012,1976-11-28,46.0,F,True,True,usa,milwaukee,MKE,42.947,-87.896,2023-02-09,169,8,12.25,0.25,91.375,1.3333333333333333,25.0,69.0,9.0,0.0,2,2,1.0,0,0.0,2,2,1.0,265.9,139.964716268065,0.0,0.0,0.0,531.8,0,0.0,1.0,0.0,1.0,0.0,JetBlue Airways,2,0.5,MKE-DCA,2,0.5,1617.8708638021335,847.1209074849953,0.0,2,107.0,4.242640687119285,0,0.0,0.0,0.0,0.0,214.0,4.0,0.0,1.0,0.0,InterContinental,2,0.5,False,True,False,False,True,False,False,True,745.8,0.0,4,2,2,2.8,973.717872624208,2,2684.262888583354,False,265.9
4764,584034,1984-12-06,38.0,F,False,False,usa,new york,JFK,40.64,-73.779,2023-02-09,169,8,12.875,0.375,97.125,1.6,34.0,103.0,8.333333333333334,0.0,3,3,1.0,0,0.0,3,3,1.0,377.0733333333333,355.244138211081,0.0,0.0,0.0,1131.22,0,0.0,1.0,0.0,1.0,1.0,American Airlines,3,0.3333333333333333,JFK-SJI,3,0.3333333333333333,2003.0091451065211,1852.1455065720522,0.0,3,239.33333333333334,123.322071557906,1,0.3333333333333333,0.15,57.15,57.15,660.85,2.6666666666666665,0.5773502691896257,1.0,0.0,InterContinental,3,0.3333333333333333,False,True,False,False,True,False,False,False,1792.07,57.15,3,3,4,3.35,1559.8199588751806,4,4299.979435723225,True,377.0733333333333
4775,584530,1981-02-01,42.0,F,True,True,usa,brownsville,BRO,25.907,-97.426,2023-02-10,168,8,20.5,0.5,152.625,1.3333333333333333,21.0,61.0,6.75,0.0,4,4,1.0,0,0.0,4,4,1.0,799.1175,469.649299468941,0.125,108.69675,217.3935,2979.0765,2,0.5,1.5,0.5773502691896257,1.0,0.0,American Airlines,2,0.5,BRO-BFI,3,0.5,2704.962391769709,704.464020256576,0.0,4,128.25,46.11127844681819,1,0.25,0.1,17.9,17.9,495.1,6.25,4.112987559751022,1.5,0.5773502691896257,Best Western,4,0.25,False,True,False,False,False,False,False,False,3474.1765,235.2935,4,4,5,4.35,2267.9456628459484,5,6252.0803481753865,False,532.745
4780,584666,1973-09-19,49.0,M,True,False,usa,milwaukee,MKE,42.947,-87.896,2023-02-10,168,9,21.88888888888889,0.4444444444444444,160.11111111111111,1.8,53.0,53.0,6.5,0.0,4,3,0.75,0,0.0,3,3,1.0,173.66,60.20551137562075,0.0,0.0,0.0,520.98,0,0.0,1.6666666666666667,1.1547005383792515,1.6666666666666667,0.5773502691896257,Allegiant Air,3,0.3333333333333333,MKE-BNA,3,0.3333333333333333,734.2960312861101,336.40859048413563,0.0,4,164.25,24.649205531483837,0,0.0,0.0,0.0,0.0,657.0,3.25,0.9574271077563381,1.5,1.0,Banyan Tree,4,0.25,False,True,False,False,True,False,False,True,1177.98,0.0,2,4,3,2.8499999999999996,768.9864438146049,2,2119.8766408510455,False,104.196
4783,584844,1980-11-12,42.0,F,False,False,usa,oakland,OAK,37.721,-122.221,2023-02-10,168,7,13.285714285714286,0.2857142857142857,98.42857142857143,1.1666666666666667,10.0,10.0,10.5,0.0,2,2,1.0,0,0.0,2,2,1.0,755.68,781.126719041155,0.15,196.203,196.203,1315.157,1,0.5,1.5,0.7071067811865476,2.0,2.8284271247461903,Kenmore Air,2,0.5,OAK-BFI,2,0.5,2500.321127910056,1993.4614846228185,0.0,2,103.0,19.79898987322333,0,0.0,0.0,0.0,0.0,206.0,4.0,1.414213562373095,1.5,0.7071067811865476,Crowne Plaza,2,0.5,False,True,False,False,False,False,False,True,1521.157,196.203,5,2,4,3.9,1986.0254196398798,5,5474.9065202585,False,503.78666666666663
4787,584998,1968-05-20,55.0,F,True,False,usa,lincoln,LNK,40.851,-96.759,2023-02-10,168,8,24.125,0.5,177.875,1.3333333333333333,7.0,7.0,8.5,0.0,4,2,0.5,0,0.0,2,2,1.0,313.195,65.32959551382513,0.0,0.0,0.0,626.39,0,0.0,1.0,0.0,1.5,0.7071067811865476,Alitalia,2,0.5,LNK-HOU,2,0.5,1606.5996414423946,492.10891562995397,0.0,4,108.0,50.39179827445468,1,0.25,0.1,3.4,3.4,428.6,6.25,2.629955639676583,1.25,0.5,Aman Resorts,4,0.25,False,True,False,False,True,False,False,False,1054.99,3.4,5,4,3,4.05,688.6984569856619,1,1898.5455248233795,False,313.195
4790,585187,1967-04-27,56.0,F,True,False,usa,philadelphia,PHL,39.872,-75.241,2023-02-10,168,7,20.285714285714285,0.2857142857142857,149.42857142857142,1.4,43.0,153.0,7.0,0.0,2,2,1.0,0,0.0,2,2,1.0,332.445,431.526055354714,0.15,95.637,95.637,569.253,1,0.5,1.0,0.0,1.0,0.0,American Airlines,2,0.5,PHL-LGA,2,0.5,1687.711352226066,2173.787024505703,0.0,2,85.0,12.727922061357855,1,0.5,0.15,11.4,11.4,158.6,3.0,1.414213562373095,1.0,0.0,Accor,2,0.5,False,True,False,False,False,False,False,False,727.853,107.037,2,2,2,2.0,950.2862359119706,2,2619.668538809413,True,332.445
4806,585832,1974-02-09,49.0,F,False,False,canada,hamilton,YHM,43.173,-79.935,2023-02-10,168,8,10.875,0.25,80.375,2.0,58.0,94.0,8.0,0.0,2,2,1.0,0,0.0,2,2,1.0,264.41,352.775573133969,0.0,0.0,0.0,528.82,0,0.0,1.0,0.0,1.0,0.0,Air Canada,2,0.5,YHM-YKZ,2,0.5,1392.829339417932,1843.701983655387,0.0,2,177.5,125.157900270019,0,0.0,0.0,0.0,0.0,355.0,2.5,0.7071067811865476,1.0,0.0,Aman Resorts,1,1.0,False,True,False,False,True,False,False,True,883.82,0.0,2,2,2,2.0,1153.9170423474493,3,3181.020684081175,True,264.41
4807,585882,1974-06-18,49.0,F,True,False,usa,des moines,DSM,41.534,-93.663,2023-02-10,168,8,16.0,0.375,118.875,1.3333333333333333,10.0,87.0,8.333333333333334,0.0,3,2,0.6666666666666666,0,0.0,2,2,1.0,534.65,410.43306007192,0.0,0.0,0.0,1069.3,0,0.0,1.5,0.7071067811865476,1.5,0.7071067811865476,Air Canada,2,0.5,DSM-AUS,2,0.5,1831.0129504901824,735.116217844862,0.0,3,191.0,182.041204126978,1,0.3333333333333333,0.1,7.8,7.8,565.2,7.333333333333333,6.8068592855540455,1.3333333333333333,0.5773502691896257,Conrad,3,0.3333333333333333,False,True,False,False,True,False,False,False,1634.5,7.8,5,3,4,4.15,1422.6708347226854,4,3921.8983564758137,False,356.43333333333334
4808,585915,1977-07-06,46.0,F,True,False,usa,los angeles,LAX,33.942,-118.408,2023-02-10,168,8,14.125,0.375,106.125,2.0,79.0,79.0,7.666666666666667,0.0,3,1,0.3333333333333333,0,0.0,3,3,1.0,282.0466666666667,206.49851920373,0.0,0.0,0.0,846.14,0,0.0,1.3333333333333333,0.5773502691896257,1.0,1.0,Southwest Airlines,2,0.6666666666666666,LAX-MDW,3,0.3333333333333333,1361.0708873199228,1259.5949795731597,0.0,1,193.0,0.0,0,0.0,0.0,0.0,0.0,193.0,5.0,0.0,2.0,0.0,Crowne Plaza,1,1.0,False,True,False,False,True,False,True,True,1039.14,0.0,1,3,2,1.8499999999999999,904.4687495831945,2,2493.3627764749326,False,211.53500000000003
4812,586006,1981-12-22,41.0,F,False,True,usa,los angeles,LAX,33.942,-118.408,2023-02-10,168,8,15.375,0.375,115.0,1.6,39.0,39.0,11.333333333333334,0.0,3,3,1.0,0,0.0,3,3,1.0,433.39,353.558640680722,0.0,0.0,0.0,1300.17,0,0.0,1.0,0.0,1.0,0.0,United Airlines,2,0.6666666666666666,LAX-BOS,3,0.3333333333333333,2332.224137430186,1818.6805188218716,0.0,3,125.66666666666667,37.5410886008029,0,0.0,0.0,0.0,0.0,377.0,4.333333333333333,1.5275252316519468,1.0,0.0,Aman Resorts,3,0.3333333333333333,False,True,False,False,True,False,False,True,1677.17,0.0,3,3,4,3.35,1459.810855840836,4,4024.2828183117413,False,433.39
4818,586124,1981-05-10,42.0,M,False,False,usa,louisville,LOU,38.228,-85.664,2023-02-10,168,8,17.125,0.25,127.75,2.0,69.0,69.0,8.0,0.0,2,2,1.0,0,0.0,2,2,1.0,215.045,3.9527269068328006,0.0,0.0,0.0,430.09,0,0.0,1.0,0.0,1.0,0.0,Southwest Airlines,2,0.5,LOU-DAL,2,0.5,1141.0857987445656,47.4685083446709,0.0,2,166.5,139.30003589375,1,0.5,0.05,13.25,13.25,319.75,5.5,4.949747468305833,1.0,0.0,Best Western,2,0.5,False,True,False,False,True,False,False,False,749.84,13.25,1,2,2,1.6,978.992504168056,2,2698.803545689652,False,215.045
4830,586631,1988-11-07,34.0,F,False,True,usa,nashville,BNA,36.124,-86.678,2023-02-11,167,8,12.5,0.25,92.5,1.6,32.0,52.0,9.0,0.0,2,1,0.5,0,0.0,2,2,1.0,157.63,85.99832672790791,0.0,0.0,0.0,315.26,0,0.0,1.0,0.0,1.0,0.0,Allegiant Air,2,0.5,BNA-LCK,2,0.5,886.5913942172847,485.32944714845416,0.0,1,110.0,0.0,0,0.0,0.0,0.0,0.0,110.0,2.0,0.0,1.0,0.0,Radisson,1,1.0,False,True,False,False,True,False,True,True,425.26,0.0,3,2,1,2.0500000000000003,555.2202500833611,1,1530.5841190653757,False,157.63
4837,586732,1991-10-01,31.0,F,False,False,canada,london,YXU,43.036,-81.154,2023-02-11,167,8,14.75,0.5,108.375,1.3333333333333333,26.0,78.0,9.0,0.0,4,4,1.0,0,0.0,4,3,0.75,228.9975,128.858376102086,0.0,0.0,0.0,915.99,0,0.0,1.0,0.0,1.0,0.816496580927726,JetBlue Airways,3,0.5,YXU-LGA,4,0.25,1741.2731656815704,1353.0684194850041,0.0,4,153.0,48.853522561496696,0,0.0,0.0,0.0,0.0,612.0,4.75,2.9860788111948193,1.0,0.0,Crowne Plaza,4,0.25,False,True,False,False,True,False,False,True,1527.99,0.0,4,4,4,4.0,997.4732985995331,2,2749.749833149959,False,228.9975
4853,587304,1975-01-18,48.0,F,True,False,usa,chicago,MDW,41.786,-87.752,2023-02-11,167,8,20.0,0.375,149.125,1.6,54.0,72.0,4.666666666666667,0.0,3,2,0.6666666666666666,0,0.0,2,2,1.0,155.535,40.51014749417731,0.3,38.067,38.067,273.003,1,0.5,1.0,0.0,1.0,0.0,Air Canada,2,0.5,MDW-YOW,2,0.5,884.9690050016259,231.70741791894713,0.0,3,143.33333333333334,114.286190475198,1,0.3333333333333333,0.05,3.1,3.1,426.9,3.6666666666666665,1.1547005383792515,1.0,0.0,Marriott,3,0.3333333333333333,False,True,False,False,False,False,False,False,699.903,41.167,2,3,2,2.25,609.1964424808269,1,1679.3811106714538,False,155.535
4855,587373,1971-12-01,51.0,F,True,False,usa,jacksonville,NCA,34.708,-77.439,2023-02-11,167,7,20.428571428571427,0.5714285714285714,150.85714285714286,1.4,45.0,45.0,6.0,0.0,4,3,0.75,0,0.0,3,3,1.0,285.93666666666667,129.66325205444,0.0,0.0,0.0,857.81,0,0.0,1.6666666666666667,1.1547005383792515,1.0,1.0,AeroMéxico,3,0.3333333333333333,NCA-DAL,3,0.3333333333333333,1173.4854277804725,559.517587463756,0.0,4,180.0,100.56838469419701,0,0.0,0.0,0.0,0.0,720.0,8.25,7.7190241179396075,1.5,1.0,Banyan Tree,4,0.25,False,True,False,False,True,False,False,True,1577.81,0.0,2,4,4,3.2,1029.9958411137045,2,2839.4052213969576,False,171.56199999999998
4863,587675,1980-10-19,42.0,F,False,False,usa,atlanta,ATL,33.64,-84.427,2023-02-11,167,8,29.625,0.375,966.375,1.3333333333333333,15.0,42.0,103.0,170.0,2,1,0.5,1,0.5,2,2,1.0,70.84,0.0,0.0,0.0,0.0,70.84,1,0.5,1.6666666666666667,0.7071067811865476,1.5,0.7071067811865476,Air India Limited,2,0.5,ATL-DEL,2,0.5,364.30470095323784,8814.397139941388,0.0,1,286.0,0.0,0,0.0,0.0,0.0,0.0,286.0,7.0,0.0,1.0,0.0,NH Hotel,1,1.0,False,False,False,False,True,False,True,True,356.84,0.0,5,2,1,2.85,465.8909703234411,1,1284.328733121593,False,42.504
4866,587754,1974-09-08,48.0,F,True,True,usa,austin,AUS,30.194,-97.67,2023-02-11,167,9,16.0,0.3333333333333333,298.4755667777778,1.5,10.0,101.0,117.5,134.0,2,1,0.5,1,0.5,2,2,1.0,445.54,0.0,0.0,0.0,0.0,445.54,1,0.5,3.6666666666666665,2.8284271247461903,2.0,2.8284271247461903,Ryanair,2,0.5,AUS-LSQ,2,0.5,2708.294381612006,504.83544469431774,0.0,1,170.0,0.0,0,0.0,0.0,0.0,0.0,170.0,2.0,0.0,1.0,0.0,Banyan Tree,1,1.0,False,False,False,False,True,False,True,True,615.54,0.0,5,2,2,3.2,803.6501733911304,2,2215.4346720817884,True,121.5109090909091
4871,588048,1980-04-28,43.0,F,True,False,usa,san antonio,SKF,29.384,-98.581,2023-02-11,167,8,12.875,0.375,95.5,1.6,31.0,31.0,8.666666666666666,0.0,3,1,0.3333333333333333,0,0.0,3,3,1.0,403.05333333333334,64.27855344773506,0.0,0.0,0.0,1209.16,0,0.0,1.0,0.0,1.3333333333333333,0.5773502691896257,American Airlines,3,0.3333333333333333,SKF-LSQ,3,0.3333333333333333,2220.377865954251,243.43499992130228,0.0,1,238.0,0.0,0,0.0,0.0,0.0,0.0,238.0,3.0,0.0,1.0,0.0,Wyndham,1,1.0,False,True,False,False,True,False,True,True,1447.16,0.0,3,3,3,3.0,1259.609865510726,3,3472.385699331624,False,403.05333333333334
4872,588103,1975-04-24,48.0,F,True,False,usa,san jose,SJC,37.362,-121.929,2023-02-11,167,7,18.0,0.7142857142857143,134.14285714285714,1.4,43.0,43.0,7.2,0.0,5,4,0.8,0,0.0,5,4,0.8,603.28,281.99922092091,0.1,44.465,44.465,2971.935,1,0.2,1.2,0.4472135954999579,1.0,0.7071067811865476,AirTran Airways,5,0.2,SJC-JFK,4,0.4,2971.33558313592,1066.511088705728,0.0,4,139.25,33.29038900343461,0,0.0,0.0,0.0,0.0,557.0,2.75,0.9574271077563381,1.0,0.0,Hyatt,4,0.25,False,True,False,False,False,False,False,True,3528.935,44.465,2,5,5,3.8,1842.9536502167389,5,5080.49839459528,False,502.73333333333335
4875,588370,1984-10-23,38.0,M,True,True,canada,calgary,YYC,51.114,-114.02,2023-02-11,167,8,10.0,0.5,75.0,1.6,36.0,88.0,7.75,0.0,4,1,0.25,0,0.0,2,2,1.0,380.825,130.100576670513,0.2,94.564,94.564,667.086,1,0.5,1.0,0.0,1.0,0.0,Air Canada,2,0.5,YYC-AUS,2,0.5,2164.5517230354526,744.0200655985276,0.0,3,189.66666666666666,99.8615708535237,1,0.3333333333333333,0.15,45.15,45.15,523.85,6.333333333333333,5.507570547286102,1.3333333333333333,0.5773502691896257,Best Western,3,0.3333333333333333,False,True,False,False,False,False,False,False,1190.936,139.714,3,4,3,3.25,777.4441327109035,2,2143.1920806368366,False,380.825
4876,588386,1989-12-03,33.0,F,False,False,usa,cleveland,CLE,41.412,-81.85,2023-02-11,167,8,18.75,0.25,137.75,1.6,45.0,45.0,132.0,0.0,2,2,1.0,0,0.0,2,2,1.0,1367.69,1784.29910951051,0.0,0.0,0.0,2735.38,0,0.0,1.0,0.0,1.0,1.414213562373095,American Airlines,2,0.5,CLE-HLP,2,0.5,8297.676758760424,10909.986038977258,0.5,2,109.0,24.041630560342615,0,0.0,0.0,0.0,0.0,218.0,6.0,7.0710678118654755,1.0,0.0,Accor,2,0.5,False,True,False,False,True,False,False,True,2953.38,0.0,2,2,5,3.05,3855.9384428142716,5,10629.724228860696,False,1367.69
4886,588797,1979-09-13,43.0,M,True,True,canada,victoria,YYJ,48.647,-123.426,2023-02-12,166,8,37.625,0.5,993.0,1.3333333333333333,15.0,22.0,98.66666666666667,274.0,3,3,1.0,1,0.3333333333333333,3,3,1.0,1575.01,1183.781604520023,0.15,0.0,0.0,3150.02,1,0.3333333333333333,3.25,1.7320508075688772,2.3333333333333335,1.1547005383792515,JetBlue Airways,3,0.3333333333333333,YYJ-LGA,3,0.3333333333333333,3603.092388830507,300.8900560199834,0.0,3,183.0,0.0,1,0.3333333333333333,0.05,0.0,0.0,366.0,5.666666666666667,5.507570547286102,2.3333333333333335,1.5275252316519468,Four Seasons,3,0.3333333333333333,False,False,False,False,True,False,False,True,3516.02,0.0,5,3,5,4.5,3060.348184950539,5,8436.508448660807,False,484.61846153846153
4914,589884,1997-06-03,26.0,O,True,False,usa,minneapolis,MSP,44.88,-93.217,2023-02-12,166,8,17.625,0.375,131.25,1.3333333333333333,13.0,13.0,4.333333333333333,0.0,3,1,0.3333333333333333,0,0.0,2,2,1.0,244.21,73.58153165027214,0.0,0.0,0.0,488.42,0,0.0,1.0,0.0,1.5,0.7071067811865476,Delta Air Lines,2,0.5,MSP-JFK,2,0.5,1377.9603415320717,385.92001363528647,0.0,2,124.5,111.01576464628796,0,0.0,0.0,0.0,0.0,249.0,7.0,7.0710678118654755,1.0,0.0,Choice Hotels,2,0.5,False,True,False,False,True,False,False,True,737.42,0.0,5,3,2,3.45,641.8512859842169,1,1769.4012150702933,False,244.21
4916,589995,1973-11-27,49.0,F,True,False,usa,nashville,BNA,36.124,-86.678,2023-02-12,166,7,17.0,0.2857142857142857,127.57142857142857,1.4,39.0,131.0,6.5,0.0,2,1,0.5,0,0.0,2,2,1.0,454.865,142.291097578169,0.0,0.0,0.0,909.73,0,0.0,1.5,0.7071067811865476,1.0,1.414213562373095,American Airlines,1,1.0,BNA-PHL,2,0.5,2122.4598788636436,1468.1512956411284,0.0,1,163.0,0.0,0,0.0,0.0,0.0,0.0,163.0,2.0,0.0,2.0,0.0,Aman Resorts,1,1.0,False,True,False,False,True,False,True,True,1072.73,0.0,3,2,3,2.75,1400.5582910970322,4,3860.94037070263,True,303.24333333333334
4926,590227,1975-01-15,48.0,F,False,False,canada,toronto,YYZ,43.677,-79.631,2023-02-12,166,8,11.125,0.25,82.5,1.3333333333333333,12.0,33.0,8.5,0.0,2,2,1.0,0,0.0,2,2,1.0,224.16,121.32538151598783,0.15,20.7555,20.7555,427.5645,1,0.5,2.0,1.414213562373095,1.0,1.414213562373095,AirTran Airways,2,0.5,YYZ-JFK,2,0.5,642.0383534179387,75.58604641009532,0.0,2,229.5,60.10407640085654,1,0.5,0.05,13.6,13.6,445.4,4.0,1.414213562373095,2.0,1.414213562373095,Extended Stay,2,0.5,False,True,False,False,False,False,False,False,872.9645,34.3555,5,2,2,3.2,1139.7440812770924,3,3141.9498664531025,False,112.08
4927,590230,1996-06-23,27.0,F,False,False,usa,new york,JFK,40.64,-73.779,2023-02-12,166,8,27.125,0.5,654.44052525,1.3333333333333333,25.0,60.0,8.0,6.0,3,3,1.0,1,0.3333333333333333,3,3,1.0,423.335,485.421734216753,0.0,0.0,0.0,846.67,1,0.3333333333333333,1.0,0.0,1.0,0.0,Delta Air Lines,3,0.3333333333333333,JFK-YZD,2,0.6666666666666666,2278.589334323655,1957.9339142552085,0.0,3,264.5,33.23401871576773,1,0.3333333333333333,0.0,0.0,0.0,529.0,3.0,1.7320508075688772,1.0,0.0,Shangri-La,3,0.3333333333333333,False,False,False,False,True,False,False,True,1375.67,0.0,4,3,3,3.4,1197.3848805157274,3,3300.8491355479246,False,423.335
4931,590400,1979-08-04,43.0,F,True,False,canada,montreal,YMX,45.68,-74.039,2023-02-12,166,8,14.0,0.5,104.0,1.3333333333333333,22.0,22.0,6.0,0.0,4,3,0.75,0,0.0,3,3,1.0,107.76666666666667,59.12290278169141,0.1,15.753,15.753,307.547,1,0.3333333333333333,1.0,0.0,1.0,1.0,Air Canada,3,0.3333333333333333,YMX-BWI,3,0.3333333333333333,596.8039645694029,311.8752814098317,0.0,4,216.25,94.15368642101416,1,0.25,0.1,13.6,13.6,851.4,4.0,0.0,1.25,0.5,Conrad,3,0.5,False,True,False,False,False,False,False,False,1158.947,29.353,4,4,3,3.65,756.5616836445481,2,2085.6251152688474,False,107.76666666666667
4936,590434,1970-03-13,53.0,M,False,False,usa,riverside,RIV,33.881,-117.259,2023-02-12,166,8,17.75,0.375,132.5,1.3333333333333333,19.0,66.0,8.0,0.0,3,2,0.6666666666666666,0,0.0,3,3,1.0,409.43333333333334,89.81328984806945,0.0,0.0,0.0,1228.3,0,0.0,1.0,0.0,1.0,1.0,American Airlines,3,0.3333333333333333,RIV-AUS,3,0.3333333333333333,2287.398782565959,719.0205840789009,0.0,2,470.0,231.931024229188,0,0.0,0.0,0.0,0.0,940.0,3.5,0.7071067811865476,1.0,0.0,Choice Hotels,2,0.5,False,True,False,False,True,False,False,True,2168.3,0.0,4,3,4,3.75,1887.291019228632,5,5202.723894981039,False,409.43333333333334
4939,590471,1969-02-06,54.0,F,True,False,canada,toronto,YTZ,43.627,-79.396,2023-02-12,166,9,13.666666666666666,0.3333333333333333,100.44444444444444,1.8,27.0,27.0,90.66666666666667,0.0,3,1,0.3333333333333333,0,0.0,3,3,1.0,2054.4566666666665,2018.702777041071,0.0,0.0,0.0,6163.37,0,0.0,1.6666666666666667,0.5773502691896257,1.0,0.0,Alaska Airlines,3,0.3333333333333333,YTZ-FAT,3,0.3333333333333333,6440.285329946118,5269.309718068555,0.3333333333333333,1,166.0,0.0,0,0.0,0.0,0.0,0.0,166.0,2.0,0.0,1.0,0.0,InterContinental,1,1.0,False,True,False,False,True,False,True,True,6329.37,0.0,3,3,5,3.7,5509.091527175725,5,15186.996513017632,False,1232.6739999999998
4945,590829,1980-06-13,43.0,F,False,False,usa,minneapolis,MSP,44.88,-93.217,2023-02-13,165,8,20.0,0.375,149.0,1.3333333333333333,11.0,11.0,5.333333333333333,0.0,3,2,0.6666666666666666,0,0.0,2,2,1.0,276.005,29.81869296263671,0.0,0.0,0.0,552.01,0,0.0,1.0,0.0,1.0,0.0,Allegiant Air,2,0.5,MSP-AUS,2,0.5,1688.4667811397862,13.614785382566764,0.0,3,123.66666666666667,38.63073042712671,0,0.0,0.0,0.0,0.0,371.0,3.3333333333333335,2.309401076758503,1.3333333333333333,0.5773502691896257,Accor,3,0.3333333333333333,False,True,False,False,True,False,False,True,923.01,0.0,5,3,2,3.45,803.3890530176726,2,2214.714837571576,False,276.005
4951,590981,1985-04-06,38.0,F,True,False,usa,philadelphia,PHL,39.872,-75.241,2023-02-13,165,8,18.375,0.375,137.75,1.3333333333333333,19.0,96.0,6.333333333333333,0.0,3,2,0.6666666666666666,0,0.0,2,2,1.0,333.975,427.863242228168,0.0,0.0,0.0,667.95,0,0.0,1.0,0.0,1.0,0.0,Air Canada,2,0.5,PHL-LGA,2,0.5,2009.6402174042535,2629.0631917600754,0.0,3,134.0,63.92964883369844,0,0.0,0.0,0.0,0.0,402.0,3.0,2.0,1.3333333333333333,0.5773502691896257,Accor,3,0.3333333333333333,False,True,False,False,True,False,False,True,1069.95,0.0,4,3,3,3.4,931.2858119373125,2,2567.289780673782,True,333.975
4953,591063,1970-03-05,53.0,F,True,False,canada,toronto,YTZ,43.627,-79.396,2023-02-13,165,8,41.25,0.375,1027.5,2.0,57.0,63.0,102.0,191.0,2,0,0.0,1,0.5,2,2,1.0,561.31,0.0,0.0,0.0,0.0,561.31,1,0.5,1.6666666666666667,0.7071067811865476,1.0,0.0,American Airlines,2,0.5,YTZ-KUL,2,0.5,3018.6047192470096,8371.334136208985,0.0,0,0.0,0.0,0,0.0,0.0,0.0,0.0,0.0,0.0,0.0,0.0,0.0,MISSING,0,0.0,False,False,False,False,True,True,False,True,561.31,0.0,2,2,1,1.65,732.8473841280426,1,2020.2515446376003,False,336.78599999999994
4964,591599,1969-01-23,54.0,F,False,True,usa,lincoln,LNK,40.851,-96.759,2023-02-13,165,8,14.5,0.25,107.0,2.6666666666666665,89.0,89.0,5.5,0.0,2,2,1.0,0,0.0,2,2,1.0,313.005,47.14280910170712,0.1,27.967,27.967,598.043,1,0.5,1.0,0.0,1.0,0.0,Delta Air Lines,2,0.5,LNK-LGA,2,0.5,1670.8443541747827,367.1671010773813,0.0,2,139.5,111.01576464628796,0,0.0,0.0,0.0,0.0,279.0,3.5,2.1213203435596424,1.0,0.0,Hilton,1,1.0,False,True,False,False,False,False,False,True,877.043,27.967,1,2,2,1.6,1145.0689784928309,3,3156.6290917026154,False,313.005
4978,592372,2006-12-06,16.0,M,False,False,usa,charlotte,CLT,35.214,-80.943,2023-02-13,165,8,14.625,0.25,110.625,1.6,29.0,29.0,157.0,0.0,2,1,0.5,0,0.0,2,2,1.0,3769.69,5149.349570499171,0.0,0.0,0.0,7539.38,0,0.0,2.0,1.414213562373095,1.0,1.414213562373095,American Airlines,2,0.5,CLT-HKG,2,0.5,7075.612888185859,8986.099625380912,0.5,1,394.0,0.0,0,0.0,0.0,0.0,0.0,394.0,2.0,0.0,1.0,0.0,InterContinental,1,1.0,False,True,False,False,True,False,True,True,7933.38,0.0,3,2,5,3.45,10357.835741913972,5,28553.603533158235,False,1884.845
4983,592491,1985-07-17,38.0,F,True,False,usa,rochester,ROC,43.119,-77.672,2023-02-13,165,8,12.125,0.5,90.25,1.3333333333333333,13.0,13.0,7.5,0.0,4,3,0.75,0,0.0,3,3,1.0,448.9166666666667,201.217106959953,0.0,0.0,0.0,1346.75,0,0.0,1.6666666666666667,1.1547005383792515,1.3333333333333333,1.5275252316519468,Delta Air Lines,3,0.3333333333333333,ROC-LGA,3,0.3333333333333333,2457.7268183009746,1785.1993194896108,0.0,4,207.25,77.61604215624499,1,0.25,0.05,15.15,15.15,813.85,4.5,1.0,1.75,0.9574271077563381,Crowne Plaza,4,0.25,False,True,False,False,True,False,False,False,2160.6,15.15,5,4,4,4.4,1410.4416972324107,4,3888.186106914183,False,269.35
4984,592598,1973-10-06,49.0,F,True,True,usa,fresno,FAT,36.776,-119.718,2023-02-13,165,7,16.571428571428573,0.5714285714285714,124.71428571428571,1.4,54.0,54.0,54.75,0.0,4,3,0.75,0,0.0,4,4,1.0,1170.1425,1322.696402287766,0.0,0.0,0.0,4680.57,0,0.0,2.0,2.0,2.0,2.0,Air Canada,4,0.25,FAT-BWI,4,0.25,3056.4436361213607,919.1863009534849,0.0,3,69.66666666666667,39.52636251077669,0,0.0,0.0,0.0,0.0,209.0,7.666666666666667,5.507570547286102,1.6666666666666667,1.1547005383792515,Banyan Tree,3,0.3333333333333333,False,True,False,False,True,False,False,True,4889.57,0.0,2,4,5,3.55,3191.9158611203734,5,8799.20306525242,False,585.07125
4995,593385,1978-11-25,44.0,F,True,True,usa,new york,JFK,40.64,-73.779,2023-02-14,164,8,14.25,0.5,106.5,1.6,41.0,82.0,9.25,0.0,4,4,1.0,0,0.0,4,4,1.0,871.14,502.700522975658,0.1,162.05,162.05,3322.51,1,0.25,1.5,1.0,1.0,0.816496580927726,American Airlines,4,0.25,JFK-BIF,4,0.25,3571.9340189695395,472.7211637495205,0.0,4,165.75,65.9159818759204,1,0.25,0.1,26.3,26.3,636.7,5.75,4.193248541803041,1.5,1.0,Extended Stay,4,0.25,False,True,False,False,False,False,False,False,3959.21,188.35,2,4,5,3.55,2584.5759844948316,5,7124.93997794858,False,580.76
5007,593910,1968-02-01,55.0,M,True,False,canada,winnipeg,YAV,50.056,-97.032,2023-02-14,164,8,13.125,0.25,98.375,1.3333333333333333,7.0,122.0,8.0,0.0,2,2,1.0,0,0.0,2,1,0.5,291.4,138.12623863698,0.05,19.4535,19.4535,563.3465,1,0.5,1.0,0.0,1.5,0.7071067811865476,American Airlines,2,0.5,YAV-SKF,1,1.0,2284.9009099634513,0.0,0.0,2,385.0,43.840620433565945,0,0.0,0.0,0.0,0.0,770.0,4.0,0.0,1.0,0.0,Banyan Tree,2,0.5,False,True,False,False,False,False,False,True,1333.3465,19.4535,5,2,3,3.55,1740.8196801433812,5,4798.94412385694,True,291.4
5019,594446,1998-09-01,24.0,F,False,True,canada,montreal,YUL,45.468,-73.741,2023-02-14,164,8,12.875,0.375,96.875,1.3333333333333333,9.0,9.0,97.33333333333333,0.0,3,1,0.3333333333333333,0,0.0,2,2,1.0,2813.455,3082.243103853101,0.15,748.9395,748.9395,4877.9705,1,0.5,1.5,0.7071067811865476,1.0,0.0,Jetstar Pacific,2,0.5,YUL-LSQ,2,0.5,8864.325388286714,6917.895578089215,0.5,2,219.5,154.856385079854,0,0.0,0.0,0.0,0.0,439.0,8.0,5.656854249492381,1.0,0.0,Choice Hotels,2,0.5,False,True,False,False,False,False,False,True,5316.9705,748.9395,5,3,5,4.5,4627.897742080694,5,12757.796185610516,False,1875.6366666666665
5024,594644,1973-01-14,50.0,F,True,False,usa,shreveport,BAD,32.502,-93.663,2023-02-14,164,8,21.875,0.375,161.75,1.6,52.0,98.0,7.0,0.0,3,3,1.0,0,0.0,3,2,0.6666666666666666,221.62333333333333,29.913880278782514,0.0,0.0,0.0,664.87,0,0.0,1.0,0.0,1.3333333333333333,0.5773502691896257,Ryanair,2,0.6666666666666666,BAD-LSV,3,0.3333333333333333,1929.438447105808,736.2655885324364,0.0,3,166.66666666666666,186.537753104655,1,0.3333333333333333,0.15,11.7,11.7,488.3,3.6666666666666665,1.1547005383792515,1.0,0.0,Choice Hotels,3,0.3333333333333333,False,True,False,False,True,False,False,False,1153.17,11.7,2,3,3,2.5999999999999996,1003.7206035345116,2,2766.9718738068,True,221.62333333333333
5025,594695,1968-03-18,55.0,F,True,False,usa,denver,DEN,39.858,-104.667,2023-02-14,164,8,14.625,0.5,109.0,1.6,29.0,77.0,11.5,0.0,4,2,0.5,0,0.0,3,3,1.0,412.1166666666667,148.435494519786,0.0,0.0,0.0,1236.35,0,0.0,1.0,0.0,1.0,1.0,American Airlines,3,0.3333333333333333,DEN-JFK,3,0.3333333333333333,2202.494983047245,707.5670757199083,0.0,3,154.33333333333334,106.23244953089115,0,0.0,0.0,0.0,0.0,463.0,11.0,9.16515138991168,1.0,0.0,Four Seasons,3,0.3333333333333333,False,True,False,False,True,False,False,True,1699.35,0.0,3,4,4,3.6,1109.3372665888628,3,3058.1269373251025,False,412.1166666666667
5055,595852,1970-06-16,53.0,F,False,False,canada,montreal,YMX,45.68,-74.039,2023-02-15,163,9,18.11111111111111,0.3333333333333333,133.66666666666666,1.8,33.0,64.0,8.333333333333334,0.0,3,3,1.0,0,0.0,3,3,1.0,212.52333333333334,108.814969711586,0.0,0.0,0.0,637.57,0,0.0,1.0,0.0,1.0,1.0,Allegiant Air,3,0.3333333333333333,YMX-LCK,3,0.3333333333333333,1133.5477553077253,587.9370352253351,0.0,3,172.66666666666666,148.937347006496,0,0.0,0.0,0.0,0.0,518.0,2.3333333333333335,0.5773502691896257,1.0,0.0,Banyan Tree,3,0.3333333333333333,False,True,False,False,True,False,False,True,1155.57,0.0,3,3,3,3.0,1005.809566522174,2,2772.7305498885016,False,212.52333333333334
5058,595958,1972-11-28,50.0,F,True,False,usa,sacramento,MCC,38.667,-121.401,2023-02-15,163,8,38.375,0.625,998.75,1.6,40.0,81.0,46.75,128.0,4,3,0.75,1,0.25,3,3,1.0,431.52,400.293148829705,0.1,14.847,14.847,848.193,2,0.6666666666666666,1.5,0.5773502691896257,1.0,1.0,Transavia Holland,3,0.3333333333333333,MCC-AYT,3,0.3333333333333333,2398.106110513097,5306.3389693936215,0.0,4,88.66666666666667,32.34707611722168,1,0.25,0.0,0.0,0.0,266.0,4.75,3.774917217635375,1.0,0.0,Extended Stay,4,0.25,False,False,False,False,False,False,False,True,1114.193,14.847,3,4,3,3.25,727.34623066022,1,2005.0864310936936,False,287.68
5063,596222,1964-05-07,59.0,F,True,False,usa,philadelphia,PNE,40.082,-75.011,2023-02-15,163,8,20.75,0.375,155.25,1.6,47.0,67.0,10.333333333333334,0.0,3,2,0.6666666666666666,0,0.0,2,2,1.0,79.6,32.2157849508591,0.0,0.0,0.0,159.2,0,0.0,1.0,0.0,1.0,0.0,Allegiant Air,1,1.0,PNE-BOS,2,0.5,545.481565137143,177.1675125279274,0.0,3,285.0,338.74916974068,0,0.0,0.0,0.0,0.0,855.0,2.6666666666666665,2.0816659994661326,1.0,0.0,Conrad,3,0.3333333333333333,False,True,False,False,True,False,False,True,1014.2,0.0,2,3,2,2.25,882.760942536401,2,2433.520534192579,False,79.6
5077,596863,1985-01-04,38.0,F,True,True,usa,chicago,ORD,41.979,-87.904,2023-02-15,163,8,28.25,0.5,804.07480975,1.3333333333333333,12.0,50.0,71.0,159.0,3,2,0.6666666666666666,1,0.3333333333333333,2,1,0.5,117.72,0.0,0.0,0.0,0.0,117.72,1,0.5,2.6666666666666665,0.7071067811865476,1.0,1.414213562373095,American Airlines,2,0.5,ORD-LGA,2,0.5,659.5755865961595,373.4818342156255,0.0,3,205.5,40.30508652763321,1,0.3333333333333333,0.0,0.0,0.0,411.0,17.0,7.54983443527075,1.6666666666666667,0.5773502691896257,NH Hotel,3,0.3333333333333333,False,False,False,False,True,False,False,True,528.72,0.0,5,3,1,3.1,460.1985461820607,1,1268.6363407989552,False,44.145
5088,597836,1980-10-21,42.0,F,False,False,usa,fort worth,FTW,32.82,-97.362,2023-02-16,162,8,17.25,0.375,127.75,1.6,30.0,30.0,8.666666666666666,0.0,3,3,1.0,0,0.0,3,3,1.0,137.12,110.345633352661,0.0,0.0,0.0,411.36,0,0.0,1.0,0.0,1.0,1.0,Delta Air Lines,3,0.3333333333333333,FTW-BNA,3,0.3333333333333333,781.8211766743931,644.1083475507392,0.0,3,133.33333333333334,63.90878917123476,0,0.0,0.0,0.0,0.0,400.0,2.0,1.7320508075688772,1.0,0.0,Extended Stay,3,0.3333333333333333,False,True,False,False,True,False,False,True,811.36,0.0,3,3,2,2.6500000000000004,706.2087540291208,1,1946.8164273540629,False,137.12
5089,597878,1970-01-20,53.0,F,False,False,usa,columbus,CMH,39.998,-82.892,2023-02-16,162,8,18.125,0.25,136.875,1.6,52.0,143.0,6.5,0.0,2,2,1.0,0,0.0,2,2,1.0,381.28,271.712851738743,0.0,0.0,0.0,762.56,0,0.0,1.5,0.7071067811865476,1.0,0.0,JetBlue Airways,2,0.5,CMH-DCA,2,0.5,1861.3836430253768,1898.8582777426027,0.0,2,139.0,86.2670273047588,0,0.0,0.0,0.0,0.0,278.0,2.5,2.1213203435596424,1.5,0.7071067811865476,Radisson,2,0.5,False,True,False,False,True,False,False,True,1040.56,0.0,2,2,2,2.0,1358.557079026342,4,3745.154989734909,True,254.18666666666664
5090,597946,1969-10-02,53.0,F,True,False,usa,atlanta,ATL,33.64,-84.427,2023-02-16,162,8,11.75,0.25,87.875,1.3333333333333333,11.0,142.0,8.0,0.0,2,1,0.5,0,0.0,2,2,1.0,154.055,39.279781694912714,0.0,0.0,0.0,308.11,0,0.0,1.0,0.0,1.0,0.0,Delta Air Lines,2,0.5,ATL-IND,2,0.5,883.5862263657727,265.44153769330813,0.0,1,81.0,0.0,0,0.0,0.0,0.0,0.0,81.0,3.0,0.0,1.0,0.0,Shangri-La,1,1.0,False,True,False,False,True,False,True,True,389.11,0.0,5,2,1,2.85,508.02274258086027,1,1400.4740313444206,True,154.055
5095,598075,1987-05-01,36.0,F,True,True,usa,houston,EFD,29.607,-95.159,2023-02-16,162,8,20.0,0.375,150.25,1.6,51.0,95.0,4.666666666666667,0.0,3,2,0.6666666666666666,0,0.0,2,2,1.0,529.805,105.95995116080415,0.0,0.0,0.0,1059.61,0,0.0,1.0,0.0,1.0,0.0,American Airlines,2,0.5,EFD-YAV,2,0.5,2668.326793238984,550.2273234094813,0.0,3,72.66666666666667,45.36885862938733,0,0.0,0.0,0.0,0.0,218.0,2.0,1.0,1.0,0.0,Crowne Plaza,3,0.3333333333333333,False,True,False,False,True,False,False,True,1277.61,0.0,2,3,3,2.5999999999999996,1112.0333344448147,3,3065.5592286430488,True,529.805
5100,598306,1975-08-04,47.0,F,True,False,usa,miami,TNT,25.862,-80.897,2023-02-16,162,8,27.25,0.25,202.375,1.6,47.0,104.0,7.0,0.0,2,2,1.0,0,0.0,2,1,0.5,768.205,872.364707017656,0.0,0.0,0.0,1536.41,0,0.0,1.5,0.7071067811865476,2.5,2.1213203435596424,Delta Air Lines,1,1.0,TNT-LSQ,2,0.5,2730.5733568213154,1376.3496755128524,0.0,2,175.5,45.96194077712559,0,0.0,0.0,0.0,0.0,351.0,5.0,2.8284271247461903,1.5,0.7071067811865476,Conrad,2,0.5,False,True,False,False,True,False,False,True,1887.41,0.0,2,2,4,2.7,2464.2060203401134,5,6793.114264603257,True,512.1366666666667
5104,598687,1984-04-16,39.0,M,False,False,usa,modesto,MOD,37.626,-120.954,2023-02-16,162,8,17.25,0.375,129.0,1.3333333333333333,12.0,12.0,9.0,0.0,3,3,1.0,0,0.0,3,3,1.0,292.8933333333333,294.797935090009,0.0,0.0,0.0,878.68,0,0.0,1.0,0.0,1.0,0.0,American Airlines,3,0.3333333333333333,MOD-LSQ,3,0.3333333333333333,1632.6987715508703,1659.1601994150155,0.0,3,168.66666666666666,93.5111401563115,0,0.0,0.0,0.0,0.0,506.0,4.0,1.0,1.0,0.0,Aman Resorts,3,0.3333333333333333,False,True,False,False,True,False,False,True,1384.68,0.0,5,3,3,3.8,1205.2271957319106,3,3322.4681653379807,False,292.8933333333333
5130,600018,1985-11-09,37.0,F,False,False,usa,grand rapids,GRR,42.881,-85.523,2023-02-17,161,8,16.875,0.625,125.625,1.3333333333333333,13.0,13.0,8.0,0.0,5,4,0.8,0,0.0,5,5,1.0,436.02,177.265083843378,0.0,0.0,0.0,2180.1,0,0.0,1.2,0.4472135954999579,1.2,0.8366600265340756,Air Canada,5,0.2,GRR-IAH,5,0.2,2109.9710504871373,962.4244246128468,0.0,4,112.25,60.02430063454856,1,0.25,0.25,48.0,48.0,401.0,2.5,1.2909944487358056,1.25,0.5,Accor,4,0.25,False,True,False,False,True,False,False,False,2581.1,48.0,5,5,5,5.0,1347.9555918639546,4,3715.9297086202714,False,363.35
5132,600078,1967-07-03,56.0,F,False,False,usa,chicago,UGN,42.422,-87.868,2023-02-17,161,8,8.75,0.375,64.875,1.6,35.0,65.0,6.333333333333333,0.0,3,2,0.6666666666666666,0,0.0,3,3,1.0,282.0,150.925913281981,0.1,45.571,45.571,800.429,1,0.3333333333333333,1.0,0.0,1.0,1.0,Air Canada,3,0.3333333333333333,UGN-CLT,3,0.3333333333333333,1671.893285391293,991.4431934837639,0.0,2,153.5,45.96194077712559,1,0.5,0.1,18.6,18.6,288.4,4.0,1.414213562373095,1.0,0.0,Conrad,2,0.5,False,True,False,False,False,False,False,False,1088.829,64.171,3,3,3,3.0,947.7181170390129,2,2612.5889664014703,False,282.0
5136,600304,1967-01-12,56.0,F,True,False,usa,philadelphia,PNE,40.082,-75.011,2023-02-17,161,8,13.625,0.25,102.375,1.3333333333333333,15.0,126.0,6.5,0.0,2,2,1.0,0,0.0,2,2,1.0,227.615,291.207785696056,0.0,0.0,0.0,455.23,0,0.0,1.0,0.0,1.0,0.0,American Airlines,2,0.5,PNE-JFK,2,0.5,1268.8433106928164,1622.6852884426698,0.0,2,168.5,130.814754519511,0,0.0,0.0,0.0,0.0,337.0,2.0,0.0,1.0,0.0,NH Hotel,2,0.5,False,True,False,False,True,False,False,True,792.23,0.0,5,2,2,3.2,1034.3369673224408,2,2851.372470129245,True,227.615
5140,600515,1987-11-09,35.0,F,True,False,canada,toronto,YZD,43.742,-79.466,2023-02-17,161,9,47.666666666666664,0.5555555555555556,989.8888888888889,1.5,9.0,66.0,7.25,4.0,4,4,1.0,1,0.25,4,4,1.0,425.61,298.655192320509,0.05,0.0,0.0,1276.83,1,0.25,1.0,0.0,1.0,0.0,Ryanair,3,0.5,YZD-BIF,4,0.25,2284.218854221252,1323.1749156520677,0.0,4,205.33333333333334,51.86842327788009,2,0.5,0.05,8.55,8.55,607.45,3.0,2.160246899469287,1.0,0.0,Rosewood,4,0.25,False,False,False,False,True,False,False,False,1884.28,8.55,5,4,4,4.4,1230.059743247749,3,3390.924427259213,False,425.61
5169,602656,1982-05-21,41.0,F,False,False,usa,san antonio,SAT,29.534,-98.47,2023-02-18,160,8,12.5,0.375,92.875,2.0,71.0,71.0,7.333333333333333,0.0,3,3,1.0,0,0.0,3,3,1.0,322.42333333333335,61.77795588503502,0.2,76.408,76.408,890.862,1,0.3333333333333333,1.3333333333333333,0.5773502691896257,1.0,0.0,American Airlines,3,0.3333333333333333,SAT-LSQ,3,0.3333333333333333,1472.4748352484614,709.5089941821973,0.0,3,149.66666666666666,49.08496035786658,0,0.0,0.0,0.0,0.0,449.0,3.6666666666666665,2.0816659994661326,1.3333333333333333,0.5773502691896257,Banyan Tree,3,0.3333333333333333,False,True,False,False,False,False,False,True,1339.862,76.408,1,3,3,2.1999999999999997,1166.2175527398022,3,3214.9296884089304,False,241.81750000000002
5175,602918,1979-06-15,44.0,F,True,False,canada,winnipeg,YWG,49.91,-97.234,2023-02-18,160,8,12.625,0.375,95.125,1.3333333333333333,21.0,21.0,9.666666666666666,0.0,3,0,0.0,0,0.0,2,2,1.0,327.415,155.316004487625,0.0,0.0,0.0,654.83,0,0.0,1.0,0.0,1.0,0.0,Southwest Airlines,1,1.0,YWG-MDW,2,0.5,1682.909413982134,736.2200487383111,0.0,1,87.0,0.0,0,0.0,0.0,0.0,0.0,87.0,6.0,0.0,1.0,0.0,Hilton,1,1.0,False,True,False,False,True,False,True,True,741.83,0.0,4,3,2,3.05,645.6897554740469,1,1779.9827823704209,False,327.415
5186,603278,1990-06-13,33.0,F,True,False,canada,calgary,YYC,51.114,-114.02,2023-02-18,160,8,20.75,0.375,152.625,1.3333333333333333,16.0,122.0,5.666666666666667,0.0,3,3,1.0,0,0.0,3,2,0.6666666666666666,463.0933333333333,226.456147042498,0.1,20.238,20.238,1369.042,1,0.3333333333333333,1.0,0.0,1.0,1.0,Delta Air Lines,2,0.6666666666666666,YYC-CLT,3,0.3333333333333333,2971.109974530654,441.85660911763335,0.0,3,66.33333333333333,11.372481406154654,2,0.6666666666666666,0.1,5.85,11.7,187.3,2.3333333333333335,0.5773502691896257,1.0,0.0,Marriott,2,0.6666666666666666,False,True,False,False,False,False,False,False,1556.342,31.938,4,3,4,3.75,1354.6420142269644,4,3734.362270978452,True,463.0933333333333
5187,603296,1982-07-01,41.0,F,False,False,canada,halifax,YHZ,44.881,-63.509,2023-02-18,160,8,10.125,0.375,75.125,1.3333333333333333,15.0,15.0,8.666666666666666,0.0,3,1,0.3333333333333333,0,0.0,3,3,1.0,272.0133333333333,125.608577069137,0.125,42.22625,84.4525,731.5875,2,0.6666666666666666,1.0,0.0,1.0,0.0,AirTran Airways,3,0.3333333333333333,YHZ-BWI,3,0.3333333333333333,1489.7938628282948,676.5771926385587,0.0,1,192.0,0.0,0,0.0,0.0,0.0,0.0,192.0,1.0,0.0,1.0,0.0,Accor,1,1.0,False,True,False,False,False,False,True,True,923.5875,84.4525,5,3,2,3.45,803.8917097365788,2,2216.1005190037354,False,272.0133333333333
5189,603345,1972-07-26,51.0,F,True,True,canada,saskatoon,YXE,52.171,-106.7,2023-02-18,160,8,12.5,0.25,92.0,1.6,31.0,147.0,5.5,0.0,2,2,1.0,0,0.0,2,2,1.0,274.315,257.012101757874,0.0,0.0,0.0,548.63,0,0.0,1.0,0.0,1.0,1.414213562373095,Air Canada,2,0.5,YXE-FTW,2,0.5,1398.8881407307467,1245.2607403587897,0.0,2,143.0,31.11269837220809,0,0.0,0.0,0.0,0.0,286.0,1.5,0.7071067811865476,1.0,0.0,Best Western,2,0.5,False,True,False,False,True,False,False,True,834.63,0.0,3,2,2,2.4000000000000004,1089.6944864954985,3,3003.9773862943484,True,274.315
5193,603635,1958-10-12,64.0,F,True,False,canada,hamilton,YHM,43.173,-79.935,2023-02-18,160,8,38.0,0.5,997.75,1.3333333333333333,15.0,35.0,100.0,261.0,3,3,1.0,1,0.3333333333333333,3,3,1.0,503.13,11.115718600252528,0.0,0.0,0.0,1006.26,1,0.3333333333333333,1.5,0.5773502691896257,1.0,0.0,South African Airways,3,0.3333333333333333,YHM-HLA,3,0.3333333333333333,2699.5785282156467,6158.730334775687,0.0,3,165.5,4.949747468305833,2,0.6666666666666666,0.1,16.2,16.2,314.8,8.0,3.0,1.0,0.0,Radisson,3,0.3333333333333333,False,False,False,False,True,False,False,False,1321.06,16.2,5,3,3,3.8,1149.8522685339556,3,3169.8152602055293,False,335.42
5199,604355,1992-04-23,31.0,F,False,False,usa,houston,EFD,29.607,-95.159,2023-02-19,159,8,13.5,0.375,101.5,1.6,44.0,102.0,10.333333333333334,0.0,3,2,0.6666666666666666,0,0.0,2,2,1.0,155.97,149.864211204677,0.15,39.291,39.291,272.649,1,0.5,1.0,0.0,1.5,0.7071067811865476,AirTran Airways,2,0.5,EFD-MDW,2,0.5,905.3942388437246,853.5214332695624,0.0,3,299.3333333333333,49.166384179979445,1,0.3333333333333333,0.25,89.0,89.0,809.0,3.3333333333333335,2.309401076758503,1.0,0.0,Extended Stay,3,0.3333333333333333,False,True,False,False,False,False,False,False,1081.649,128.291,2,3,3,2.5999999999999996,941.4686361009224,2,2595.3609271237115,True,155.97
5210,605096,1971-01-20,52.0,M,True,True,usa,dallas,DAL,32.847,-96.852,2023-02-19,159,8,15.25,0.375,114.375,1.3333333333333333,11.0,11.0,5.666666666666667,0.0,3,3,1.0,0,0.0,3,2,0.6666666666666666,236.49,184.069299178326,0.0,0.0,0.0,709.47,0,0.0,1.0,0.0,1.3333333333333333,1.1547005383792515,Delta Air Lines,3,0.3333333333333333,DAL-EFD,3,0.3333333333333333,1723.6264968645326,1152.5345757154269,0.0,3,170.66666666666666,144.921818003133,0,0.0,0.0,0.0,0.0,512.0,3.0,1.0,1.0,0.0,NH Hotel,3,0.3333333333333333,False,True,False,False,True,False,False,True,1221.47,0.0,5,3,3,3.8,1063.1690085584084,3,2930.85419729857,False,236.49
5215,605494,1977-10-28,45.0,F,False,True,usa,new york,JFK,40.64,-73.779,2023-02-19,159,8,17.875,0.375,133.25,1.3333333333333333,14.0,14.0,7.333333333333333,0.0,3,3,1.0,0,0.0,3,3,1.0,461.9766666666667,219.974717259355,0.0,0.0,0.0,1385.93,0,0.0,1.0,0.0,1.0,0.0,Southwest Airlines,3,0.3333333333333333,JFK-FTW,3,0.3333333333333333,2596.399719042903,1245.7577087603022,0.0,3,271.0,214.14714567325,0,0.0,0.0,0.0,0.0,813.0,2.6666666666666665,2.0816659994661326,1.0,0.0,Best Western,3,0.3333333333333333,False,True,False,False,True,False,False,True,2198.93,0.0,5,3,5,4.5,1913.9514093586747,5,5276.218998473759,False,461.9766666666667
5220,605619,1980-01-16,43.0,F,True,True,usa,miami,OPF,25.907,-80.278,2023-02-19,159,8,17.125,0.25,128.0,1.6,50.0,50.0,7.5,0.0,2,2,1.0,0,0.0,2,2,1.0,503.19,182.461833817377,0.0,0.0,0.0,1006.38,0,0.0,1.0,0.0,2.0,1.414213562373095,Delta Air Lines,1,1.0,OPF-DTW,2,0.5,2805.312660636383,1348.47834962861,0.0,2,119.0,28.284271247461902,0,0.0,0.0,0.0,0.0,238.0,3.5,0.7071067811865476,1.0,0.0,Four Seasons,2,0.5,False,True,False,False,True,False,False,True,1244.38,0.0,2,2,3,2.3499999999999996,1624.6648516172058,4,4478.738339092725,False,503.19
5221,605776,2002-11-15,20.0,F,False,False,usa,new york,JFK,40.64,-73.779,2023-02-19,159,8,16.25,0.625,121.375,1.3333333333333333,15.0,15.0,57.4,0.0,5,1,0.2,0,0.0,2,1,0.5,546.325,630.77460415746,0.05,5.015,5.015,1087.635,1,0.5,1.5,0.7071067811865476,1.0,0.0,Formosa Airlines,2,0.5,JFK-BRU,2,0.5,3234.699597994052,3750.113622014518,0.5,4,235.25,104.808953179901,0,0.0,0.0,0.0,0.0,941.0,5.25,2.9860788111948193,1.25,0.5,Hilton,3,0.5,False,True,False,False,False,False,False,True,2028.635,5.015,5,5,4,4.65,1059.4358576192062,2,2920.562963250894,False,364.2166666666667
5222,605780,1971-01-12,52.0,F,True,True,canada,montreal,YHU,45.517,-73.417,2023-02-19,159,8,9.375,0.25,70.0,1.3333333333333333,8.0,8.0,8.5,0.0,2,1,0.5,0,0.0,2,2,1.0,118.965,27.01855010913798,0.3999999999999999,55.22799999999999,55.22799999999999,182.70200000000003,1,0.5,1.0,0.0,1.0,0.0,AirTran Airways,2,0.5,YHU-BWI,2,0.5,648.5159493531373,149.09150087826106,0.0,1,55.0,0.0,0,0.0,0.0,0.0,0.0,55.0,2.0,0.0,1.0,0.0,Hyatt,1,1.0,False,True,False,False,False,False,True,True,237.70200000000003,55.22799999999999,5,2,1,2.85,310.3441750583528,1,855.5305137329585,False,118.965
5227,606060,1971-11-15,51.0,F,True,False,usa,new york,LGA,40.777,-73.872,2023-02-19,159,8,14.875,0.25,109.875,2.0,58.0,116.0,8.5,0.0,2,2,1.0,0,0.0,2,2,1.0,337.47,155.040232842962,0.0,0.0,0.0,674.94,0,0.0,1.0,0.0,1.0,0.0,Southwest Airlines,2,0.5,LGA-AUS,2,0.5,1803.8027832912462,904.8867814499025,0.0,2,151.0,76.36753236814714,0,0.0,0.0,0.0,0.0,302.0,6.0,1.414213562373095,1.0,0.0,Crowne Plaza,2,0.5,False,True,False,False,True,False,False,True,976.94,0.0,2,2,2,2.0,1275.4946882294098,3,3516.1756320362324,True,337.47
5231,606290,1985-10-20,37.0,F,True,False,usa,new york,JFK,40.64,-73.779,2023-02-19,159,10,12.0,0.4,89.2,1.6666666666666667,19.0,30.0,6.0,0.0,4,3,0.75,0,0.0,3,3,1.0,603.17,154.179783694231,0.0,0.0,0.0,1809.51,0,0.0,1.0,0.0,1.0,0.0,United Airlines,2,0.6666666666666666,JFK-IAH,3,0.3333333333333333,3398.535929654612,960.6033450683565,0.0,4,187.25,100.1577921748145,0,0.0,0.0,0.0,0.0,749.0,3.25,1.707825127659933,1.25,0.5,Crowne Plaza,4,0.25,False,True,False,False,True,False,False,True,2558.51,0.0,4,4,5,4.35,1670.197716738913,4,4604.259481811074,False,603.17
5238,606762,1973-07-02,50.0,F,False,True,usa,jacksonville,LRF,34.918,-92.146,2023-02-20,158,8,18.75,0.375,140.0,1.3333333333333333,23.0,23.0,5.666666666666667,0.0,3,2,0.6666666666666666,0,0.0,2,2,1.0,304.785,205.053895476287,0.0,0.0,0.0,609.57,0,0.0,1.0,0.0,1.5,0.7071067811865476,Alaska Airlines,2,0.5,LRF-LAX,2,0.5,1629.142942975615,1096.069955049595,0.0,3,207.33333333333334,209.662427090152,0,0.0,0.0,0.0,0.0,622.0,2.6666666666666665,1.1547005383792515,1.3333333333333333,0.5773502691896257,Banyan Tree,3,0.3333333333333333,False,True,False,False,True,False,False,True,1231.57,0.0,4,3,3,3.4,1071.9600611314881,3,2955.0886258090654,False,304.785
5239,606862,1985-01-10,38.0,F,False,False,canada,calgary,YYC,51.114,-114.02,2023-02-20,158,8,14.125,0.25,105.625,1.6,47.0,97.0,6.5,0.0,2,2,1.0,0,0.0,2,2,1.0,455.29,43.7274833485761,0.2,84.874,84.874,825.706,1,0.5,1.0,0.0,1.0,0.0,Allegiant Air,2,0.5,YYC-DAL,2,0.5,2870.8270539006708,574.5733556486836,0.0,2,97.0,60.81118318204309,1,0.5,0.05,2.7,2.7,191.3,4.5,2.1213203435596424,1.0,0.0,Crowne Plaza,2,0.5,False,True,False,False,False,False,False,False,1017.006,87.574,2,2,2,2.0,1327.8049326442147,3,3660.380079467153,True,455.29
5240,606930,1983-09-15,39.0,F,False,False,usa,charlotte,CLT,35.214,-80.943,2023-02-20,158,9,44.333333333333336,0.6666666666666666,996.6666666666666,1.8,27.0,27.0,7.0,4.0,5,4,0.8,1,0.2,5,5,1.0,598.2,253.811666792526,0.175,67.57825,135.1565,2257.6435,3,0.6,1.3333333333333333,0.8944271909999159,1.0,0.7071067811865476,United Airlines,5,0.2,CLT-YWG,5,0.2,2316.0733249176724,842.7501505536467,0.0,4,131.25,31.052375110448477,0,0.0,0.0,0.0,0.0,525.0,2.75,1.5,1.5,1.0,Choice Hotels,4,0.25,False,False,False,False,False,False,False,True,2782.6435,135.1565,3,5,5,4.2,1453.2098198399467,4,4006.085641838399,False,448.65000000000003
5247,607350,1986-08-16,36.0,F,False,True,canada,victoria,YYJ,48.647,-123.426,2023-02-20,158,8,16.0,0.375,119.5,1.6,56.0,56.0,7.0,0.0,3,2,0.6666666666666666,0,0.0,3,3,1.0,496.63,265.741320836636,0.0,0.0,0.0,1489.89,0,0.0,1.0,0.0,1.0,1.0,American Airlines,2,0.6666666666666666,YYJ-EFD,3,0.3333333333333333,2793.03679499742,1406.3506618055576,0.0,2,126.0,53.74011537017761,1,0.5,0.1,16.4,16.4,235.6,3.5,3.5355339059327378,1.0,0.0,Accor,2,0.5,False,True,False,False,True,False,False,False,1725.49,16.4,2,3,4,2.95,1501.8686439924418,4,4140.224163423341,False,496.63
5259,608343,1980-04-07,43.0,F,True,False,usa,new orleans,MSY,29.993,-90.258,2023-02-20,158,8,30.375,0.375,587.35421975,1.3333333333333333,9.0,118.0,7.0,1.0,2,2,1.0,1,0.5,2,2,1.0,133.37,0.0,0.0,0.0,0.0,133.37,1,0.5,1.0,0.0,1.0,0.0,Southwest Airlines,2,0.5,MSY-BNA,2,0.5,775.8140839361049,12.00906540332981,0.0,2,105.0,0.0,1,0.5,0.0,0.0,0.0,105.0,3.0,1.414213562373095,1.0,0.0,Marriott,2,0.5,False,False,False,False,True,False,False,True,238.37,0.0,5,2,1,2.85,311.2163171057019,1,857.9347609970691,True,133.37
5261,608520,1972-10-14,50.0,F,True,False,usa,new orleans,MSY,29.993,-90.258,2023-02-20,158,8,21.75,0.5,162.75,1.3333333333333333,11.0,11.0,6.75,0.0,4,2,0.5,0,0.0,2,2,1.0,701.31,41.98800066685719,0.1,73.1,73.1,1329.52,1,0.5,1.5,0.7071067811865476,1.0,0.0,Air Canada,2,0.5,MSY-PWM,2,0.5,2711.247842303191,826.2331092781558,0.0,4,92.75,7.22841614740048,1,0.25,0.15,14.55,14.55,356.45,4.0,1.632993161855452,1.5,0.5773502691896257,Banyan Tree,4,0.25,False,True,False,False,False,False,False,False,1685.97,87.65,5,4,4,4.4,1100.602790096699,3,3034.0484729584864,False,467.53999999999996
5262,608521,1964-09-23,58.0,F,False,True,canada,montreal,YHU,45.517,-73.417,2023-02-20,158,9,13.444444444444445,0.2222222222222222,100.33333333333333,2.25,68.0,93.0,8.0,0.0,2,2,1.0,0,0.0,2,2,1.0,708.49,64.45985417296568,0.1,66.291,66.291,1350.689,1,0.5,1.0,0.0,1.0,0.0,Alaska Airlines,2,0.5,YHU-NZY,2,0.5,3981.151752403818,0.0,0.0,2,192.0,9.899494936611665,0,0.0,0.0,0.0,0.0,384.0,3.0,1.414213562373095,1.0,0.0,Best Western,2,0.5,False,True,False,False,False,False,False,True,1734.689,66.291,1,2,4,2.3,2264.8131975658553,5,6243.445033432247,True,708.49
5268,608820,1983-12-05,39.0,F,True,True,usa,san diego,NZY,32.699,-117.215,2023-02-20,158,8,14.125,0.375,104.5,2.6666666666666665,110.0,110.0,59.0,0.0,3,2,0.6666666666666666,0,0.0,2,2,1.0,7237.175,9241.001746631693,0.1,1050.43625,2100.8725,12373.4775,2,1.0,3.5,3.5355339059327378,3.5,2.1213203435596424,AirTran Airways,2,0.5,NZY-LGA,2,0.5,8617.017294136913,6625.896505991211,0.5,3,138.0,16.522711641858304,1,0.3333333333333333,0.1,15.7,15.7,398.3,7.333333333333333,5.507570547286102,2.0,1.0,Fairmont,3,0.3333333333333333,False,True,False,False,False,False,False,False,12771.7775,2116.5725,1,3,5,2.9,11116.571035067245,5,30645.220670862513,True,2067.764285714286
5280,609240,1970-10-05,52.0,F,False,True,canada,toronto,YYZ,43.677,-79.631,2023-02-21,157,8,18.375,0.375,136.125,1.3333333333333333,26.0,119.0,7.333333333333333,0.0,3,3,1.0,0,0.0,3,3,1.0,302.7,169.666578618183,0.0,0.0,0.0,908.1,0,0.0,1.0,0.0,1.3333333333333333,0.5773502691896257,China Eastern Airlines,3,0.3333333333333333,YYZ-BIF,3,0.3333333333333333,1740.5597588717076,1060.7028507836503,0.0,3,101.33333333333333,33.201405592735576,1,0.3333333333333333,0.2,12.6,12.6,291.4,2.6666666666666665,1.1547005383792515,1.0,0.0,Choice Hotels,3,0.3333333333333333,False,True,False,False,True,False,False,False,1199.5,12.6,4,3,3,3.4,1044.0462932088474,2,2878.138316667322,True,302.7
5281,609243,1986-07-21,37.0,M,False,True,usa,minneapolis,MSP,44.88,-93.217,2023-02-21,157,8,16.625,0.375,124.75,1.6,28.0,59.0,11.0,0.0,3,2,0.6666666666666666,0,0.0,2,2,1.0,578.47,225.849905910983,0.1,41.877,41.877,1115.063,1,0.5,1.5,0.7071067811865476,1.0,0.0,Allegiant Air,2,0.5,MSP-LAS,2,0.5,2277.826222958387,268.3844282220572,0.0,3,207.66666666666666,131.153853673208,0,0.0,0.0,0.0,0.0,623.0,5.666666666666667,5.686240703077327,1.3333333333333333,0.5773502691896257,Choice Hotels,3,0.3333333333333333,False,True,False,False,False,False,False,True,1738.063,41.877,3,3,4,3.35,1512.8121988440591,4,4170.3924277463575,False,385.6466666666667
5289,609800,1976-01-06,47.0,F,True,True,canada,ottawa,YOW,45.323,-75.669,2023-02-21,157,9,14.88888888888889,0.2222222222222222,111.0,1.8,35.0,123.0,9.0,0.0,2,2,1.0,0,0.0,2,2,1.0,329.485,211.672414948193,0.05,8.9905,8.9905,649.9795,1,0.5,1.0,0.0,1.0,0.0,Delta Air Lines,2,0.5,YOW-ORD,2,0.5,1845.513099923132,1126.707068376436,0.0,2,74.5,9.192388155425117,0,0.0,0.0,0.0,0.0,149.0,2.5,0.7071067811865476,1.0,0.0,Extended Stay,2,0.5,False,True,False,False,False,False,False,True,798.9795,8.9905,3,2,2,2.4000000000000004,1043.1491271257087,2,2875.66508526265,True,329.485
5298,610338,2005-05-11,18.0,F,False,True,usa,columbus,CMH,39.998,-82.892,2023-02-21,157,8,11.375,0.375,150.5,1.6,46.0,47.0,116.0,224.0,2,2,1.0,1,0.5,2,2,1.0,147.31,0.0,0.0,0.0,0.0,147.31,1,0.5,1.6666666666666667,0.7071067811865476,1.0,0.0,Alaska Airlines,2,0.5,CMH-TUS,2,0.5,775.5475076244146,1324.5541766028825,0.0,2,109.0,0.0,1,0.5,0.0,0.0,0.0,109.0,11.0,7.0710678118654755,1.0,0.0,Radisson,2,0.5,False,False,False,False,True,False,False,True,256.31,0.0,2,2,1,1.65,334.6388146048683,1,922.5039165631531,False,88.386
5299,610395,1968-10-25,54.0,F,True,False,usa,fayetteville,FYV,36.005,-94.17,2023-02-21,157,8,13.125,0.375,97.25,1.6,56.0,63.0,5.666666666666667,0.0,3,2,0.6666666666666666,0,0.0,2,2,1.0,390.37,6.40638743755012,0.0,0.0,0.0,780.74,0,0.0,1.0,0.0,1.0,0.0,Air Canada,2,0.5,FYV-LSQ,2,0.5,2259.8395446271015,63.99052594370604,0.0,3,313.6666666666667,226.614945079386,0,0.0,0.0,0.0,0.0,941.0,2.6666666666666665,1.5275252316519468,1.0,0.0,Choice Hotels,3,0.3333333333333333,False,True,False,False,True,False,False,True,1721.74,0.0,2,3,4,2.95,1498.604639324219,4,4131.226232045682,False,390.37
5318,611583,1985-12-05,37.0,M,False,True,usa,jacksonville,JAX,30.494,-81.688,2023-02-22,156,8,17.25,0.375,129.25,1.6,44.0,83.0,6.666666666666667,0.0,3,2,0.6666666666666666,0,0.0,3,3,1.0,246.68333333333334,12.518232037046339,0.0,0.0,0.0,740.05,0,0.0,1.0,0.0,1.0,0.0,American Airlines,3,0.3333333333333333,JAX-ORD,3,0.3333333333333333,1411.9049059144927,76.63735857101648,0.0,2,166.5,143.542676580869,0,0.0,0.0,0.0,0.0,333.0,2.0,0.0,1.0,0.0,Four Seasons,2,0.5,False,True,False,False,True,False,False,True,1073.05,0.0,2,3,3,2.5999999999999996,933.9840557963765,2,2574.728070612647,False,246.68333333333334
5320,611852,1983-09-08,39.0,M,False,False,usa,akron,AKR,41.038,-81.467,2023-02-22,156,8,13.25,0.25,99.75,1.6,46.0,124.0,7.0,0.0,2,2,1.0,0,0.0,2,2,1.0,54.7,13.958287860622448,0.05,2.2415,2.2415,107.1585,1,0.5,1.0,0.0,1.0,0.0,Air New Zealand,2,0.5,AKR-HLZ,2,0.5,313.4816057120715,62.99929408556747,0.0,2,193.5,85.55992052357225,1,0.5,0.2,26.6,26.6,360.4,1.0,0.0,1.0,0.0,Best Western,2,0.5,False,True,False,False,False,False,False,False,467.5585,28.8415,2,2,1,1.65,610.4452506668889,1,1682.8237192165461,True,54.7
5322,611954,1981-02-24,42.0,F,False,False,usa,st. louis,STL,38.748,-90.36,2023-02-22,156,7,12.428571428571429,0.42857142857142855,93.71428571428571,1.75,68.0,90.0,7.0,0.0,3,3,1.0,0,0.0,3,3,1.0,224.47666666666666,58.14594941466975,0.15,23.925,23.925,649.505,1,0.3333333333333333,1.0,0.0,1.0,0.0,Air Canada,3,0.3333333333333333,STL-LGA,3,0.3333333333333333,1291.2181878203776,187.42822265279753,0.0,3,209.66666666666666,47.43767841424508,1,0.3333333333333333,0.05,11.35,11.35,617.65,3.0,1.7320508075688772,1.0,0.0,Aman Resorts,3,0.3333333333333333,False,True,False,False,False,False,False,False,1267.155,35.275,1,3,3,2.1999999999999997,1102.93328942981,3,3040.472995962135,False,224.47666666666666
5325,612175,1986-09-09,36.0,F,True,True,usa,little rock,LIT,34.729,-92.224,2023-02-22,156,8,12.125,0.375,90.375,1.6,47.0,85.0,6.666666666666667,0.0,3,2,0.6666666666666666,0,0.0,2,2,1.0,304.755,35.60282643274267,0.0,0.0,0.0,609.51,0,0.0,1.0,0.0,1.5,0.7071067811865476,Delta Air Lines,2,0.5,LIT-JFK,2,0.5,1675.5065978607972,100.89601729469474,0.0,3,290.6666666666667,289.904007101201,0,0.0,0.0,0.0,0.0,872.0,4.333333333333333,5.773502691896257,1.6666666666666667,1.1547005383792515,Banyan Tree,3,0.3333333333333333,False,True,False,False,True,False,False,True,1481.51,0.0,2,3,3,2.5999999999999996,1289.508148271646,3,3554.806750750983,False,304.755
5326,612220,2006-10-12,16.0,M,False,False,usa,lubbock,LBB,33.664,-101.823,2023-02-22,156,8,33.125,0.375,961.0,2.0,60.0,102.0,102.0,154.0,2,0,0.0,1,0.5,2,1,0.5,438.49,0.0,0.3,0.0,0.0,438.49,1,0.5,1.6666666666666667,0.7071067811865476,1.5,0.7071067811865476,Ryanair,2,0.5,LBB-XSP,2,0.5,2590.895809055671,8971.250489819779,0.0,0,0.0,0.0,0,0.0,0.0,0.0,0.0,0.0,0.0,0.0,0.0,0.0,MISSING,0,0.0,False,False,False,False,True,True,False,True,438.49,0.0,2,2,1,1.65,572.4933627875959,1,1578.2011719159493,True,263.094
5339,613442,1988-08-08,34.0,M,False,False,usa,fresno,FAT,36.776,-119.718,2023-02-23,155,8,20.125,0.5,149.0,1.3333333333333333,24.0,43.0,8.75,0.0,4,3,0.75,0,0.0,3,3,1.0,372.55333333333334,301.179364222274,0.0,0.0,0.0,1117.66,0,0.0,1.0,0.0,1.0,0.0,United Airlines,2,0.6666666666666666,FAT-EFD,3,0.3333333333333333,2173.522435525324,1812.7452732410093,0.0,4,276.25,164.000762193351,2,0.5,0.1,16.2,32.4,1072.6,2.25,0.9574271077563381,1.0,0.0,Accor,4,0.25,False,True,False,False,True,False,False,False,2190.26,32.4,4,4,5,4.35,1429.8037729243083,4,3941.561835846459,False,372.55333333333334
5348,614311,1974-04-10,49.0,F,True,False,usa,memphis,MEM,35.042,-89.977,2023-02-23,155,8,14.5,0.375,395.0404875,1.3333333333333333,4.0,50.0,132.0,207.0,2,1,0.5,1,0.5,2,2,1.0,305.05,0.0,0.05,0.0,0.0,305.05,1,0.5,1.6666666666666667,0.7071067811865476,1.5,0.7071067811865476,Japan Airlines,2,0.5,MEM-HAN,2,0.5,1549.5257817733457,8479.12802388429,0.0,1,44.0,0.0,0,0.0,0.0,0.0,0.0,44.0,3.0,0.0,1.0,0.0,Marriott,1,1.0,False,False,False,False,True,False,True,True,349.05,0.0,5,2,1,2.85,455.7203317772591,1,1256.2911789488064,False,183.03
5350,614549,1996-01-12,27.0,F,False,False,usa,el paso,BIF,31.849,-106.38,2023-02-23,155,8,17.5,0.375,129.125,1.3333333333333333,14.0,14.0,10.666666666666666,0.0,3,2,0.6666666666666666,0,0.0,2,2,1.0,850.355,443.561012770509,0.0,0.0,0.0,1700.71,0,0.0,1.5,0.7071067811865476,1.0,1.414213562373095,Air Canada,2,0.5,BIF-JFK,1,1.0,3062.2046199096585,0.0,0.0,3,118.33333333333333,89.77935917199083,1,0.3333333333333333,0.1,6.6,6.6,348.4,2.6666666666666665,0.5773502691896257,1.3333333333333333,0.5773502691896257,Marriott,2,0.6666666666666666,False,True,False,False,True,False,False,False,2049.11,6.6,5,3,4,4.15,1783.5478948538403,5,4916.733644073512,False,566.9033333333333
5354,614748,1976-02-05,47.0,F,False,True,usa,san diego,NZY,32.699,-117.215,2023-02-23,155,8,47.0,0.5,1064.125,1.6,35.0,35.0,6.666666666666667,0.0,3,3,1.0,1,0.3333333333333333,3,3,1.0,426.325,393.215009950027,0.0,0.0,0.0,852.65,1,0.3333333333333333,1.25,0.5773502691896257,1.0,0.0,WestJet,3,0.3333333333333333,NZY-YEG,3,0.3333333333333333,2176.3446246230574,1758.3318214278922,0.0,3,394.0,127.279220613579,1,0.3333333333333333,0.0,0.0,0.0,788.0,3.6666666666666665,0.5773502691896257,1.3333333333333333,0.5773502691896257,Best Western,2,0.6666666666666666,False,False,False,False,True,False,False,True,1640.65,0.0,3,3,4,3.35,1428.0238023785705,4,3936.6549639351747,False,341.06
5359,614918,1984-12-25,38.0,F,False,False,canada,toronto,YKZ,43.862,-79.37,2023-02-23,155,5,14.2,0.4,106.4,1.25,59.0,78.0,5.0,0.0,2,2,1.0,0,0.0,2,2,1.0,253.385,103.90934149536317,0.05,8.9955,8.9955,497.7745,1,0.5,1.0,0.0,1.0,0.0,AirTran Airways,1,1.0,YKZ-BNA,2,0.5,1504.7375840937107,627.4446301676409,0.0,2,137.5,65.76093065034893,1,0.5,0.1,9.1,9.1,265.9,2.5,0.7071067811865476,1.0,0.0,Banyan Tree,2,0.5,False,True,False,False,False,False,False,False,763.6745,18.0955,2,2,2,2.0,997.054853201067,2,2748.5962983473432,False,253.385
5364,615489,1967-04-26,56.0,F,True,True,usa,montgomery,MXF,32.379,-86.362,2023-02-23,155,8,31.75,0.375,949.75,1.3333333333333333,3.0,50.0,104.5,150.0,2,1,0.5,1,0.5,2,2,1.0,396.18,0.0,0.1,0.0,0.0,396.18,1,0.5,2.6666666666666665,0.7071067811865476,1.0,1.414213562373095,United Airlines,2,0.5,MXF-LSQ,2,0.5,1101.0748703394854,1325.7852938466538,0.0,1,108.0,0.0,0,0.0,0.0,0.0,0.0,108.0,1.0,0.0,2.0,0.0,Conrad,1,1.0,False,False,False,False,True,False,True,True,504.18,0.0,5,2,1,2.85,658.2583494498166,1,1814.630816795328,False,148.56750000000002
5377,616518,1978-10-05,44.0,F,False,False,usa,new york,LGA,40.777,-73.872,2023-02-24,154,9,14.11111111111111,0.2222222222222222,105.77777777777777,1.8,51.0,119.0,9.0,0.0,2,2,1.0,0,0.0,2,2,1.0,369.88,378.217275121061,0.0,0.0,0.0,739.76,0,0.0,1.0,0.0,1.0,0.0,American Airlines,2,0.5,LGA-LSV,2,0.5,2083.638881936477,2144.5075637362343,0.0,2,68.5,53.033008588991066,0,0.0,0.0,0.0,0.0,137.0,2.5,0.7071067811865476,1.0,0.0,Rosewood,1,1.0,False,True,False,False,True,False,False,True,876.76,0.0,2,2,2,2.0,1144.699493164388,3,3155.6105258706643,True,369.88
5394,617506,1979-12-02,43.0,F,True,False,canada,halifax,YHZ,44.881,-63.509,2023-02-24,154,8,11.75,0.25,88.25,1.3333333333333333,11.0,11.0,9.0,0.0,2,2,1.0,0,0.0,2,2,1.0,1216.54,1485.150514661729,0.0,0.0,0.0,2433.08,0,0.0,2.0,1.414213562373095,1.0,0.0,American Airlines,2,0.5,YHZ-LGA,2,0.5,2858.017955287286,2682.919387974094,0.0,2,200.0,49.49747468305833,0,0.0,0.0,0.0,0.0,400.0,6.0,5.656854249492381,2.0,1.414213562373095,Crowne Plaza,2,0.5,False,True,False,False,True,False,False,True,2833.08,0.0,5,2,5,4.25,3698.874538179393,5,10196.743770967725,False,608.27
5400,617994,1978-08-28,44.0,F,False,False,canada,toronto,YYZ,43.677,-79.631,2023-02-25,153,8,16.0,0.375,118.125,2.0,67.0,67.0,4.666666666666667,0.0,3,2,0.6666666666666666,0,0.0,2,2,1.0,120.555,10.062129496284571,0.0,0.0,0.0,241.11,0,0.0,1.5,0.7071067811865476,1.0,1.414213562373095,Allegiant Air,2,0.5,YYZ-LCK,2,0.5,610.6305895598043,170.3929074939367,0.0,3,117.33333333333333,67.39683474268902,1,0.3333333333333333,0.2,19.8,19.8,332.2,6.0,5.0,1.3333333333333333,0.5773502691896257,Four Seasons,3,0.3333333333333333,False,True,False,False,True,False,False,False,573.31,19.8,1,3,1,1.5,499.0097376903412,1,1375.6277435002437,False,80.37
5403,618157,1986-06-17,37.0,F,True,True,usa,detroit,DTW,42.212,-83.353,2023-02-25,153,8,34.25,0.5,1009.75,1.6,47.0,50.0,79.0,222.0,3,3,1.0,1,0.3333333333333333,3,2,0.6666666666666666,86.615,48.13275859536829,0.0,0.0,0.0,173.23,1,0.3333333333333333,3.0,2.309401076758503,2.3333333333333335,1.5275252316519468,Ryanair,2,0.6666666666666666,DTW-STN,3,0.3333333333333333,831.7379570565652,644.9641017522239,0.0,3,736.5,593.262589415513,2,0.6666666666666666,0.15,173.4,173.4,1299.6,6.666666666666667,3.511884584284246,1.6666666666666667,1.1547005383792515,Four Seasons,3,0.3333333333333333,False,False,False,False,True,False,False,False,1472.83,173.4,2,3,3,2.5999999999999996,1281.9530654662665,3,3533.9795389221613,False,28.871666666666666
5407,618266,1980-11-15,42.0,F,False,True,usa,miami,OPF,25.907,-80.278,2023-02-25,153,8,20.5,0.375,538.261396625,1.3333333333333333,6.0,23.0,170.5,319.0,2,1,0.5,1,0.5,2,2,1.0,309.68,0.0,0.0,0.0,0.0,309.68,1,0.5,1.6666666666666667,0.7071067811865476,1.0,0.0,United Airlines,2,0.5,OPF-PNE,2,0.5,1851.7944753307493,162.68571470872004,0.0,1,367.0,0.0,1,1.0,0.1,36.7,36.7,330.3,4.0,0.0,1.0,0.0,Aman Resorts,1,1.0,False,False,False,False,True,False,True,False,639.98,36.7,5,2,2,3.2,835.5590830276759,2,2303.398449229787,False,185.808
5408,618308,1965-02-05,58.0,F,True,True,usa,memphis,MEM,35.042,-89.977,2023-02-25,153,10,14.9,0.2,110.3,1.6666666666666667,25.0,68.0,7.5,0.0,2,2,1.0,0,0.0,2,2,1.0,230.505,127.01759110454,0.1,32.032,32.032,428.978,1,0.5,1.0,0.0,1.0,0.0,Etihad Airways,2,0.5,MEM-NZY,2,0.5,1647.4203770230392,1234.541261805598,0.0,2,244.0,199.404112294606,1,0.5,0.1,38.5,38.5,449.5,2.5,2.1213203435596424,1.0,0.0,Crowne Plaza,2,0.5,False,True,False,False,False,False,False,False,878.478,70.532,4,2,2,2.8,1146.9425171723908,3,3161.7939043133924,False,230.505
5412,618429,1977-06-14,46.0,M,False,True,usa,philadelphia,PHL,39.872,-75.241,2023-02-25,153,8,21.25,0.375,156.625,1.6,35.0,35.0,9.0,0.0,3,3,1.0,0,0.0,3,2,0.6666666666666666,390.36333333333334,195.872273773838,0.0,0.0,0.0,1171.09,0,0.0,1.0,0.0,1.0,1.0,American Airlines,3,0.3333333333333333,PHL-LAX,3,0.3333333333333333,2940.2595390401634,1586.7048980557029,0.0,3,128.66666666666666,71.86329614854397,1,0.3333333333333333,0.15,29.4,29.4,356.6,4.0,2.6457513110645907,1.0,0.0,Hilton,3,0.3333333333333333,False,True,False,False,True,False,False,False,1527.69,29.4,3,3,4,3.35,1329.703277759253,3,3665.6132763564,False,390.36333333333334
5413,618535,1995-06-28,28.0,F,False,True,usa,indianapolis,IND,39.717,-86.294,2023-02-25,153,8,14.375,0.375,106.25,1.3333333333333333,8.0,8.0,6.0,0.0,3,3,1.0,0,0.0,3,3,1.0,574.49,438.839829892411,0.0,0.0,0.0,1723.47,0,0.0,1.6666666666666667,0.5773502691896257,1.0,1.0,American Airlines,2,0.6666666666666666,IND-AUS,3,0.3333333333333333,1778.7649830074213,1018.0710798330238,0.0,3,160.66666666666666,96.74881566889248,0,0.0,0.0,0.0,0.0,482.0,9.666666666666666,10.785793124908958,1.6666666666666667,0.5773502691896257,Choice Hotels,3,0.3333333333333333,False,True,False,False,True,False,False,True,2205.47,0.0,5,3,5,4.5,1919.6438335000555,5,5291.911390796397,False,344.694
5414,618642,1984-06-17,39.0,F,True,False,usa,honolulu,HNL,21.316,-157.927,2023-02-25,153,8,13.125,0.25,97.125,1.6,36.0,89.0,6.5,0.0,2,0,0.0,0,0.0,2,2,1.0,1164.45,418.50821951307,0.0,0.0,0.0,2328.9,0,0.0,1.0,0.0,1.0,0.0,Kuwait Airways,2,0.5,HNL-JFK,2,0.5,6518.124040000956,2105.975751212322,1.0,0,0.0,0.0,0,0.0,0.0,0.0,0.0,0.0,0.0,0.0,0.0,0.0,MISSING,0,0.0,False,True,False,False,True,True,False,True,2328.9,0.0,3,2,5,3.45,3040.6161887295766,5,8382.112954172397,False,1164.45
5419,618881,1960-09-25,62.0,F,True,False,usa,new york,JFK,40.64,-73.779,2023-02-25,153,9,16.77777777777778,0.3333333333333333,126.66666666666667,1.5,11.0,11.0,10.666666666666666,0.0,3,2,0.6666666666666666,0,0.0,3,3,1.0,746.6366666666667,666.631547733329,0.0,0.0,0.0,2239.91,0,0.0,1.6666666666666667,1.1547005383792515,1.3333333333333333,1.5275252316519468,Conviasa,3,0.3333333333333333,JFK-BNA,3,0.3333333333333333,2347.680700080165,1036.6021527657074,0.0,2,192.5,37.476659402887016,0,0.0,0.0,0.0,0.0,385.0,2.0,1.414213562373095,2.0,1.414213562373095,Extended Stay,2,0.5,False,True,False,False,True,False,False,True,2624.91,0.0,5,3,5,4.5,2284.724931643881,5,6298.336014008521,False,447.98199999999997
5425,619432,1990-11-02,32.0,F,False,False,usa,el paso,ELP,31.807,-106.378,2023-02-25,153,8,12.625,0.5,94.0,1.3333333333333333,12.0,12.0,61.5,0.0,4,2,0.5,0,0.0,3,3,1.0,416.62333333333333,127.556679297218,0.0,0.0,0.0,1249.87,0,0.0,1.3333333333333333,0.5773502691896257,1.0,1.0,Air Canada,3,0.3333333333333333,ELP-ORD,3,0.3333333333333333,2004.741607686731,1198.1939444675086,0.0,3,132.66666666666666,14.571661996262929,1,0.3333333333333333,0.05,6.05,6.05,391.95,7.666666666666667,8.962886439832502,1.0,0.0,Choice Hotels,3,0.3333333333333333,False,True,False,False,True,False,False,False,1641.82,6.05,5,4,4,4.4,1071.781628876292,3,2954.5967388937534,False,312.46750000000003
5457,622248,1988-11-15,34.0,F,True,False,usa,indianapolis,IND,39.717,-86.294,2023-02-26,152,8,15.375,0.5,115.5,1.3333333333333333,12.0,12.0,6.5,0.0,4,2,0.5,0,0.0,3,3,1.0,318.7966666666667,137.047951219029,0.0,0.0,0.0,956.39,0,0.0,1.0,0.0,1.0,0.0,Delta Air Lines,3,0.3333333333333333,IND-FAT,3,0.3333333333333333,1791.3176639791452,990.1638730085514,0.0,3,105.33333333333333,44.467216388406115,0,0.0,0.0,0.0,0.0,316.0,5.666666666666667,2.516611478423583,1.0,0.0,Conrad,3,0.3333333333333333,False,True,False,False,True,False,False,True,1272.39,0.0,5,4,3,4.05,830.6173799599867,2,2289.775581124011,False,318.7966666666667
5459,622343,1977-06-15,46.0,F,False,False,usa,chicago,ORD,41.979,-87.904,2023-02-26,152,8,36.0,0.375,717.721317375,1.3333333333333333,7.0,16.0,8.0,1.0,2,1,0.5,1,0.5,2,2,1.0,420.14,0.0,0.0,0.0,0.0,420.14,1,0.5,1.0,0.0,1.0,0.0,Delta Air Lines,2,0.5,ORD-LGA,2,0.5,2224.298285880666,732.944197124968,0.0,1,246.0,0.0,0,0.0,0.0,0.0,0.0,246.0,3.0,0.0,1.0,0.0,Starwood,1,1.0,False,False,False,False,True,False,True,True,666.14,0.0,5,2,2,3.2,869.7136278759587,2,2397.552803165615,False,420.14
5464,623043,1985-05-27,38.0,F,False,False,canada,edmonton,YXD,53.573,-113.521,2023-02-27,151,7,12.571428571428571,0.42857142857142855,93.42857142857143,1.4,34.0,119.0,8.0,0.0,3,3,1.0,0,0.0,3,3,1.0,429.67333333333335,15.88800281134584,0.0,0.0,0.0,1289.02,0,0.0,1.0,0.0,1.3333333333333333,1.5275252316519468,AirTran Airways,3,0.3333333333333333,YXD-CMH,3,0.3333333333333333,2811.8871266627098,213.78989314561343,0.0,3,137.33333333333334,73.07758434248721,0,0.0,0.0,0.0,0.0,412.0,2.3333333333333335,1.5275252316519468,1.0,0.0,Aman Resorts,3,0.3333333333333333,False,True,False,False,True,False,False,True,1701.02,0.0,3,3,4,3.35,1480.5699255307325,4,4081.5096618736547,True,429.67333333333335
5474,623941,1983-07-08,40.0,F,False,True,canada,toronto,YYZ,43.677,-79.631,2023-02-27,151,8,13.5,0.5,100.5,2.0,57.0,57.0,6.75,0.0,4,2,0.5,0,0.0,3,3,1.0,227.18666666666667,160.759133592258,0.3999999999999999,86.61999999999998,86.61999999999998,594.94,1,0.3333333333333333,2.0,1.7320508075688772,1.3333333333333333,1.1547005383792515,American Airlines,3,0.3333333333333333,YYZ-LGA,3,0.3333333333333333,809.3521119263199,431.705533953236,0.0,3,233.66666666666666,127.61008319617,0,0.0,0.0,0.0,0.0,701.0,4.333333333333333,3.2145502536643185,1.0,0.0,Four Seasons,3,0.3333333333333333,False,True,False,False,False,False,False,True,1295.94,86.61999999999998,2,4,3,2.8499999999999996,845.9908419473157,2,2332.1558379127864,False,113.59333333333333
5478,624215,1985-05-14,38.0,F,False,True,usa,austin,AUS,30.194,-97.67,2023-02-27,151,7,24.714285714285715,0.42857142857142855,182.28571428571428,1.1666666666666667,9.0,9.0,8.0,0.0,3,3,1.0,0,0.0,3,3,1.0,419.37333333333333,69.09379229231331,0.1,43.976,43.976,1214.144,1,0.3333333333333333,1.3333333333333333,0.5773502691896257,1.0,1.0,Southwest Airlines,2,0.6666666666666666,AUS-DEN,3,0.3333333333333333,1990.7868917061387,808.4089975724556,0.0,3,152.66666666666666,90.69362344362106,0,0.0,0.0,0.0,0.0,458.0,2.0,1.0,1.3333333333333333,0.5773502691896257,Four Seasons,3,0.3333333333333333,False,True,False,False,False,False,False,True,1672.144,43.976,5,3,4,4.15,1455.4362191841726,4,4012.2231908173103,False,314.53000000000003
5480,624497,1995-10-22,27.0,F,False,True,canada,edmonton,YXD,53.573,-113.521,2023-02-27,151,8,80.25,0.625,2025.125,1.6,38.0,38.0,11.333333333333334,3.0,3,2,0.6666666666666666,2,0.6666666666666666,2,2,1.0,1226.42,0.0,0.0,0.0,0.0,1226.42,1,0.5,1.6666666666666667,1.414213562373095,1.5,2.1213203435596424,Ryanair,2,0.5,YXD-LSQ,2,0.5,2745.124662064627,373.738782634276,0.0,3,141.0,0.0,2,0.6666666666666666,0.0,0.0,0.0,141.0,3.6666666666666665,2.8867513459481287,1.6666666666666667,1.1547005383792515,Crowne Plaza,3,0.3333333333333333,False,False,False,False,True,False,False,True,1367.42,0.0,3,3,3,3.0,1190.2040702456375,3,3281.053686517074,False,735.852
5481,624593,1983-10-04,39.0,M,True,True,usa,new york,JFK,40.64,-73.779,2023-02-27,151,8,22.625,0.25,168.375,2.0,59.0,106.0,5.5,0.0,2,2,1.0,0,0.0,2,1,0.5,310.96,78.51713698295424,0.0,0.0,0.0,621.92,0,0.0,1.0,0.0,1.0,0.0,Delta Air Lines,2,0.5,JFK-JAX,2,0.5,2654.353060858021,1866.5593616949707,0.0,2,84.0,52.32590180780452,0,0.0,0.0,0.0,0.0,168.0,5.0,1.414213562373095,1.0,0.0,Choice Hotels,2,0.5,False,True,False,False,True,False,False,True,789.92,0.0,2,2,2,2.0,1031.3210270090028,2,2843.058381536287,True,310.96
5483,624762,1981-09-01,41.0,F,True,True,usa,chicago,UGN,42.422,-87.868,2023-02-27,151,8,11.125,0.25,83.375,2.0,57.0,57.0,7.0,0.0,2,2,1.0,0,0.0,2,2,1.0,182.0,9.98434775035405,0.45,78.723,78.723,285.277,1,0.5,1.5,0.7071067811865476,1.0,0.0,American Airlines,1,1.0,UGN-LGA,2,0.5,845.1441878133643,484.8030920258802,0.0,2,277.0,14.142135623730951,0,0.0,0.0,0.0,0.0,554.0,3.0,1.414213562373095,1.5,0.7071067811865476,Hyatt,2,0.5,False,True,False,False,False,False,False,True,839.277,78.723,2,2,2,2.0,1095.761618372791,3,3020.702741139142,False,121.33333333333333
5484,624913,1983-09-25,39.0,M,False,True,canada,halifax,YAW,44.64,-63.499,2023-02-27,151,8,16.25,0.375,121.0,1.3333333333333333,22.0,22.0,8.333333333333334,0.0,3,3,1.0,0,0.0,3,2,0.6666666666666666,466.0733333333333,184.400731108457,0.15,50.1645,50.1645,1348.0555,1,0.3333333333333333,1.0,0.0,1.0,1.0,American Airlines,3,0.3333333333333333,YAW-LOU,3,0.3333333333333333,3326.3797234569042,1285.3057798098741,0.0,3,221.66666666666666,116.001436772711,1,0.3333333333333333,0.1,28.1,28.1,636.9,2.3333333333333335,0.5773502691896257,1.0,0.0,Banyan Tree,3,0.3333333333333333,False,True,False,False,False,False,False,False,1984.9555,78.2645,4,3,4,3.75,1727.7077381905078,5,4762.798233788698,False,466.0733333333333
5516,627893,1992-03-09,31.0,F,False,False,usa,new york,JFK,40.64,-73.779,2023-03-01,149,8,25.75,0.375,191.625,1.6,7.0,83.0,9.0,0.0,3,2,0.6666666666666666,0,0.0,2,2,1.0,260.54,241.052701706494,0.15,64.6485,64.6485,456.4315,1,0.5,1.0,0.0,1.0,0.0,Delta Air Lines,1,1.0,JFK-SAT,2,0.5,1539.6257654654464,1409.3110883880836,0.0,3,197.33333333333334,115.517675415208,0,0.0,0.0,0.0,0.0,592.0,3.6666666666666665,3.0550504633038935,1.3333333333333333,0.5773502691896257,Choice Hotels,3,0.3333333333333333,False,True,False,False,False,False,False,True,1048.4315,64.6485,5,3,2,3.45,912.5560827498053,2,2515.6572509804046,False,260.54
5522,628671,1988-01-27,35.0,F,False,True,usa,new york,JFK,40.64,-73.779,2023-03-01,149,8,11.75,0.25,87.75,1.6,23.0,23.0,7.5,0.0,2,2,1.0,0,0.0,2,2,1.0,481.415,398.843579928272,0.05,38.172,38.172,924.658,1,0.5,1.5,0.7071067811865476,1.0,0.0,Ryanair,2,0.5,JFK-EFD,2,0.5,1672.0090182703543,873.4013034737209,0.0,2,87.0,5.656854249492381,0,0.0,0.0,0.0,0.0,174.0,2.5,2.1213203435596424,1.5,0.7071067811865476,Marriott,2,0.5,False,True,False,False,False,False,False,True,1098.658,38.172,4,2,3,3.15,1434.4099363121038,4,3954.259716606611,False,320.9433333333333
5524,628752,1978-12-05,44.0,F,False,True,usa,birmingham,BHM,33.563,-86.753,2023-03-01,149,8,18.75,0.25,138.375,1.6,12.0,68.0,11.5,0.0,2,1,0.5,0,0.0,2,2,1.0,359.68,212.245171440954,0.1,50.976,50.976,668.384,1,0.5,1.0,0.0,1.0,0.0,American Airlines,2,0.5,BHM-PNE,2,0.5,2218.233109913573,1381.5422911128321,0.0,1,138.0,0.0,0,0.0,0.0,0.0,0.0,138.0,2.0,0.0,1.0,0.0,Choice Hotels,1,1.0,False,True,False,False,False,False,True,True,806.384,50.976,5,2,2,3.2,1052.8164561520507,2,2902.3151584170014,False,359.68
5527,629647,1990-03-01,33.0,F,False,False,usa,new york,LGA,40.777,-73.872,2023-03-01,149,8,19.75,0.25,147.0,1.6,26.0,58.0,8.5,0.0,2,2,1.0,0,0.0,2,1,0.5,172.125,91.12485089151038,0.15,35.484,35.484,308.766,1,0.5,1.0,0.0,1.0,0.0,Air Canada,2,0.5,LGA-DEN,2,0.5,1583.3464559950612,1436.9872298173468,0.0,2,107.5,20.506096654409877,0,0.0,0.0,0.0,0.0,215.0,3.0,2.8284271247461903,1.0,0.0,Best Western,2,0.5,False,True,False,False,False,False,False,True,523.766,35.484,4,2,1,2.45,683.8298676225407,1,1885.1242103804625,False,172.125
5531,629803,1983-04-15,40.0,M,False,True,usa,tulsa,TUL,36.198,-95.888,2023-03-01,149,8,19.625,0.375,144.375,1.6,7.0,7.0,8.0,0.0,3,2,0.6666666666666666,0,0.0,3,3,1.0,453.80333333333334,286.288733682158,0.1,15.423,15.423,1345.987,1,0.3333333333333333,1.3333333333333333,0.5773502691896257,1.0,0.0,Delta Air Lines,2,0.6666666666666666,TUL-FAT,3,0.3333333333333333,1837.8161941876854,806.3275424159814,0.0,2,163.0,22.627416997969522,1,0.5,0.15,26.85,26.85,299.15,3.0,0.0,1.5,0.7071067811865476,Best Western,2,0.5,False,True,False,False,False,False,False,False,1645.137,42.273,5,3,4,4.15,1431.9292927642548,4,3947.4212887595904,False,340.3525
5536,630097,1979-05-06,44.0,F,True,False,usa,santa ana,SNA,33.676,-117.868,2023-03-02,148,8,14.25,0.375,105.125,2.0,36.0,36.0,6.0,0.0,3,2,0.6666666666666666,0,0.0,2,2,1.0,587.7,68.23580438450183,0.0,0.0,0.0,1175.4,0,0.0,1.0,0.0,1.0,0.0,Cubana de Aviación,2,0.5,SNA-UGN,2,0.5,3134.622805608109,500.186345254772,0.0,3,202.33333333333334,74.84873635094539,0,0.0,0.0,0.0,0.0,607.0,4.0,2.0,1.0,0.0,Four Seasons,3,0.3333333333333333,False,True,False,False,True,False,False,True,1782.4,0.0,3,3,4,3.35,1551.4031788373902,4,4276.776770010701,False,587.7
5563,632631,1982-06-12,41.0,F,False,False,usa,tulsa,TUL,36.198,-95.888,2023-03-03,147,8,13.375,0.25,100.125,2.0,52.0,92.0,9.5,0.0,2,2,1.0,0,0.0,2,2,1.0,254.54,126.953951494233,0.0,0.0,0.0,509.08,0,0.0,1.0,0.0,1.0,0.0,Southwest Airlines,2,0.5,TUL-MDW,2,0.5,1463.5861184967541,743.9187666891441,0.0,2,212.5,30.405591591021544,2,1.0,0.075,16.475,32.95,392.05,3.5,0.7071067811865476,1.0,0.0,Conrad,2,0.5,False,True,False,False,True,False,False,False,901.13,32.95,2,2,2,2.0,1176.5170106702233,3,3243.3223609400884,True,254.54
5570,633195,1992-10-03,30.0,F,False,False,canada,winnipeg,YAV,50.056,-97.032,2023-03-03,147,8,15.75,0.25,117.5,2.6666666666666665,77.0,77.0,7.0,0.0,2,1,0.5,0,0.0,2,2,1.0,370.825,36.43721243454279,0.0,0.0,0.0,741.65,0,0.0,1.0,0.0,1.0,0.0,American Airlines,2,0.5,YAV-JFK,2,0.5,2154.840302263584,99.52684212348476,0.0,1,316.0,0.0,0,0.0,0.0,0.0,0.0,316.0,1.0,0.0,1.0,0.0,Hyatt,1,1.0,False,True,False,False,True,False,True,True,1057.65,0.0,1,2,3,1.9499999999999997,1380.8698149383129,4,3806.664848632589,False,370.825
5576,634130,1973-12-27,49.0,F,True,False,usa,new york,JFK,40.64,-73.779,2023-03-03,147,8,13.25,0.5,100.125,2.6666666666666665,75.0,75.0,4.5,0.0,4,2,0.5,0,0.0,2,2,1.0,540.085,236.802989951563,0.0,0.0,0.0,1080.17,0,0.0,1.0,0.0,1.0,1.414213562373095,Hawaiian Airlines,2,0.5,JFK-FTW,2,0.5,3119.8366876776818,1208.2661035839888,0.0,4,181.25,83.49201558632218,0,0.0,0.0,0.0,0.0,725.0,4.0,3.162277660168379,1.25,0.5,Accor,4,0.25,False,True,False,False,True,False,False,True,1805.17,0.0,1,4,4,2.8,1178.4166613871291,3,3248.5591570018864,False,540.085
5581,635249,1966-09-28,56.0,F,False,False,usa,memphis,MEM,35.042,-89.977,2023-03-04,146,8,10.5,0.375,78.125,2.0,38.0,75.0,8.333333333333334,0.0,3,2,0.6666666666666666,0,0.0,3,2,0.6666666666666666,477.73333333333335,342.170537354304,0.0,0.0,0.0,1433.2,0,0.0,1.3333333333333333,0.5773502691896257,1.0,0.0,AeroMéxico,3,0.3333333333333333,MEM-DEN,3,0.3333333333333333,2179.840831332788,736.5567200683539,0.0,2,131.5,109.60155108391487,0,0.0,0.0,0.0,0.0,263.0,3.0,1.414213562373095,1.0,0.0,Extended Stay,2,0.5,False,True,False,False,True,False,False,True,1696.2,0.0,3,3,4,3.35,1476.37459153051,4,4069.9443207429026,False,358.3
5582,635300,1978-11-09,44.0,F,True,False,usa,chicago,ORD,41.979,-87.904,2023-03-04,146,8,24.25,0.75,179.875,1.6,15.0,15.0,6.666666666666667,0.0,6,4,0.6666666666666666,0,0.0,5,5,1.0,252.198,200.113271848721,0.1,21.8395,43.679,1217.311,2,0.4,1.2,0.4472135954999579,1.6,2.5099800796022267,AirTran Airways,4,0.4,ORD-IAH,5,0.2,1388.3462916395008,1180.237146607253,0.0,5,195.0,90.27181176868004,2,0.4,0.125,20.775,41.55,933.45,3.2,2.4899799195977463,1.4,0.5477225575051661,Aman Resorts,5,0.2,False,True,False,False,False,False,False,False,2150.761,85.229,5,5,4,4.65,936.0125258975214,2,2580.3199850328165,False,210.16500000000002
5583,635303,1980-10-24,42.0,F,False,True,usa,los angeles,LAX,33.942,-118.408,2023-03-04,146,7,17.142857142857142,0.42857142857142855,128.42857142857142,1.75,39.0,39.0,8.666666666666666,0.0,3,2,0.6666666666666666,0,0.0,3,3,1.0,1120.9733333333334,737.872023682517,0.0,0.0,0.0,3362.92,0,0.0,2.0,1.0,1.3333333333333333,0.5773502691896257,Ryanair,2,0.6666666666666666,LAX-DET,3,0.3333333333333333,3382.4594805577544,526.6934476182014,0.0,2,384.0,206.475180106472,0,0.0,0.0,0.0,0.0,768.0,4.0,0.0,2.0,1.414213562373095,Fairmont,1,1.0,False,True,False,False,True,False,False,True,4130.92,0.0,3,3,5,3.7,3595.5579104145827,5,9911.929249760213,False,560.4866666666667
5591,635949,1981-08-17,41.0,F,False,True,usa,chicago,UGN,42.422,-87.868,2023-03-04,146,7,19.857142857142858,0.42857142857142855,147.42857142857142,1.4,23.0,23.0,15.333333333333334,0.0,3,2,0.6666666666666666,0,0.0,2,2,1.0,321.225,161.298127856463,0.0,0.0,0.0,642.45,0,0.0,1.0,0.0,1.0,0.0,American Airlines,2,0.5,UGN-JFK,2,0.5,1770.8661424275176,824.3654511759863,0.0,3,210.33333333333334,30.03886371574886,0,0.0,0.0,0.0,0.0,631.0,3.3333333333333335,2.0816659994661326,1.0,0.0,NH Hotel,2,0.6666666666666666,False,True,False,False,True,False,False,True,1273.45,0.0,4,3,3,3.4,1108.4124652662,3,3055.577523434766,False,321.225
5596,636524,1977-09-18,45.0,F,False,False,usa,el paso,BIF,31.849,-106.38,2023-03-04,146,9,13.555555555555555,0.4444444444444444,101.11111111111111,1.8,11.0,11.0,6.75,0.0,4,2,0.5,0,0.0,3,3,1.0,362.62333333333333,239.07166212944,0.0,0.0,0.0,1087.87,0,0.0,1.0,0.0,1.0,0.0,Porter Airlines,2,0.6666666666666666,BIF-YTZ,2,0.6666666666666666,1999.8113337805335,1219.1100804912778,0.0,3,127.0,44.799553569204235,1,0.3333333333333333,0.1,10.9,10.9,370.1,4.333333333333333,1.5275252316519468,1.3333333333333333,0.5773502691896257,Marriott,3,0.3333333333333333,False,True,False,False,True,False,False,False,1457.97,10.9,5,4,3,4.05,951.764177225742,2,2623.742802137217,False,362.62333333333333
5601,636966,1987-10-25,35.0,F,False,False,usa,new york,JFK,40.64,-73.779,2023-03-05,145,8,11.625,0.375,85.5,2.6666666666666665,63.0,63.0,7.333333333333333,0.0,3,2,0.6666666666666666,0,0.0,2,2,1.0,944.29,655.671833923038,0.0,0.0,0.0,1888.58,0,0.0,1.5,0.7071067811865476,2.5,2.1213203435596424,Frontier Airlines,2,0.5,JFK-DEN,2,0.5,3286.6542386833007,957.8455305488975,0.0,3,222.33333333333334,128.06378619006,0,0.0,0.0,0.0,0.0,667.0,4.0,4.358898943540674,1.3333333333333333,0.5773502691896257,Accor,3,0.3333333333333333,False,True,False,False,True,False,False,True,2555.58,0.0,2,3,5,3.3,2224.380013337779,5,6131.982258698354,False,629.5266666666666
5609,638140,1985-05-21,38.0,F,False,True,usa,richmond,RIC,37.505,-77.319,2023-03-05,145,8,12.125,0.25,89.75,2.6666666666666665,78.0,78.0,7.5,0.0,2,2,1.0,0,0.0,2,2,1.0,284.625,285.53678931094,0.0,0.0,0.0,569.25,0,0.0,2.5,2.1213203435596424,1.5,0.7071067811865476,Allegiant Air,2,0.5,RIC-JFK,2,0.5,737.34482235885,387.28471688686767,0.0,2,75.0,7.0710678118654755,0,0.0,0.0,0.0,0.0,150.0,3.5,2.1213203435596424,2.5,2.1213203435596424,Aman Resorts,2,0.5,False,True,False,False,True,False,False,True,719.25,0.0,1,2,2,1.6,939.0541430476825,2,2588.7048573526113,False,113.85
5618,639009,1988-06-20,35.0,F,False,False,usa,oklahoma city,OKC,35.393,-97.601,2023-03-05,145,8,11.125,0.375,81.75,2.0,37.0,37.0,8.333333333333334,0.0,3,3,1.0,0,0.0,3,3,1.0,470.04333333333335,397.276879560507,0.35,44.233,44.233,1365.897,1,0.3333333333333333,1.6666666666666667,1.1547005383792515,1.6666666666666667,1.1547005383792515,Delta Air Lines,3,0.3333333333333333,OKC-IAH,3,0.3333333333333333,1390.9501876713086,634.0681654487001,0.0,3,160.66666666666666,109.418158151805,0,0.0,0.0,0.0,0.0,482.0,2.3333333333333335,0.5773502691896257,1.6666666666666667,1.1547005383792515,Extended Stay,3,0.3333333333333333,False,True,False,False,False,False,False,True,1847.897,44.233,3,3,4,3.35,1608.411849171946,4,4433.933439728716,False,282.026
5627,640649,1960-04-10,63.0,F,True,True,usa,los angeles,LAX,33.942,-118.408,2023-03-06,144,8,21.5,0.25,160.875,2.0,53.0,123.0,8.5,0.0,2,2,1.0,0,0.0,2,2,1.0,229.365,146.576164672159,0.0,0.0,0.0,458.73,0,0.0,1.0,0.0,1.0,1.414213562373095,Allegiant Air,2,0.5,LAX-AUS,2,0.5,1361.3690313027764,895.1692085228093,0.0,2,248.0,166.877200360025,0,0.0,0.0,0.0,0.0,496.0,8.5,7.7781745930520225,1.0,0.0,Crowne Plaza,2,0.5,False,True,False,False,True,False,False,True,954.73,0.0,2,2,2,2.0,1246.4972707569189,3,3436.2380096771058,True,229.365
5632,640968,1969-07-23,54.0,F,True,False,usa,indianapolis,IND,39.717,-86.294,2023-03-06,144,8,9.125,0.25,67.75,1.6,22.0,116.0,5.5,0.0,2,1,0.5,0,0.0,2,2,1.0,220.27,42.20013270121316,0.15,37.5165,37.5165,403.0235,1,0.5,1.0,0.0,1.0,0.0,Delta Air Lines,2,0.5,IND-FTW,2,0.5,1179.9097474885361,102.54069955983226,0.0,1,327.0,0.0,0,0.0,0.0,0.0,0.0,327.0,4.0,0.0,1.0,0.0,Radisson,1,1.0,False,True,False,False,False,False,True,True,730.0235,37.5165,4,2,2,2.8,953.1200447649217,2,2627.480542831497,True,220.27
5635,641106,1973-11-04,49.0,F,True,False,usa,brownsville,BRO,25.907,-97.426,2023-03-06,144,8,13.625,0.375,101.625,1.6,16.0,109.0,9.0,0.0,3,2,0.6666666666666666,0,0.0,3,3,1.0,553.5533333333333,298.38321020683,0.0,0.0,0.0,1660.66,0,0.0,1.3333333333333333,0.5773502691896257,1.3333333333333333,0.5773502691896257,Allegiant Air,3,0.3333333333333333,BRO-FAT,3,0.3333333333333333,2376.981230131236,378.15258808695694,0.0,2,176.0,100.40916292848975,1,0.5,0.2,49.4,49.4,302.6,2.5,0.7071067811865476,1.5,0.7071067811865476,Best Western,2,0.5,False,True,False,False,True,False,False,False,1963.26,49.4,4,3,4,3.75,1708.8239479826607,4,4710.7410017342945,True,415.16499999999996
5644,642578,1959-12-04,63.0,F,True,True,usa,new york,LGA,40.777,-73.872,2023-03-07,143,8,9.375,0.375,70.25,1.6,11.0,52.0,8.333333333333334,0.0,3,1,0.3333333333333333,0,0.0,2,2,1.0,344.03,345.591368237113,0.0,0.0,0.0,688.06,0,0.0,1.0,0.0,1.0,0.0,Delta Air Lines,2,0.5,LGA-YYC,2,0.5,1914.640920187894,1905.5083542179786,0.0,2,94.0,41.012193308819754,1,0.5,0.1,6.5,6.5,181.5,3.5,2.1213203435596424,1.0,0.0,Marriott,2,0.5,False,True,False,False,True,False,False,False,869.56,6.5,5,3,2,3.45,756.8661064799377,2,2086.464322335337,False,344.03
5646,642786,1982-04-17,41.0,F,False,False,usa,charlotte,CLT,35.214,-80.943,2023-03-07,143,8,13.625,0.375,100.0,2.0,37.0,37.0,6.0,0.0,3,2,0.6666666666666666,0,0.0,2,1,0.5,75.24,25.385133444597056,0.15,8.5935,8.5935,141.8865,1,0.5,1.0,0.0,1.0,1.414213562373095,JetBlue Airways,2,0.5,CLT-CMH,2,0.5,640.207187213327,114.93839630757795,0.0,3,188.0,57.105166141076936,0,0.0,0.0,0.0,0.0,564.0,7.666666666666667,4.509249752822894,1.0,0.0,Banyan Tree,3,0.3333333333333333,False,True,False,False,False,False,False,True,705.8865,8.5935,3,3,2,2.6500000000000004,614.4044883294431,1,1693.738209977647,False,75.24
5653,643714,1980-09-27,42.0,F,True,False,usa,chicago,MDW,41.786,-87.752,2023-03-07,143,8,32.5,0.375,1006.875,2.0,35.0,42.0,102.0,190.0,2,1,0.5,1,0.5,2,2,1.0,459.74,0.0,0.0,0.0,0.0,459.74,1,0.5,1.6666666666666667,0.7071067811865476,1.0,0.0,Egyptair,2,0.5,MDW-CAI,2,0.5,2811.592049976628,4997.423729066671,0.0,1,140.0,0.0,0,0.0,0.0,0.0,0.0,140.0,2.0,0.0,1.0,0.0,Shangri-La,1,1.0,False,False,False,False,True,False,True,True,599.74,0.0,3,2,1,2.0500000000000003,783.0216638879626,2,2158.567745774981,False,275.844
5656,644467,1991-07-27,32.0,F,False,True,usa,detroit,DTW,42.212,-83.353,2023-03-07,143,7,11.714285714285714,0.2857142857142857,87.28571428571429,1.75,34.0,34.0,11.0,0.0,2,2,1.0,0,0.0,2,2,1.0,528.545,262.852803770475,0.0,0.0,0.0,1057.09,0,0.0,1.5,0.7071067811865476,1.0,0.0,American Airlines,2,0.5,DTW-EFD,2,0.5,1755.5361752443075,0.0,0.0,2,125.0,1.414213562373095,1,0.5,0.05,6.2,6.2,243.8,3.5,0.7071067811865476,1.5,0.7071067811865476,Hilton,2,0.5,False,True,False,False,True,False,False,False,1300.89,6.2,3,2,3,2.75,1698.4444131377127,4,4682.127579953339,False,352.3633333333333
5659,644870,1975-12-16,47.0,F,False,False,usa,bakersfield,BFL,35.433,-119.057,2023-03-07,143,9,18.333333333333332,0.5555555555555556,135.11111111111111,1.8,15.0,15.0,8.0,0.0,5,2,0.4,0,0.0,3,3,1.0,513.1166666666667,40.33306873191443,0.0,0.0,0.0,1539.35,0,0.0,1.0,0.0,1.3333333333333333,0.5773502691896257,Southwest Airlines,2,0.6666666666666666,BFL-BNA,2,0.6666666666666666,3101.6758884083642,334.8553559292971,0.0,4,131.25,54.83535963834528,2,0.5,0.2,15.05,30.1,494.9,4.75,1.2583057392117916,1.0,0.0,Choice Hotels,4,0.25,False,True,False,False,True,False,False,False,2034.25,30.1,5,5,4,4.65,1062.3682394131376,2,2928.646704800584,False,513.1166666666667
5675,646455,1972-05-08,51.0,F,True,False,usa,houston,IAH,29.98,-95.34,2023-03-08,142,8,16.5,0.5,122.375,1.6,11.0,11.0,9.25,0.0,4,3,0.75,0,0.0,4,4,1.0,527.9525,223.161148257636,0.05,40.758,40.758,2071.052,1,0.25,1.25,0.5,1.0,0.816496580927726,Alaska Airlines,4,0.25,IAH-LGA,4,0.25,2339.5454155360926,649.3187594230036,0.0,3,158.33333333333334,109.024462086879,0,0.0,0.0,0.0,0.0,475.0,4.666666666666667,0.5773502691896257,1.3333333333333333,0.5773502691896257,Accor,3,0.3333333333333333,False,True,False,False,False,False,False,True,2546.052,40.758,5,4,5,4.75,1662.0651227075693,4,4581.8402359904985,False,422.36199999999997
5676,646933,1988-06-10,35.0,M,True,False,usa,new york,JFK,40.64,-73.779,2023-03-08,142,8,15.875,0.25,118.5,1.6,15.0,15.0,7.5,0.0,2,2,1.0,0,0.0,2,2,1.0,1748.35,1911.111639648506,0.0,0.0,0.0,3496.7,0,0.0,2.5,2.1213203435596424,1.0,0.0,United Airlines,1,1.0,JFK-IAH,2,0.5,3220.685270781817,1316.7576565531297,0.0,2,243.0,144.249783362056,0,0.0,0.0,0.0,0.0,486.0,4.5,2.1213203435596424,2.5,2.1213203435596424,Marriott,2,0.5,False,True,False,False,True,False,False,True,3982.7,0.0,5,2,5,4.25,5199.8205568522835,5,14334.424519121647,False,699.3399999999999
5677,646937,1978-06-02,45.0,F,False,True,usa,mobile,MOB,30.691,-88.243,2023-03-08,142,9,18.555555555555557,0.3333333333333333,138.44444444444446,2.25,41.0,41.0,6.333333333333333,0.0,3,3,1.0,0,0.0,3,3,1.0,761.8566666666667,594.878716742609,0.0,0.0,0.0,2285.57,0,0.0,2.0,1.7320508075688772,1.0,1.0,Delta Air Lines,3,0.3333333333333333,MOB-DMA,3,0.3333333333333333,2200.0193269247034,518.6298711245365,0.0,3,127.66666666666667,21.548395145191982,0,0.0,0.0,0.0,0.0,383.0,2.6666666666666665,1.5275252316519468,2.0,1.7320508075688772,Best Western,3,0.3333333333333333,False,True,False,False,True,False,False,True,2668.57,0.0,2,3,5,3.3,2322.7266499944426,5,6403.095929728151,False,380.92833333333334
5684,647804,1967-10-28,55.0,M,False,True,usa,lincoln,LNK,40.851,-96.759,2023-03-09,141,8,11.375,0.25,84.125,2.0,34.0,48.0,7.0,0.0,2,2,1.0,0,0.0,2,2,1.0,496.71,193.139146213294,0.0,0.0,0.0,993.42,0,0.0,2.0,1.414213562373095,1.0,0.0,JetBlue Airways,2,0.5,LNK-LGA,2,0.5,1598.4565514578155,469.5389134301042,0.0,2,235.0,25.45584412271571,1,0.5,0.2,43.4,43.4,426.6,3.0,0.0,2.0,1.414213562373095,Accor,2,0.5,False,True,False,False,True,False,False,False,1420.02,43.4,3,2,3,2.75,1853.9807635878626,5,5110.897005961565,False,248.355
5688,648852,1968-07-11,55.0,F,True,True,canada,montreal,YUL,45.468,-73.741,2023-03-09,141,8,18.5,0.25,138.25,1.6,10.0,10.0,5.0,0.0,2,2,1.0,0,0.0,2,2,1.0,315.84,287.226774517976,0.2,103.788,103.788,527.892,1,0.5,1.0,0.0,1.0,0.0,AirTran Airways,2,0.5,YUL-AUS,2,0.5,1658.995892804022,1449.3041964951024,0.0,2,110.5,26.16295090390226,0,0.0,0.0,0.0,0.0,221.0,2.5,2.1213203435596424,1.0,0.0,Aman Resorts,2,0.5,False,True,False,False,False,False,False,True,748.892,103.788,5,2,2,3.2,977.754793597866,2,2695.3915301112434,False,315.84
5698,650079,1981-10-25,41.0,F,True,False,usa,san antonio,SKF,29.384,-98.581,2023-03-10,140,8,10.0,0.25,74.375,2.6666666666666665,66.0,66.0,7.0,0.0,2,1,0.5,0,0.0,2,2,1.0,442.445,180.050599693531,0.0,0.0,0.0,884.89,0,0.0,1.0,0.0,1.0,0.0,Delta Air Lines,2,0.5,SKF-MDW,2,0.5,2358.380012662976,947.6967284991953,0.0,1,170.0,0.0,0,0.0,0.0,0.0,0.0,170.0,8.0,0.0,1.0,0.0,Shangri-La,1,1.0,False,True,False,False,True,False,True,True,1054.89,0.0,1,2,3,1.9499999999999997,1377.266353784595,4,3796.731132391653,False,442.445
5703,651193,1979-07-07,44.0,F,True,True,usa,tacoma,TCM,47.138,-122.476,2023-03-10,140,8,14.75,0.375,109.125,2.0,27.0,27.0,91.33333333333333,0.0,3,2,0.6666666666666666,0,0.0,3,2,0.6666666666666666,2538.23,2979.94714308828,0.45,157.0815,157.0815,7457.6085,1,0.3333333333333333,3.0,2.6457513110645907,1.6666666666666667,2.8867513459481287,Frontier Airlines,3,0.3333333333333333,TCM-BIF,3,0.3333333333333333,5524.302892634255,4384.1342624868075,0.3333333333333333,2,187.0,63.63961030678928,0,0.0,0.0,0.0,0.0,374.0,4.5,0.7071067811865476,1.5,0.7071067811865476,Choice Hotels,2,0.5,False,True,False,False,False,False,False,True,7831.6085,157.0815,3,3,5,3.7,6816.64178765144,5,18791.54022925177,False,846.0766666666667
5710,651675,1969-08-21,53.0,F,False,True,usa,tulsa,TUL,36.198,-95.888,2023-03-10,140,8,17.375,0.375,128.25,2.0,34.0,34.0,6.0,0.0,3,3,1.0,0,0.0,3,3,1.0,374.62333333333333,7.767524273108732,0.0,0.0,0.0,1123.87,0,0.0,1.0,0.0,1.3333333333333333,0.5773502691896257,United Airlines,2,0.6666666666666666,TUL-JFK,2,0.6666666666666666,2008.426341632087,44.74483491552299,0.0,3,195.0,119.804006610797,2,0.6666666666666666,0.15,17.5,35.0,550.0,2.6666666666666665,2.0816659994661326,1.0,0.0,Fairmont,3,0.3333333333333333,False,True,False,False,True,False,False,False,1673.87,35.0,3,3,4,3.35,1456.9385317327997,4,4016.3646386994,False,374.62333333333333
5713,651818,1980-11-11,42.0,F,False,False,usa,new york,JFK,40.64,-73.779,2023-03-10,140,8,11.375,0.25,84.875,1.6,15.0,94.0,12.5,0.0,2,1,0.5,0,0.0,2,2,1.0,241.305,190.247079478241,0.0,0.0,0.0,482.61,0,0.0,1.0,0.0,1.0,0.0,Delta Air Lines,2,0.5,JFK-DAL,2,0.5,1402.7265072519367,1159.3124311844613,0.0,1,168.0,0.0,0,0.0,0.0,0.0,0.0,168.0,4.0,0.0,1.0,0.0,Fairmont,1,1.0,False,True,False,False,True,False,True,True,650.61,0.0,5,2,2,3.2,849.437630876959,2,2341.657653447595,True,241.305
5718,652040,1969-11-15,53.0,F,False,False,canada,calgary,YYC,51.114,-114.02,2023-03-10,140,8,16.125,0.375,121.125,2.0,33.0,54.0,6.0,0.0,3,3,1.0,0,0.0,3,3,1.0,548.3233333333334,271.616477654308,0.35,182.3325,182.3325,1462.6375,1,0.3333333333333333,1.3333333333333333,0.5773502691896257,1.0,0.0,Delta Air Lines,3,0.3333333333333333,YYC-DTW,3,0.3333333333333333,2443.041824892001,463.91252850291767,0.0,3,216.33333333333334,154.794487412612,2,0.6666666666666666,0.175,19.475,38.95,610.05,2.6666666666666665,1.5275252316519468,1.3333333333333333,0.5773502691896257,Banyan Tree,3,0.3333333333333333,False,True,False,False,False,False,False,False,2072.6875,221.2825,3,3,4,3.35,1804.0697802045127,5,4973.306637955316,False,411.24250000000006
5728,653640,1986-02-05,37.0,F,True,True,usa,san jose,SJC,37.362,-121.929,2023-03-11,139,8,10.625,0.25,79.0,1.6,7.0,7.0,118.5,0.0,2,2,1.0,0,0.0,2,2,1.0,1839.71,1725.821378706383,0.25,337.8935,675.787,3003.633,2,1.0,1.5,0.7071067811865476,1.0,0.0,Alitalia,2,0.5,SJC-CDG,2,0.5,6293.016390385515,3775.9120965787447,0.5,2,238.5,77.07463914933368,0,0.0,0.0,0.0,0.0,477.0,6.5,4.949747468305833,1.0,0.0,Conrad,2,0.5,False,True,False,False,False,False,False,True,3480.633,675.787,5,2,5,4.25,4544.320944148049,5,12527.398753926718,False,1226.4733333333334
5740,655300,1971-11-03,51.0,F,False,False,usa,new orleans,NBG,29.825,-90.035,2023-03-12,138,8,14.5,0.25,106.5,2.0,32.0,32.0,8.5,0.0,2,2,1.0,0,0.0,2,2,1.0,253.435,76.31803489346407,0.1,30.74,30.74,476.13,1,0.5,1.0,0.0,1.0,0.0,Southwest Airlines,2,0.5,NBG-IND,2,0.5,1442.8412499889114,412.04802595465725,0.0,2,199.5,127.986327394765,1,0.5,0.05,14.5,14.5,384.5,3.5,0.7071067811865476,1.0,0.0,Crowne Plaza,2,0.5,False,True,False,False,False,False,False,False,860.63,45.24,3,2,2,2.4000000000000004,1123.6401350450149,3,3097.5558726220056,False,253.435
5743,656346,1976-09-11,46.0,F,True,True,usa,chicago,UGN,42.422,-87.868,2023-03-12,138,8,14.375,0.25,105.875,1.6,8.0,8.0,8.0,0.0,2,2,1.0,0,0.0,2,2,1.0,377.065,151.002653122387,0.0,0.0,0.0,754.13,0,0.0,1.0,0.0,1.0,0.0,Allegiant Air,2,0.5,UGN-HOU,2,0.5,2189.9406953011667,880.8755529372744,0.0,2,138.5,47.37615433949868,0,0.0,0.0,0.0,0.0,277.0,9.0,7.0710678118654755,1.0,0.0,Rosewood,2,0.5,False,True,False,False,True,False,False,True,1031.13,0.0,5,2,2,3.2,1346.245253417806,4,3711.214792578378,False,377.065
5744,656422,1986-11-17,36.0,F,False,False,canada,quebec,YQB,46.788,-71.398,2023-03-12,138,8,21.875,0.5,163.375,1.6,11.0,53.0,7.5,0.0,4,3,0.75,0,0.0,4,4,1.0,807.66,473.935134169224,0.0,0.0,0.0,3230.64,0,0.0,1.75,0.9574271077563381,1.0,0.0,Delta Air Lines,4,0.25,YQB-LSQ,3,0.5,3297.6514871527806,1725.2271345751067,0.0,3,172.66666666666666,73.24160930327332,0,0.0,0.0,0.0,0.0,518.0,2.3333333333333335,0.5773502691896257,2.0,1.0,Aman Resorts,3,0.3333333333333333,False,True,False,False,True,False,False,True,3748.64,0.0,5,4,5,4.75,2447.115691897299,5,6746.001095909831,False,461.52
5745,656471,1995-05-05,28.0,F,False,True,usa,new york,JFK,40.64,-73.779,2023-03-12,138,8,29.375,0.375,621.655801375,1.6,21.0,108.0,7.0,4.0,2,2,1.0,1,0.5,2,2,1.0,108.67,0.0,0.15,0.0,0.0,108.67,1,0.5,1.3333333333333333,0.7071067811865476,1.0,0.0,American Airlines,1,1.0,JFK-IND,2,0.5,295.369724726902,545.8138550932069,0.0,2,136.0,0.0,1,0.5,0.05,0.0,0.0,136.0,6.5,4.949747468305833,1.5,0.7071067811865476,Accor,2,0.5,False,False,False,False,True,False,False,True,244.67,0.0,4,2,1,2.45,319.44160886962317,1,880.6095480687708,True,81.50250000000001
5748,656708,1971-06-04,52.0,F,True,True,canada,edmonton,YXD,53.573,-113.521,2023-03-12,138,8,21.625,0.25,163.0,2.0,31.0,31.0,11.0,0.0,2,2,1.0,0,0.0,2,2,1.0,611.495,146.46302758717,0.0,0.0,0.0,1222.99,0,0.0,1.0,0.0,1.0,1.414213562373095,American Airlines,2,0.5,YXD-JAX,2,0.5,3232.6846315783378,545.5020659428432,0.0,2,146.5,132.228968081884,0,0.0,0.0,0.0,0.0,293.0,3.0,0.0,1.0,0.0,Extended Stay,2,0.5,False,True,False,False,True,False,False,True,1515.99,0.0,3,2,4,3.1,1979.279374791597,5,5456.309595687154,False,611.495
5761,659128,1975-03-23,48.0,F,True,True,usa,new york,JFK,40.64,-73.779,2023-03-13,137,8,20.375,0.625,151.875,1.6,14.0,14.0,8.2,0.0,5,5,1.0,0,0.0,5,4,0.8,518.526,318.213609749803,0.1,24.157,24.157,2568.473,1,0.2,1.0,0.0,1.2,0.4472135954999579,AirTran Airways,5,0.2,JFK-BNA,5,0.2,2900.877490358866,1552.5838821082057,0.0,5,142.6,52.0413297293603,2,0.4,0.075,10.6,21.2,691.8,3.0,2.449489742783178,1.0,0.0,Accor,5,0.2,False,True,False,False,False,False,False,False,3260.273,45.357,5,5,5,5.0,1702.6474066688897,4,4693.714036229723,False,518.526
5781,663017,1983-09-07,39.0,M,True,False,usa,houston,HOU,29.645,-95.279,2023-03-14,136,9,15.444444444444445,0.4444444444444444,114.44444444444444,1.8,24.0,24.0,7.5,0.0,4,4,1.0,0,0.0,4,4,1.0,559.8425,497.323317529284,0.15,194.499,194.499,2044.871,1,0.25,1.5,1.0,1.0,0.0,American Airlines,3,0.5,HOU-JFK,3,0.5,1892.0498011919212,490.83175620204236,0.0,4,222.25,220.080856353599,1,0.25,0.05,27.55,27.55,861.45,4.25,1.707825127659933,1.5,1.0,NH Hotel,3,0.5,False,True,False,False,False,False,False,False,2906.321,222.049,4,4,5,4.35,1897.249062270757,5,5230.175383890093,False,373.2283333333333
5789,664663,1993-12-26,29.0,F,False,False,usa,chicago,ORD,41.979,-87.904,2023-03-15,135,9,13.777777777777779,0.5555555555555556,102.33333333333333,1.8,16.0,42.0,8.2,0.0,5,4,0.8,0,0.0,4,4,1.0,160.105,95.62688900094993,0.1,21.745,43.49,596.93,2,0.5,1.0,0.0,1.0,0.0,AirTran Airways,4,0.25,ORD-BWI,4,0.25,845.406123089495,497.9158527465336,0.0,5,105.6,29.971653274385783,2,0.4,0.1,8.8,17.6,510.4,3.2,1.6431676725154982,1.4,0.8944271909999159,Accor,5,0.2,False,True,False,False,False,False,False,False,1107.33,61.09,4,5,3,3.9,578.2928462820939,1,1594.1886963877744,False,160.105
5790,664998,1974-10-09,48.0,F,True,False,usa,houston,EFD,29.607,-95.159,2023-03-15,135,8,11.125,0.25,82.125,2.6666666666666665,65.0,65.0,10.5,0.0,2,1,0.5,0,0.0,2,2,1.0,516.205,302.606347008783,0.45,328.581,328.581,703.829,1,0.5,2.0,1.414213562373095,1.0,1.414213562373095,JetBlue Airways,1,1.0,EFD-CLT,2,0.5,1578.9541157121675,152.65977570453433,0.0,1,80.0,0.0,0,0.0,0.0,0.0,0.0,80.0,2.0,0.0,3.0,0.0,Banyan Tree,1,1.0,False,True,False,False,False,False,True,True,783.829,328.581,1,2,2,1.6,1023.368606035345,2,2821.135821527758,False,258.1025
5794,665593,1979-08-11,43.0,F,True,False,usa,st. louis,STL,38.748,-90.36,2023-03-15,135,5,18.4,0.4,138.0,1.25,41.0,62.0,7.5,0.0,2,2,1.0,0,0.0,2,2,1.0,178.55,80.62431519089014,0.0,0.0,0.0,357.1,0,0.0,1.0,0.0,1.5,0.7071067811865476,Allegiant Air,2,0.5,STL-JFK,2,0.5,1087.2706746599763,487.5133984087489,0.0,2,173.5,53.033008588991066,0,0.0,0.0,0.0,0.0,347.0,7.0,2.8284271247461903,1.0,0.0,Four Seasons,2,0.5,False,True,False,False,True,False,False,True,704.1,0.0,2,2,2,2.0,919.2742747582528,2,2534.1773932039955,False,178.55
5796,665746,1977-03-19,46.0,F,True,False,usa,boston,BOS,42.364,-71.005,2023-03-15,135,8,46.75,0.375,1116.875,2.6666666666666665,69.0,69.0,130.5,8.0,2,1,0.5,1,0.5,2,2,1.0,919.34,0.0,0.05,0.0,0.0,919.34,1,0.5,1.3333333333333333,0.7071067811865476,1.0,0.0,United Airlines,2,0.5,BOS-DEN,2,0.5,2497.5823247236876,224.7165405847807,0.0,1,0.0,0.0,1,1.0,0.0,0.0,0.0,0.0,4.0,0.0,1.0,0.0,Extended Stay,1,1.0,False,False,False,False,True,True,True,True,919.34,0.0,1,2,2,1.6,1200.2920206735578,3,3308.8632930949593,False,689.5050000000001
5806,667536,1998-11-02,24.0,F,False,False,usa,portland,PDX,45.589,-122.597,2023-03-16,134,8,8.5,0.25,64.125,1.6,7.0,34.0,9.0,0.0,2,2,1.0,0,0.0,2,2,1.0,630.17,38.12719764157864,0.0,0.0,0.0,1260.34,0,0.0,1.0,0.0,1.5,0.7071067811865476,Allegiant Air,2,0.5,PDX-LGA,2,0.5,3658.811477945548,395.91636875950167,0.0,2,127.5,99.7020561473032,0,0.0,0.0,0.0,0.0,255.0,1.5,0.7071067811865476,1.0,0.0,Four Seasons,2,0.5,False,True,False,False,True,False,False,True,1515.34,0.0,5,2,4,3.9,1978.4307335778592,5,5453.970133528962,False,630.17
5840,675594,1986-03-03,37.0,F,False,False,usa,newport news,PHF,37.132,-76.493,2023-03-19,131,8,22.25,0.375,164.5,1.6,8.0,8.0,8.333333333333334,0.0,3,3,1.0,0,0.0,3,3,1.0,205.15,168.970655144614,0.15,56.631,56.631,558.819,1,0.3333333333333333,1.0,0.0,1.0,1.0,KLM Royal Dutch Airlines,3,0.3333333333333333,PHF-IAD,3,0.3333333333333333,1070.7788800311264,861.74718181814,0.0,3,91.66666666666667,51.926229723843164,1,0.3333333333333333,0.1,4.4,4.4,270.6,3.0,2.0,1.0,0.0,Conrad,3,0.3333333333333333,False,True,False,False,False,False,False,False,829.419,61.031,5,3,2,3.45,721.9273301100367,1,1990.1480654205034,False,205.15
5851,678888,1970-07-27,53.0,F,True,False,usa,miami,TNT,25.862,-80.897,2023-03-20,130,9,10.11111111111111,0.2222222222222222,75.0,2.25,31.0,31.0,6.0,0.0,2,2,1.0,0,0.0,2,2,1.0,753.125,281.987113269383,0.0,0.0,0.0,1506.25,0,0.0,2.0,1.414213562373095,1.0,0.0,Conviasa,2,0.5,TNT-LUF,2,0.5,2451.1747113789,981.2203218195176,0.0,2,192.5,91.21677477306463,0,0.0,0.0,0.0,0.0,385.0,2.5,0.7071067811865476,2.0,1.414213562373095,Accor,1,1.0,False,True,False,False,True,False,False,True,1891.25,0.0,3,2,4,3.1,2469.2195315105037,5,6806.935087199342,False,376.5625
5859,680735,1985-01-11,38.0,M,False,False,usa,new york,LGA,40.777,-73.872,2023-03-21,129,8,11.75,0.375,87.0,1.6,9.0,9.0,7.333333333333333,0.0,3,3,1.0,0,0.0,3,3,1.0,530.9166666666666,243.584384009594,0.0,0.0,0.0,1592.75,0,0.0,1.6666666666666667,0.5773502691896257,1.0,0.0,Bahamasair,3,0.3333333333333333,LGA-CMH,3,0.3333333333333333,2145.8207330921646,1417.3347989211566,0.0,3,244.66666666666666,56.69509091035425,0,0.0,0.0,0.0,0.0,734.0,2.0,0.0,1.6666666666666667,0.5773502691896257,Accor,3,0.3333333333333333,False,True,False,False,True,False,False,True,2326.75,0.0,5,3,5,4.5,2025.2060964766033,5,5582.91648879174,False,318.54999999999995
5861,681581,1967-05-26,56.0,F,False,True,usa,los angeles,LAX,33.942,-118.408,2023-03-21,129,8,13.125,0.375,97.125,1.6,21.0,74.0,7.0,0.0,3,3,1.0,0,0.0,3,3,1.0,341.87333333333333,85.69228106039267,0.0,0.0,0.0,1025.62,0,0.0,1.0,0.0,1.0,0.0,Air France,3,0.3333333333333333,LAX-HOU,3,0.3333333333333333,1850.025275497631,461.1354655514718,0.0,3,308.0,220.61958208645,0,0.0,0.0,0.0,0.0,924.0,3.6666666666666665,3.0550504633038935,1.0,0.0,Marriott,3,0.3333333333333333,False,True,False,False,True,False,False,True,1949.62,0.0,4,3,4,3.75,1696.9516750027788,4,4678.012526003289,False,341.87333333333333
5882,686920,1969-08-22,53.0,F,True,False,usa,richmond,RIC,37.505,-77.319,2023-03-23,127,8,8.0,0.25,59.125,2.0,39.0,75.0,8.5,0.0,2,2,1.0,0,0.0,2,2,1.0,406.705,269.740023819232,0.2,43.194,43.194,770.216,1,0.5,1.0,0.0,1.0,0.0,Delta Air Lines,2,0.5,RIC-FTW,2,0.5,2765.9859085488956,1237.695079452822,0.0,2,234.0,21.213203435596427,0,0.0,0.0,0.0,0.0,468.0,5.5,2.1213203435596424,1.0,0.0,Aman Resorts,2,0.5,False,True,False,False,False,False,False,True,1238.216,43.194,3,2,3,2.75,1616.6171217072356,4,4456.553039487968,False,406.705
5898,693729,1995-01-28,28.0,F,True,True,usa,dallas,DAL,32.847,-96.852,2023-03-26,124,8,13.5,0.25,101.75,1.6,23.0,23.0,9.0,0.0,2,2,1.0,0,0.0,2,2,1.0,217.47,200.295066838901,0.0,0.0,0.0,434.94,0,0.0,1.0,0.0,1.0,0.0,Pakistan International Airlines,2,0.5,DAL-HOU,2,0.5,1171.4948596663305,1098.721010615002,0.0,2,166.5,12.020815280171307,0,0.0,0.0,0.0,0.0,333.0,2.0,1.414213562373095,1.0,0.0,Accor,2,0.5,False,True,False,False,True,False,False,True,767.94,0.0,4,2,2,2.8,1002.6238979659887,2,2763.948568863906,False,217.47
5901,695011,1995-02-22,28.0,F,True,False,usa,los angeles,LAX,33.942,-118.408,2023-03-26,124,9,9.11111111111111,0.2222222222222222,67.33333333333333,2.25,27.0,74.0,6.5,0.0,2,1,0.5,0,0.0,2,2,1.0,456.96,346.241906475805,0.0,0.0,0.0,913.92,0,0.0,1.0,0.0,1.0,0.0,Delta Air Lines,2,0.5,LAX-ELP,2,0.5,2560.172587994349,1999.7506637294866,0.0,1,50.0,0.0,0,0.0,0.0,0.0,0.0,50.0,4.0,0.0,1.0,0.0,Crowne Plaza,1,1.0,False,True,False,False,True,False,True,True,963.92,0.0,3,2,2,2.4000000000000004,1258.4957519173056,3,3469.3144054213817,False,456.96
5904,695307,1983-09-11,39.0,F,True,False,usa,chicago,MDW,41.786,-87.752,2023-03-26,124,8,11.625,0.25,87.25,1.6,25.0,25.0,9.0,0.0,2,2,1.0,0,0.0,2,2,1.0,226.09,18.370634175226506,0.0,0.0,0.0,452.18,0,0.0,1.0,0.0,1.0,0.0,AirTran Airways,2,0.5,MDW-DAL,2,0.5,1250.4496421332324,37.963218332744866,0.0,2,51.0,14.142135623730951,0,0.0,0.0,0.0,0.0,102.0,2.0,0.0,1.0,0.0,Hilton,2,0.5,False,True,False,False,True,False,False,True,554.18,0.0,4,2,1,2.45,723.5384428142713,1,1994.5894443485158,False,226.09
5906,696475,1974-11-27,48.0,F,False,False,usa,dallas,DAL,32.847,-96.852,2023-03-27,123,8,18.5,0.5,137.125,2.0,27.0,27.0,7.75,0.0,4,2,0.5,0,0.0,2,2,1.0,200.29,179.407132522651,0.2,14.686,14.686,385.894,1,0.5,1.0,0.0,1.0,0.0,United Airlines,2,0.5,DAL-IAH,2,0.5,1171.4948596663305,1098.721010615002,0.0,4,189.75,194.93823808239,0,0.0,0.0,0.0,0.0,759.0,5.25,1.707825127659933,1.0,0.0,Best Western,4,0.25,False,True,False,False,False,False,False,True,1144.894,14.686,3,4,3,3.25,747.3878721240413,2,2060.3355293387976,False,200.29
5911,699411,1982-03-25,41.0,F,True,False,usa,dallas,DAL,32.847,-96.852,2023-03-28,122,5,13.4,0.4,100.2,1.0,21.0,21.0,8.5,0.0,2,2,1.0,0,0.0,2,1,0.5,301.045,98.45047714460301,0.0,0.0,0.0,602.09,0,0.0,1.0,0.0,1.0,0.0,Delta Air Lines,2,0.5,DAL-LAX,2,0.5,2325.8210100848346,459.0602313976581,0.0,2,152.5,99.7020561473032,0,0.0,0.0,0.0,0.0,305.0,3.5,0.7071067811865476,1.0,0.0,Crowne Plaza,2,0.5,False,True,False,False,True,False,False,True,907.09,0.0,4,2,2,2.8,1184.2983977992665,3,3264.7734293444287,False,301.045
5918,702877,1994-03-08,29.0,F,False,True,usa,phoenix,LUF,33.535,-112.383,2023-03-29,121,8,8.75,0.25,65.0,1.6,23.0,23.0,5.0,0.0,2,1,0.5,0,0.0,2,2,1.0,1142.17,884.689578213737,0.0,0.0,0.0,2284.34,0,0.0,2.0,1.414213562373095,1.0,0.0,AirTran Airways,2,0.5,LUF-LGA,2,0.5,3272.9873295204225,299.49552671895566,0.0,1,225.0,0.0,1,1.0,0.1,22.5,22.5,202.5,5.0,0.0,3.0,0.0,Starwood,1,1.0,False,True,False,False,True,False,True,False,2486.84,22.5,4,2,5,3.85,3246.8229476492165,5,8950.566266887408,False,571.085
5922,705215,1992-01-07,31.0,F,False,True,canada,hamilton,YHM,43.173,-79.935,2023-03-30,120,8,13.875,0.5,103.875,1.6,7.0,7.0,6.5,0.0,4,2,0.5,0,0.0,3,3,1.0,332.4866666666667,386.399927838158,0.15,15.9705,15.9705,981.4895,1,0.3333333333333333,1.3333333333333333,0.5773502691896257,1.0,0.0,Air France,3,0.3333333333333333,YHM-HOU,3,0.3333333333333333,1085.0611480273503,815.7551010702497,0.0,3,228.33333333333334,77.55213300311819,0,0.0,0.0,0.0,0.0,685.0,5.0,5.196152422706632,1.3333333333333333,0.5773502691896257,Choice Hotels,3,0.3333333333333333,False,True,False,False,False,False,False,True,1666.4895,15.9705,5,4,4,4.4,1087.8859015088362,3,2998.991632517987,False,249.365
5927,707525,1978-11-08,44.0,F,True,True,usa,indianapolis,IND,39.717,-86.294,2023-03-31,119,8,19.125,0.375,142.25,1.6,21.0,21.0,117.66666666666667,0.0,3,3,1.0,0,0.0,3,2,0.6666666666666666,259.3066666666667,100.98067257318766,0.0,0.0,0.0,777.92,0,0.0,1.6666666666666667,1.1547005383792515,1.0,1.0,United Airlines,1,1.0,IND-EFD,3,0.3333333333333333,1172.980674812109,183.10131530661823,0.0,3,235.33333333333334,138.58330827821,0,0.0,0.0,0.0,0.0,706.0,7.0,5.5677643628300215,1.3333333333333333,0.5773502691896257,Radisson,2,0.6666666666666666,False,True,False,False,True,False,False,True,1483.92,0.0,4,3,3,3.4,1291.6058152717574,3,3560.5894213163597,False,155.584
5933,713557,1965-10-22,57.0,F,True,False,usa,minneapolis,MSP,44.88,-93.217,2023-04-02,117,8,16.125,0.25,119.625,2.0,9.0,9.0,6.5,0.0,2,2,1.0,0,0.0,2,2,1.0,506.965,233.592725164976,0.0,0.0,0.0,1013.93,0,0.0,1.5,0.7071067811865476,1.0,0.0,American Airlines,2,0.5,MSP-BOS,2,0.5,1941.7704711525203,195.0145750851437,0.0,2,157.5,125.157900270019,0,0.0,0.0,0.0,0.0,315.0,4.5,3.5355339059327378,1.5,0.7071067811865476,Choice Hotels,2,0.5,False,True,False,False,True,False,False,True,1328.93,0.0,5,2,3,3.55,1735.053489496499,5,4783.048378285167,False,337.97666666666663
5935,714420,1981-06-11,42.0,F,True,True,usa,nashville,BNA,36.124,-86.678,2023-04-02,117,9,19.333333333333332,0.2222222222222222,143.33333333333334,2.25,10.0,57.0,11.0,0.0,2,2,1.0,0,0.0,2,1,0.5,215.78,103.11031083262236,0.05,7.1435,7.1435,424.4165,1,0.5,1.5,0.7071067811865476,1.0,0.0,Qatar Airways,2,0.5,BNA-LRF,2,0.5,1151.7320829282407,527.4329228673007,0.0,2,227.5,103.94469683442249,1,0.5,0.15,23.1,23.1,431.9,3.0,1.414213562373095,1.5,0.7071067811865476,Aman Resorts,2,0.5,False,True,False,False,False,False,False,False,856.3165,30.2435,5,2,2,3.2,1118.0084213904636,3,3082.030841822993,False,143.85333333333332
5936,714504,1977-12-18,45.0,F,False,False,usa,san antonio,SAT,29.534,-98.47,2023-04-02,117,8,14.0,0.25,104.625,2.0,11.0,64.0,7.0,0.0,2,2,1.0,0,0.0,2,2,1.0,386.52,125.469027253741,0.0,0.0,0.0,773.04,0,0.0,1.0,0.0,1.0,1.414213562373095,American Airlines,1,1.0,SAT-JFK,2,0.5,2084.360716711787,659.7144649538387,0.0,2,123.5,102.5304832720494,1,0.5,0.1,19.6,19.6,227.4,3.5,0.7071067811865476,1.0,0.0,Crowne Plaza,2,0.5,False,True,False,False,True,False,False,False,1000.44,19.6,5,2,2,3.2,1306.1763321107037,3,3600.756186986231,False,386.52
5960,736075,1997-01-15,26.0,F,False,False,canada,toronto,YTZ,43.627,-79.396,2023-04-10,109,7,53.142857142857146,0.42857142857142855,1273.7142857142858,1.75,22.0,22.0,8.5,4.0,2,2,1.0,1,0.5,2,2,1.0,657.54,0.0,0.0,0.0,0.0,657.54,1,0.5,1.0,0.0,1.0,0.0,Iberia Airlines,2,0.5,YTZ-YYC,2,0.5,3622.585298358005,646.4886452932018,0.0,2,147.0,0.0,1,0.5,0.0,0.0,0.0,147.0,2.5,0.7071067811865476,1.0,0.0,Starwood,2,0.5,False,False,False,False,True,False,False,True,804.54,0.0,4,2,2,2.8,1050.4089263087694,2,2895.6782842328394,False,657.54
5979,760304,1986-09-21,36.0,F,False,False,usa,tulsa,TUL,36.198,-95.888,2023-04-18,101,8,15.125,0.25,112.0,2.6666666666666665,43.0,43.0,9.0,0.0,2,2,1.0,0,0.0,2,2,1.0,329.79,49.97830729426518,0.15,44.1675,44.1675,615.4125,1,0.5,1.0,0.0,1.0,0.0,Delta Air Lines,2,0.5,TUL-LAX,2,0.5,1954.7206534368647,149.01932206766412,0.0,2,118.5,44.54772721475249,0,0.0,0.0,0.0,0.0,237.0,4.0,1.414213562373095,1.0,0.0,Accor,2,0.5,False,True,False,False,False,False,False,True,852.4125,44.1675,2,2,2,2.0,1112.911351700567,3,3067.97967218364,False,329.79
5987,774666,1978-11-21,44.0,F,True,False,usa,minneapolis,MSP,44.88,-93.217,2023-04-23,96,8,12.875,0.25,98.5,2.0,11.0,33.0,5.0,0.0,2,1,0.5,0,0.0,2,2,1.0,316.845,169.302576619495,0.0,0.0,0.0,633.69,0,0.0,1.0,0.0,1.5,0.7071067811865476,American Airlines,2,0.5,MSP-NZY,2,0.5,1786.194592081492,963.2504273874927,0.0,1,117.0,0.0,0,0.0,0.0,0.0,0.0,117.0,6.0,0.0,1.0,0.0,Banyan Tree,1,1.0,False,True,False,False,True,False,True,True,750.69,0.0,5,2,2,3.2,980.1022657552518,2,2701.8628423580562,False,316.845
5991,785107,1977-07-28,46.0,F,False,False,usa,portland,PDX,45.589,-122.597,2023-04-27,92,8,26.25,0.5,197.25,2.0,7.0,7.0,7.25,0.0,4,3,0.75,0,0.0,3,3,1.0,284.9433333333333,207.661995881127,0.0,0.0,0.0,854.83,0,0.0,1.0,0.0,1.0,0.0,American Airlines,3,0.3333333333333333,PDX-EFD,3,0.3333333333333333,1591.1943627284934,1198.9695779702547,0.0,4,241.75,133.839144747218,1,0.25,0.05,11.45,11.45,955.55,2.25,1.2583057392117916,1.0,0.0,Best Western,4,0.25,False,True,False,False,True,False,False,False,1810.38,11.45,5,4,4,4.4,1181.8177542514172,3,3257.935001497408,False,284.9433333333333
5994,796032,1972-12-28,50.0,F,True,False,canada,winnipeg,YAV,50.056,-97.032,2023-05-01,88,8,18.5,0.5,545.31954175,4.0,28.0,45.0,61.333333333333336,152.0,3,2,0.6666666666666666,1,0.3333333333333333,3,3,1.0,360.76,63.9224530192639,0.1,0.0,0.0,721.52,1,0.3333333333333333,1.5,0.5773502691896257,1.0,1.0,Germania,3,0.3333333333333333,YAV-XFW,3,0.3333333333333333,1950.8980561242338,2714.3972181744966,0.0,2,197.0,166.877200360025,0,0.0,0.0,0.0,0.0,394.0,4.5,0.7071067811865476,1.0,0.0,Extended Stay,2,0.5,False,False,False,False,True,False,False,True,1115.52,0.0,3,3,3,3.0,970.9499966655551,2,2676.6326427750987,False,240.50666666666666
