,user_id,birthdate,age_in_years,gender,married,has_children,home_country,home_city,home_airport,home_airport_lat,home_airport_lon,sign_up_date,days_as_customer,total_sessions,avg_clicks_per_session,proportion_planning_sessions,avg_session_duration_seconds,avg_sessions_per_month,days_since_last_session,days_since_last_booking,avg_booking_lead_time_days,avg_cancellation_lead_time_days,total_trips,trips_with_flight_and_hotel,proportion_trips_with_flight_and_hotel,total_trips_cancelled,trip_cancellation_rate,total_flights,flights_with_return,proportion_flights_with_return,avg_flight_price,stddev_flight_price,avg_flight_discount_pct,avg_flight_discount_savings,total_flight_discount_savings,total_flight_spend,flights_with_discount,proportion_flights_with_discount,avg_seats_booked,stddev_seats,avg_bags_checked,stddev_checked_bags,top_airline,airline_variety,airline_concentration,top_flight_route,flight_route_variety,flight_route_concentration,avg_distance_flown,stddev_distance_flown_km,proportion_longhaul_flights,total_hotels_booked,avg_hotel_price_per_room,stddev_hotel_per_room_usd,hotels_with_discount,proportion_hotels_with_discount,avg_hotel_discount_pct,avg_hotel_discount_savings,total_hotel_discount_savings,total_hotel_spend,avg_trip_length_nights,stddev_stay_in_nights,avg_rooms_booked,stddev_rooms,top_hotel_chain,hotel_chain_variety,hotel_chain_concentration,never_booked_trips,never_cancelled_trips,never_booked_flights,booked_only_one_flight,never_booked_flights_with_discounts,never_booked_hotels,booked_only_one_hotel,never_booked_hotels_with_discounts,total_spend,total_savings,R_score,F_score,M_score,RFM_score,CV,CV_quantile,CLV,is_churned,avg_flight_price_per_seat
4,106907,1978-11-17,44.0,F,True,True,usa,miami,TNT,25.862,-80.897,2022-02-24,519,8,30.0,0.25,758.915066125,1.1428571428571428,0.0,51.0,224.0,173.0,1,1,1.0,1,1.0,1,1,1.0,0.0,0.0,0.0,0.0,0.0,0.0,1,1.0,6.0,0.0,5.0,0.0,Air Mauritius,1,1.0,TNT-DUR,1,1.0,0.0,0.0,0.0,1,0.0,0.0,1,1.0,0.0,0.0,0.0,0.0,11.0,0.0,3.0,0.0,Shangri-La,1,1.0,False,False,True,True,True,True,True,True,0.0,0.0,5,1,0,2.25,0.0,1,0.0,False,0.0
10,152583,1986-07-26,37.0,F,False,False,usa,colorado springs,COS,38.806,-104.7,2022-04-17,467,8,18.625,0.125,139.0,1.6,52.0,52.0,9.0,0.0,1,1,1.0,0,0.0,1,1,1.0,367.83,0.0,0.0,0.0,0.0,367.83,0,0.0,1.0,0.0,2.0,0.0,WestJet,1,1.0,COS-YYZ,1,1.0,2178.789038455097,0.0,0.0,1,213.0,0.0,0,0.0,0.0,0.0,0.0,213.0,3.0,0.0,1.0,0.0,Radisson,1,1.0,False,True,False,True,True,False,True,True,580.83,0.0,2,1,1,1.4,1516.6654651550518,4,4181.014785668731,False,367.83
15,171470,1999-09-14,23.0,F,False,False,usa,atlanta,ATL,33.64,-84.427,2022-05-06,448,7,35.142857142857146,0.2857142857142857,1077.142857142857,1.4,17.0,35.0,280.0,262.0,1,0,0.0,1,1.0,1,1,1.0,0.0,0.0,0.1,0.0,0.0,0.0,1,1.0,1.0,0.0,0.0,0.0,Indonesia AirAsia,1,1.0,ATL-JHB,1,1.0,0.0,0.0,0.0,0,0.0,0.0,0,0.0,0.0,0.0,0.0,0.0,0.0,0.0,0.0,0.0,MISSING,0,0.0,False,False,True,True,True,True,False,True,0.0,0.0,4,1,0,1.85,0.0,1,0.0,False,0.0
23,195192,1995-09-20,27.0,F,False,False,usa,chicago,MDW,41.786,-87.752,2022-05-28,426,8,28.125,0.125,208.375,1.6,59.0,103.0,16.0,0.0,1,1,1.0,0,0.0,1,1,1.0,394.29,0.0,0.0,0.0,0.0,394.29,0,0.0,2.0,0.0,0.0,0.0,Spirit Airlines,1,1.0,MDW-LGA,1,1.0,1174.423089479478,0.0,0.0,1,160.0,0.0,0,0.0,0.0,0.0,0.0,160.0,1.0,0.0,2.0,0.0,NH Hotel,1,1.0,False,True,False,True,True,False,True,True,554.29,0.0,2,1,1,1.4,1447.3641180393463,4,3989.970706658266,True,197.145
28,216796,2001-07-09,22.0,F,False,False,usa,cincinnati,CVG,39.046,-84.662,2022-06-16,407,8,15.625,0.25,491.328442,2.6666666666666665,136.0,139.0,196.0,193.0,1,1,1.0,1,1.0,1,1,1.0,0.0,0.0,0.25,0.0,0.0,0.0,1,1.0,2.0,0.0,2.0,0.0,Ryanair,1,1.0,CVG-BCN,1,1.0,0.0,0.0,0.0,1,0.0,0.0,1,1.0,0.0,0.0,0.0,0.0,11.0,0.0,1.0,0.0,Conrad,1,1.0,False,False,True,True,True,True,True,True,0.0,0.0,1,1,0,0.65,0.0,1,0.0,True,0.0
37,229108,1998-05-28,25.0,F,False,False,usa,burlington,BTV,44.472,-73.153,2022-06-27,396,8,40.125,0.25,1012.25,1.6,80.0,120.0,169.0,129.0,1,0,0.0,1,1.0,1,1,1.0,0.0,0.0,0.0,0.0,0.0,0.0,1,1.0,1.0,0.0,0.0,0.0,KLM Royal Dutch Airlines,1,1.0,BTV-AUS,1,1.0,0.0,0.0,0.0,0,0.0,0.0,0,0.0,0.0,0.0,0.0,0.0,0.0,0.0,0.0,0.0,MISSING,0,0.0,False,False,True,True,True,True,False,True,0.0,0.0,1,1,0,0.65,0.0,1,0.0,True,0.0
42,258451,2000-12-10,22.0,F,False,False,usa,miami,OPF,25.907,-80.278,2022-07-22,371,8,20.875,0.25,219.875,1.6,40.0,44.0,8.0,4.0,1,0,0.0,1,1.0,0,0,0.0,0.0,0.0,0.0,0.0,0.0,0.0,0,0.0,0.0,0.0,0.0,0.0,MISSING,0,0.0,MISSING,0,0.0,0.0,0.0,0.0,1,0.0,0.0,1,1.0,0.0,0.0,0.0,0.0,13.0,0.0,1.0,0.0,Banyan Tree,1,1.0,False,False,True,False,True,True,True,True,0.0,0.0,3,1,0,1.4500000000000002,0.0,1,0.0,False,
50,299476,1985-05-19,38.0,F,True,False,usa,atlanta,ATL,33.64,-84.427,2022-08-25,337,9,20.77777777777778,0.1111111111111111,154.11111111111111,1.2857142857142858,8.0,193.0,8.0,0.0,1,1,1.0,0,0.0,1,1,1.0,192.38,0.0,0.0,0.0,0.0,192.38,0,0.0,1.0,0.0,0.0,0.0,AirTran Airways,1,1.0,ATL-HOU,1,1.0,1109.9174733553673,0.0,0.0,1,71.0,0.0,0,0.0,0.0,0.0,0.0,71.0,2.0,0.0,1.0,0.0,Radisson,1,1.0,False,True,False,True,True,False,True,True,263.38,0.0,5,1,1,2.6,687.7388396132044,1,1895.9001329983478,True,192.38
62,331039,1979-08-02,43.0,F,True,True,canada,london,YXU,43.036,-81.154,2022-09-20,311,8,24.75,0.25,610.045213,2.0,95.0,112.0,252.0,235.0,1,1,1.0,1,1.0,1,1,1.0,0.0,0.0,0.0,0.0,0.0,0.0,1,1.0,4.0,0.0,3.0,0.0,American Airlines,1,1.0,YXU-LAX,1,1.0,0.0,0.0,0.0,1,0.0,0.0,1,1.0,0.1,0.0,0.0,0.0,8.0,0.0,2.0,0.0,Aman Resorts,1,1.0,False,False,True,True,True,True,True,True,0.0,0.0,1,1,0,0.65,0.0,1,0.0,True,0.0
65,338086,1983-12-13,39.0,F,False,True,usa,washington,IAD,38.944,-77.456,2022-09-25,306,7,16.142857142857142,0.14285714285714285,120.85714285714286,1.75,36.0,80.0,4.0,0.0,1,1,1.0,0,0.0,1,1,1.0,644.83,0.0,0.0,0.0,0.0,644.83,0,0.0,1.0,0.0,0.0,0.0,AirTran Airways,1,1.0,IAD-SAN,1,1.0,3621.9456337105876,0.0,0.0,1,76.0,0.0,0,0.0,0.0,0.0,0.0,76.0,3.0,0.0,1.0,0.0,Shangri-La,1,1.0,False,True,False,True,True,False,True,True,720.83,0.0,3,1,2,2.1500000000000004,1882.2339879959986,5,5188.783099966584,False,644.83
72,350648,2006-03-02,17.0,F,False,False,usa,lincoln,LNK,40.851,-96.759,2022-10-05,296,8,36.875,0.25,807.18696225,1.1428571428571428,19.0,47.0,8.0,1.0,1,1,1.0,1,1.0,1,1,1.0,0.0,0.0,0.0,0.0,0.0,0.0,1,1.0,1.0,0.0,0.0,0.0,American Airlines,1,1.0,LNK-SKF,1,1.0,0.0,0.0,0.0,1,0.0,0.0,1,1.0,0.0,0.0,0.0,0.0,4.0,0.0,1.0,0.0,Hyatt,1,1.0,False,False,True,True,True,True,True,True,0.0,0.0,4,1,0,1.85,0.0,1,0.0,False,0.0
98,377069,1956-03-06,67.0,F,True,False,usa,new york,LGA,40.777,-73.872,2022-10-24,277,8,32.5,0.25,956.625,2.0,89.0,96.0,196.0,189.0,1,0,0.0,1,1.0,1,1,1.0,0.0,0.0,0.0,0.0,0.0,0.0,1,1.0,2.0,0.0,1.0,0.0,Allegiant Air,1,1.0,LGA-ELP,1,1.0,0.0,0.0,0.0,0,0.0,0.0,0,0.0,0.0,0.0,0.0,0.0,0.0,0.0,0.0,0.0,MISSING,0,0.0,False,False,True,True,True,True,False,True,0.0,0.0,1,1,0,0.65,0.0,1,0.0,True,0.0
159,416319,1969-01-02,54.0,F,True,False,usa,new york,LGA,40.777,-73.872,2022-11-16,254,7,28.428571428571427,0.14285714285714285,211.57142857142858,1.4,52.0,161.0,11.0,0.0,1,1,1.0,0,0.0,1,1,1.0,91.31,0.0,0.0,0.0,0.0,91.31,0,0.0,1.0,0.0,1.0,0.0,Allegiant Air,1,1.0,LGA-LCK,1,1.0,768.49516982949,0.0,0.0,1,149.0,0.0,0,0.0,0.0,0.0,0.0,149.0,2.0,0.0,1.0,0.0,Rosewood,1,1.0,False,True,False,True,True,False,True,True,240.31,0.0,2,1,1,1.4,627.4983694564855,1,1729.834311492266,True,91.31
175,423413,2006-06-27,17.0,F,False,False,usa,new york,LGA,40.777,-73.872,2022-11-20,250,8,16.625,0.125,123.875,1.6,73.0,73.0,8.0,0.0,1,0,0.0,0,0.0,0,0,0.0,0.0,0.0,0.0,0.0,0.0,0.0,0,0.0,0.0,0.0,0.0,0.0,MISSING,0,0.0,MISSING,0,0.0,0.0,0.0,0.0,1,269.0,0.0,0,0.0,0.0,0.0,0.0,269.0,20.0,0.0,2.0,0.0,InterContinental,1,1.0,False,True,True,False,True,False,True,True,269.0,0.0,1,1,1,1.0,702.4138046015338,1,1936.3548324723042,False,
187,429345,1958-02-05,65.0,M,True,True,usa,tallahassee,TLH,30.396,-84.35,2022-11-23,247,8,17.0,0.125,127.625,1.3333333333333333,36.0,128.0,9.0,0.0,1,0,0.0,0,0.0,0,0,0.0,0.0,0.0,0.0,0.0,0.0,0.0,0,0.0,0.0,0.0,0.0,0.0,MISSING,0,0.0,MISSING,0,0.0,0.0,0.0,0.0,1,119.0,0.0,0,0.0,0.0,0.0,0.0,119.0,6.0,0.0,1.0,0.0,Radisson,1,1.0,False,True,True,False,True,False,True,True,119.0,0.0,3,1,1,1.8000000000000003,310.7332444148049,1,856.6030671531755,True,
194,431899,1980-04-23,43.0,F,True,False,usa,seattle,SEA,47.449,-122.309,2022-11-25,245,8,30.875,0.25,334.131197625,2.0,114.0,164.0,7.0,2.0,1,1,1.0,1,1.0,1,1,1.0,0.0,0.0,0.0,0.0,0.0,0.0,1,1.0,1.0,0.0,0.0,0.0,American Airlines,1,1.0,SEA-ELP,1,1.0,0.0,0.0,0.0,1,0.0,0.0,1,1.0,0.0,0.0,0.0,0.0,5.0,0.0,1.0,0.0,Choice Hotels,1,1.0,False,False,True,True,True,True,True,True,0.0,0.0,1,1,0,0.65,0.0,1,0.0,True,0.0
227,440212,1984-12-08,38.0,F,True,True,usa,winston-salem,INT,36.134,-80.222,2022-11-29,241,8,18.625,0.125,138.375,1.3333333333333333,31.0,102.0,6.0,0.0,1,1,1.0,0,0.0,1,1,1.0,578.68,0.0,0.1,57.868,57.868,520.812,1,1.0,1.0,0.0,1.0,0.0,Ryanair,1,1.0,INT-YXD,1,1.0,3216.649512671931,0.0,0.0,1,58.0,0.0,0,0.0,0.0,0.0,0.0,58.0,3.0,0.0,1.0,0.0,Aman Resorts,1,1.0,False,True,False,True,False,False,True,True,578.812,57.868,3,1,1,1.8000000000000003,1511.3960560186729,4,4166.488525252637,True,578.68
244,444885,1991-04-20,32.0,F,True,False,usa,amarillo,AMA,35.219,-101.706,2022-12-02,238,8,17.125,0.125,127.125,1.1428571428571428,12.0,38.0,6.0,0.0,1,1,1.0,0,0.0,1,1,1.0,469.48,0.0,0.0,0.0,0.0,469.48,0,0.0,1.0,0.0,2.0,0.0,Finnair,1,1.0,AMA-JFK,1,1.0,2510.938355777831,0.0,0.0,1,111.0,0.0,0,0.0,0.0,0.0,0.0,111.0,4.0,0.0,1.0,0.0,Extended Stay,1,1.0,False,True,False,True,True,False,True,True,580.48,0.0,5,1,1,2.6,1515.7515438479493,4,4178.495364882986,False,469.48
252,447591,2001-09-25,21.0,M,False,False,canada,winnipeg,YWG,49.91,-97.234,2022-12-03,237,8,18.0,0.125,134.0,1.6,71.0,193.0,7.0,0.0,1,1,1.0,0,0.0,1,1,1.0,245.0,0.0,0.0,0.0,0.0,245.0,0,0.0,1.0,0.0,0.0,0.0,Delta Air Lines,1,1.0,YWG-IND,1,1.0,1421.414001986333,0.0,0.0,1,229.0,0.0,0,0.0,0.0,0.0,0.0,229.0,2.0,0.0,1.0,0.0,Banyan Tree,1,1.0,False,True,False,True,True,False,True,True,474.0,0.0,1,1,1,1.0,1237.7105701900632,3,3412.015578408447,True,245.0
277,454264,1975-01-07,48.0,F,False,True,usa,new york,JFK,40.64,-73.779,2022-12-07,233,8,18.625,0.125,137.625,2.0,112.0,178.0,5.0,0.0,1,0,0.0,0,0.0,1,1,1.0,733.54,0.0,0.0,0.0,0.0,733.54,0,0.0,1.0,0.0,0.0,0.0,Lufthansa,1,1.0,JFK-SFO,1,1.0,4151.773538909842,0.0,0.0,0,0.0,0.0,0,0.0,0.0,0.0,0.0,0.0,0.0,0.0,0.0,0.0,MISSING,0,0.0,False,True,False,True,True,True,False,True,733.54,0.0,1,1,2,1.35,1915.4223874624874,5,5280.274066214625,True,733.54
319,464542,1999-06-01,24.0,F,False,True,canada,toronto,YZD,43.742,-79.466,2022-12-12,228,8,17.625,0.125,131.125,1.1428571428571428,16.0,187.0,9.0,0.0,1,1,1.0,0,0.0,1,1,1.0,680.4,0.0,0.0,0.0,0.0,680.4,0,0.0,1.0,0.0,0.0,0.0,United Airlines,1,1.0,YZD-LSQ,1,1.0,3507.7518120985983,0.0,0.0,1,166.0,0.0,0,0.0,0.0,0.0,0.0,166.0,2.0,0.0,1.0,0.0,Extended Stay,1,1.0,False,True,False,True,True,False,True,True,846.4,0.0,4,1,2,2.55,2210.1228409469823,5,6092.679294440738,True,680.4
334,467092,2006-04-07,17.0,F,False,True,usa,los angeles,LAX,33.942,-118.408,2022-12-13,227,8,35.125,0.25,976.5,1.3333333333333333,34.0,36.0,169.0,167.0,1,1,1.0,1,1.0,1,1,1.0,0.0,0.0,0.0,0.0,0.0,0.0,1,1.0,1.0,0.0,0.0,0.0,JetBlue Airways,1,1.0,LAX-MEM,1,1.0,0.0,0.0,0.0,1,0.0,0.0,1,1.0,0.0,0.0,0.0,0.0,10.0,0.0,1.0,0.0,Accor,1,1.0,False,False,True,True,True,True,True,True,0.0,0.0,3,1,0,1.4500000000000002,0.0,1,0.0,False,0.0
378,474239,1998-11-22,24.0,F,True,True,usa,el paso,BIF,31.849,-106.38,2022-12-17,223,8,17.5,0.25,529.7146325,1.3333333333333333,44.0,44.0,253.0,253.0,1,0,0.0,1,1.0,1,1,1.0,0.0,0.0,0.0,0.0,0.0,0.0,1,1.0,2.0,0.0,1.0,0.0,Lao Airlines,1,1.0,BIF-BKK,1,1.0,0.0,0.0,0.0,0,0.0,0.0,0,0.0,0.0,0.0,0.0,0.0,0.0,0.0,0.0,0.0,MISSING,0,0.0,False,False,True,True,True,True,False,True,0.0,0.0,2,1,0,1.05,0.0,1,0.0,False,0.0
421,479101,1988-09-15,34.0,F,False,True,canada,toronto,YTZ,43.627,-79.396,2022-12-19,221,8,22.0,0.125,163.5,1.3333333333333333,34.0,34.0,8.0,0.0,1,1,1.0,0,0.0,1,1,1.0,128.63,0.0,0.0,0.0,0.0,128.63,0,0.0,1.0,0.0,1.0,0.0,JetBlue Airways,1,1.0,YTZ-MKE,1,1.0,691.8391158922512,0.0,0.0,1,143.0,0.0,1,1.0,0.05,7.15,7.15,135.85,1.0,0.0,1.0,0.0,Accor,1,1.0,False,True,False,True,True,False,True,False,264.48,7.15,3,1,1,1.8000000000000003,690.6111637212405,1,1903.818312610688,False,128.63
423,479524,1991-04-04,32.0,F,False,False,usa,honolulu,HNL,21.316,-157.927,2022-12-20,220,9,27.88888888888889,0.2222222222222222,870.5555555555555,1.2857142857142858,7.0,104.0,280.0,183.0,1,1,1.0,1,1.0,1,1,1.0,0.0,0.0,0.0,0.0,0.0,0.0,1,1.0,2.0,0.0,1.0,0.0,Pakistan International Airlines,1,1.0,HNL-DXB,1,1.0,0.0,0.0,0.0,1,0.0,0.0,1,1.0,0.15,0.0,0.0,0.0,8.0,0.0,1.0,0.0,Fairmont,1,1.0,False,False,True,True,True,True,True,True,0.0,0.0,5,1,0,2.25,0.0,1,0.0,True,0.0
433,481050,1977-01-12,46.0,F,True,True,usa,houston,EFD,29.607,-95.159,2022-12-20,220,7,21.428571428571427,0.14285714285714285,160.42857142857142,1.0,25.0,201.0,12.0,0.0,1,0,0.0,0,0.0,0,0,0.0,0.0,0.0,0.0,0.0,0.0,0.0,0,0.0,0.0,0.0,0.0,0.0,MISSING,0,0.0,MISSING,0,0.0,0.0,0.0,0.0,1,117.0,0.0,0,0.0,0.0,0.0,0.0,117.0,8.0,0.0,1.0,0.0,Rosewood,1,1.0,False,True,True,False,True,False,True,True,117.0,0.0,4,1,1,2.2,305.5108369456485,1,842.2063769489205,True,
449,482811,1956-08-07,66.0,M,False,False,usa,san diego,SAN,32.733,-117.189,2022-12-21,219,8,37.125,0.25,989.5,1.6,57.0,99.0,168.0,126.0,1,0,0.0,1,1.0,1,1,1.0,0.0,0.0,0.0,0.0,0.0,0.0,1,1.0,1.0,0.0,1.0,0.0,Hainan Airlines,1,1.0,SAN-SZX,1,1.0,0.0,0.0,0.0,0,0.0,0.0,0,0.0,0.0,0.0,0.0,0.0,0.0,0.0,0.0,0.0,MISSING,0,0.0,False,False,True,True,True,True,False,True,0.0,0.0,2,1,0,1.05,0.0,1,0.0,True,0.0
455,483525,1978-07-13,45.0,F,True,True,canada,edmonton,YED,53.667,-113.467,2022-12-22,218,8,21.125,0.125,158.625,1.1428571428571428,23.0,167.0,10.0,0.0,1,1,1.0,0,0.0,1,1,1.0,360.81,0.0,0.0,0.0,0.0,360.81,0,0.0,1.0,0.0,1.0,0.0,United Airlines,1,1.0,YED-LSQ,1,1.0,2227.542640407648,0.0,0.0,1,153.0,0.0,0,0.0,0.0,0.0,0.0,153.0,3.0,0.0,1.0,0.0,InterContinental,1,1.0,False,True,False,True,True,False,True,True,513.81,0.0,4,1,1,2.2,1341.662590863621,4,3698.5816969241437,True,360.81
465,485393,1997-09-24,25.0,F,False,False,usa,new york,LGA,40.777,-73.872,2022-12-22,218,8,34.5,0.25,970.875,1.6,87.0,101.0,280.0,266.0,1,1,1.0,1,1.0,1,1,1.0,0.0,0.0,0.0,0.0,0.0,0.0,1,1.0,1.0,0.0,0.0,0.0,Belair Airlines,1,1.0,LGA-HRG,1,1.0,0.0,0.0,0.0,1,0.0,0.0,1,1.0,0.05,0.0,0.0,0.0,15.0,0.0,1.0,0.0,Four Seasons,1,1.0,False,False,True,True,True,True,True,True,0.0,0.0,1,1,0,0.65,0.0,1,0.0,True,0.0
483,486447,1997-12-24,25.0,F,False,True,usa,new york,LGA,40.777,-73.872,2022-12-23,217,8,17.125,0.25,450.2557765,1.1428571428571428,5.0,73.0,281.0,213.0,1,0,0.0,1,1.0,1,0,0.0,0.0,0.0,0.0,0.0,0.0,0.0,1,1.0,1.0,0.0,0.0,0.0,American Airlines,1,1.0,LGA-LBG,1,1.0,0.0,0.0,0.0,0,0.0,0.0,0,0.0,0.0,0.0,0.0,0.0,0.0,0.0,0.0,0.0,MISSING,0,0.0,False,False,True,True,True,True,False,True,0.0,0.0,5,1,0,2.25,0.0,1,0.0,False,0.0
506,488430,2006-12-01,16.0,F,False,False,usa,austin,AUS,30.194,-97.67,2022-12-24,216,8,30.875,0.25,943.5,1.1428571428571428,0.0,123.0,197.0,74.0,1,0,0.0,1,1.0,1,1,1.0,0.0,0.0,0.0,0.0,0.0,0.0,1,1.0,1.0,0.0,0.0,0.0,Hainan Airlines,1,1.0,AUS-SZX,1,1.0,0.0,0.0,0.0,0,0.0,0.0,0,0.0,0.0,0.0,0.0,0.0,0.0,0.0,0.0,0.0,MISSING,0,0.0,False,False,True,True,True,True,False,True,0.0,0.0,5,1,0,2.25,0.0,1,0.0,True,0.0
543,491003,1985-09-24,37.0,F,False,True,usa,corpus christi,CRP,27.77,-97.501,2022-12-25,215,8,18.875,0.125,141.375,1.1428571428571428,17.0,202.0,8.0,0.0,1,1,1.0,0,0.0,1,1,1.0,443.8,0.0,0.25,110.95,110.95,332.85,1,1.0,1.0,0.0,0.0,0.0,Canadian North,1,1.0,CRP-YWG,1,1.0,2478.4098515034266,0.0,0.0,1,124.0,0.0,0,0.0,0.0,0.0,0.0,124.0,2.0,0.0,1.0,0.0,Wyndham,1,1.0,False,True,False,True,False,False,True,True,456.85,110.95,4,1,1,2.2,1192.9284261420473,3,3288.56395990696,True,443.8
557,491995,2006-08-05,16.0,M,False,False,usa,new orleans,NBG,29.825,-90.035,2022-12-26,214,8,51.75,0.25,1099.125,1.3333333333333333,23.0,175.0,8.0,3.0,1,0,0.0,1,1.0,0,0,0.0,0.0,0.0,0.0,0.0,0.0,0.0,0,0.0,0.0,0.0,0.0,0.0,MISSING,0,0.0,MISSING,0,0.0,0.0,0.0,0.0,1,0.0,0.0,1,1.0,0.0,0.0,0.0,0.0,4.0,0.0,1.0,0.0,Wyndham,1,1.0,False,False,True,False,True,True,True,True,0.0,0.0,4,1,0,1.85,0.0,1,0.0,True,
559,492211,2002-05-02,21.0,M,False,False,usa,tucson,TUS,32.116,-110.941,2022-12-26,214,8,19.0,0.125,142.5,1.1428571428571428,11.0,152.0,8.0,0.0,1,1,1.0,0,0.0,1,1,1.0,140.85,0.0,0.0,0.0,0.0,140.85,0,0.0,1.0,0.0,0.0,0.0,United Airlines,1,1.0,TUS-LSQ,1,1.0,724.9153159767316,0.0,0.0,1,156.0,0.0,0,0.0,0.0,0.0,0.0,156.0,6.0,0.0,1.0,0.0,Four Seasons,1,1.0,False,True,False,True,True,False,True,True,296.85,0.0,5,1,1,2.6,775.1358286095366,2,2136.828743566556,True,140.85
562,492497,1983-03-14,40.0,F,True,False,usa,boston,BOS,42.364,-71.005,2022-12-26,214,8,45.375,0.25,1053.5,1.6,79.0,115.0,253.0,217.0,1,0,0.0,1,1.0,1,1,1.0,0.0,0.0,0.0,0.0,0.0,0.0,1,1.0,2.0,0.0,1.0,0.0,Virgin Australia,1,1.0,BOS-SIN,1,1.0,0.0,0.0,0.0,0,0.0,0.0,0,0.0,0.0,0.0,0.0,0.0,0.0,0.0,0.0,0.0,MISSING,0,0.0,False,False,True,True,True,True,False,True,0.0,0.0,1,1,0,0.65,0.0,1,0.0,True,0.0
582,495080,1989-12-01,33.0,F,True,False,usa,fresno,FAT,36.776,-119.718,2022-12-27,213,8,17.0,0.125,125.875,2.0,88.0,125.0,8.0,0.0,1,1,1.0,0,0.0,1,1,1.0,224.01,0.0,0.0,0.0,0.0,224.01,0,0.0,1.0,0.0,0.0,0.0,Kenmore Air,1,1.0,FAT-BFI,1,1.0,1214.4229879780091,0.0,0.0,1,389.0,0.0,1,1.0,0.25,97.25,97.25,291.75,1.0,0.0,1.0,0.0,InterContinental,1,1.0,False,True,False,True,True,False,True,False,515.76,97.25,1,1,1,1.0,1346.7544381460486,4,3712.6184698732927,True,224.01
624,499252,1984-07-08,39.0,F,True,False,usa,chicago,ORD,41.979,-87.904,2022-12-30,210,8,19.25,0.125,143.125,2.0,91.0,158.0,10.0,0.0,1,1,1.0,0,0.0,1,1,1.0,216.21,0.0,0.05,10.8105,10.8105,205.3995,1,1.0,1.0,0.0,2.0,0.0,Delta Air Lines,1,1.0,ORD-LGA,1,1.0,1187.7586618438768,0.0,0.0,1,130.0,0.0,0,0.0,0.0,0.0,0.0,130.0,7.0,0.0,1.0,0.0,Conrad,1,1.0,False,True,False,True,False,False,True,True,335.3995,10.8105,1,1,1,1.0,875.7964269756585,2,2414.321348081021,True,216.21
633,499659,1965-10-23,57.0,F,True,True,usa,san diego,NZY,32.699,-117.215,2022-12-30,210,8,31.125,0.125,230.875,1.1428571428571428,17.0,151.0,6.0,0.0,1,0,0.0,0,0.0,0,0,0.0,0.0,0.0,0.0,0.0,0.0,0.0,0,0.0,0.0,0.0,0.0,0.0,MISSING,0,0.0,MISSING,0,0.0,0.0,0.0,0.0,1,159.0,0.0,1,1.0,0.1,15.9,15.9,143.1,8.0,0.0,2.0,0.0,Crowne Plaza,1,1.0,False,True,True,False,True,False,True,False,143.1,15.9,4,1,1,2.2,373.66325441813933,1,1030.0831841144488,True,
654,500791,1951-03-24,72.0,F,True,False,canada,quebec,YQB,46.788,-71.398,2022-12-30,210,8,22.875,0.125,169.375,1.3333333333333333,29.0,90.0,42.0,0.0,1,0,0.0,0,0.0,0,0,0.0,0.0,0.0,0.0,0.0,0.0,0.0,0,0.0,0.0,0.0,0.0,0.0,MISSING,0,0.0,MISSING,0,0.0,0.0,0.0,0.0,1,150.0,0.0,1,1.0,0.15,22.5,22.5,127.5,6.0,0.0,1.0,0.0,Fairmont,1,1.0,False,True,True,False,True,False,True,False,127.5,22.5,3,1,1,1.8000000000000003,332.92847615871955,1,917.7890005212595,False,
665,501708,1999-11-12,23.0,F,False,False,canada,montreal,YHU,45.517,-73.417,2022-12-31,209,8,34.125,0.25,968.375,1.6,72.0,135.0,225.0,162.0,1,0,0.0,1,1.0,1,1,1.0,0.0,0.0,0.0,0.0,0.0,0.0,1,1.0,1.0,0.0,1.0,0.0,Air Macau,1,1.0,YHU-MFM,1,1.0,0.0,0.0,0.0,0,0.0,0.0,0,0.0,0.0,0.0,0.0,0.0,0.0,0.0,0.0,0.0,MISSING,0,0.0,False,False,True,True,True,True,False,True,0.0,0.0,1,1,0,0.65,0.0,1,0.0,True,0.0
722,504916,1988-03-05,35.0,M,False,True,usa,memphis,MEM,35.042,-89.977,2023-01-02,207,8,30.875,0.25,1017.125,1.1428571428571428,25.0,187.0,12.0,12.0,1,1,1.0,1,1.0,1,1,1.0,0.0,0.0,0.0,0.0,0.0,0.0,1,1.0,1.0,0.0,0.0,0.0,United Airlines,1,1.0,MEM-LSQ,1,1.0,0.0,0.0,0.0,1,0.0,0.0,1,1.0,0.0,0.0,0.0,0.0,3.0,0.0,1.0,0.0,Marriott,1,1.0,False,False,True,True,True,True,True,True,0.0,0.0,4,1,0,1.85,0.0,1,0.0,True,0.0
757,506828,1996-09-18,26.0,F,False,False,usa,louisville,LOU,38.228,-85.664,2023-01-03,206,8,18.875,0.125,141.125,1.1428571428571428,17.0,108.0,10.0,0.0,1,1,1.0,0,0.0,1,1,1.0,458.03,0.0,0.0,0.0,0.0,458.03,0,0.0,1.0,0.0,1.0,0.0,United Airlines,1,1.0,LOU-YED,1,1.0,2720.846308349358,0.0,0.0,1,204.0,0.0,0,0.0,0.0,0.0,0.0,204.0,5.0,0.0,1.0,0.0,Aman Resorts,1,1.0,False,True,False,True,True,False,True,True,662.03,0.0,4,1,2,2.55,1728.6952084028007,5,4765.520407961485,True,458.03
777,507753,1999-09-09,23.0,F,False,True,usa,nashville,BNA,36.124,-86.678,2023-01-03,206,8,15.75,0.125,117.0,1.3333333333333333,50.0,166.0,6.0,0.0,1,1,1.0,0,0.0,1,1,1.0,188.11,0.0,0.0,0.0,0.0,188.11,0,0.0,1.0,0.0,1.0,0.0,Allegiant Air,1,1.0,BNA-LGA,1,1.0,1229.7711374054747,0.0,0.0,1,213.0,0.0,0,0.0,0.0,0.0,0.0,213.0,8.0,0.0,1.0,0.0,NH Hotel,1,1.0,False,True,False,True,True,False,True,True,401.11,0.0,2,1,1,1.4,1047.3799299766588,2,2887.3282039143714,True,188.11
790,508512,1956-03-12,67.0,F,True,False,usa,providence,PVD,41.724,-71.428,2023-01-03,206,8,27.75,0.125,206.75,2.0,109.0,201.0,19.0,0.0,1,0,0.0,0,0.0,0,0,0.0,0.0,0.0,0.0,0.0,0.0,0.0,0,0.0,0.0,0.0,0.0,0.0,MISSING,0,0.0,MISSING,0,0.0,0.0,0.0,0.0,1,242.0,0.0,0,0.0,0.0,0.0,0.0,242.0,4.0,0.0,1.0,0.0,Best Western,1,1.0,False,True,True,False,True,False,True,True,242.0,0.0,1,1,1,1.0,631.9113037679226,1,1741.999514714861,True,
800,508856,2002-09-20,20.0,M,False,True,usa,portland,PDX,45.589,-122.597,2023-01-04,205,8,35.0,0.25,975.375,1.6,68.0,88.0,225.0,205.0,1,0,0.0,1,1.0,1,1,1.0,0.0,0.0,0.0,0.0,0.0,0.0,1,1.0,1.0,0.0,1.0,0.0,Transaero Airlines,1,1.0,PDX-VKO,1,1.0,0.0,0.0,0.0,0,0.0,0.0,0,0.0,0.0,0.0,0.0,0.0,0.0,0.0,0.0,0.0,MISSING,0,0.0,False,False,True,True,True,True,False,True,0.0,0.0,1,1,0,0.65,0.0,1,0.0,False,0.0
818,509024,2006-04-28,17.0,F,False,False,usa,new york,JFK,40.64,-73.779,2023-01-04,205,8,16.25,0.125,121.5,1.1428571428571428,16.0,204.0,14.0,0.0,1,1,1.0,0,0.0,1,1,1.0,97.2,0.0,0.0,0.0,0.0,97.2,0,0.0,1.0,0.0,1.0,0.0,Delta Air Lines,1,1.0,JFK-YHU,1,1.0,543.0923380648389,0.0,0.0,1,407.0,0.0,0,0.0,0.0,0.0,0.0,407.0,5.0,0.0,1.0,0.0,Fairmont,1,1.0,False,True,False,True,True,False,True,True,504.2,0.0,4,1,1,2.2,1316.5689229743248,3,3629.4056004926983,True,97.2
846,509414,1999-11-10,23.0,F,False,False,usa,tampa,TPA,27.975,-82.533,2023-01-04,205,8,25.25,0.125,187.875,1.3333333333333333,30.0,204.0,57.0,0.0,1,1,1.0,0,0.0,1,1,1.0,642.01,0.0,0.0,0.0,0.0,642.01,0,0.0,2.0,0.0,1.0,0.0,Delta Air Lines,1,1.0,TPA-LGA,1,1.0,1619.5787894714338,0.0,0.0,1,45.0,0.0,0,0.0,0.0,0.0,0.0,45.0,11.0,0.0,1.0,0.0,Rosewood,1,1.0,False,True,False,True,True,False,True,True,687.01,0.0,3,1,2,2.1500000000000004,1793.9230776925642,5,4945.335068612631,True,321.005
879,509892,1956-09-26,66.0,M,True,False,usa,san jose,SJC,37.362,-121.929,2023-01-04,205,8,24.625,0.125,183.375,1.1428571428571428,23.0,196.0,6.0,0.0,1,0,0.0,0,0.0,0,0,0.0,0.0,0.0,0.0,0.0,0.0,0.0,0,0.0,0.0,0.0,0.0,0.0,MISSING,0,0.0,MISSING,0,0.0,0.0,0.0,0.0,1,130.0,0.0,0,0.0,0.0,0.0,0.0,130.0,7.0,0.0,1.0,0.0,Hilton,1,1.0,False,True,True,False,True,False,True,True,130.0,0.0,4,1,1,2.2,339.45648549516505,1,935.7848632765783,True,
923,510270,1977-04-11,46.0,F,True,True,usa,columbus,LCK,39.814,-82.928,2023-01-04,205,8,21.125,0.125,157.5,4.0,153.0,179.0,6.0,0.0,1,0,0.0,0,0.0,1,1,1.0,786.29,0.0,0.0,0.0,0.0,786.29,0,0.0,2.0,0.0,0.0,0.0,Delta Air Lines,1,1.0,LCK-BIF,1,1.0,2283.460600312311,0.0,0.0,0,0.0,0.0,0,0.0,0.0,0.0,0.0,0.0,0.0,0.0,0.0,0.0,MISSING,0,0.0,False,True,False,True,True,True,False,True,786.29,0.0,1,1,2,1.35,2053.163384461487,5,5659.986770351852,True,393.145
926,510316,2006-07-13,17.0,F,False,True,usa,phoenix,PHX,33.434,-112.008,2023-01-04,205,8,19.125,0.125,143.0,1.1428571428571428,12.0,12.0,5.0,0.0,1,0,0.0,0,0.0,0,0,0.0,0.0,0.0,0.0,0.0,0.0,0.0,0,0.0,0.0,0.0,0.0,0.0,MISSING,0,0.0,MISSING,0,0.0,0.0,0.0,0.0,1,121.0,0.0,0,0.0,0.0,0.0,0.0,121.0,17.0,0.0,1.0,0.0,Banyan Tree,1,1.0,False,True,True,False,True,False,True,True,121.0,0.0,5,1,1,2.6,315.9556518839613,1,870.9997573574306,False,
1022,511552,2005-08-21,17.0,M,False,True,usa,minneapolis,MSP,44.88,-93.217,2023-01-05,204,8,19.375,0.25,345.527509125,2.6666666666666665,132.0,145.0,196.0,183.0,1,0,0.0,1,1.0,1,1,1.0,0.0,0.0,0.15,0.0,0.0,0.0,1,1.0,2.0,0.0,1.0,0.0,AirTran Airways,1,1.0,MSP-BWI,1,1.0,0.0,0.0,0.0,0,0.0,0.0,0,0.0,0.0,0.0,0.0,0.0,0.0,0.0,0.0,0.0,MISSING,0,0.0,False,False,True,True,True,True,False,True,0.0,0.0,1,1,0,0.65,0.0,1,0.0,True,0.0
1050,511784,1988-07-09,35.0,F,False,False,usa,bakersfield,BFL,35.433,-119.057,2023-01-05,204,9,21.77777777777778,0.2222222222222222,611.9451931111112,1.5,34.0,94.0,225.0,165.0,1,1,1.0,1,1.0,1,1,1.0,0.0,0.0,0.15,0.0,0.0,0.0,1,1.0,2.0,0.0,2.0,0.0,Ibex Airlines,1,1.0,BFL-ITM,1,1.0,0.0,0.0,0.0,1,0.0,0.0,1,1.0,0.0,0.0,0.0,0.0,11.0,0.0,1.0,0.0,Hyatt,1,1.0,False,False,True,True,True,True,True,True,0.0,0.0,3,1,0,1.4500000000000002,0.0,1,0.0,True,0.0
1090,512190,1959-11-01,63.0,F,True,False,usa,sacramento,SMF,38.695,-121.591,2023-01-05,204,8,17.375,0.125,128.875,1.1428571428571428,25.0,25.0,35.0,0.0,1,0,0.0,0,0.0,0,0,0.0,0.0,0.0,0.0,0.0,0.0,0.0,0,0.0,0.0,0.0,0.0,0.0,MISSING,0,0.0,MISSING,0,0.0,0.0,0.0,0.0,1,84.0,0.0,0,0.0,0.0,0.0,0.0,84.0,22.0,0.0,2.0,0.0,Extended Stay,1,1.0,False,True,True,False,True,False,True,True,84.0,0.0,4,1,1,2.2,219.3411137045682,1,604.6609885787121,False,
1114,512416,1994-06-17,29.0,F,False,False,usa,jacksonville,NZC,30.219,-81.876,2023-01-05,204,8,18.125,0.125,135.25,1.1428571428571428,14.0,14.0,45.0,0.0,1,0,0.0,0,0.0,0,0,0.0,0.0,0.0,0.0,0.0,0.0,0.0,0,0.0,0.0,0.0,0.0,0.0,MISSING,0,0.0,MISSING,0,0.0,0.0,0.0,0.0,1,310.0,0.0,0,0.0,0.0,0.0,0.0,310.0,8.0,0.0,1.0,0.0,Hilton,1,1.0,False,True,True,False,True,False,True,True,310.0,0.0,5,1,1,2.6,809.4731577192397,2,2231.486981659533,False,
1161,512928,2006-01-22,17.0,F,False,False,usa,los angeles,LAX,33.942,-118.408,2023-01-06,203,8,46.75,0.25,1061.5,1.1428571428571428,23.0,129.0,197.0,91.0,1,1,1.0,1,1.0,1,1,1.0,0.0,0.0,0.1,0.0,0.0,0.0,1,1.0,2.0,0.0,1.0,0.0,Aeroflot Russian Airlines,1,1.0,LAX-SVO,1,1.0,0.0,0.0,0.0,1,0.0,0.0,1,1.0,0.0,0.0,0.0,0.0,15.0,0.0,1.0,0.0,Radisson,1,1.0,False,False,True,True,True,True,True,True,0.0,0.0,4,1,0,1.85,0.0,1,0.0,True,0.0
1198,513317,1969-02-21,54.0,F,True,False,usa,dallas,DAL,32.847,-96.852,2023-01-06,203,8,16.875,0.125,127.0,1.3333333333333333,43.0,165.0,11.0,0.0,1,0,0.0,0,0.0,1,1,1.0,73.87,0.0,0.05,3.6935,3.6935,70.1765,1,1.0,1.0,0.0,0.0,0.0,Qatar Airways,1,1.0,DAL-IAH,1,1.0,394.581782428326,0.0,0.0,0,0.0,0.0,0,0.0,0.0,0.0,0.0,0.0,0.0,0.0,0.0,0.0,MISSING,0,0.0,False,True,False,True,False,True,False,True,70.1765,3.6935,2,1,1,1.4,183.24513887962655,1,505.1546650594523,True,73.87
1203,513347,1974-10-08,48.0,F,True,True,usa,los angeles,LAX,33.942,-118.408,2023-01-06,203,10,16.9,0.1,125.7,1.6666666666666667,52.0,179.0,10.0,0.0,1,1,1.0,0,0.0,1,1,1.0,378.92,0.0,0.15,56.838,56.838,322.082,1,1.0,1.0,0.0,1.0,0.0,Air Canada,1,1.0,LAX-YEG,1,1.0,2227.542640407648,0.0,0.0,1,129.0,0.0,0,0.0,0.0,0.0,0.0,129.0,2.0,0.0,1.0,0.0,Fairmont,1,1.0,False,True,False,True,False,False,True,True,451.082,56.838,2,1,1,1.4,1177.8670030010003,3,3247.0439053578884,True,378.92
1282,514315,2001-02-17,22.0,F,False,False,canada,winnipeg,YAV,50.056,-97.032,2023-01-06,203,8,25.5,0.125,190.25,1.3333333333333333,47.0,199.0,9.0,0.0,1,1,1.0,0,0.0,1,1,1.0,411.04,0.0,0.0,0.0,0.0,411.04,0,0.0,1.0,0.0,1.0,0.0,Delta Air Lines,1,1.0,YAV-SAT,1,1.0,2284.9009099634513,0.0,0.0,1,314.0,0.0,0,0.0,0.0,0.0,0.0,314.0,3.0,0.0,1.0,0.0,Hyatt,1,1.0,False,True,False,True,True,False,True,True,725.04,0.0,2,1,2,1.75,1893.2271557185727,5,5219.088132846541,True,411.04
1289,514384,1980-06-12,43.0,F,False,False,canada,toronto,YKZ,43.862,-79.37,2023-01-06,203,8,16.5,0.125,120.5,2.6666666666666665,123.0,183.0,9.0,0.0,1,1,1.0,0,0.0,1,1,1.0,1180.5,0.0,0.0,0.0,0.0,1180.5,0,0.0,2.0,0.0,1.0,0.0,American Airlines,1,1.0,YKZ-NZY,1,1.0,3492.5608413607533,0.0,0.0,1,101.0,0.0,0,0.0,0.0,0.0,0.0,101.0,2.0,0.0,2.0,0.0,Extended Stay,1,1.0,False,True,False,True,True,False,True,True,1281.5,0.0,1,1,3,1.6999999999999997,3346.257585861954,5,9224.679248376424,True,590.25
1344,515198,1985-03-14,38.0,F,False,False,canada,toronto,YTZ,43.627,-79.396,2023-01-07,202,8,23.5,0.125,173.875,4.0,152.0,152.0,7.0,0.0,1,0,0.0,0,0.0,0,0,0.0,0.0,0.0,0.0,0.0,0.0,0.0,0,0.0,0.0,0.0,0.0,0.0,MISSING,0,0.0,MISSING,0,0.0,0.0,0.0,0.0,1,86.0,0.0,1,1.0,0.1,8.6,8.6,77.4,20.0,0.0,2.0,0.0,Choice Hotels,1,1.0,False,True,True,False,True,False,True,False,77.4,8.6,1,1,1,1.0,202.10716905635212,1,557.1519109046704,True,
1347,515205,1952-10-15,70.0,F,True,False,usa,spokane,GEG,47.62,-117.534,2023-01-07,202,8,41.625,0.25,1021.375,1.3333333333333333,34.0,50.0,169.0,153.0,1,1,1.0,1,1.0,1,1,1.0,0.0,0.0,0.0,0.0,0.0,0.0,1,1.0,2.0,0.0,2.0,0.0,Ryanair,1,1.0,GEG-XSP,1,1.0,0.0,0.0,0.0,1,0.0,0.0,1,1.0,0.0,0.0,0.0,0.0,6.0,0.0,1.0,0.0,NH Hotel,1,1.0,False,False,True,True,True,True,True,True,0.0,0.0,3,1,0,1.4500000000000002,0.0,1,0.0,False,0.0
1361,515436,2001-05-24,22.0,F,False,False,usa,grand rapids,GRR,42.881,-85.523,2023-01-07,202,8,22.5,0.125,168.375,1.3333333333333333,34.0,60.0,3.0,0.0,1,0,0.0,0,0.0,0,0,0.0,0.0,0.0,0.0,0.0,0.0,0.0,0,0.0,0.0,0.0,0.0,0.0,MISSING,0,0.0,MISSING,0,0.0,0.0,0.0,0.0,1,217.0,0.0,0,0.0,0.0,0.0,0.0,217.0,4.0,0.0,1.0,0.0,Aman Resorts,1,1.0,False,True,True,False,True,False,True,True,217.0,0.0,3,1,1,1.8000000000000003,566.6312104034678,1,1562.040887161673,False,
1391,515818,1957-06-20,66.0,M,False,False,usa,chicago,ORD,41.979,-87.904,2023-01-07,202,8,17.5,0.125,131.625,1.1428571428571428,18.0,135.0,8.0,0.0,1,0,0.0,0,0.0,1,1,1.0,1028.11,0.0,0.0,0.0,0.0,1028.11,0,0.0,2.0,0.0,0.0,0.0,Cebu Pacific,1,1.0,ORD-SJI,1,1.0,2937.2029102779916,0.0,0.0,0,0.0,0.0,0,0.0,0.0,0.0,0.0,0.0,0.0,0.0,0.0,0.0,MISSING,0,0.0,False,True,False,True,True,True,False,True,1028.11,0.0,4,1,2,2.55,2684.6046715571856,5,7400.69058294833,True,514.055
1428,516217,1979-05-19,44.0,M,True,False,canada,edmonton,YEG,53.31,-113.58,2023-01-07,202,8,23.25,0.125,174.5,1.1428571428571428,26.0,201.0,6.0,0.0,1,0,0.0,0,0.0,1,1,1.0,509.57,0.0,0.0,0.0,0.0,509.57,0,0.0,1.0,0.0,0.0,0.0,American Airlines,1,1.0,YEG-PHL,1,1.0,3236.2453831267135,0.0,0.0,0,0.0,0.0,0,0.0,0.0,0.0,0.0,0.0,0.0,0.0,0.0,0.0,MISSING,0,0.0,False,True,False,True,True,True,False,True,509.57,0.0,4,1,1,2.2,1330.5910870290097,4,3668.0607136911235,True,509.57
1442,516368,1976-12-26,46.0,F,True,True,usa,denver,DEN,39.858,-104.667,2023-01-07,202,8,36.0,0.25,981.125,1.3333333333333333,43.0,139.0,225.0,129.0,1,0,0.0,1,1.0,1,1,1.0,0.0,0.0,0.0,0.0,0.0,0.0,1,1.0,4.0,0.0,3.0,0.0,Kenmore Air,1,1.0,DEN-BFI,1,1.0,0.0,0.0,0.0,0,0.0,0.0,0,0.0,0.0,0.0,0.0,0.0,0.0,0.0,0.0,0.0,MISSING,0,0.0,False,False,True,True,True,True,False,True,0.0,0.0,2,1,0,1.05,0.0,1,0.0,True,0.0
1470,516697,1947-08-02,75.0,F,False,False,usa,fresno,FAT,36.776,-119.718,2023-01-08,201,8,26.875,0.125,199.0,1.3333333333333333,51.0,51.0,6.0,0.0,1,0,0.0,0,0.0,0,0,0.0,0.0,0.0,0.0,0.0,0.0,0.0,0,0.0,0.0,0.0,0.0,0.0,MISSING,0,0.0,MISSING,0,0.0,0.0,0.0,0.0,1,158.0,0.0,0,0.0,0.0,0.0,0.0,158.0,5.0,0.0,2.0,0.0,Wyndham,1,1.0,False,True,True,False,True,False,True,True,158.0,0.0,2,1,1,1.4,412.57019006335446,1,1137.338526136149,False,
1475,516763,1977-11-22,45.0,M,True,False,usa,denver,DEN,39.858,-104.667,2023-01-08,201,8,19.75,0.125,147.875,1.1428571428571428,9.0,200.0,4.0,0.0,1,1,1.0,0,0.0,1,1,1.0,248.08,0.0,0.0,0.0,0.0,248.08,0,0.0,1.0,0.0,1.0,0.0,Delta Air Lines,1,1.0,DEN-SAT,1,1.0,1287.5720681848377,0.0,0.0,1,267.0,0.0,0,0.0,0.0,0.0,0.0,267.0,2.0,0.0,1.0,0.0,Crowne Plaza,1,1.0,False,True,False,True,True,False,True,True,515.08,0.0,5,1,1,2.6,1344.9788196065356,4,3707.7235952038463,True,248.08
1506,517324,1954-12-16,68.0,F,True,False,usa,austin,AUS,30.194,-97.67,2023-01-08,201,8,20.5,0.125,152.5,2.6666666666666665,129.0,173.0,8.0,0.0,1,0,0.0,0,0.0,1,1,1.0,472.44,0.0,0.0,0.0,0.0,472.44,0,0.0,1.0,0.0,1.0,0.0,WestJet,1,1.0,AUS-YOW,1,1.0,2548.005699269365,0.0,0.0,0,0.0,0.0,0,0.0,0.0,0.0,0.0,0.0,0.0,0.0,0.0,0.0,MISSING,0,0.0,False,True,False,True,True,True,False,True,472.44,0.0,1,1,1,1.0,1233.6370923641214,3,3400.7861600491283,True,472.44
1507,517330,1953-11-21,69.0,M,True,False,usa,newark,EWR,40.692,-74.169,2023-01-08,201,8,17.875,0.125,131.375,1.6,80.0,199.0,16.0,0.0,1,1,1.0,0,0.0,1,1,1.0,467.35,0.0,0.0,0.0,0.0,467.35,0,0.0,1.0,0.0,1.0,0.0,Ryanair,1,1.0,EWR-LSQ,1,1.0,3941.011660850295,0.0,0.0,1,142.0,0.0,0,0.0,0.0,0.0,0.0,142.0,7.0,0.0,1.0,0.0,Best Western,1,1.0,False,True,False,True,True,False,True,True,609.35,0.0,1,1,2,1.35,1591.1369956652218,4,4386.311587981408,True,467.35
1524,517571,1979-02-19,44.0,M,False,False,usa,phoenix,LUF,33.535,-112.383,2023-01-08,201,8,16.0,0.125,118.75,1.3333333333333333,47.0,133.0,5.0,0.0,1,1,1.0,0,0.0,1,1,1.0,504.02,0.0,0.15,75.603,75.603,428.417,1,1.0,1.0,0.0,1.0,0.0,American Airlines,1,1.0,LUF-YYZ,1,1.0,3061.212011642412,0.0,0.0,1,139.0,0.0,0,0.0,0.0,0.0,0.0,139.0,3.0,0.0,1.0,0.0,Choice Hotels,1,1.0,False,True,False,True,False,False,True,True,567.417,75.603,2,1,1,1.4,1481.6413894631544,4,4084.4633828138944,True,504.02
1542,517787,1990-10-11,32.0,F,False,False,usa,madison,MSN,43.14,-89.337,2023-01-08,201,8,16.25,0.125,119.875,1.3333333333333333,44.0,44.0,225.0,0.0,1,1,1.0,0,0.0,1,1,1.0,851.82,0.0,0.0,0.0,0.0,851.82,0,0.0,3.0,0.0,2.0,0.0,Delta Air Lines,1,1.0,MSN-LRF,1,1.0,1560.6493169618557,0.0,0.0,1,141.0,0.0,0,0.0,0.0,0.0,0.0,141.0,8.0,0.0,2.0,0.0,Aman Resorts,1,1.0,False,True,False,True,True,False,True,True,992.82,0.0,2,1,2,1.75,2592.455291763921,5,7146.66098429425,False,283.94
1544,517819,1990-09-14,32.0,F,False,False,canada,vancouver,YVR,49.195,-123.182,2023-01-08,201,8,15.5,0.125,117.0,1.3333333333333333,30.0,165.0,9.0,0.0,1,1,1.0,0,0.0,1,0,0.0,336.32,0.0,0.0,0.0,0.0,336.32,0,0.0,1.0,0.0,2.0,0.0,JetBlue Airways,1,1.0,YVR-PHL,1,1.0,3868.668628465751,0.0,0.0,1,200.0,0.0,0,0.0,0.0,0.0,0.0,200.0,4.0,0.0,1.0,0.0,Hilton,1,1.0,False,True,False,True,True,False,True,True,536.32,0.0,3,1,1,1.8000000000000003,1400.4407869289764,4,3860.6164451730347,True,336.32
1581,518422,1964-07-25,59.0,F,True,False,usa,colorado springs,COS,38.806,-104.7,2023-01-08,201,8,18.25,0.125,135.25,1.3333333333333333,27.0,195.0,34.0,0.0,1,0,0.0,0,0.0,0,0,0.0,0.0,0.0,0.0,0.0,0.0,0.0,0,0.0,0.0,0.0,0.0,0.0,MISSING,0,0.0,MISSING,0,0.0,0.0,0.0,0.0,1,113.0,0.0,0,0.0,0.0,0.0,0.0,113.0,3.0,0.0,1.0,0.0,Best Western,1,1.0,False,True,True,False,True,False,True,True,113.0,0.0,3,1,1,1.8000000000000003,295.0660220073358,1,813.4129965404104,True,
1623,518925,1992-11-12,30.0,F,False,True,usa,shreveport,BAD,32.502,-93.663,2023-01-09,200,8,15.625,0.125,116.25,1.1428571428571428,26.0,177.0,4.0,0.0,1,0,0.0,0,0.0,0,0,0.0,0.0,0.0,0.0,0.0,0.0,0.0,0,0.0,0.0,0.0,0.0,0.0,MISSING,0,0.0,MISSING,0,0.0,0.0,0.0,0.0,1,122.0,0.0,0,0.0,0.0,0.0,0.0,122.0,8.0,0.0,1.0,0.0,Fairmont,1,1.0,False,True,True,False,True,False,True,True,122.0,0.0,4,1,1,2.2,318.5668556185395,1,878.1981024595581,True,
1641,519191,2003-10-08,19.0,M,False,False,usa,tampa,TPA,27.975,-82.533,2023-01-09,200,8,28.375,0.125,212.5,2.6666666666666665,121.0,121.0,7.0,0.0,1,0,0.0,0,0.0,0,0,0.0,0.0,0.0,0.0,0.0,0.0,0.0,0,0.0,0.0,0.0,0.0,0.0,MISSING,0,0.0,MISSING,0,0.0,0.0,0.0,0.0,1,68.0,0.0,1,1.0,0.05,3.4,3.4,64.6,14.0,0.0,2.0,0.0,InterContinental,1,1.0,False,True,True,False,True,False,True,False,64.6,3.4,1,1,1,1.0,168.68376125375124,1,465.0130935974381,True,
1674,519596,1983-04-15,40.0,F,True,True,usa,fayetteville,POB,35.171,-79.014,2023-01-09,200,7,16.0,0.14285714285714285,120.85714285714286,1.4,78.0,199.0,8.0,0.0,1,1,1.0,0,0.0,1,1,1.0,447.36,0.0,0.0,0.0,0.0,447.36,0,0.0,1.0,0.0,0.0,0.0,United Airlines,1,1.0,POB-BIF,1,1.0,2555.7337929815076,0.0,0.0,1,141.0,0.0,0,0.0,0.0,0.0,0.0,141.0,6.0,0.0,1.0,0.0,Banyan Tree,1,1.0,False,True,False,True,True,False,True,True,588.36,0.0,1,1,1,1.0,1536.3278292764255,4,4235.218324287751,True,447.36
1710,519982,2002-09-08,20.0,F,False,True,usa,memphis,MEM,35.042,-89.977,2023-01-09,200,8,38.75,0.25,1001.625,1.6,67.0,67.0,169.0,169.0,1,0,0.0,1,1.0,1,1,1.0,0.0,0.0,0.0,0.0,0.0,0.0,1,1.0,2.0,0.0,1.0,0.0,Ryanair,1,1.0,MEM-JRS,1,1.0,0.0,0.0,0.0,0,0.0,0.0,0,0.0,0.0,0.0,0.0,0.0,0.0,0.0,0.0,0.0,MISSING,0,0.0,False,False,True,True,True,True,False,True,0.0,0.0,1,1,0,0.65,0.0,1,0.0,False,0.0
1711,520054,1989-01-04,34.0,F,False,True,usa,fort worth,FTW,32.82,-97.362,2023-01-09,200,8,19.0,0.125,143.25,1.1428571428571428,13.0,104.0,7.0,0.0,1,1,1.0,0,0.0,1,1,1.0,51.23,0.0,0.0,0.0,0.0,51.23,0,0.0,1.0,0.0,0.0,0.0,JetBlue Airways,1,1.0,FTW-OKC,1,1.0,286.94915196300553,0.0,0.0,1,287.0,0.0,0,0.0,0.0,0.0,0.0,287.0,1.0,0.0,1.0,0.0,Hilton,1,1.0,False,True,False,True,True,False,True,True,338.23,0.0,5,1,1,2.6,883.1874391463822,2,2434.6962638925934,True,51.23
1714,520106,1997-09-10,25.0,F,False,True,usa,salt lake city,SLC,40.788,-111.978,2023-01-09,200,8,18.875,0.125,138.875,1.1428571428571428,11.0,79.0,9.0,0.0,1,1,1.0,0,0.0,1,1,1.0,185.18,0.0,0.0,0.0,0.0,185.18,0,0.0,1.0,0.0,1.0,0.0,Ryanair,1,1.0,SLC-BIF,1,1.0,1112.7077782365093,0.0,0.0,1,245.0,0.0,0,0.0,0.0,0.0,0.0,245.0,3.0,0.0,1.0,0.0,Extended Stay,1,1.0,False,True,False,True,True,False,True,True,430.18,0.0,5,1,1,2.6,1123.287622540847,3,3096.5840960332193,False,185.18
1781,520934,1971-03-16,52.0,F,False,True,usa,newark,EWR,40.692,-74.169,2023-01-10,199,9,18.77777777777778,0.1111111111111111,139.77777777777777,1.5,52.0,132.0,9.0,0.0,1,1,1.0,0,0.0,1,1,1.0,1426.54,0.0,0.2,285.308,285.308,1141.232,1,1.0,2.0,0.0,0.0,0.0,Alaska Airlines,1,1.0,EWR-FAT,1,1.0,3930.5607634331946,0.0,0.0,1,173.0,0.0,0,0.0,0.0,0.0,0.0,173.0,2.0,0.0,2.0,0.0,Marriott,1,1.0,False,True,False,True,False,False,True,True,1314.232,285.308,2,1,3,2.0999999999999996,3431.727506502167,5,9460.295480259261,True,713.27
1840,521719,2003-03-27,20.0,F,False,False,usa,new york,JFK,40.64,-73.779,2023-01-10,199,8,18.5,0.125,137.875,1.3333333333333333,37.0,75.0,6.0,0.0,1,1,1.0,0,0.0,1,1,1.0,236.02,0.0,0.0,0.0,0.0,236.02,0,0.0,1.0,0.0,0.0,0.0,Delta Air Lines,1,1.0,JFK-BNA,1,1.0,1229.7711374054747,0.0,0.0,1,116.0,0.0,0,0.0,0.0,0.0,0.0,116.0,2.0,0.0,1.0,0.0,Starwood,1,1.0,False,True,False,True,True,False,True,True,352.02,0.0,3,1,1,1.8000000000000003,919.1959386462154,2,2533.9614428509317,False,236.02
1884,522315,1989-08-07,33.0,F,False,False,usa,baltimore,BWI,39.175,-76.668,2023-01-10,199,7,18.142857142857142,0.14285714285714285,135.71428571428572,1.4,75.0,197.0,6.0,0.0,1,1,1.0,0,0.0,1,1,1.0,123.66,0.0,0.0,0.0,0.0,123.66,0,0.0,1.0,0.0,0.0,0.0,Ryanair,1,1.0,BWI-YHU,1,1.0,753.9395606414358,0.0,0.0,1,647.0,0.0,0,0.0,0.0,0.0,0.0,647.0,1.0,0.0,1.0,0.0,NH Hotel,1,1.0,False,True,False,True,True,False,True,True,770.66,0.0,1,1,2,1.35,2012.3502700900299,5,5547.476636405599,True,123.66
1891,522420,1992-10-04,30.0,F,True,False,usa,oakland,OAK,37.721,-122.221,2023-01-10,199,9,18.22222222222222,0.2222222222222222,739.3266056666666,1.8,81.0,88.0,280.0,273.0,1,1,1.0,1,1.0,1,1,1.0,0.0,0.0,0.0,0.0,0.0,0.0,1,1.0,1.0,0.0,0.0,0.0,Bangkok Airways,1,1.0,OAK-BKK,1,1.0,0.0,0.0,0.0,1,0.0,0.0,1,1.0,0.0,0.0,0.0,0.0,10.0,0.0,1.0,0.0,NH Hotel,1,1.0,False,False,True,True,True,True,True,True,0.0,0.0,1,1,0,0.65,0.0,1,0.0,False,0.0
1907,522624,1995-04-23,28.0,F,False,False,usa,bakersfield,BFL,35.433,-119.057,2023-01-10,199,8,15.625,0.125,117.875,1.3333333333333333,41.0,41.0,13.0,0.0,1,0,0.0,0,0.0,0,0,0.0,0.0,0.0,0.0,0.0,0.0,0.0,0,0.0,0.0,0.0,0.0,0.0,MISSING,0,0.0,MISSING,0,0.0,0.0,0.0,0.0,1,81.0,0.0,1,1.0,0.05,4.05,4.05,76.95,30.0,0.0,2.0,0.0,Accor,1,1.0,False,True,True,False,True,False,True,False,76.95,4.05,2,1,1,1.4,200.93212737579194,1,553.9126556087131,False,
1920,522809,1970-09-02,52.0,F,True,True,canada,victoria,YYJ,48.647,-123.426,2023-01-10,199,8,21.875,0.125,161.375,1.6,87.0,127.0,8.0,0.0,1,1,1.0,0,0.0,1,1,1.0,565.09,0.0,0.0,0.0,0.0,565.09,0,0.0,1.0,0.0,2.0,0.0,Southwest Airlines,1,1.0,YYJ-HOU,1,1.0,3196.014164696867,0.0,0.0,1,385.0,0.0,0,0.0,0.0,0.0,0.0,385.0,4.0,0.0,1.0,0.0,Hyatt,1,1.0,False,True,False,True,True,False,True,True,950.09,0.0,1,1,2,1.35,2480.878556185395,5,6839.075698080341,True,565.09
1926,522939,1980-03-07,43.0,F,False,True,usa,cleveland,CLE,41.412,-81.85,2023-01-11,198,7,16.714285714285715,0.14285714285714285,124.14285714285714,1.1666666666666667,32.0,107.0,13.0,0.0,1,1,1.0,0,0.0,1,1,1.0,315.57,0.0,0.0,0.0,0.0,315.57,0,0.0,1.0,0.0,1.0,0.0,Air Canada,1,1.0,CLE-YWG,1,1.0,1515.6357171160516,0.0,0.0,1,110.0,0.0,0,0.0,0.0,0.0,0.0,110.0,5.0,0.0,1.0,0.0,Conrad,1,1.0,False,True,False,True,True,False,True,True,425.57,0.0,3,1,1,1.8000000000000003,1111.2499733244415,3,3063.399725112411,True,315.57
1927,522943,1948-04-21,75.0,F,True,False,usa,los angeles,LAX,33.942,-118.408,2023-01-11,198,9,18.0,0.1111111111111111,134.22222222222223,1.2857142857142858,15.0,15.0,18.0,0.0,1,0,0.0,0,0.0,0,0,0.0,0.0,0.0,0.0,0.0,0.0,0.0,0,0.0,0.0,0.0,0.0,0.0,MISSING,0,0.0,MISSING,0,0.0,0.0,0.0,0.0,1,133.0,0.0,0,0.0,0.0,0.0,0.0,133.0,3.0,0.0,1.0,0.0,Choice Hotels,1,1.0,False,True,True,False,True,False,True,True,133.0,0.0,5,1,1,2.6,347.2900966988996,1,957.3798985829609,False,
1972,523700,1965-02-02,58.0,F,True,True,usa,charlotte,CLT,35.214,-80.943,2023-01-11,198,8,17.875,0.125,134.875,2.6666666666666665,123.0,154.0,11.0,0.0,1,1,1.0,0,0.0,1,1,1.0,156.24,0.0,0.0,0.0,0.0,156.24,0,0.0,2.0,0.0,0.0,0.0,Allegiant Air,1,1.0,CLT-LCK,1,1.0,558.9334677655318,0.0,0.0,1,748.0,0.0,1,1.0,0.1,74.8,74.8,673.2,2.0,0.0,2.0,0.0,NH Hotel,1,1.0,False,True,False,True,True,False,True,False,829.44,74.8,1,1,2,1.35,2165.8368256085364,5,5970.5953615086555,True,78.12
1982,523787,1982-09-11,40.0,F,True,True,usa,milwaukee,MKE,42.947,-87.896,2023-01-11,198,8,16.875,0.125,124.5,1.1428571428571428,15.0,125.0,9.0,0.0,1,1,1.0,0,0.0,1,1,1.0,470.9,0.0,0.0,0.0,0.0,470.9,0,0.0,1.0,0.0,0.0,0.0,AirTran Airways,1,1.0,MKE-LAX,1,1.0,2820.6617590021237,0.0,0.0,1,119.0,0.0,0,0.0,0.0,0.0,0.0,119.0,1.0,0.0,1.0,0.0,Choice Hotels,1,1.0,False,True,False,True,True,False,True,True,589.9,0.0,5,1,1,2.6,1540.3490830276758,4,4246.303775745027,True,470.9
2083,525176,1953-09-03,69.0,F,False,False,usa,washington,IAD,38.944,-77.456,2023-01-12,197,8,28.25,0.125,208.625,1.6,62.0,189.0,7.0,0.0,1,1,1.0,0,0.0,1,1,1.0,117.16,0.0,0.0,0.0,0.0,117.16,0,0.0,1.0,0.0,1.0,0.0,Porter Airlines,1,1.0,IAD-YTZ,1,1.0,569.6339489672345,0.0,0.0,1,244.0,0.0,0,0.0,0.0,0.0,0.0,244.0,1.0,0.0,1.0,0.0,Conrad,1,1.0,False,True,False,True,True,False,True,True,361.16,0.0,2,1,1,1.4,943.0623407802601,2,2599.7543170843774,True,117.16
2144,526206,2006-06-28,17.0,M,False,True,usa,new orleans,MSY,29.993,-90.258,2023-01-12,197,8,21.625,0.125,160.75,1.1428571428571428,7.0,102.0,13.0,0.0,1,1,1.0,0,0.0,1,1,1.0,571.03,0.0,0.0,0.0,0.0,571.03,0,0.0,1.0,0.0,0.0,0.0,Metro Batavia,1,1.0,MSY-SJO,1,1.0,3027.1684082719476,0.0,0.0,1,164.0,0.0,0,0.0,0.0,0.0,0.0,164.0,3.0,0.0,1.0,0.0,Choice Hotels,1,1.0,False,True,False,True,True,False,True,True,735.03,0.0,5,1,2,2.95,1919.3130810270088,5,5290.999600416795,True,571.03
2145,526221,1958-04-12,65.0,F,True,False,usa,oklahoma city,OKC,35.393,-97.601,2023-01-12,197,8,15.75,0.125,117.75,1.1428571428571428,14.0,14.0,8.0,0.0,1,1,1.0,0,0.0,1,1,1.0,378.52,0.0,0.15,56.778,56.778,321.742,1,1.0,1.0,0.0,1.0,0.0,United Airlines,1,1.0,OKC-SFO,1,1.0,2221.5360895174963,0.0,0.0,1,145.0,0.0,0,0.0,0.0,0.0,0.0,145.0,9.0,0.0,1.0,0.0,Fairmont,1,1.0,False,True,False,True,False,False,True,True,466.742,56.778,5,1,1,2.6,1218.7584534844948,3,3359.7699896572053,False,378.52
2188,526872,1953-08-16,69.0,F,True,False,usa,st. petersburg,SPG,27.765,-82.627,2023-01-12,197,8,25.5,0.125,190.125,1.3333333333333333,45.0,140.0,5.0,0.0,1,0,0.0,0,0.0,0,0,0.0,0.0,0.0,0.0,0.0,0.0,0.0,0,0.0,0.0,0.0,0.0,0.0,MISSING,0,0.0,MISSING,0,0.0,0.0,0.0,0.0,1,113.0,0.0,0,0.0,0.0,0.0,0.0,113.0,8.0,0.0,1.0,0.0,Choice Hotels,1,1.0,False,True,True,False,True,False,True,True,113.0,0.0,2,1,1,1.4,295.0660220073358,1,813.4129965404104,True,
2245,527524,1998-12-24,24.0,F,False,False,canada,halifax,YHZ,44.881,-63.509,2023-01-13,196,8,20.0,0.125,147.625,1.6,61.0,193.0,11.0,0.0,1,0,0.0,0,0.0,0,0,0.0,0.0,0.0,0.0,0.0,0.0,0.0,0,0.0,0.0,0.0,0.0,0.0,MISSING,0,0.0,MISSING,0,0.0,0.0,0.0,0.0,1,237.0,0.0,0,0.0,0.0,0.0,0.0,237.0,8.0,0.0,2.0,0.0,Fairmont,1,1.0,False,True,True,False,True,False,True,True,237.0,0.0,2,1,1,1.4,618.8552850950316,1,1706.0077892042234,True,
2253,527689,2003-12-06,19.0,M,False,False,usa,new orleans,NBG,29.825,-90.035,2023-01-13,196,8,21.125,0.125,158.125,1.6,73.0,162.0,4.0,0.0,1,0,0.0,0,0.0,0,0,0.0,0.0,0.0,0.0,0.0,0.0,0.0,0,0.0,0.0,0.0,0.0,0.0,MISSING,0,0.0,MISSING,0,0.0,0.0,0.0,0.0,1,162.0,0.0,1,1.0,0.05,8.1,8.1,153.9,13.0,0.0,1.0,0.0,Best Western,1,1.0,False,True,True,False,True,False,True,False,153.9,8.1,1,1,1,1.0,401.86425475158387,1,1107.8253112174261,True,
2303,528500,1983-08-17,39.0,F,False,False,usa,cincinnati,LUK,39.103,-84.419,2023-01-13,196,8,39.75,0.25,1009.0,1.1428571428571428,7.0,37.0,225.0,195.0,1,0,0.0,1,1.0,1,1,1.0,0.0,0.0,0.0,0.0,0.0,0.0,1,1.0,1.0,0.0,1.0,0.0,Alitalia,1,1.0,LUK-AMS,1,1.0,0.0,0.0,0.0,0,0.0,0.0,0,0.0,0.0,0.0,0.0,0.0,0.0,0.0,0.0,0.0,MISSING,0,0.0,False,False,True,True,True,True,False,True,0.0,0.0,5,1,0,2.25,0.0,1,0.0,False,0.0
2313,528688,1990-05-10,33.0,F,False,False,usa,new york,LGA,40.777,-73.872,2023-01-13,196,8,17.125,0.125,128.125,1.3333333333333333,56.0,111.0,8.0,0.0,1,0,0.0,0,0.0,0,0,0.0,0.0,0.0,0.0,0.0,0.0,0.0,0,0.0,0.0,0.0,0.0,0.0,MISSING,0,0.0,MISSING,0,0.0,0.0,0.0,0.0,1,296.0,0.0,0,0.0,0.0,0.0,0.0,296.0,10.0,0.0,1.0,0.0,Choice Hotels,1,1.0,False,True,True,False,True,False,True,True,296.0,0.0,2,1,1,1.4,772.916305435145,2,2130.7101502297473,True,
2373,529677,2002-04-01,21.0,F,False,True,canada,montreal,YMX,45.68,-74.039,2023-01-14,195,8,17.875,0.125,131.625,1.1428571428571428,17.0,165.0,5.0,0.0,1,0,0.0,0,0.0,0,0,0.0,0.0,0.0,0.0,0.0,0.0,0.0,0,0.0,0.0,0.0,0.0,0.0,MISSING,0,0.0,MISSING,0,0.0,0.0,0.0,0.0,1,173.0,0.0,0,0.0,0.0,0.0,0.0,173.0,10.0,0.0,1.0,0.0,InterContinental,1,1.0,False,True,True,False,True,False,True,True,173.0,0.0,4,1,1,2.2,451.73824608202733,1,1245.313702668062,True,
2386,529840,1977-01-11,46.0,M,False,False,usa,new york,LGA,40.777,-73.872,2023-01-14,195,8,19.625,0.125,146.875,1.3333333333333333,53.0,193.0,10.0,0.0,1,0,0.0,0,0.0,1,1,1.0,109.03,0.0,0.0,0.0,0.0,109.03,0,0.0,1.0,0.0,1.0,0.0,Delta Air Lines,1,1.0,LGA-YKZ,1,1.0,567.2430413127435,0.0,0.0,0,0.0,0.0,0,0.0,0.0,0.0,0.0,0.0,0.0,0.0,0.0,0.0,MISSING,0,0.0,False,True,False,True,True,True,False,True,109.03,0.0,2,1,1,1.4,284.69954318106033,1,784.835566484964,True,109.03
2410,530329,1972-06-08,51.0,F,True,True,usa,sacramento,MHR,38.554,-121.297,2023-01-14,195,10,18.5,0.1,138.3,1.4285714285714286,10.0,192.0,8.0,0.0,1,0,0.0,0,0.0,1,1,1.0,705.79,0.0,0.3,211.737,211.737,494.053,1,1.0,1.0,0.0,1.0,0.0,Delta Air Lines,1,1.0,MHR-LGA,1,1.0,4028.154179237679,0.0,0.0,0,0.0,0.0,0,0.0,0.0,0.0,0.0,0.0,0.0,0.0,0.0,0.0,MISSING,0,0.0,False,True,False,True,False,True,False,True,494.053,211.737,5,1,1,2.6,1290.0730386795599,3,3556.3639927414106,True,705.79
2414,530379,1980-10-11,42.0,F,True,False,usa,des moines,DSM,41.534,-93.663,2023-01-14,195,10,16.2,0.1,121.1,1.4285714285714286,7.0,153.0,11.0,0.0,1,1,1.0,0,0.0,1,1,1.0,222.8,0.0,0.0,0.0,0.0,222.8,0,0.0,1.0,0.0,0.0,0.0,American Airlines,1,1.0,DSM-YZD,1,1.0,1194.741752420259,0.0,0.0,1,138.0,0.0,0,0.0,0.0,0.0,0.0,138.0,1.0,0.0,1.0,0.0,Banyan Tree,1,1.0,False,True,False,True,True,False,True,True,360.8,0.0,5,1,1,2.6,942.122307435812,2,2597.1629128476116,True,222.8
2446,530739,1998-10-23,24.0,F,False,False,usa,houston,HOU,29.645,-95.279,2023-01-14,195,9,16.77777777777778,0.1111111111111111,125.77777777777777,1.5,43.0,177.0,6.0,0.0,1,1,1.0,0,0.0,1,1,1.0,356.93,0.0,0.0,0.0,0.0,356.93,0,0.0,1.0,0.0,1.0,0.0,American Airlines,1,1.0,HOU-BWI,1,1.0,2003.3576828804037,0.0,0.0,1,114.0,0.0,0,0.0,0.0,0.0,0.0,114.0,7.0,0.0,1.0,0.0,NH Hotel,1,1.0,False,True,False,True,True,False,True,True,470.93,0.0,2,1,1,1.4,1229.6941747249082,3,3389.9166589449155,True,356.93
2501,531615,2003-12-12,19.0,F,False,True,usa,oakland,OAK,37.721,-122.221,2023-01-15,194,8,18.5,0.125,138.875,1.1428571428571428,14.0,14.0,365.0,0.0,1,0,0.0,0,0.0,1,1,1.0,406.27,0.0,0.0,0.0,0.0,406.27,0,0.0,1.0,0.0,0.0,0.0,American Airlines,1,1.0,OAK-FTW,1,1.0,2314.1660871884546,0.0,0.0,0,0.0,0.0,0,0.0,0.0,0.0,0.0,0.0,0.0,0.0,0.0,0.0,MISSING,0,0.0,False,True,False,True,True,True,False,True,406.27,0.0,5,1,1,2.6,1060.8537412470823,2,2924.47166464135,False,406.27
2512,531745,2000-12-05,22.0,F,False,False,canada,edmonton,YEG,53.31,-113.58,2023-01-15,194,8,25.0,0.25,726.474463875,1.1428571428571428,22.0,93.0,168.0,97.0,1,1,1.0,1,1.0,1,1,1.0,0.0,0.0,0.0,0.0,0.0,0.0,1,1.0,1.0,0.0,0.0,0.0,China Southern Airlines,1,1.0,YEG-GMP,1,1.0,0.0,0.0,0.0,1,0.0,0.0,1,1.0,0.0,0.0,0.0,0.0,5.0,0.0,1.0,0.0,Conrad,1,1.0,False,False,True,True,True,True,True,True,0.0,0.0,4,1,0,1.85,0.0,1,0.0,True,0.0
2514,531777,1985-03-22,38.0,F,False,False,usa,columbus,CMH,39.998,-82.892,2023-01-15,194,8,15.875,0.125,118.625,1.1428571428571428,7.0,184.0,9.0,0.0,1,1,1.0,0,0.0,1,1,1.0,144.52,0.0,0.0,0.0,0.0,144.52,0,0.0,1.0,0.0,0.0,0.0,JetBlue Airways,1,1.0,CMH-LGA,1,1.0,775.5475076244146,0.0,0.0,1,307.0,0.0,0,0.0,0.0,0.0,0.0,307.0,2.0,0.0,1.0,0.0,Marriott,1,1.0,False,True,False,True,True,False,True,True,451.52,0.0,5,1,1,2.6,1179.0107102367456,3,3250.1967805126205,True,144.52
2536,532064,1998-08-15,24.0,F,False,True,usa,san diego,SAN,32.733,-117.189,2023-01-15,194,8,33.5,0.25,964.5,1.6,68.0,149.0,169.0,88.0,1,1,1.0,1,1.0,1,1,1.0,0.0,0.0,0.0,0.0,0.0,0.0,1,1.0,1.0,0.0,0.0,0.0,South East Asian Airlines,1,1.0,SAN-SIN,1,1.0,0.0,0.0,0.0,1,0.0,0.0,1,1.0,0.0,0.0,0.0,0.0,11.0,0.0,1.0,0.0,Banyan Tree,1,1.0,False,False,True,True,True,True,True,True,0.0,0.0,1,1,0,0.65,0.0,1,0.0,True,0.0
2564,532544,1998-08-12,24.0,F,False,False,usa,newark,EWR,40.692,-74.169,2023-01-15,194,8,35.75,0.25,979.875,1.1428571428571428,19.0,60.0,225.0,184.0,1,1,1.0,1,1.0,1,1,1.0,0.0,0.0,0.0,0.0,0.0,0.0,1,1.0,1.0,0.0,0.0,0.0,TAP Portugal,1,1.0,EWR-LIS,1,1.0,0.0,0.0,0.0,1,0.0,0.0,1,1.0,0.0,0.0,0.0,0.0,12.0,0.0,1.0,0.0,Rosewood,1,1.0,False,False,True,True,True,True,True,True,0.0,0.0,4,1,0,1.85,0.0,1,0.0,False,0.0
2579,532725,1984-11-19,38.0,F,False,False,usa,corpus christi,CRP,27.77,-97.501,2023-01-15,194,8,30.5,0.25,351.7052745,1.3333333333333333,39.0,156.0,9.0,2.0,1,1,1.0,1,1.0,1,1,1.0,0.0,0.0,0.0,0.0,0.0,0.0,1,1.0,1.0,0.0,0.0,0.0,American Airlines,1,1.0,CRP-LAX,1,1.0,0.0,0.0,0.0,1,0.0,0.0,1,1.0,0.0,0.0,0.0,0.0,5.0,0.0,1.0,0.0,Accor,1,1.0,False,False,True,True,True,True,True,True,0.0,0.0,3,1,0,1.4500000000000002,0.0,1,0.0,True,0.0
2639,533755,2003-04-02,20.0,F,False,False,canada,toronto,YTZ,43.627,-79.396,2023-01-16,193,8,39.625,0.25,1008.125,1.3333333333333333,36.0,74.0,225.0,187.0,1,1,1.0,1,1.0,1,1,1.0,0.0,0.0,0.0,0.0,0.0,0.0,1,1.0,2.0,0.0,1.0,0.0,South African Airways,1,1.0,YTZ-CPT,1,1.0,0.0,0.0,0.0,1,0.0,0.0,1,1.0,0.1,0.0,0.0,0.0,13.0,0.0,1.0,0.0,Four Seasons,1,1.0,False,False,True,True,True,True,True,True,0.0,0.0,3,1,0,1.4500000000000002,0.0,1,0.0,False,0.0
2644,533827,1975-01-19,48.0,F,False,False,canada,edmonton,YXD,53.573,-113.521,2023-01-16,193,8,20.375,0.125,151.75,1.3333333333333333,27.0,186.0,4.0,0.0,1,0,0.0,0,0.0,0,0,0.0,0.0,0.0,0.0,0.0,0.0,0.0,0,0.0,0.0,0.0,0.0,0.0,MISSING,0,0.0,MISSING,0,0.0,0.0,0.0,0.0,1,64.0,0.0,0,0.0,0.0,0.0,0.0,64.0,8.0,0.0,1.0,0.0,Banyan Tree,1,1.0,False,True,True,False,True,False,True,True,64.0,0.0,3,1,1,1.8000000000000003,167.11703901300433,1,460.69408653616165,True,
2768,536212,1997-04-16,26.0,M,False,False,usa,st. louis,STL,38.748,-90.36,2023-01-17,192,8,46.5,0.25,1062.125,1.1428571428571428,12.0,129.0,169.0,52.0,1,1,1.0,1,1.0,1,1,1.0,0.0,0.0,0.0,0.0,0.0,0.0,1,1.0,2.0,0.0,1.0,0.0,Delta Air Lines,1,1.0,STL-EFD,1,1.0,0.0,0.0,0.0,1,0.0,0.0,1,1.0,0.0,0.0,0.0,0.0,13.0,0.0,1.0,0.0,Hilton,1,1.0,False,False,True,True,True,True,True,True,0.0,0.0,5,1,0,2.25,0.0,1,0.0,True,0.0
2769,536228,2006-09-17,16.0,F,False,False,usa,orlando,ORL,28.545,-81.333,2023-01-17,192,9,17.666666666666668,0.1111111111111111,130.77777777777777,1.8,66.0,92.0,3.0,0.0,1,0,0.0,0,0.0,0,0,0.0,0.0,0.0,0.0,0.0,0.0,0.0,0,0.0,0.0,0.0,0.0,0.0,MISSING,0,0.0,MISSING,0,0.0,0.0,0.0,0.0,1,86.0,0.0,0,0.0,0.0,0.0,0.0,86.0,8.0,0.0,2.0,0.0,Best Western,1,1.0,False,True,True,False,True,False,True,True,86.0,0.0,1,1,1,1.0,224.56352117372458,1,619.0576787829672,True,
2845,537804,2004-04-17,19.0,F,False,True,usa,boston,BOS,42.364,-71.005,2023-01-18,191,8,23.875,0.125,179.375,1.3333333333333333,29.0,29.0,5.0,0.0,1,1,1.0,0,0.0,1,1,1.0,56.9,0.0,0.0,0.0,0.0,56.9,0,0.0,1.0,0.0,0.0,0.0,Alaska Airlines,1,1.0,BOS-JFK,1,1.0,300.16212270792016,0.0,0.0,1,124.0,0.0,0,0.0,0.0,0.0,0.0,124.0,2.0,0.0,1.0,0.0,Wyndham,1,1.0,False,True,False,True,True,False,True,True,180.9,0.0,3,1,1,1.8000000000000003,472.36675558519505,1,1302.1806289748693,False,56.9
2849,537860,1996-07-03,27.0,F,False,False,usa,des moines,DSM,41.534,-93.663,2023-01-18,191,8,16.25,0.125,121.75,1.3333333333333333,46.0,46.0,6.0,0.0,1,1,1.0,0,0.0,1,1,1.0,246.76,0.0,0.0,0.0,0.0,246.76,0,0.0,1.0,0.0,0.0,0.0,Southwest Airlines,1,1.0,DSM-CLT,1,1.0,1310.6760462125958,0.0,0.0,1,38.0,0.0,0,0.0,0.0,0.0,0.0,38.0,6.0,0.0,1.0,0.0,Rosewood,1,1.0,False,True,False,True,True,False,True,True,284.76,0.0,2,1,1,1.4,743.5663754584862,2,2049.8007512818344,False,246.76
2880,538413,1965-03-02,58.0,F,True,True,usa,new york,JFK,40.64,-73.779,2023-01-18,191,9,34.0,0.2222222222222222,789.8956136666667,1.2857142857142858,10.0,141.0,7.0,1.0,1,1,1.0,1,1.0,1,1,1.0,0.0,0.0,0.0,0.0,0.0,0.0,1,1.0,1.0,0.0,0.0,0.0,Delta Air Lines,1,1.0,JFK-LUF,1,1.0,0.0,0.0,0.0,1,0.0,0.0,1,1.0,0.0,0.0,0.0,0.0,2.0,0.0,1.0,0.0,Accor,1,1.0,False,False,True,True,True,True,True,True,0.0,0.0,5,1,0,2.25,0.0,1,0.0,True,0.0
2920,539146,1987-11-19,35.0,F,False,True,usa,tacoma,TCM,47.138,-122.476,2023-01-19,190,8,16.125,0.125,120.625,1.3333333333333333,32.0,189.0,7.0,0.0,1,1,1.0,0,0.0,1,1,1.0,192.71,0.0,0.0,0.0,0.0,192.71,0,0.0,1.0,0.0,0.0,0.0,Cebu Pacific,1,1.0,TCM-SJI,1,1.0,1087.9657004685096,0.0,0.0,1,404.0,0.0,0,0.0,0.0,0.0,0.0,404.0,2.0,0.0,1.0,0.0,Crowne Plaza,1,1.0,False,True,False,True,True,False,True,True,596.71,0.0,3,1,1,1.8000000000000003,1558.1313804601534,4,4295.324505890516,True,192.71
2971,539962,2006-12-24,16.0,M,False,False,canada,windsor,YQG,42.276,-82.956,2023-01-19,190,8,22.75,0.25,445.21916675,2.0,89.0,119.0,197.0,167.0,1,1,1.0,1,1.0,1,1,1.0,0.0,0.0,0.0,0.0,0.0,0.0,1,1.0,1.0,0.0,0.0,0.0,Air France,1,1.0,YQG-BKK,1,1.0,0.0,0.0,0.0,1,0.0,0.0,1,1.0,0.0,0.0,0.0,0.0,12.0,0.0,1.0,0.0,Banyan Tree,1,1.0,False,False,True,True,True,True,True,True,0.0,0.0,1,1,0,0.65,0.0,1,0.0,True,0.0
3095,542095,1973-05-10,50.0,F,True,True,usa,minneapolis,MSP,44.88,-93.217,2023-01-20,189,8,22.125,0.25,254.34169075,1.3333333333333333,56.0,56.0,8.0,8.0,1,1,1.0,1,1.0,1,1,1.0,0.0,0.0,0.0,0.0,0.0,0.0,1,1.0,1.0,0.0,1.0,0.0,Southwest Airlines,1,1.0,MSP-LGA,1,1.0,0.0,0.0,0.0,1,0.0,0.0,1,1.0,0.0,0.0,0.0,0.0,8.0,0.0,1.0,0.0,Best Western,1,1.0,False,False,True,True,True,True,True,True,0.0,0.0,2,1,0,1.05,0.0,1,0.0,False,0.0
3118,542482,1967-02-26,56.0,F,True,False,usa,san diego,SAN,32.733,-117.189,2023-01-20,189,8,15.5,0.125,116.25,1.1428571428571428,12.0,12.0,12.0,0.0,1,0,0.0,0,0.0,1,1,1.0,333.46,0.0,0.0,0.0,0.0,333.46,0,0.0,1.0,0.0,1.0,0.0,AirTran Airways,1,1.0,SAN-DAL,1,1.0,1898.1367583499534,0.0,0.0,0,0.0,0.0,0,0.0,0.0,0.0,0.0,0.0,0.0,0.0,0.0,0.0,MISSING,0,0.0,False,True,False,True,True,True,False,True,333.46,0.0,5,1,1,2.6,870.731997332444,2,2400.3601577554446,False,333.46
3134,542812,1998-11-14,24.0,F,False,False,usa,new york,JFK,40.64,-73.779,2023-01-20,189,9,23.0,0.1111111111111111,170.44444444444446,1.2857142857142858,11.0,152.0,9.0,0.0,1,0,0.0,0,0.0,0,0,0.0,0.0,0.0,0.0,0.0,0.0,0.0,0,0.0,0.0,0.0,0.0,0.0,MISSING,0,0.0,MISSING,0,0.0,0.0,0.0,0.0,1,142.0,0.0,1,1.0,0.2,28.4,28.4,113.6,8.0,0.0,1.0,0.0,Choice Hotels,1,1.0,False,True,True,False,True,False,True,False,113.6,28.4,5,1,1,2.6,296.63274424808264,1,817.7320036016868,True,
3140,542874,1939-10-23,83.0,F,True,False,usa,milwaukee,MKE,42.947,-87.896,2023-01-20,189,8,15.625,0.25,380.241048,1.6,70.0,91.0,113.0,92.0,1,1,1.0,1,1.0,1,1,1.0,0.0,0.0,0.1,0.0,0.0,0.0,1,1.0,2.0,0.0,1.0,0.0,Air Canada,1,1.0,MKE-YOW,1,1.0,0.0,0.0,0.0,1,0.0,0.0,1,1.0,0.0,0.0,0.0,0.0,13.0,0.0,1.0,0.0,Fairmont,1,1.0,False,False,True,True,True,True,True,True,0.0,0.0,1,1,0,0.65,0.0,1,0.0,True,0.0
3149,543074,1970-07-10,53.0,F,True,False,usa,jacksonville,NZC,30.219,-81.876,2023-01-20,189,8,15.875,0.125,117.375,1.6,66.0,165.0,9.0,0.0,1,1,1.0,0,0.0,1,1,1.0,290.26,0.0,0.05,14.513,14.513,275.747,1,1.0,1.0,0.0,0.0,0.0,Porter Airlines,1,1.0,NZC-YTZ,1,1.0,1533.0433491166655,0.0,0.0,1,134.0,0.0,0,0.0,0.0,0.0,0.0,134.0,2.0,0.0,1.0,0.0,Extended Stay,1,1.0,False,True,False,True,False,False,True,True,409.747,14.513,1,1,1,1.0,1069.9328966322107,3,2949.5003105614473,True,290.26
3150,543075,1972-07-22,51.0,M,True,True,usa,newark,EWR,40.692,-74.169,2023-01-20,189,8,18.0,0.125,133.75,1.1428571428571428,19.0,19.0,6.0,0.0,1,1,1.0,0,0.0,1,1,1.0,411.4,0.0,0.0,0.0,0.0,411.4,0,0.0,1.0,0.0,1.0,0.0,Southwest Airlines,1,1.0,EWR-DAL,1,1.0,2192.4304686992414,0.0,0.0,1,267.0,0.0,0,0.0,0.0,0.0,0.0,267.0,3.0,0.0,1.0,0.0,InterContinental,1,1.0,False,True,False,True,True,False,True,True,678.4,0.0,4,1,2,2.55,1771.4406135378458,5,4883.357317283313,False,411.4
3173,543618,1988-02-25,35.0,M,False,False,usa,seattle,BFI,47.53,-122.302,2023-01-21,188,8,19.25,0.125,143.625,1.1428571428571428,17.0,181.0,7.0,0.0,1,1,1.0,0,0.0,1,1,1.0,421.73,0.0,0.0,0.0,0.0,421.73,0,0.0,1.0,0.0,1.0,0.0,Allegiant Air,1,1.0,BFI-LCK,1,1.0,3235.924577756807,0.0,0.0,1,399.0,0.0,0,0.0,0.0,0.0,0.0,399.0,1.0,0.0,1.0,0.0,Hilton,1,1.0,False,True,False,True,True,False,True,True,820.73,0.0,4,1,2,2.55,2143.0932410803603,5,5907.897775669125,True,421.73
3221,544476,1976-12-06,46.0,M,True,True,usa,minneapolis,MSP,44.88,-93.217,2023-01-21,188,8,19.625,0.125,146.625,1.3333333333333333,56.0,187.0,9.0,0.0,1,1,1.0,0,0.0,1,1,1.0,106.04,0.0,0.0,0.0,0.0,106.04,0,0.0,1.0,0.0,2.0,0.0,JetBlue Airways,1,1.0,MSP-ORD,1,1.0,559.904455904321,0.0,0.0,1,124.0,0.0,0,0.0,0.0,0.0,0.0,124.0,2.0,0.0,1.0,0.0,Extended Stay,1,1.0,False,True,False,True,True,False,True,True,230.04,0.0,2,1,1,1.4,600.6813071023674,1,1655.907307293416,True,106.04
3250,545089,2006-09-21,16.0,F,False,False,usa,louisville,LOU,38.228,-85.664,2023-01-22,187,8,21.0,0.25,556.52926725,2.0,103.0,124.0,224.0,203.0,1,1,1.0,1,1.0,1,0,0.0,0.0,0.0,0.0,0.0,0.0,0.0,1,1.0,1.0,0.0,0.0,0.0,Swiss International Air Lines,1,1.0,LOU-HKG,1,1.0,0.0,0.0,0.0,1,0.0,0.0,1,1.0,0.0,0.0,0.0,0.0,9.0,0.0,1.0,0.0,Radisson,1,1.0,False,False,True,True,True,True,True,True,0.0,0.0,1,1,0,0.65,0.0,1,0.0,True,0.0
3252,545115,1980-08-12,42.0,F,True,False,usa,new orleans,NBG,29.825,-90.035,2023-01-22,187,8,21.0,0.125,156.125,1.3333333333333333,52.0,186.0,9.0,0.0,1,1,1.0,0,0.0,1,1,1.0,651.6,0.0,0.0,0.0,0.0,651.6,0,0.0,1.0,0.0,1.0,0.0,Air Canada,1,1.0,NBG-YVR,1,1.0,3520.8899778040145,0.0,0.0,1,381.0,0.0,0,0.0,0.0,0.0,0.0,381.0,3.0,0.0,1.0,0.0,Choice Hotels,1,1.0,False,True,False,True,True,False,True,True,1032.6,0.0,2,1,2,1.75,2696.3289763254415,5,7433.011152456882,True,651.6
3257,545247,2004-09-13,18.0,M,False,True,usa,santa ana,SNA,33.676,-117.868,2023-01-22,187,8,17.0,0.125,125.875,1.3333333333333333,30.0,30.0,3.0,0.0,1,0,0.0,0,0.0,0,0,0.0,0.0,0.0,0.0,0.0,0.0,0.0,0,0.0,0.0,0.0,0.0,0.0,MISSING,0,0.0,MISSING,0,0.0,0.0,0.0,0.0,1,409.0,0.0,0,0.0,0.0,0.0,0.0,409.0,6.0,0.0,2.0,0.0,Hyatt,1,1.0,False,True,True,False,True,False,True,True,409.0,0.0,3,1,1,1.8000000000000003,1067.9823274424807,3,2944.1231467701577,False,
3271,545399,1971-04-15,52.0,F,False,False,usa,little rock,LIT,34.729,-92.224,2023-01-22,187,9,18.77777777777778,0.1111111111111111,141.0,1.8,70.0,185.0,9.0,0.0,1,1,1.0,0,0.0,1,1,1.0,215.58,0.0,0.0,0.0,0.0,215.58,0,0.0,1.0,0.0,1.0,0.0,American Airlines,1,1.0,LIT-DET,1,1.0,1169.455833298991,0.0,0.0,1,198.0,0.0,0,0.0,0.0,0.0,0.0,198.0,8.0,0.0,1.0,0.0,Four Seasons,1,1.0,False,True,False,True,True,False,True,True,413.58,0.0,1,1,1,1.0,1079.941640546849,3,2977.0915673379022,True,215.58
3301,545958,1966-11-21,56.0,F,False,False,usa,houston,IAH,29.98,-95.34,2023-01-22,187,9,17.0,0.1111111111111111,125.66666666666667,1.8,74.0,74.0,6.0,0.0,1,0,0.0,0,0.0,1,0,0.0,230.74,0.0,0.0,0.0,0.0,230.74,0,0.0,1.0,0.0,0.0,0.0,Delta Air Lines,1,1.0,IAH-YHU,1,1.0,2572.7260234336773,0.0,0.0,0,0.0,0.0,0,0.0,0.0,0.0,0.0,0.0,0.0,0.0,0.0,0.0,MISSING,0,0.0,False,True,False,True,True,True,False,True,230.74,0.0,1,1,1,1.0,602.5091497165722,1,1660.9461488649054,False,230.74
3309,546121,2006-07-07,17.0,F,False,False,usa,milwaukee,MKE,42.947,-87.896,2023-01-22,187,8,15.625,0.125,117.125,1.6,84.0,186.0,6.0,0.0,1,1,1.0,0,0.0,1,1,1.0,455.84,0.0,0.0,0.0,0.0,455.84,0,0.0,1.0,0.0,0.0,0.0,Cebu Pacific,1,1.0,MKE-SJI,1,1.0,2937.138640855078,0.0,0.0,1,353.0,0.0,0,0.0,0.0,0.0,0.0,353.0,1.0,0.0,1.0,0.0,Conrad,1,1.0,False,True,False,True,True,False,True,True,808.84,0.0,1,1,2,1.35,2112.0460286762254,5,5822.309452404828,True,455.84
3321,546334,1988-12-25,34.0,F,True,False,usa,las vegas,LAS,36.08,-115.152,2023-01-22,187,8,21.625,0.125,161.375,1.3333333333333333,38.0,121.0,7.0,0.0,1,1,1.0,0,0.0,1,1,1.0,75.09,0.0,0.0,0.0,0.0,75.09,0,0.0,1.0,0.0,0.0,0.0,Ryanair,1,1.0,LAS-NZY,1,1.0,420.88830593583845,0.0,0.0,1,138.0,0.0,0,0.0,0.0,0.0,0.0,138.0,2.0,0.0,1.0,0.0,Aman Resorts,1,1.0,False,True,False,True,True,False,True,True,213.09,0.0,3,1,1,1.8000000000000003,556.421403801267,1,1533.8953578123544,True,75.09
3327,546470,1981-09-22,41.0,F,True,False,usa,new york,LGA,40.777,-73.872,2023-01-22,187,8,16.625,0.125,122.875,1.1428571428571428,8.0,130.0,7.0,0.0,1,0,0.0,0,0.0,1,1,1.0,592.55,0.0,0.0,0.0,0.0,592.55,0,0.0,1.0,0.0,0.0,0.0,Southwest Airlines,1,1.0,LGA-PHX,1,1.0,3477.110454820813,0.0,0.0,0,0.0,0.0,0,0.0,0.0,0.0,0.0,0.0,0.0,0.0,0.0,0.0,MISSING,0,0.0,False,True,False,True,True,True,False,True,592.55,0.0,5,1,1,2.6,1547.268772924308,4,4265.379390265665,True,592.55
3332,546612,1998-06-02,25.0,F,False,True,usa,san antonio,SAT,29.534,-98.47,2023-01-22,187,8,16.0,0.125,119.125,1.6,63.0,78.0,7.0,0.0,1,1,1.0,0,0.0,1,1,1.0,454.8,0.0,0.0,0.0,0.0,454.8,0,0.0,1.0,0.0,0.0,0.0,Delta Air Lines,1,1.0,SAT-PNE,1,1.0,2404.253791915734,0.0,0.0,1,560.0,0.0,0,0.0,0.0,0.0,0.0,560.0,2.0,0.0,1.0,0.0,Conrad,1,1.0,False,True,False,True,True,False,True,True,1014.8,0.0,2,1,2,1.75,2649.8495498499497,5,7304.880609639013,False,454.8
3346,546857,1957-07-05,66.0,F,True,False,usa,kansas city,MCI,39.297,-94.714,2023-01-22,187,8,19.375,0.125,143.875,1.6,60.0,146.0,6.0,0.0,1,0,0.0,0,0.0,0,0,0.0,0.0,0.0,0.0,0.0,0.0,0.0,0,0.0,0.0,0.0,0.0,0.0,MISSING,0,0.0,MISSING,0,0.0,0.0,0.0,0.0,1,324.0,0.0,0,0.0,0.0,0.0,0.0,324.0,16.0,0.0,1.0,0.0,Crowne Plaza,1,1.0,False,True,True,False,True,False,True,True,324.0,0.0,2,1,1,1.4,846.0300100033344,2,2332.2638130893183,True,
3357,547006,1951-04-12,72.0,F,True,False,usa,new york,JFK,40.64,-73.779,2023-01-23,186,8,35.75,0.25,980.875,1.3333333333333333,53.0,107.0,168.0,114.0,1,1,1.0,1,1.0,1,1,1.0,0.0,0.0,0.0,0.0,0.0,0.0,1,1.0,2.0,0.0,1.0,0.0,Turkish Airlines,1,1.0,JFK-IST,1,1.0,0.0,0.0,0.0,1,0.0,0.0,1,1.0,0.0,0.0,0.0,0.0,10.0,0.0,1.0,0.0,Wyndham,1,1.0,False,False,True,True,True,True,True,True,0.0,0.0,2,1,0,1.05,0.0,1,0.0,True,0.0
3384,547594,2006-11-26,16.0,F,False,False,canada,calgary,YYC,51.114,-114.02,2023-01-23,186,8,41.375,0.25,1053.625,1.3333333333333333,31.0,176.0,15.0,6.0,1,1,1.0,1,1.0,1,1,1.0,0.0,0.0,0.0,0.0,0.0,0.0,1,1.0,1.0,0.0,1.0,0.0,WestJet,1,1.0,YYC-YWG,1,1.0,0.0,0.0,0.0,1,0.0,0.0,1,1.0,0.0,0.0,0.0,0.0,2.0,0.0,1.0,0.0,Extended Stay,1,1.0,False,False,True,True,True,True,True,True,0.0,0.0,3,1,0,1.4500000000000002,0.0,1,0.0,True,0.0
3390,547693,1981-01-17,42.0,M,False,True,usa,bakersfield,BFL,35.433,-119.057,2023-01-23,186,8,16.125,0.25,371.009577125,1.6,80.0,80.0,253.0,253.0,1,1,1.0,1,1.0,1,1,1.0,0.0,0.0,0.05,0.0,0.0,0.0,1,1.0,2.0,0.0,2.0,0.0,Ryanair,1,1.0,BFL-JRS,1,1.0,0.0,0.0,0.0,1,0.0,0.0,1,1.0,0.2,0.0,0.0,0.0,16.0,0.0,1.0,0.0,Banyan Tree,1,1.0,False,False,True,True,True,True,True,True,0.0,0.0,1,1,0,0.65,0.0,1,0.0,False,0.0
3413,548093,2002-04-15,21.0,F,False,False,usa,charlotte,CLT,35.214,-80.943,2023-01-23,186,8,16.125,0.125,120.125,1.3333333333333333,37.0,163.0,7.0,0.0,1,0,0.0,0,0.0,0,0,0.0,0.0,0.0,0.0,0.0,0.0,0.0,0,0.0,0.0,0.0,0.0,0.0,MISSING,0,0.0,MISSING,0,0.0,0.0,0.0,0.0,1,99.0,0.0,0,0.0,0.0,0.0,0.0,99.0,6.0,0.0,2.0,0.0,Choice Hotels,1,1.0,False,True,True,False,True,False,True,True,99.0,0.0,3,1,1,1.8000000000000003,258.5091697232411,1,712.636165110625,True,
3429,548310,1992-04-11,31.0,F,False,False,usa,memphis,MEM,35.042,-89.977,2023-01-23,186,8,21.0,0.125,156.375,1.3333333333333333,45.0,183.0,6.0,0.0,1,1,1.0,0,0.0,1,1,1.0,315.31,0.0,0.0,0.0,0.0,315.31,0,0.0,2.0,0.0,1.0,0.0,Allegiant Air,1,1.0,MEM-JFK,1,1.0,1549.5257817733457,0.0,0.0,1,149.0,0.0,0,0.0,0.0,0.0,0.0,149.0,1.0,0.0,2.0,0.0,Choice Hotels,1,1.0,False,True,False,True,True,False,True,True,464.31,0.0,2,1,1,1.4,1212.4080060020005,3,3342.263614368831,True,157.655
3430,548391,1966-12-23,56.0,F,True,True,canada,toronto,YKZ,43.862,-79.37,2023-01-23,186,8,20.75,0.125,153.75,1.3333333333333333,41.0,168.0,5.0,0.0,1,1,1.0,0,0.0,1,1,1.0,363.18,0.0,0.0,0.0,0.0,363.18,0,0.0,1.0,0.0,1.0,0.0,Air Canada,1,1.0,YKZ-DEN,1,1.0,2132.860075797709,0.0,0.0,1,253.0,0.0,0,0.0,0.0,0.0,0.0,253.0,2.0,0.0,1.0,0.0,Wyndham,1,1.0,False,True,False,True,True,False,True,True,616.18,0.0,2,1,2,1.75,1608.9715171723906,4,4435.476285028938,True,363.18
3439,548560,1978-09-02,44.0,F,True,True,usa,laredo,LRD,27.544,-99.461,2023-01-23,186,8,16.125,0.125,119.875,2.0,102.0,102.0,12.0,0.0,1,1,1.0,0,0.0,1,1,1.0,446.45,0.0,0.0,0.0,0.0,446.45,0,0.0,1.0,0.0,0.0,0.0,JetBlue Airways,1,1.0,LRD-LGA,1,1.0,2761.4346017004245,0.0,0.0,1,157.0,0.0,0,0.0,0.0,0.0,0.0,157.0,4.0,0.0,1.0,0.0,Marriott,1,1.0,False,True,False,True,True,False,True,True,603.45,0.0,1,1,2,1.35,1575.7308936312104,4,4343.841351878856,True,446.45
3450,548872,2003-12-14,19.0,F,False,True,usa,chicago,MDW,41.786,-87.752,2023-01-23,186,8,20.25,0.125,151.625,1.1428571428571428,9.0,182.0,14.0,0.0,1,0,0.0,0,0.0,0,0,0.0,0.0,0.0,0.0,0.0,0.0,0.0,0,0.0,0.0,0.0,0.0,0.0,MISSING,0,0.0,MISSING,0,0.0,0.0,0.0,0.0,1,166.0,0.0,0,0.0,0.0,0.0,0.0,166.0,4.0,0.0,1.0,0.0,Aman Resorts,1,1.0,False,True,True,False,True,False,True,True,166.0,0.0,5,1,1,2.6,433.45981993998,1,1194.9252869531692,True,
3483,549450,1979-09-07,43.0,F,True,True,usa,richmond,RIC,37.505,-77.319,2023-01-24,185,8,34.75,0.25,792.213149375,1.3333333333333333,28.0,58.0,225.0,195.0,1,0,0.0,1,1.0,1,1,1.0,0.0,0.0,0.0,0.0,0.0,0.0,1,1.0,6.0,0.0,5.0,0.0,All Nippon Airways,1,1.0,RIC-SZX,1,1.0,0.0,0.0,0.0,0,0.0,0.0,0,0.0,0.0,0.0,0.0,0.0,0.0,0.0,0.0,0.0,MISSING,0,0.0,False,False,True,True,True,True,False,True,0.0,0.0,3,1,0,1.4500000000000002,0.0,1,0.0,False,0.0
3521,550193,1963-12-23,59.0,F,True,True,usa,riverside,RIV,33.881,-117.259,2023-01-24,185,8,25.375,0.125,187.875,1.1428571428571428,9.0,184.0,10.0,0.0,1,0,0.0,0,0.0,0,0,0.0,0.0,0.0,0.0,0.0,0.0,0.0,0,0.0,0.0,0.0,0.0,0.0,MISSING,0,0.0,MISSING,0,0.0,0.0,0.0,0.0,1,64.0,0.0,1,1.0,0.1,6.4,6.4,57.6,2.0,0.0,1.0,0.0,Marriott,1,1.0,False,True,True,False,True,False,True,False,57.6,6.4,5,1,1,2.6,150.4053351117039,1,414.6246778825454,True,
3528,550298,2000-05-02,23.0,F,False,False,usa,las vegas,LSV,36.236,-115.034,2023-01-24,185,8,19.0,0.125,142.125,1.1428571428571428,26.0,171.0,6.0,0.0,1,0,0.0,0,0.0,0,0,0.0,0.0,0.0,0.0,0.0,0.0,0.0,0,0.0,0.0,0.0,0.0,0.0,MISSING,0,0.0,MISSING,0,0.0,0.0,0.0,0.0,1,66.0,0.0,0,0.0,0.0,0.0,0.0,66.0,8.0,0.0,1.0,0.0,Four Seasons,1,1.0,False,True,True,False,True,False,True,True,66.0,0.0,4,1,1,2.2,172.33944648216072,1,475.0907767404167,True,
3546,550711,2006-10-11,16.0,F,False,False,usa,new york,LGA,40.777,-73.872,2023-01-24,185,8,18.25,0.125,135.25,1.3333333333333333,44.0,91.0,6.0,0.0,1,1,1.0,0,0.0,1,0,0.0,44.93,0.0,0.0,0.0,0.0,44.93,0,0.0,1.0,0.0,0.0,0.0,American Airlines,1,1.0,LGA-YMX,1,1.0,528.3523130481931,0.0,0.0,1,503.0,0.0,0,0.0,0.0,0.0,0.0,503.0,1.0,0.0,1.0,0.0,Fairmont,1,1.0,False,True,False,True,True,False,True,True,547.93,0.0,2,1,1,1.4,1430.756862287429,4,3944.189231808735,True,44.93
3552,550830,1946-05-11,77.0,F,True,False,usa,atlanta,ATL,33.64,-84.427,2023-01-25,184,8,40.5,0.25,1016.5,1.1428571428571428,21.0,29.0,15.0,7.0,1,0,0.0,1,1.0,0,0,0.0,0.0,0.0,0.0,0.0,0.0,0.0,0,0.0,0.0,0.0,0.0,0.0,MISSING,0,0.0,MISSING,0,0.0,0.0,0.0,0.0,1,0.0,0.0,1,1.0,0.0,0.0,0.0,0.0,6.0,0.0,1.0,0.0,Rosewood,1,1.0,False,False,True,False,True,True,True,True,0.0,0.0,4,1,0,1.85,0.0,1,0.0,False,
3592,551622,1966-05-26,57.0,M,True,False,usa,san antonio,SKF,29.384,-98.581,2023-01-25,184,8,43.75,0.25,1039.375,1.6,69.0,139.0,196.0,126.0,1,1,1.0,1,1.0,1,1,1.0,0.0,0.0,0.0,0.0,0.0,0.0,1,1.0,1.0,0.0,0.0,0.0,Georgian Airways,1,1.0,SKF-AMS,1,1.0,0.0,0.0,0.0,1,0.0,0.0,1,1.0,0.0,0.0,0.0,0.0,11.0,0.0,1.0,0.0,NH Hotel,1,1.0,False,False,True,True,True,True,True,True,0.0,0.0,1,1,0,0.65,0.0,1,0.0,True,0.0
3612,552036,1969-08-01,53.0,F,True,True,canada,montreal,YMX,45.68,-74.039,2023-01-25,184,9,23.88888888888889,0.1111111111111111,178.88888888888889,1.2857142857142858,26.0,182.0,8.0,0.0,1,1,1.0,0,0.0,1,1,1.0,291.26,0.0,0.0,0.0,0.0,291.26,0,0.0,3.0,0.0,0.0,0.0,Delta Air Lines,1,1.0,YMX-LGA,1,1.0,560.8181463457142,0.0,0.0,1,187.0,0.0,0,0.0,0.0,0.0,0.0,187.0,5.0,0.0,3.0,0.0,Conrad,1,1.0,False,True,False,True,True,False,True,True,478.26,0.0,4,1,1,2.2,1248.8342980993664,3,3442.6805285435103,True,97.08666666666666
3661,553054,1998-11-22,24.0,M,False,False,usa,new york,LGA,40.777,-73.872,2023-01-26,183,8,33.625,0.25,964.5,1.6,70.0,95.0,225.0,200.0,1,1,1.0,1,1.0,1,1,1.0,0.0,0.0,0.0,0.0,0.0,0.0,1,1.0,1.0,0.0,0.0,0.0,Iberia Airlines,1,1.0,LGA-BCN,1,1.0,0.0,0.0,0.0,1,0.0,0.0,1,1.0,0.0,0.0,0.0,0.0,10.0,0.0,1.0,0.0,Hyatt,1,1.0,False,False,True,True,True,True,True,True,0.0,0.0,1,1,0,0.65,0.0,1,0.0,True,0.0
3664,553208,1999-06-06,24.0,F,False,False,usa,richmond,RIC,37.505,-77.319,2023-01-26,183,9,16.22222222222222,0.1111111111111111,120.66666666666667,1.5,32.0,167.0,13.0,0.0,1,0,0.0,0,0.0,0,0,0.0,0.0,0.0,0.0,0.0,0.0,0.0,0,0.0,0.0,0.0,0.0,0.0,MISSING,0,0.0,MISSING,0,0.0,0.0,0.0,0.0,1,59.0,0.0,0,0.0,0.0,0.0,0.0,59.0,9.0,0.0,1.0,0.0,Fairmont,1,1.0,False,True,True,False,True,False,True,True,59.0,0.0,3,1,1,1.8000000000000003,154.06102034011337,1,424.702361025524,True,
3668,553245,1997-12-28,25.0,M,False,True,usa,norfolk,ORF,36.894,-76.201,2023-01-26,183,8,16.375,0.125,121.25,1.3333333333333333,33.0,115.0,9.0,0.0,1,1,1.0,0,0.0,1,1,1.0,85.66,0.0,0.0,0.0,0.0,85.66,0,0.0,1.0,0.0,0.0,0.0,Southwest Airlines,1,1.0,ORF-LGA,1,1.0,466.41928187733066,0.0,0.0,1,188.0,0.0,0,0.0,0.0,0.0,0.0,188.0,12.0,0.0,1.0,0.0,Extended Stay,1,1.0,False,True,False,True,True,False,True,True,273.66,0.0,3,1,1,1.8000000000000003,714.5820140046683,1,1969.8991206482187,True,85.66
3722,554724,2003-01-06,20.0,F,False,False,usa,norfolk,ORF,36.894,-76.201,2023-01-26,183,8,18.75,0.125,140.25,1.3333333333333333,28.0,175.0,3.0,0.0,1,0,0.0,0,0.0,0,0,0.0,0.0,0.0,0.0,0.0,0.0,0.0,0,0.0,0.0,0.0,0.0,0.0,MISSING,0,0.0,MISSING,0,0.0,0.0,0.0,0.0,1,218.0,0.0,0,0.0,0.0,0.0,0.0,218.0,5.0,0.0,1.0,0.0,Choice Hotels,1,1.0,False,True,True,False,True,False,True,True,218.0,0.0,3,1,1,1.8000000000000003,569.242414138046,1,1569.2392322638007,True,
3733,555030,2000-04-24,23.0,F,False,False,usa,long beach,LGB,33.818,-118.151,2023-01-26,183,8,16.375,0.25,587.505917875,1.6,79.0,80.0,196.0,195.0,1,0,0.0,1,1.0,1,1,1.0,0.0,0.0,0.0,0.0,0.0,0.0,1,1.0,1.0,0.0,0.0,0.0,Alitalia,1,1.0,LGB-LIN,1,1.0,0.0,0.0,0.0,0,0.0,0.0,0,0.0,0.0,0.0,0.0,0.0,0.0,0.0,0.0,0.0,MISSING,0,0.0,False,False,True,True,True,True,False,True,0.0,0.0,1,1,0,0.65,0.0,1,0.0,False,0.0
3739,555147,2006-12-07,16.0,F,False,False,usa,denver,DEN,39.858,-104.667,2023-01-26,183,9,26.666666666666668,0.1111111111111111,197.55555555555554,1.2857142857142858,19.0,165.0,5.0,0.0,1,1,1.0,0,0.0,1,1,1.0,517.59,0.0,0.0,0.0,0.0,517.59,0,0.0,1.0,0.0,1.0,0.0,Etihad Airways,1,1.0,DEN-YUL,1,1.0,2612.6606518075714,0.0,0.0,1,104.0,0.0,0,0.0,0.0,0.0,0.0,104.0,2.0,0.0,1.0,0.0,Choice Hotels,1,1.0,False,True,False,True,True,False,True,True,621.59,0.0,4,1,2,2.55,1623.098129376459,4,4474.419332031449,True,517.59
3751,555277,1965-04-02,58.0,F,True,True,usa,oakland,OAK,37.721,-122.221,2023-01-27,182,9,17.0,0.1111111111111111,125.33333333333333,1.2857142857142858,16.0,140.0,8.0,0.0,1,1,1.0,0,0.0,1,1,1.0,760.9,0.0,0.0,0.0,0.0,760.9,0,0.0,1.0,0.0,1.0,0.0,JetBlue Airways,1,1.0,OAK-LGA,1,1.0,4135.143759652739,0.0,0.0,1,428.0,0.0,0,0.0,0.0,0.0,0.0,428.0,2.0,0.0,1.0,0.0,Best Western,1,1.0,False,True,False,True,True,False,True,True,1188.9,0.0,4,1,3,2.9,3104.4601200400134,5,8558.112491919415,True,760.9
3756,555334,1998-02-07,25.0,F,False,False,usa,new orleans,MSY,29.993,-90.258,2023-01-27,182,9,19.77777777777778,0.1111111111111111,148.0,1.2857142857142858,21.0,155.0,7.0,0.0,1,0,0.0,0,0.0,1,1,1.0,569.69,0.0,0.0,0.0,0.0,569.69,0,0.0,3.0,0.0,0.0,0.0,Delta Air Lines,1,1.0,MSY-IND,1,1.0,1139.8074025140638,0.0,0.0,0,0.0,0.0,0,0.0,0.0,0.0,0.0,0.0,0.0,0.0,0.0,0.0,MISSING,0,0.0,False,True,False,True,True,True,False,True,569.69,0.0,4,1,1,2.2,1487.5766555518508,4,4100.825221231031,True,189.89666666666668
3774,555773,2001-10-19,21.0,F,False,False,usa,minneapolis,MSP,44.88,-93.217,2023-01-27,182,8,31.375,0.25,948.75,1.1428571428571428,23.0,36.0,309.0,296.0,1,0,0.0,1,1.0,1,1,1.0,0.0,0.0,0.0,0.0,0.0,0.0,1,1.0,1.0,0.0,0.0,0.0,Onur Air,1,1.0,MSP-AYT,1,1.0,0.0,0.0,0.0,0,0.0,0.0,0,0.0,0.0,0.0,0.0,0.0,0.0,0.0,0.0,0.0,MISSING,0,0.0,False,False,True,True,True,True,False,True,0.0,0.0,4,1,0,1.85,0.0,1,0.0,False,0.0
3802,556391,1980-12-03,42.0,F,True,True,usa,chicago,ORD,41.979,-87.904,2023-01-27,182,8,16.25,0.125,120.875,2.0,98.0,178.0,6.0,0.0,1,1,1.0,0,0.0,1,0,0.0,111.98,0.0,0.0,0.0,0.0,111.98,0,0.0,1.0,0.0,1.0,0.0,Delta Air Lines,1,1.0,ORD-BOS,1,1.0,1391.0259435837102,0.0,0.0,1,170.0,0.0,0,0.0,0.0,0.0,0.0,170.0,3.0,0.0,1.0,0.0,Rosewood,1,1.0,False,True,False,True,True,False,True,True,281.98,0.0,1,1,1,1.0,736.3072290763588,1,2029.7893518979197,True,111.98
3838,557343,1981-09-15,41.0,F,False,False,usa,new york,LGA,40.777,-73.872,2023-01-28,181,8,19.625,0.125,145.375,1.1428571428571428,26.0,168.0,13.0,0.0,1,1,1.0,0,0.0,1,1,1.0,95.52,0.0,0.0,0.0,0.0,95.52,0,0.0,1.0,0.0,0.0,0.0,Air Canada,1,1.0,LGA-YUL,1,1.0,528.3523130481931,0.0,0.0,1,87.0,0.0,1,1.0,0.15,13.05,13.05,73.95,2.0,0.0,1.0,0.0,NH Hotel,1,1.0,False,True,False,True,True,False,True,False,169.47,13.05,4,1,1,2.2,442.5206968989663,1,1219.9035444575518,True,95.52
3839,557402,1968-05-28,55.0,F,True,True,usa,los angeles,LAX,33.942,-118.408,2023-01-28,181,8,22.25,0.125,165.125,1.6,63.0,178.0,8.0,0.0,1,1,1.0,0,0.0,1,1,1.0,344.99,0.0,0.0,0.0,0.0,344.99,0,0.0,1.0,0.0,0.0,0.0,Ryanair,1,1.0,LAX-FTW,1,1.0,1954.7029656942989,0.0,0.0,1,326.0,0.0,0,0.0,0.0,0.0,0.0,326.0,2.0,0.0,1.0,0.0,Crowne Plaza,1,1.0,False,True,False,True,True,False,True,True,670.99,0.0,2,1,2,1.75,1752.0915938646215,5,4830.017580076548,True,344.99
3860,557879,2006-01-15,17.0,F,False,False,usa,burlington,BTV,44.472,-73.153,2023-01-28,181,8,56.25,0.25,1130.5,1.3333333333333333,32.0,179.0,7.0,7.0,1,1,1.0,1,1.0,1,1,1.0,0.0,0.0,0.0,0.0,0.0,0.0,1,1.0,1.0,0.0,0.0,0.0,American Airlines,1,1.0,BTV-SAN,1,1.0,0.0,0.0,0.0,1,0.0,0.0,1,1.0,0.0,0.0,0.0,0.0,4.0,0.0,1.0,0.0,Crowne Plaza,1,1.0,False,False,True,True,True,True,True,True,0.0,0.0,3,1,0,1.4500000000000002,0.0,1,0.0,True,0.0
3885,558395,1988-06-03,35.0,F,False,True,usa,houston,IAH,29.98,-95.34,2023-01-28,181,8,20.5,0.125,151.375,2.0,108.0,175.0,5.0,0.0,1,0,0.0,0,0.0,0,0,0.0,0.0,0.0,0.0,0.0,0.0,0.0,0,0.0,0.0,0.0,0.0,0.0,MISSING,0,0.0,MISSING,0,0.0,0.0,0.0,0.0,1,136.0,0.0,0,0.0,0.0,0.0,0.0,136.0,9.0,0.0,1.0,0.0,Wyndham,1,1.0,False,True,True,False,True,False,True,True,136.0,0.0,1,1,1,1.0,355.1237079026342,1,978.9749338893434,True,
3897,558851,1990-09-17,32.0,F,True,False,usa,memphis,MEM,35.042,-89.977,2023-01-28,181,8,19.875,0.25,565.8909845,1.3333333333333333,51.0,119.0,168.0,100.0,1,1,1.0,1,1.0,1,1,1.0,0.0,0.0,0.0,0.0,0.0,0.0,1,1.0,2.0,0.0,1.0,0.0,Czech Airlines,1,1.0,MEM-PRG,1,1.0,0.0,0.0,0.0,1,0.0,0.0,1,1.0,0.0,0.0,0.0,0.0,13.0,0.0,1.0,0.0,Aman Resorts,1,1.0,False,False,True,True,True,True,True,True,0.0,0.0,2,1,0,1.05,0.0,1,0.0,True,0.0
3924,559432,2006-07-21,17.0,F,False,True,usa,knoxville,TYS,35.812,-83.993,2023-01-29,180,8,16.25,0.125,120.625,1.6,62.0,62.0,225.0,0.0,1,1,1.0,0,0.0,1,1,1.0,229.65,0.0,0.0,0.0,0.0,229.65,0,0.0,2.0,0.0,1.0,0.0,United Airlines,1,1.0,TYS-MEM,1,1.0,548.8232024893716,0.0,0.0,1,106.0,0.0,0,0.0,0.0,0.0,0.0,106.0,12.0,0.0,1.0,0.0,Starwood,1,1.0,False,True,False,True,True,False,True,True,335.65,0.0,2,1,1,1.4,876.4505335111703,2,2416.1245335291037,False,114.825
3952,559995,1973-02-28,50.0,F,True,False,usa,oklahoma city,TIK,35.415,-97.386,2023-01-29,180,8,16.625,0.125,124.5,1.3333333333333333,39.0,39.0,7.0,0.0,1,1,1.0,0,0.0,1,1,1.0,503.9,0.0,0.0,0.0,0.0,503.9,0,0.0,2.0,0.0,1.0,0.0,Ryanair,1,1.0,TIK-YKZ,1,1.0,1800.255908298235,0.0,0.0,1,271.0,0.0,0,0.0,0.0,0.0,0.0,271.0,5.0,0.0,2.0,0.0,Fairmont,1,1.0,False,True,False,True,True,False,True,True,774.9,0.0,3,1,2,2.1500000000000004,2023.4217739246415,5,5577.99761963862,False,251.95
3983,560680,1975-10-23,47.0,F,True,True,usa,washington,IAD,38.944,-77.456,2023-01-29,180,8,32.875,0.25,823.09438425,1.6,76.0,161.0,8.0,7.0,1,1,1.0,1,1.0,1,1,1.0,0.0,0.0,0.0,0.0,0.0,0.0,1,1.0,1.0,0.0,1.0,0.0,American Airlines,1,1.0,IAD-YKZ,1,1.0,0.0,0.0,0.0,1,0.0,0.0,1,1.0,0.15,0.0,0.0,0.0,1.0,0.0,1.0,0.0,Accor,1,1.0,False,False,True,True,True,True,True,True,0.0,0.0,1,1,0,0.65,0.0,1,0.0,True,0.0
4022,561665,1978-10-12,44.0,F,False,False,canada,victoria,YYJ,48.647,-123.426,2023-01-30,179,8,18.0,0.125,135.0,2.0,117.0,178.0,7.0,0.0,1,1,1.0,0,0.0,1,1,1.0,1411.68,0.0,0.0,0.0,0.0,1411.68,0,0.0,2.0,0.0,0.0,0.0,Delta Air Lines,1,1.0,YYJ-LGA,1,1.0,3953.9097044366417,0.0,0.0,1,113.0,0.0,0,0.0,0.0,0.0,0.0,113.0,1.0,0.0,2.0,0.0,Conrad,1,1.0,False,True,False,True,True,False,True,True,1524.68,0.0,1,1,4,2.05,3981.250110036679,5,10975.172810311797,True,705.84
4031,561896,1976-07-17,47.0,F,True,True,usa,new york,JFK,40.64,-73.779,2023-01-30,179,8,16.0,0.125,119.75,1.1428571428571428,10.0,141.0,10.0,0.0,1,1,1.0,0,0.0,1,1,1.0,677.81,0.0,0.0,0.0,0.0,677.81,0,0.0,1.0,0.0,1.0,0.0,Delta Air Lines,1,1.0,JFK-LAX,1,1.0,3974.209842999768,0.0,0.0,1,250.0,0.0,1,1.0,0.1,25.0,25.0,225.0,4.0,0.0,1.0,0.0,NH Hotel,1,1.0,False,True,False,True,True,False,True,False,902.81,25.0,5,1,2,2.95,2357.420843614538,5,6498.7379416517515,True,677.81
4033,561945,1997-02-23,26.0,F,False,False,canada,toronto,YKZ,43.862,-79.37,2023-01-30,179,8,20.625,0.125,153.5,1.3333333333333333,35.0,35.0,7.0,0.0,1,1,1.0,0,0.0,1,1,1.0,515.23,0.0,0.1,51.523,51.523,463.707,1,1.0,1.0,0.0,1.0,0.0,American Airlines,1,1.0,YKZ-BIF,1,1.0,2703.664866923959,0.0,0.0,1,103.0,0.0,0,0.0,0.0,0.0,0.0,103.0,2.0,0.0,1.0,0.0,Rosewood,1,1.0,False,True,False,True,False,False,True,True,566.707,51.523,3,1,1,1.8000000000000003,1479.7874348116038,4,4079.352557791384,False,515.23
4047,562283,1997-08-27,25.0,F,False,True,usa,anchorage,ANC,61.174,-149.996,2023-01-30,179,8,19.0,0.125,139.75,1.1428571428571428,15.0,132.0,25.0,0.0,1,0,0.0,0,0.0,0,0,0.0,0.0,0.0,0.0,0.0,0.0,0.0,0,0.0,0.0,0.0,0.0,0.0,MISSING,0,0.0,MISSING,0,0.0,0.0,0.0,0.0,1,102.0,0.0,1,1.0,0.1,10.2,10.2,91.8,4.0,0.0,1.0,0.0,Shangri-La,1,1.0,False,True,True,False,True,False,True,False,91.8,10.2,5,1,1,2.6,239.70850283427808,1,660.8080803753069,True,
4063,562641,1983-03-16,40.0,F,False,True,usa,anchorage,EDF,61.251,-149.806,2023-01-30,179,8,16.5,0.125,122.125,1.3333333333333333,34.0,161.0,11.0,0.0,1,1,1.0,0,0.0,1,1,1.0,893.08,0.0,0.0,0.0,0.0,893.08,0,0.0,1.0,0.0,0.0,0.0,United Airlines,1,1.0,EDF-YUL,1,1.0,5024.308119071384,0.0,1.0,1,241.0,0.0,1,1.0,0.2,48.2,48.2,192.8,3.0,0.0,1.0,0.0,Best Western,1,1.0,False,True,False,True,True,False,True,False,1085.88,48.2,3,1,3,2.5,2835.453911303768,5,7816.538979498238,True,893.08
4111,563831,1945-03-09,78.0,F,True,False,usa,providence,PVD,41.724,-71.428,2023-01-31,178,9,35.55555555555556,0.2222222222222222,908.6666666666666,1.2857142857142858,2.0,36.0,337.0,303.0,1,0,0.0,1,1.0,1,1,1.0,0.0,0.0,0.0,0.0,0.0,0.0,1,1.0,2.0,0.0,1.0,0.0,Niki,1,1.0,PVD-VIE,1,1.0,0.0,0.0,0.0,0,0.0,0.0,0,0.0,0.0,0.0,0.0,0.0,0.0,0.0,0.0,0.0,MISSING,0,0.0,False,False,True,True,True,True,False,True,0.0,0.0,5,1,0,2.25,0.0,1,0.0,False,0.0
4120,564101,2006-10-22,16.0,F,False,False,usa,oklahoma city,OKC,35.393,-97.601,2023-01-31,178,8,30.125,0.25,861.009098375,1.3333333333333333,27.0,148.0,225.0,104.0,1,0,0.0,1,1.0,1,1,1.0,0.0,0.0,0.0,0.0,0.0,0.0,1,1.0,1.0,0.0,0.0,0.0,American Airlines,1,1.0,OKC-THF,1,1.0,0.0,0.0,0.0,0,0.0,0.0,0,0.0,0.0,0.0,0.0,0.0,0.0,0.0,0.0,0.0,MISSING,0,0.0,False,False,True,True,True,True,False,True,0.0,0.0,3,1,0,1.4500000000000002,0.0,1,0.0,True,0.0
4170,565365,1972-10-09,50.0,M,False,True,usa,memphis,MEM,35.042,-89.977,2023-02-01,177,8,17.125,0.125,128.125,1.3333333333333333,9.0,170.0,4.0,0.0,1,1,1.0,0,0.0,1,1,1.0,234.44,0.0,0.0,0.0,0.0,234.44,0,0.0,1.0,0.0,1.0,0.0,United Airlines,1,1.0,MEM-YKZ,1,1.0,1336.1598607382946,0.0,0.0,1,241.0,0.0,0,0.0,0.0,0.0,0.0,241.0,9.0,0.0,1.0,0.0,Wyndham,1,1.0,False,True,False,True,True,False,True,True,475.44,0.0,5,1,1,2.6,1241.470703567856,3,3422.381195355511,True,234.44
4181,565511,2006-01-15,17.0,F,False,False,usa,st. louis,STL,38.748,-90.36,2023-02-01,177,8,38.625,0.25,1000.625,1.3333333333333333,16.0,20.0,309.0,305.0,1,0,0.0,1,1.0,1,1,1.0,0.0,0.0,0.1,0.0,0.0,0.0,1,1.0,1.0,0.0,0.0,0.0,Volaris,1,1.0,STL-DEN,1,1.0,0.0,0.0,0.0,0,0.0,0.0,0,0.0,0.0,0.0,0.0,0.0,0.0,0.0,0.0,0.0,MISSING,0,0.0,False,False,True,True,True,True,False,True,0.0,0.0,4,1,0,1.85,0.0,1,0.0,False,0.0
4193,565827,1998-10-28,24.0,F,True,False,usa,nashville,BNA,36.124,-86.678,2023-02-01,177,8,28.5,0.25,979.625,1.3333333333333333,10.0,48.0,197.0,159.0,1,0,0.0,1,1.0,1,1,1.0,0.0,0.0,0.0,0.0,0.0,0.0,1,1.0,2.0,0.0,1.0,0.0,Emirates,1,1.0,BNA-DXB,1,1.0,0.0,0.0,0.0,0,0.0,0.0,0,0.0,0.0,0.0,0.0,0.0,0.0,0.0,0.0,0.0,MISSING,0,0.0,False,False,True,True,True,True,False,True,0.0,0.0,5,1,0,2.25,0.0,1,0.0,False,0.0
4198,565915,2006-10-22,16.0,F,False,True,usa,new york,LGA,40.777,-73.872,2023-02-01,177,9,22.333333333333332,0.1111111111111111,165.44444444444446,1.8,48.0,166.0,5.0,0.0,1,1,1.0,0,0.0,1,1,1.0,822.73,0.0,0.0,0.0,0.0,822.73,0,0.0,2.0,0.0,0.0,0.0,Southwest Airlines,1,1.0,LGA-DAL,1,1.0,2219.095487122959,0.0,0.0,1,104.0,0.0,0,0.0,0.0,0.0,0.0,104.0,2.0,0.0,2.0,0.0,Conrad,1,1.0,False,True,False,True,True,False,True,True,926.73,0.0,2,1,2,1.75,2419.8808369456488,5,6670.922356494642,True,411.365
4204,566044,1965-04-05,58.0,M,True,True,usa,dallas,DAL,32.847,-96.852,2023-02-01,177,8,41.875,0.25,1042.375,2.0,64.0,104.0,169.0,129.0,1,0,0.0,1,1.0,1,1,1.0,0.0,0.0,0.0,0.0,0.0,0.0,1,1.0,4.0,0.0,3.0,0.0,Southwest Airlines,1,1.0,DAL-BOS,1,1.0,0.0,0.0,0.0,0,0.0,0.0,0,0.0,0.0,0.0,0.0,0.0,0.0,0.0,0.0,0.0,MISSING,0,0.0,False,False,True,True,True,True,False,True,0.0,0.0,1,1,0,0.65,0.0,1,0.0,True,0.0
4214,566279,1981-09-15,41.0,F,True,False,usa,los angeles,LAX,33.942,-118.408,2023-02-01,177,8,24.25,0.125,181.375,1.6,48.0,171.0,9.0,0.0,1,1,1.0,0,0.0,1,1,1.0,503.93,0.0,0.0,0.0,0.0,503.93,0,0.0,1.0,0.0,0.0,0.0,Virgin Atlantic Airways,1,1.0,LAX-IND,1,1.0,2912.932071417907,0.0,0.0,1,49.0,0.0,0,0.0,0.0,0.0,0.0,49.0,3.0,0.0,1.0,0.0,Best Western,1,1.0,False,True,False,True,True,False,True,True,552.93,0.0,2,1,1,1.4,1443.81288096032,4,3980.1809573193723,True,503.93
4224,566533,2003-03-16,20.0,F,False,False,usa,los angeles,LAX,33.942,-118.408,2023-02-01,177,8,18.0,0.25,732.1648845,1.3333333333333333,8.0,64.0,253.0,197.0,1,1,1.0,1,1.0,1,1,1.0,0.0,0.0,0.0,0.0,0.0,0.0,1,1.0,1.0,0.0,0.0,0.0,Brussels Airlines,1,1.0,LAX-BRU,1,1.0,0.0,0.0,0.0,1,0.0,0.0,1,1.0,0.0,0.0,0.0,0.0,12.0,0.0,1.0,0.0,Choice Hotels,1,1.0,False,False,True,True,True,True,True,True,0.0,0.0,5,1,0,2.25,0.0,1,0.0,False,0.0
4247,566998,1985-08-18,37.0,F,False,True,usa,philadelphia,PHL,39.872,-75.241,2023-02-01,177,7,15.571428571428571,0.14285714285714285,117.28571428571429,1.1666666666666667,23.0,171.0,8.0,0.0,1,1,1.0,0,0.0,1,1,1.0,653.75,0.0,0.0,0.0,0.0,653.75,0,0.0,1.0,0.0,0.0,0.0,American Airlines,1,1.0,PHL-SJC,1,1.0,4019.634799863031,0.0,0.0,1,343.0,0.0,0,0.0,0.0,0.0,0.0,343.0,1.0,0.0,1.0,0.0,Crowne Plaza,1,1.0,False,True,False,True,True,False,True,True,996.75,0.0,4,1,2,2.55,2602.7173224408134,5,7174.950480545611,True,653.75
4256,567243,1991-05-15,32.0,F,False,True,usa,houston,IAH,29.98,-95.34,2023-02-01,177,8,16.0,0.125,119.75,2.0,75.0,127.0,8.0,0.0,1,1,1.0,0,0.0,1,1,1.0,250.08,0.0,0.0,0.0,0.0,250.08,0,0.0,1.0,0.0,1.0,0.0,Delta Air Lines,1,1.0,IAH-DMA,1,1.0,1498.7483549851245,0.0,0.0,1,205.0,0.0,0,0.0,0.0,0.0,0.0,205.0,9.0,0.0,1.0,0.0,Conrad,1,1.0,False,True,False,True,True,False,True,True,455.08,0.0,1,1,1,1.0,1188.3065955318439,3,3275.8228890761943,True,250.08
4271,567589,1996-06-20,27.0,F,False,False,usa,chicago,ORD,41.979,-87.904,2023-02-02,176,8,18.0,0.125,135.5,1.6,41.0,149.0,22.0,0.0,1,0,0.0,0,0.0,0,0,0.0,0.0,0.0,0.0,0.0,0.0,0.0,0,0.0,0.0,0.0,0.0,0.0,MISSING,0,0.0,MISSING,0,0.0,0.0,0.0,0.0,1,101.0,0.0,0,0.0,0.0,0.0,0.0,101.0,4.0,0.0,1.0,0.0,Shangri-La,1,1.0,False,True,True,False,True,False,True,True,101.0,0.0,2,1,1,1.4,263.7315771923975,1,727.0328553148802,True,
4323,569203,1983-11-19,39.0,M,False,False,usa,jacksonville,NIP,30.236,-81.681,2023-02-02,176,8,16.125,0.125,119.625,1.3333333333333333,25.0,158.0,8.0,0.0,1,1,1.0,0,0.0,1,1,1.0,493.22,0.0,0.0,0.0,0.0,493.22,0,0.0,1.0,0.0,0.0,0.0,WestJet,1,1.0,NIP-YWG,1,1.0,2549.8529805205385,0.0,0.0,1,68.0,0.0,0,0.0,0.0,0.0,0.0,68.0,3.0,0.0,1.0,0.0,Four Seasons,1,1.0,False,True,False,True,True,False,True,True,561.22,0.0,4,1,1,2.2,1465.4597599199733,4,4039.85523821601,True,493.22
4331,569458,1991-12-15,31.0,F,False,False,canada,toronto,YYZ,43.677,-79.631,2023-02-03,175,8,26.875,0.125,198.625,2.0,79.0,158.0,7.0,0.0,1,1,1.0,0,0.0,1,1,1.0,98.49,0.0,0.0,0.0,0.0,98.49,0,0.0,1.0,0.0,1.0,0.0,Air Canada,1,1.0,YYZ-LGA,1,1.0,588.590947438279,0.0,0.0,1,131.0,0.0,0,0.0,0.0,0.0,0.0,131.0,8.0,0.0,1.0,0.0,Four Seasons,1,1.0,False,True,False,True,True,False,True,True,229.49,0.0,1,1,1,1.0,599.2451450483495,1,1651.948217487246,True,98.49
4349,569923,2000-05-11,23.0,M,False,False,usa,san diego,SAN,32.733,-117.189,2023-02-03,175,8,21.0,0.125,154.625,1.6,45.0,130.0,6.0,0.0,1,0,0.0,0,0.0,1,1,1.0,646.32,0.0,0.0,0.0,0.0,646.32,0,0.0,1.0,0.0,0.0,0.0,Allegiant Air,1,1.0,SAN-DCA,1,1.0,3654.797339704526,0.0,0.0,0,0.0,0.0,0,0.0,0.0,0.0,0.0,0.0,0.0,0.0,0.0,0.0,MISSING,0,0.0,False,True,False,True,True,True,False,True,646.32,0.0,2,1,2,1.75,1687.6731977325776,4,4652.434406407063,True,646.32
4366,570436,1979-09-18,43.0,F,True,False,usa,san diego,SAN,32.733,-117.189,2023-02-03,175,7,29.571428571428573,0.14285714285714285,220.28571428571428,1.1666666666666667,25.0,25.0,8.0,0.0,1,1,1.0,0,0.0,1,1,1.0,124.09,0.0,0.0,0.0,0.0,124.09,0,0.0,1.0,0.0,1.0,0.0,JetBlue Airways,1,1.0,SAN-SJO,1,1.0,671.4460809884068,0.0,0.0,1,224.0,0.0,0,0.0,0.0,0.0,0.0,224.0,1.0,0.0,1.0,0.0,Choice Hotels,1,1.0,False,True,False,True,True,False,True,True,348.09,0.0,4,1,1,2.2,908.9339079693231,2,2505.67194659957,False,124.09
4370,570625,2001-07-01,22.0,F,False,True,usa,new york,LGA,40.777,-73.872,2023-02-03,175,8,15.5,0.125,116.375,1.6,38.0,140.0,11.0,0.0,1,1,1.0,0,0.0,1,1,1.0,1114.5,0.0,0.0,0.0,0.0,1114.5,0,0.0,3.0,0.0,0.0,0.0,American Airlines,1,1.0,LGA-TIK,1,1.0,2153.7814654965346,0.0,0.0,1,74.0,0.0,0,0.0,0.0,0.0,0.0,74.0,2.0,0.0,3.0,0.0,Wyndham,1,1.0,False,True,False,True,True,False,True,True,1188.5,0.0,3,1,3,2.5,3103.415638546182,5,8555.233153878564,True,371.5
4372,570631,1977-03-26,46.0,F,True,True,usa,portland,PDX,45.589,-122.597,2023-02-03,175,8,19.875,0.125,147.375,2.0,71.0,164.0,8.0,0.0,1,1,1.0,0,0.0,1,1,1.0,602.09,0.0,0.3,180.627,180.627,421.463,1,1.0,1.0,0.0,0.0,0.0,Porter Airlines,1,1.0,PDX-YTZ,1,1.0,3378.856328812951,0.0,0.0,1,190.0,0.0,0,0.0,0.0,0.0,0.0,190.0,1.0,0.0,1.0,0.0,Banyan Tree,1,1.0,False,True,False,True,False,False,True,True,611.463,180.627,1,1,2,1.35,1596.6544691563854,4,4401.5216911822035,True,602.09
4379,570697,2006-10-20,16.0,M,False,False,canada,calgary,YYC,51.114,-114.02,2023-02-03,175,8,17.375,0.125,130.125,1.6,50.0,117.0,8.0,0.0,1,1,1.0,0,0.0,1,1,1.0,474.29,0.0,0.0,0.0,0.0,474.29,0,0.0,1.0,0.0,0.0,0.0,American Airlines,1,1.0,YYC-BNA,1,1.0,2734.1033490294126,0.0,0.0,1,79.0,0.0,0,0.0,0.0,0.0,0.0,79.0,4.0,0.0,1.0,0.0,Hyatt,1,1.0,False,True,False,True,True,False,True,True,553.29,0.0,2,1,1,1.4,1444.7529143047682,4,3982.7723615561385,True,474.29
4389,570930,2006-03-24,17.0,F,False,False,usa,new york,JFK,40.64,-73.779,2023-02-03,175,9,17.77777777777778,0.1111111111111111,133.44444444444446,1.8,35.0,159.0,3.0,0.0,1,0,0.0,0,0.0,0,0,0.0,0.0,0.0,0.0,0.0,0.0,0.0,0,0.0,0.0,0.0,0.0,0.0,MISSING,0,0.0,MISSING,0,0.0,0.0,0.0,0.0,1,75.0,0.0,1,1.0,0.05,3.75,3.75,71.25,10.0,0.0,1.0,0.0,Hilton,1,1.0,False,True,True,False,True,False,True,False,71.25,3.75,3,1,1,1.8000000000000003,186.04826608869624,1,512.8820885265862,True,
4393,571001,2006-10-09,16.0,M,False,False,usa,richmond,RIC,37.505,-77.319,2023-02-03,175,8,16.875,0.125,125.75,1.6,27.0,151.0,4.0,0.0,1,0,0.0,0,0.0,0,0,0.0,0.0,0.0,0.0,0.0,0.0,0.0,0,0.0,0.0,0.0,0.0,0.0,MISSING,0,0.0,MISSING,0,0.0,0.0,0.0,0.0,1,745.0,0.0,0,0.0,0.0,0.0,0.0,745.0,5.0,0.0,2.0,0.0,Rosewood,1,1.0,False,True,True,False,True,False,True,True,745.0,0.0,3,1,2,2.1500000000000004,1945.3467822607536,5,5362.767101085006,True,
4397,571208,1989-09-04,33.0,F,True,True,usa,new york,JFK,40.64,-73.779,2023-02-03,175,8,39.0,0.25,1004.0,1.3333333333333333,17.0,125.0,225.0,117.0,1,1,1.0,1,1.0,1,1,1.0,0.0,0.0,0.0,0.0,0.0,0.0,1,1.0,4.0,0.0,3.0,0.0,Egyptair,1,1.0,JFK-YYZ,1,1.0,0.0,0.0,0.0,1,0.0,0.0,1,1.0,0.0,0.0,0.0,0.0,15.0,0.0,2.0,0.0,Best Western,1,1.0,False,False,True,True,True,True,True,True,0.0,0.0,4,1,0,1.85,0.0,1,0.0,True,0.0
4398,571233,1979-07-03,44.0,F,False,False,usa,houston,HOU,29.645,-95.279,2023-02-03,175,8,16.125,0.125,120.5,2.0,60.0,60.0,5.0,0.0,1,1,1.0,0,0.0,1,1,1.0,396.48,0.0,0.05,19.824,19.824,376.656,1,1.0,1.0,0.0,1.0,0.0,Singapore Airlines,1,1.0,HOU-LAX,1,1.0,2232.3888470670427,0.0,0.0,1,166.0,0.0,0,0.0,0.0,0.0,0.0,166.0,9.0,0.0,1.0,0.0,Conrad,1,1.0,False,True,False,True,False,False,True,True,542.656,19.824,2,1,1,1.4,1416.9853737912636,4,3906.225159740114,False,396.48
4413,571610,2006-07-11,17.0,F,False,False,usa,los angeles,LAX,33.942,-118.408,2023-02-04,174,8,21.625,0.125,162.5,2.0,83.0,171.0,4.0,0.0,1,1,1.0,0,0.0,1,1,1.0,766.31,0.0,0.0,0.0,0.0,766.31,0,0.0,1.0,0.0,1.0,0.0,American Airlines,1,1.0,LAX-LGA,1,1.0,3974.209842999768,0.0,0.0,1,52.0,0.0,0,0.0,0.0,0.0,0.0,52.0,5.0,0.0,1.0,0.0,InterContinental,1,1.0,False,True,False,True,True,False,True,True,818.31,0.0,1,1,2,1.35,2136.774128042681,5,5890.477780521976,True,766.31
4475,573584,1986-01-02,37.0,M,True,False,usa,oklahoma city,OKC,35.393,-97.601,2023-02-04,174,8,22.625,0.125,167.75,1.3333333333333333,7.0,7.0,9.0,0.0,1,1,1.0,0,0.0,1,1,1.0,210.1,0.0,0.1,21.01,21.01,189.09,1,1.0,1.0,0.0,0.0,0.0,Korean Air,1,1.0,OKC-ORD,1,1.0,1111.385571817476,0.0,0.0,1,82.0,0.0,1,1.0,0.05,4.1,4.1,77.9,4.0,0.0,1.0,0.0,Hyatt,1,1.0,False,True,False,True,False,False,True,False,266.99,25.11,5,1,1,2.6,697.1652850950317,1,1921.886158817028,False,210.1
4515,574885,1987-04-22,36.0,F,False,False,usa,las vegas,LSV,36.236,-115.034,2023-02-05,173,8,16.875,0.125,126.625,2.0,69.0,124.0,7.0,0.0,1,1,1.0,0,0.0,1,1,1.0,176.13,0.0,0.1,17.613,17.613,158.517,1,1.0,1.0,0.0,0.0,0.0,Frontier Airlines,1,1.0,LSV-DEN,1,1.0,992.3094044648806,0.0,0.0,1,81.0,0.0,0,0.0,0.0,0.0,0.0,81.0,3.0,0.0,1.0,0.0,Wyndham,1,1.0,False,True,False,True,False,False,True,True,239.517,17.613,1,1,1,1.0,625.427684894965,1,1724.1260238262785,True,176.13
4541,575823,1981-12-26,41.0,F,True,False,usa,new york,JFK,40.64,-73.779,2023-02-06,172,9,18.22222222222222,0.1111111111111111,134.66666666666666,1.8,28.0,111.0,9.0,0.0,1,1,1.0,0,0.0,1,1,1.0,1427.64,0.0,0.05,71.382,71.382,1356.258,1,1.0,2.0,0.0,0.0,0.0,AirTran Airways,1,1.0,JFK-LAX,1,1.0,3974.209842999768,0.0,0.0,1,121.0,0.0,0,0.0,0.0,0.0,0.0,121.0,1.0,0.0,2.0,0.0,Four Seasons,1,1.0,False,True,False,True,False,False,True,True,1477.258,71.382,3,1,3,2.5,3857.4216065355117,5,10633.812888878703,True,713.82
4561,576663,1980-10-18,42.0,F,True,True,usa,new york,JFK,40.64,-73.779,2023-02-06,172,8,18.5,0.125,136.375,1.6,33.0,151.0,6.0,0.0,1,1,1.0,0,0.0,1,0,0.0,13.68,0.0,0.0,0.0,0.0,13.68,0,0.0,1.0,0.0,0.0,0.0,Delta Air Lines,1,1.0,JFK-PNE,1,1.0,150.61180634275559,0.0,0.0,1,272.0,0.0,0,0.0,0.0,0.0,0.0,272.0,1.0,0.0,1.0,0.0,Conrad,1,1.0,False,True,False,True,True,False,True,True,285.68,0.0,3,1,1,1.8000000000000003,745.9686828942981,2,2056.423228775792,True,13.68
4566,576765,2002-10-16,20.0,F,False,False,canada,calgary,YYC,51.114,-114.02,2023-02-06,172,8,38.375,0.25,998.75,2.0,59.0,65.0,252.0,246.0,1,0,0.0,1,1.0,1,1,1.0,0.0,0.0,0.0,0.0,0.0,0.0,1,1.0,1.0,0.0,0.0,0.0,Allegiant Air,1,1.0,YYC-FLO,1,1.0,0.0,0.0,0.0,0,0.0,0.0,0,0.0,0.0,0.0,0.0,0.0,0.0,0.0,0.0,0.0,MISSING,0,0.0,False,False,True,True,True,True,False,True,0.0,0.0,2,1,0,1.05,0.0,1,0.0,False,0.0
4607,577901,1995-02-13,28.0,F,True,True,usa,jacksonville,NZC,30.219,-81.876,2023-02-06,172,8,20.375,0.25,521.383408625,1.6,55.0,128.0,197.0,124.0,1,1,1.0,1,1.0,1,1,1.0,0.0,0.0,0.0,0.0,0.0,0.0,1,1.0,4.0,0.0,3.0,0.0,Asiana Airlines,1,1.0,NZC-KWL,1,1.0,0.0,0.0,0.0,1,0.0,0.0,1,1.0,0.0,0.0,0.0,0.0,14.0,0.0,2.0,0.0,Fairmont,1,1.0,False,False,True,True,True,True,True,True,0.0,0.0,2,1,0,1.05,0.0,1,0.0,True,0.0
4693,581679,2004-03-01,19.0,F,False,True,canada,toronto,YTZ,43.627,-79.396,2023-02-08,170,8,21.0,0.25,684.125759125,1.3333333333333333,10.0,116.0,225.0,119.0,1,0,0.0,1,1.0,1,1,1.0,0.0,0.0,0.0,0.0,0.0,0.0,1,1.0,2.0,0.0,1.0,0.0,Ryanair,1,1.0,YTZ-BUD,1,1.0,0.0,0.0,0.0,0,0.0,0.0,0,0.0,0.0,0.0,0.0,0.0,0.0,0.0,0.0,0.0,MISSING,0,0.0,False,False,True,True,True,True,False,True,0.0,0.0,5,1,0,2.25,0.0,1,0.0,True,0.0
4696,581729,1956-05-19,67.0,F,False,False,usa,st. petersburg,SPG,27.765,-82.627,2023-02-08,170,10,27.3,0.2,825.2,3.3333333333333335,88.0,90.0,225.0,223.0,1,0,0.0,1,1.0,1,1,1.0,0.0,0.0,0.0,0.0,0.0,0.0,1,1.0,1.0,0.0,0.0,0.0,American Airlines,1,1.0,SPG-RME,1,1.0,0.0,0.0,0.0,0,0.0,0.0,0,0.0,0.0,0.0,0.0,0.0,0.0,0.0,0.0,0.0,MISSING,0,0.0,False,False,True,True,True,True,False,True,0.0,0.0,1,1,0,0.65,0.0,1,0.0,False,0.0
4724,582796,1999-05-04,24.0,F,False,False,canada,toronto,YKZ,43.862,-79.37,2023-02-09,169,9,21.22222222222222,0.1111111111111111,156.44444444444446,1.8,30.0,30.0,17.0,0.0,1,0,0.0,0,0.0,0,0,0.0,0.0,0.0,0.0,0.0,0.0,0.0,0,0.0,0.0,0.0,0.0,0.0,MISSING,0,0.0,MISSING,0,0.0,0.0,0.0,0.0,1,139.0,0.0,0,0.0,0.0,0.0,0.0,139.0,21.0,0.0,2.0,0.0,Marriott,1,1.0,False,True,True,False,True,False,True,True,139.0,0.0,3,1,1,1.8000000000000003,362.9573191063688,1,1000.5699691957261,False,
4728,582903,2000-06-17,23.0,F,False,False,canada,toronto,YZD,43.742,-79.466,2023-02-09,169,9,41.888888888888886,0.2222222222222222,946.6666666666666,1.8,45.0,49.0,7.0,3.0,1,1,1.0,1,1.0,1,1,1.0,0.0,0.0,0.0,0.0,0.0,0.0,1,1.0,3.0,0.0,2.0,0.0,United Airlines,1,1.0,YZD-RND,1,1.0,0.0,0.0,0.0,1,0.0,0.0,1,1.0,0.0,0.0,0.0,0.0,1.0,0.0,3.0,0.0,Extended Stay,1,1.0,False,False,True,True,True,True,True,True,0.0,0.0,2,1,0,1.05,0.0,1,0.0,False,0.0
4739,583166,2003-04-05,20.0,F,False,True,usa,columbus,CMH,39.998,-82.892,2023-02-09,169,9,18.88888888888889,0.2222222222222222,594.5206972222222,1.5,19.0,37.0,281.0,263.0,1,0,0.0,1,1.0,1,1,1.0,0.0,0.0,0.0,0.0,0.0,0.0,1,1.0,1.0,0.0,0.0,0.0,TAP Portugal,1,1.0,CMH-LIS,1,1.0,0.0,0.0,0.0,0,0.0,0.0,0,0.0,0.0,0.0,0.0,0.0,0.0,0.0,0.0,0.0,MISSING,0,0.0,False,False,True,True,True,True,False,True,0.0,0.0,4,1,0,1.85,0.0,1,0.0,False,0.0
4747,583454,2002-05-19,21.0,F,False,True,usa,montgomery,MXF,32.379,-86.362,2023-02-09,169,8,17.125,0.125,127.625,1.6,31.0,163.0,9.0,0.0,1,1,1.0,0,0.0,1,1,1.0,232.56,0.0,0.0,0.0,0.0,232.56,0,0.0,1.0,0.0,1.0,0.0,Allegiant Air,1,1.0,MXF-LGA,1,1.0,1449.4450958866616,0.0,0.0,1,123.0,0.0,0,0.0,0.0,0.0,0.0,123.0,2.0,0.0,1.0,0.0,Wyndham,1,1.0,False,True,False,True,True,False,True,True,355.56,0.0,3,1,1,1.8000000000000003,928.4395998666222,2,2559.443584512463,True,232.56
4805,585768,1980-05-12,43.0,F,False,True,usa,san francisco,SFO,37.619,-122.375,2023-02-10,168,8,25.125,0.125,187.375,1.3333333333333333,23.0,23.0,5.0,0.0,1,1,1.0,0,0.0,1,1,1.0,742.71,0.0,0.0,0.0,0.0,742.71,0,0.0,1.0,0.0,1.0,0.0,Air Canada,1,1.0,SFO-YOW,1,1.0,3927.181237798212,0.0,0.0,1,272.0,0.0,0,0.0,0.0,0.0,0.0,272.0,3.0,0.0,1.0,0.0,Fairmont,1,1.0,False,True,False,True,True,False,True,True,1014.71,0.0,4,1,2,2.55,2649.614541513838,5,7304.232758579822,False,742.71
4836,586721,2006-10-21,16.0,F,False,False,usa,new york,LGA,40.777,-73.872,2023-02-11,167,8,49.0,0.25,1121.25,1.3333333333333333,21.0,148.0,5.0,4.0,1,0,0.0,1,1.0,0,0,0.0,0.0,0.0,0.0,0.0,0.0,0.0,0,0.0,0.0,0.0,0.0,0.0,MISSING,0,0.0,MISSING,0,0.0,0.0,0.0,0.0,1,0.0,0.0,1,1.0,0.0,0.0,0.0,0.0,18.0,0.0,1.0,0.0,Fairmont,1,1.0,False,False,True,False,True,True,True,True,0.0,0.0,4,1,0,1.85,0.0,1,0.0,True,
4873,588313,2006-02-04,17.0,F,False,False,usa,new york,JFK,40.64,-73.779,2023-02-11,167,8,17.875,0.125,132.375,1.6,37.0,59.0,9.0,0.0,1,1,1.0,0,0.0,1,1,1.0,768.72,0.0,0.0,0.0,0.0,768.72,0,0.0,1.0,0.0,1.0,0.0,Alaska Airlines,1,1.0,JFK-SEA,1,1.0,3885.003048687962,0.0,0.0,1,186.0,0.0,0,0.0,0.0,0.0,0.0,186.0,3.0,0.0,1.0,0.0,Accor,1,1.0,False,True,False,True,True,False,True,True,954.72,0.0,3,1,2,2.1500000000000004,2492.968429476492,5,6872.404035903191,False,768.72
4897,589171,1988-05-13,35.0,F,True,True,usa,los angeles,LAX,33.942,-118.408,2023-02-12,166,10,16.8,0.1,123.9,1.6666666666666667,19.0,138.0,4.0,0.0,1,1,1.0,0,0.0,1,1,1.0,695.01,0.0,0.0,0.0,0.0,695.01,0,0.0,1.0,0.0,0.0,0.0,United Airlines,1,1.0,LAX-YKZ,1,1.0,3516.5337244636776,0.0,0.0,1,56.0,0.0,0,0.0,0.0,0.0,0.0,56.0,6.0,0.0,1.0,0.0,Hyatt,1,1.0,False,True,False,True,True,False,True,True,751.01,0.0,4,1,2,2.55,1961.0401167055684,5,5406.029155148793,True,695.01
4920,590095,1986-02-20,37.0,F,False,False,usa,providence,PVD,41.724,-71.428,2023-02-12,166,8,18.375,0.125,136.5,1.6,33.0,84.0,8.0,0.0,1,1,1.0,0,0.0,1,0,0.0,41.28,0.0,0.0,0.0,0.0,41.28,0,0.0,1.0,0.0,1.0,0.0,Delta Air Lines,1,1.0,PVD-YHU,1,1.0,451.0897854463788,0.0,0.0,1,503.0,0.0,0,0.0,0.0,0.0,0.0,503.0,9.0,0.0,1.0,0.0,Aman Resorts,1,1.0,False,True,False,True,True,False,True,True,544.28,0.0,3,1,1,1.8000000000000003,1421.2259686562186,4,3917.915272185969,False,41.28
4933,590412,1982-11-04,40.0,F,False,False,usa,bakersfield,BFL,35.433,-119.057,2023-02-12,166,8,18.25,0.125,134.875,1.3333333333333333,12.0,163.0,5.0,0.0,1,1,1.0,0,0.0,1,1,1.0,715.86,0.0,0.0,0.0,0.0,715.86,0,0.0,1.0,0.0,1.0,0.0,United Airlines,1,1.0,BFL-JFK,1,1.0,3963.3925263388633,0.0,0.0,1,120.0,0.0,0,0.0,0.0,0.0,0.0,120.0,3.0,0.0,1.0,0.0,Radisson,1,1.0,False,True,False,True,True,False,True,True,835.86,0.0,5,1,2,2.95,2182.6007535845283,5,6016.808737064314,True,715.86
4940,590473,1976-03-05,47.0,F,True,False,usa,new york,LGA,40.777,-73.872,2023-02-12,166,7,25.857142857142858,0.14285714285714285,193.0,1.4,26.0,124.0,7.0,0.0,1,0,0.0,0,0.0,1,1,1.0,634.32,0.0,0.0,0.0,0.0,634.32,0,0.0,1.0,0.0,0.0,0.0,Air France,1,1.0,LGA-TUS,1,1.0,3417.157045255459,0.0,0.0,0,0.0,0.0,0,0.0,0.0,0.0,0.0,0.0,0.0,0.0,0.0,0.0,MISSING,0,0.0,False,True,False,True,True,True,False,True,634.32,0.0,4,1,2,2.55,1656.3387529176393,4,4566.054265181532,True,634.32
4944,590744,2003-04-23,20.0,F,False,False,usa,los angeles,LAX,33.942,-118.408,2023-02-13,165,8,19.375,0.125,143.875,2.0,69.0,97.0,8.0,0.0,1,1,1.0,0,0.0,1,1,1.0,543.25,0.0,0.0,0.0,0.0,543.25,0,0.0,1.0,0.0,0.0,0.0,American Airlines,1,1.0,LAX-UGN,1,1.0,2811.592049976628,0.0,0.0,1,162.0,0.0,0,0.0,0.0,0.0,0.0,162.0,4.0,0.0,1.0,0.0,Extended Stay,1,1.0,False,True,False,True,True,False,True,True,705.25,0.0,1,1,2,1.35,1841.5514338112703,5,5076.632883275437,True,543.25
5006,593833,2001-04-20,22.0,F,False,False,usa,detroit,YIP,42.238,-83.53,2023-02-14,164,9,44.888888888888886,0.2222222222222222,970.1111111111111,1.8,30.0,163.0,7.0,2.0,1,1,1.0,1,1.0,1,1,1.0,0.0,0.0,0.0,0.0,0.0,0.0,1,1.0,1.0,0.0,0.0,0.0,Alaska Airlines,1,1.0,YIP-YYC,1,1.0,0.0,0.0,0.0,1,0.0,0.0,1,1.0,0.05,0.0,0.0,0.0,1.0,0.0,1.0,0.0,Banyan Tree,1,1.0,False,False,True,True,True,True,True,True,0.0,0.0,3,1,0,1.4500000000000002,0.0,1,0.0,True,0.0
5023,594601,1988-12-16,34.0,F,True,False,usa,honolulu,HNL,21.316,-157.927,2023-02-14,164,8,23.0,0.125,171.125,1.3333333333333333,9.0,142.0,8.0,0.0,1,1,1.0,0,0.0,1,1,1.0,722.45,0.0,0.0,0.0,0.0,722.45,0,0.0,1.0,0.0,0.0,0.0,Southwest Airlines,1,1.0,HNL-LAX,1,1.0,4108.712692044423,0.0,0.0,1,258.0,0.0,0,0.0,0.0,0.0,0.0,258.0,1.0,0.0,1.0,0.0,Four Seasons,1,1.0,False,True,False,True,True,False,True,True,980.45,0.0,5,1,2,2.95,2560.154701567189,5,7057.617455380932,True,722.45
5042,595283,1969-09-14,53.0,F,True,False,usa,baton rouge,BTR,30.533,-91.149,2023-02-15,163,8,17.25,0.125,128.375,1.3333333333333333,18.0,148.0,6.0,0.0,1,0,0.0,0,0.0,1,1,1.0,301.34,0.0,0.1,30.134,30.134,271.206,1,1.0,1.0,0.0,1.0,0.0,Delta Air Lines,1,1.0,BTR-YZD,1,1.0,1808.3988815471184,0.0,0.0,0,0.0,0.0,0,0.0,0.0,0.0,0.0,0.0,0.0,0.0,0.0,0.0,MISSING,0,0.0,False,True,False,True,False,True,False,True,271.206,30.134,4,1,1,2.2,708.1741200400133,1,1952.2343817675978,True,301.34
5064,596320,1987-10-23,35.0,F,True,True,usa,fayetteville,FYV,36.005,-94.17,2023-02-15,163,8,22.25,0.125,166.875,1.3333333333333333,7.0,53.0,4.0,0.0,1,0,0.0,0,0.0,1,1,1.0,296.38,0.0,0.0,0.0,0.0,296.38,0,0.0,1.0,0.0,0.0,0.0,American Airlines,1,1.0,FYV-PHL,1,1.0,1711.1450420125802,0.0,0.0,0,0.0,0.0,0,0.0,0.0,0.0,0.0,0.0,0.0,0.0,0.0,0.0,MISSING,0,0.0,False,True,False,True,True,True,False,True,296.38,0.0,5,1,1,2.6,773.9085628542847,2,2133.445521368556,False,296.38
5070,596442,2006-02-20,17.0,O,False,False,usa,omaha,OMA,41.302,-95.894,2023-02-15,163,8,26.5,0.125,197.125,1.6,33.0,67.0,8.0,0.0,1,0,0.0,0,0.0,0,0,0.0,0.0,0.0,0.0,0.0,0.0,0.0,0,0.0,0.0,0.0,0.0,0.0,MISSING,0,0.0,MISSING,0,0.0,0.0,0.0,0.0,1,175.0,0.0,1,1.0,0.05,8.75,8.75,166.25,6.0,0.0,1.0,0.0,Extended Stay,1,1.0,False,True,True,False,True,False,True,False,166.25,8.75,3,1,1,1.8000000000000003,434.1126208736245,1,1196.724873228701,False,
5075,596820,1987-04-24,36.0,F,False,False,usa,wichita,ICT,37.65,-97.433,2023-02-15,163,8,16.875,0.125,125.625,1.3333333333333333,12.0,59.0,10.0,0.0,1,1,1.0,0,0.0,1,1,1.0,181.81,0.0,0.0,0.0,0.0,181.81,0,0.0,1.0,0.0,1.0,0.0,United Airlines,1,1.0,ICT-MKE,1,1.0,999.4880045484125,0.0,0.0,1,158.0,0.0,0,0.0,0.0,0.0,0.0,158.0,3.0,0.0,1.0,0.0,Four Seasons,1,1.0,False,True,False,True,True,False,True,True,339.81,0.0,5,1,1,2.6,887.3131410470156,2,2446.0696491539543,False,181.81
5122,599657,1975-06-06,48.0,F,True,False,canada,london,YXU,43.036,-81.154,2023-02-17,161,8,15.75,0.125,117.25,1.3333333333333333,9.0,127.0,6.0,0.0,1,1,1.0,0,0.0,1,1,1.0,108.37,0.0,0.2,21.674,21.674,86.696,1,1.0,1.0,0.0,0.0,0.0,Allegiant Air,1,1.0,YXU-JFK,1,1.0,666.2253117145063,0.0,0.0,1,141.0,0.0,0,0.0,0.0,0.0,0.0,141.0,1.0,0.0,1.0,0.0,Hyatt,1,1.0,False,True,False,True,False,False,True,True,227.696,21.674,5,1,1,2.6,594.5606455485162,1,1639.034386374029,True,108.37
5123,599765,1970-02-21,53.0,F,False,False,usa,los angeles,LAX,33.942,-118.408,2023-02-17,161,8,19.0,0.125,140.875,1.3333333333333333,22.0,22.0,10.0,0.0,1,1,1.0,0,0.0,1,1,1.0,640.68,0.0,0.2,128.136,128.136,512.544,1,1.0,1.0,0.0,0.0,0.0,Spirit Airlines,1,1.0,LAX-LGA,1,1.0,3974.209842999768,0.0,0.0,1,91.0,0.0,0,0.0,0.0,0.0,0.0,91.0,9.0,0.0,1.0,0.0,Hyatt,1,1.0,False,True,False,True,False,False,True,True,603.544,128.136,4,1,2,2.55,1575.9763467822606,4,4344.517996318455,False,640.68
5170,602734,1987-08-19,35.0,F,False,False,usa,chicago,UGN,42.422,-87.868,2023-02-18,160,8,43.25,0.25,420.749989875,1.6,32.0,159.0,7.0,7.0,1,1,1.0,1,1.0,1,1,1.0,0.0,0.0,0.0,0.0,0.0,0.0,1,1.0,1.0,0.0,0.0,0.0,Delta Air Lines,1,1.0,UGN-YOW,1,1.0,0.0,0.0,0.0,1,0.0,0.0,1,1.0,0.0,0.0,0.0,0.0,2.0,0.0,1.0,0.0,Wyndham,1,1.0,False,False,True,True,True,True,True,True,0.0,0.0,3,1,0,1.4500000000000002,0.0,1,0.0,True,0.0
5181,603033,1951-07-06,72.0,F,False,False,usa,los angeles,LAX,33.942,-118.408,2023-02-18,160,8,35.125,0.25,976.125,1.6,27.0,38.0,337.0,326.0,1,0,0.0,1,1.0,1,1,1.0,0.0,0.0,0.15,0.0,0.0,0.0,1,1.0,2.0,0.0,1.0,0.0,Allegiant Air,1,1.0,LAX-LGA,1,1.0,0.0,0.0,0.0,0,0.0,0.0,0,0.0,0.0,0.0,0.0,0.0,0.0,0.0,0.0,0.0,MISSING,0,0.0,False,False,True,True,True,True,False,True,0.0,0.0,3,1,0,1.4500000000000002,0.0,1,0.0,False,0.0
5244,607197,2006-01-19,17.0,F,False,True,usa,dallas,DAL,32.847,-96.852,2023-02-20,158,8,29.125,0.25,995.375,1.6,48.0,94.0,197.0,151.0,1,0,0.0,1,1.0,1,1,1.0,0.0,0.0,0.2,0.0,0.0,0.0,1,1.0,1.0,0.0,0.0,0.0,Turkish Airlines,1,1.0,DAL-IST,1,1.0,0.0,0.0,0.0,0,0.0,0.0,0,0.0,0.0,0.0,0.0,0.0,0.0,0.0,0.0,0.0,MISSING,0,0.0,False,False,True,True,True,True,False,True,0.0,0.0,2,1,0,1.05,0.0,1,0.0,True,0.0
5245,607270,1981-08-06,41.0,F,True,False,usa,columbus,CMH,39.998,-82.892,2023-02-20,158,8,19.0,0.125,140.5,1.6,44.0,145.0,7.0,0.0,1,1,1.0,0,0.0,1,1,1.0,533.64,0.0,0.0,0.0,0.0,533.64,0,0.0,1.0,0.0,1.0,0.0,Allegiant Air,1,1.0,CMH-SAN,1,1.0,3158.008153993358,0.0,0.0,1,327.0,0.0,0,0.0,0.0,0.0,0.0,327.0,5.0,0.0,1.0,0.0,Hilton,1,1.0,False,True,False,True,True,False,True,True,860.64,0.0,2,1,2,1.75,2247.306382127376,5,6195.183728695034,True,533.64
5246,607280,1987-12-02,35.0,F,True,True,usa,omaha,OMA,41.302,-95.894,2023-02-20,158,8,17.25,0.125,129.25,2.0,62.0,148.0,5.0,0.0,1,1,1.0,0,0.0,1,1,1.0,264.94,0.0,0.1,26.494,26.494,238.446,1,1.0,1.0,0.0,1.0,0.0,United Airlines,1,1.0,OMA-BIF,1,1.0,1405.5275813305389,0.0,0.0,1,244.0,0.0,0,0.0,0.0,0.0,0.0,244.0,6.0,0.0,1.0,0.0,Conrad,1,1.0,False,True,False,True,False,False,True,True,482.446,26.494,2,1,1,1.4,1259.764796932311,3,3472.8128011410167,True,264.94
5286,609683,2006-12-28,16.0,F,False,False,usa,memphis,MEM,35.042,-89.977,2023-02-21,157,8,37.0,0.25,989.625,1.6,49.0,71.0,253.0,231.0,1,0,0.0,1,1.0,1,1,1.0,0.0,0.0,0.0,0.0,0.0,0.0,1,1.0,2.0,0.0,1.0,0.0,American Airlines,1,1.0,MEM-LRF,1,1.0,0.0,0.0,0.0,0,0.0,0.0,0,0.0,0.0,0.0,0.0,0.0,0.0,0.0,0.0,0.0,MISSING,0,0.0,False,False,True,True,True,True,False,True,0.0,0.0,2,1,0,1.05,0.0,1,0.0,False,0.0
5291,609838,1957-09-13,65.0,F,True,False,usa,buffalo,BUF,42.94,-78.732,2023-02-21,157,8,25.375,0.25,967.375,1.6,33.0,46.0,308.0,295.0,1,0,0.0,1,1.0,1,1,1.0,0.0,0.0,0.0,0.0,0.0,0.0,1,1.0,2.0,0.0,1.0,0.0,Turkish Airlines,1,1.0,BUF-IST,1,1.0,0.0,0.0,0.0,0,0.0,0.0,0,0.0,0.0,0.0,0.0,0.0,0.0,0.0,0.0,0.0,MISSING,0,0.0,False,False,True,True,True,True,False,True,0.0,0.0,3,1,0,1.4500000000000002,0.0,1,0.0,False,0.0
5332,612812,1955-04-23,68.0,M,True,False,usa,orlando,MCO,28.429,-81.316,2023-02-22,156,8,16.875,0.125,124.375,1.6,51.0,132.0,6.0,0.0,1,0,0.0,0,0.0,0,0,0.0,0.0,0.0,0.0,0.0,0.0,0.0,0,0.0,0.0,0.0,0.0,0.0,MISSING,0,0.0,MISSING,0,0.0,0.0,0.0,0.0,1,74.0,0.0,1,1.0,0.1,7.4,7.4,66.6,14.0,0.0,1.0,0.0,Conrad,1,1.0,False,True,True,False,True,False,True,False,66.6,7.4,2,1,1,1.4,173.9061687229076,1,479.40978380169315,True,
5342,613921,1993-06-07,30.0,F,False,False,usa,milwaukee,MKE,42.947,-87.896,2023-02-23,155,9,16.666666666666668,0.1111111111111111,124.66666666666667,2.25,70.0,111.0,6.0,0.0,1,1,1.0,0,0.0,1,1,1.0,127.84,0.0,0.0,0.0,0.0,127.84,0,0.0,1.0,0.0,1.0,0.0,United Airlines,1,1.0,MKE-YKZ,1,1.0,695.9266477003176,0.0,0.0,1,242.0,0.0,0,0.0,0.0,0.0,0.0,242.0,1.0,0.0,1.0,0.0,Accor,1,1.0,False,True,False,True,True,False,True,True,369.84,0.0,1,1,1,1.0,965.7275891963988,2,2662.235952570844,True,127.84
5351,614595,1974-06-16,49.0,F,True,True,usa,santa ana,SNA,33.676,-117.868,2023-02-23,155,8,30.875,0.25,944.5,1.3333333333333333,4.0,46.0,197.0,155.0,1,0,0.0,1,1.0,1,1,1.0,0.0,0.0,0.0,0.0,0.0,0.0,1,1.0,6.0,0.0,5.0,0.0,American Airlines,1,1.0,SNA-BWU,1,1.0,0.0,0.0,0.0,0,0.0,0.0,0,0.0,0.0,0.0,0.0,0.0,0.0,0.0,0.0,0.0,MISSING,0,0.0,False,False,True,True,True,True,False,True,0.0,0.0,5,1,0,2.25,0.0,1,0.0,False,0.0
5353,614668,1972-10-04,50.0,F,True,True,usa,los angeles,LAX,33.942,-118.408,2023-02-23,155,7,20.0,0.14285714285714285,148.14285714285714,1.1666666666666667,9.0,137.0,5.0,0.0,1,1,1.0,0,0.0,1,0,0.0,677.8,0.0,0.0,0.0,0.0,677.8,0,0.0,2.0,0.0,1.0,0.0,Delta Air Lines,1,1.0,LAX-LGA,1,1.0,3974.209842999768,0.0,0.0,1,69.0,0.0,0,0.0,0.0,0.0,0.0,69.0,2.0,0.0,2.0,0.0,Four Seasons,1,1.0,False,True,False,True,True,False,True,True,746.8,0.0,5,1,2,2.95,1950.046948982994,5,5375.724122268835,True,338.9
5363,615307,1974-09-19,48.0,F,True,True,usa,tulsa,TUL,36.198,-95.888,2023-02-23,155,8,17.125,0.125,128.125,1.3333333333333333,10.0,118.0,6.0,0.0,1,1,1.0,0,0.0,1,1,1.0,183.48,0.0,0.0,0.0,0.0,183.48,0,0.0,1.0,0.0,2.0,0.0,AirTran Airways,1,1.0,TUL-IND,1,1.0,927.023947335219,0.0,0.0,1,548.0,0.0,0,0.0,0.0,0.0,0.0,548.0,3.0,0.0,1.0,0.0,Crowne Plaza,1,1.0,False,True,False,True,True,False,True,True,731.48,0.0,5,1,2,2.95,1910.0433077692564,5,5265.445475304243,True,183.48
5365,615544,1987-02-07,36.0,F,False,False,usa,cincinnati,CVG,39.046,-84.662,2023-02-23,155,8,17.875,0.125,133.25,1.6,41.0,121.0,7.0,0.0,1,0,0.0,0,0.0,1,1,1.0,167.06,0.0,0.0,0.0,0.0,167.06,0,0.0,1.0,0.0,1.0,0.0,Allegiant Air,1,1.0,CVG-LGA,1,1.0,945.2440812196243,0.0,0.0,0,0.0,0.0,0,0.0,0.0,0.0,0.0,0.0,0.0,0.0,0.0,0.0,MISSING,0,0.0,False,True,False,True,True,True,False,True,167.06,0.0,2,1,1,1.4,436.2276958986329,1,1202.5555327614245,True,167.06
5379,616715,1983-10-03,39.0,M,True,True,usa,knoxville,TYS,35.812,-83.993,2023-02-24,154,8,32.625,0.125,241.25,1.3333333333333333,10.0,32.0,8.0,0.0,1,1,1.0,0,0.0,1,1,1.0,145.63,0.0,0.0,0.0,0.0,145.63,0,0.0,1.0,0.0,1.0,0.0,AirTran Airways,1,1.0,TYS-BWI,1,1.0,746.275575942168,0.0,0.0,1,130.0,0.0,0,0.0,0.0,0.0,0.0,130.0,2.0,0.0,1.0,0.0,Hyatt,1,1.0,False,True,False,True,True,False,True,True,275.63,0.0,5,1,1,2.6,719.7260853617872,1,1984.0798604994097,False,145.63
5433,620033,1956-08-27,66.0,F,True,False,usa,chicago,ORD,41.979,-87.904,2023-02-25,153,9,20.11111111111111,0.2222222222222222,781.6434653333333,1.5,4.0,70.0,309.0,243.0,1,1,1.0,1,1.0,1,1,1.0,0.0,0.0,0.0,0.0,0.0,0.0,1,1.0,2.0,0.0,1.0,0.0,AirTran Airways,1,1.0,ORD-DAL,1,1.0,0.0,0.0,0.0,1,0.0,0.0,1,1.0,0.0,0.0,0.0,0.0,14.0,0.0,1.0,0.0,Accor,1,1.0,False,False,True,True,True,True,True,True,0.0,0.0,5,1,0,2.25,0.0,1,0.0,False,0.0
5455,621922,2002-09-13,20.0,F,False,False,usa,milwaukee,MKE,42.947,-87.896,2023-02-26,152,8,19.0,0.125,141.75,1.3333333333333333,19.0,149.0,9.0,0.0,1,1,1.0,0,0.0,1,0,0.0,263.71,0.0,0.0,0.0,0.0,263.71,0,0.0,1.0,0.0,0.0,0.0,Cebu Pacific,1,1.0,MKE-SJI,1,1.0,2937.138640855078,0.0,0.0,1,98.0,0.0,0,0.0,0.0,0.0,0.0,98.0,4.0,0.0,1.0,0.0,Four Seasons,1,1.0,False,True,False,True,True,False,True,True,361.71,0.0,4,1,1,2.2,944.498502834278,2,2603.713406890547,True,263.71
5469,623691,1999-06-05,24.0,F,False,False,usa,detroit,YIP,42.238,-83.53,2023-02-27,151,8,17.0,0.125,126.625,1.3333333333333333,21.0,21.0,225.0,0.0,1,1,1.0,0,0.0,1,1,1.0,474.78,0.0,0.0,0.0,0.0,474.78,0,0.0,1.0,0.0,0.0,0.0,WestJet,1,1.0,YIP-YYC,1,1.0,2503.9727602931835,0.0,0.0,1,99.0,0.0,1,1.0,0.1,9.9,9.9,89.1,9.0,0.0,1.0,0.0,Hilton,1,1.0,False,True,False,True,True,False,True,False,563.88,9.9,4,1,1,2.2,1472.4055618539512,4,4059.002836187669,False,474.78
5503,626587,2006-06-11,17.0,M,False,False,usa,lincoln,LNK,40.851,-96.759,2023-02-28,150,8,20.5,0.125,154.0,1.6,34.0,149.0,4.0,0.0,1,0,0.0,0,0.0,0,0,0.0,0.0,0.0,0.0,0.0,0.0,0.0,0,0.0,0.0,0.0,0.0,0.0,MISSING,0,0.0,MISSING,0,0.0,0.0,0.0,0.0,1,77.0,0.0,0,0.0,0.0,0.0,0.0,77.0,9.0,0.0,1.0,0.0,Starwood,1,1.0,False,True,True,False,True,False,True,True,77.0,0.0,3,1,1,1.8000000000000003,201.06268756252084,1,554.2725728638195,True,
5526,629345,2006-02-04,17.0,F,False,False,usa,new orleans,NBG,29.825,-90.035,2023-03-01,149,9,22.77777777777778,0.1111111111111111,169.22222222222223,2.25,29.0,120.0,3.0,0.0,1,0,0.0,0,0.0,0,0,0.0,0.0,0.0,0.0,0.0,0.0,0.0,0,0.0,0.0,0.0,0.0,0.0,MISSING,0,0.0,MISSING,0,0.0,0.0,0.0,0.0,1,549.0,0.0,0,0.0,0.0,0.0,0.0,549.0,12.0,0.0,1.0,0.0,Marriott,1,1.0,False,True,True,False,True,False,True,True,549.0,0.0,3,1,1,1.8000000000000003,1433.5508502834277,4,3951.8914610680113,True,
5537,630176,1971-10-15,51.0,F,True,True,usa,montgomery,MXF,32.379,-86.362,2023-03-02,148,8,23.75,0.125,176.75,1.6,22.0,22.0,9.0,0.0,1,1,1.0,0,0.0,1,1,1.0,597.57,0.0,0.0,0.0,0.0,597.57,0,0.0,1.0,0.0,0.0,0.0,WestJet,1,1.0,MXF-YYC,1,1.0,3065.8100954904726,0.0,0.0,1,108.0,0.0,0,0.0,0.0,0.0,0.0,108.0,1.0,0.0,1.0,0.0,NH Hotel,1,1.0,False,True,False,True,True,False,True,True,705.57,0.0,4,1,2,2.55,1842.3870190063355,5,5078.936353708119,False,597.57
5561,632461,1968-07-04,55.0,F,False,False,canada,toronto,YTZ,43.627,-79.396,2023-03-03,147,8,18.0,0.125,133.125,1.6,25.0,146.0,6.0,0.0,1,1,1.0,0,0.0,1,1,1.0,121.98,0.0,0.2,24.396,24.396,97.584,1,1.0,1.0,0.0,1.0,0.0,Cape Air,1,1.0,YTZ-BOS,1,1.0,696.4037019342252,0.0,0.0,1,168.0,0.0,0,0.0,0.0,0.0,0.0,168.0,1.0,0.0,1.0,0.0,Extended Stay,1,1.0,False,True,False,True,False,False,True,True,265.584,24.396,4,1,1,2.2,693.4939326442147,1,1911.7652856034367,True,121.98
5588,635666,1997-08-27,25.0,F,False,False,usa,san jose,SJC,37.362,-121.929,2023-03-04,146,8,30.875,0.25,1007.25,2.0,29.0,94.0,253.0,188.0,1,1,1.0,1,1.0,1,1,1.0,0.0,0.0,0.15,0.0,0.0,0.0,1,1.0,1.0,0.0,0.0,0.0,China Airlines,1,1.0,SJC-HKG,1,1.0,0.0,0.0,0.0,1,0.0,0.0,1,1.0,0.0,0.0,0.0,0.0,11.0,0.0,1.0,0.0,Shangri-La,1,1.0,False,False,True,True,True,True,True,True,0.0,0.0,3,1,0,1.4500000000000002,0.0,1,0.0,True,0.0
5636,641310,1979-12-14,43.0,F,False,True,usa,los angeles,LAX,33.942,-118.408,2023-03-06,144,8,20.375,0.125,152.25,1.6,10.0,86.0,4.0,0.0,1,1,1.0,0,0.0,1,1,1.0,102.78,0.0,0.0,0.0,0.0,102.78,0,0.0,1.0,0.0,1.0,0.0,United Airlines,1,1.0,LAX-SFO,1,1.0,543.2317983362374,0.0,0.0,1,286.0,0.0,0,0.0,0.0,0.0,0.0,286.0,6.0,0.0,1.0,0.0,Hyatt,1,1.0,False,True,False,True,True,False,True,True,388.78,0.0,5,1,1,2.6,1015.1837879293097,2,2798.572608805139,False,102.78
5650,643359,1998-07-28,25.0,M,False,False,usa,santa ana,SNA,33.676,-117.868,2023-03-07,143,8,15.625,0.125,116.375,1.6,17.0,111.0,8.0,0.0,1,1,1.0,0,0.0,1,1,1.0,524.85,0.0,0.1,52.485,52.485,472.365,1,1.0,1.0,0.0,0.0,0.0,Allegiant Air,1,1.0,SNA-LCK,1,1.0,3169.5588983041225,0.0,0.0,1,129.0,0.0,0,0.0,0.0,0.0,0.0,129.0,3.0,0.0,1.0,0.0,Four Seasons,1,1.0,False,True,False,True,False,False,True,True,601.365,52.485,4,1,2,2.55,1570.286533844615,4,4328.832802340919,True,524.85
5668,645939,1972-09-16,50.0,F,True,True,usa,austin,AUS,30.194,-97.67,2023-03-08,142,8,24.5,0.25,958.897603625,2.0,36.0,48.0,336.0,324.0,1,0,0.0,1,1.0,1,1,1.0,0.0,0.0,0.0,0.0,0.0,0.0,1,1.0,3.0,0.0,2.0,0.0,Air India Limited,1,1.0,AUS-AGR,1,1.0,0.0,0.0,0.0,0,0.0,0.0,0,0.0,0.0,0.0,0.0,0.0,0.0,0.0,0.0,0.0,MISSING,0,0.0,False,False,True,True,True,True,False,True,0.0,0.0,3,1,0,1.4500000000000002,0.0,1,0.0,False,0.0
5679,647555,1966-05-22,57.0,M,True,False,usa,cleveland,CLE,41.412,-81.85,2023-03-09,141,8,17.875,0.125,133.125,1.6,9.0,128.0,10.0,0.0,1,1,1.0,0,0.0,1,1,1.0,101.75,0.0,0.0,0.0,0.0,101.75,0,0.0,1.0,0.0,1.0,0.0,American Airlines,1,1.0,CLE-BWI,1,1.0,504.8778936957169,0.0,0.0,1,116.0,0.0,0,0.0,0.0,0.0,0.0,116.0,2.0,0.0,1.0,0.0,Shangri-La,1,1.0,False,True,False,True,True,False,True,True,217.75,0.0,5,1,1,2.6,568.5896132044014,1,1567.4396459882687,True,101.75
5693,649208,1989-10-09,33.0,F,False,True,usa,el paso,BIF,31.849,-106.38,2023-03-09,141,8,22.375,0.125,164.875,1.6,11.0,110.0,12.0,0.0,1,1,1.0,0,0.0,1,1,1.0,417.01,0.0,0.0,0.0,0.0,417.01,0,0.0,1.0,0.0,0.0,0.0,American Airlines,1,1.0,BIF-DET,1,1.0,2369.8617010301527,0.0,0.0,1,168.0,0.0,0,0.0,0.0,0.0,0.0,168.0,6.0,0.0,1.0,0.0,Best Western,1,1.0,False,True,False,True,True,False,True,True,585.01,0.0,5,1,1,2.6,1527.5802967655884,4,4211.103868195623,True,417.01
5696,650049,2000-06-27,23.0,F,False,True,canada,gatineau,YND,45.521,-75.564,2023-03-10,140,8,19.0,0.125,142.125,1.6,11.0,11.0,281.0,0.0,1,1,1.0,0,0.0,1,0,0.0,103.1,0.0,0.0,0.0,0.0,103.1,0,0.0,3.0,0.0,2.0,0.0,WestJet,1,1.0,YND-YYZ,1,1.0,352.85337599181105,0.0,0.0,1,183.0,0.0,0,0.0,0.0,0.0,0.0,183.0,9.0,0.0,2.0,0.0,Four Seasons,1,1.0,False,True,False,True,True,False,True,True,286.1,0.0,5,1,1,2.6,747.065388462821,2,2059.4465337186853,False,34.36666666666667
5723,652737,1990-06-08,33.0,F,False,True,usa,miami,OPF,25.907,-80.278,2023-03-11,139,8,24.75,0.125,185.0,2.6666666666666665,63.0,63.0,8.0,0.0,1,1,1.0,0,0.0,1,1,1.0,664.28,0.0,0.0,0.0,0.0,664.28,0,0.0,2.0,0.0,1.0,0.0,Spirit Airlines,1,1.0,OPF-LGA,1,1.0,1744.7370196429856,0.0,0.0,1,228.0,0.0,0,0.0,0.0,0.0,0.0,228.0,6.0,0.0,2.0,0.0,Starwood,1,1.0,False,True,False,True,True,False,True,True,892.28,0.0,2,1,2,1.75,2329.9248682894295,5,6422.939367726348,False,332.14
5738,655051,1989-11-25,33.0,F,True,False,usa,long beach,LGB,33.818,-118.151,2023-03-12,138,8,17.375,0.125,129.75,2.6666666666666665,63.0,97.0,13.0,0.0,1,1,1.0,0,0.0,1,1,1.0,748.01,0.0,0.05,37.4005,37.4005,710.6095,1,1.0,1.0,0.0,0.0,0.0,Air India Limited,1,1.0,LGB-JFK,1,1.0,3958.2213244582167,0.0,0.0,1,280.0,0.0,0,0.0,0.0,0.0,0.0,280.0,2.0,0.0,1.0,0.0,Rosewood,1,1.0,False,True,False,True,False,False,True,True,990.6095,37.4005,2,1,2,1.75,2586.6832259086364,5,7130.7490424459975,True,748.01
5739,655166,2006-11-10,16.0,F,False,False,usa,las vegas,LSV,36.236,-115.034,2023-03-12,138,8,36.375,0.25,984.75,2.6666666666666665,72.0,109.0,224.0,187.0,1,0,0.0,1,1.0,1,1,1.0,0.0,0.0,0.0,0.0,0.0,0.0,1,1.0,2.0,0.0,1.0,0.0,Southwest Airlines,1,1.0,LSV-HOU,1,1.0,0.0,0.0,0.0,0,0.0,0.0,0,0.0,0.0,0.0,0.0,0.0,0.0,0.0,0.0,0.0,MISSING,0,0.0,False,False,True,True,True,True,False,True,0.0,0.0,1,1,0,0.65,0.0,1,0.0,True,0.0
5753,657343,1967-06-22,56.0,F,True,False,usa,corpus christi,CRP,27.77,-97.501,2023-03-12,138,8,44.25,0.25,1044.75,2.0,33.0,33.0,7.0,7.0,1,1,1.0,1,1.0,1,1,1.0,0.0,0.0,0.0,0.0,0.0,0.0,1,1.0,1.0,0.0,0.0,0.0,Porter Airlines,1,1.0,CRP-YOW,1,1.0,0.0,0.0,0.0,1,0.0,0.0,1,1.0,0.0,0.0,0.0,0.0,4.0,0.0,1.0,0.0,Extended Stay,1,1.0,False,False,True,True,True,True,True,True,0.0,0.0,3,1,0,1.4500000000000002,0.0,1,0.0,False,0.0
5764,659360,2006-11-10,16.0,F,False,False,usa,new york,JFK,40.64,-73.779,2023-03-13,137,8,21.75,0.25,421.392714125,2.0,35.0,46.0,225.0,214.0,1,1,1.0,1,1.0,1,1,1.0,0.0,0.0,0.05,0.0,0.0,0.0,1,1.0,1.0,0.0,0.0,0.0,Delta Air Lines,1,1.0,JFK-LSQ,1,1.0,0.0,0.0,0.0,1,0.0,0.0,1,1.0,0.0,0.0,0.0,0.0,13.0,0.0,1.0,0.0,Radisson,1,1.0,False,False,True,True,True,True,True,True,0.0,0.0,3,1,0,1.4500000000000002,0.0,1,0.0,False,0.0
5802,666292,1998-07-06,25.0,F,False,False,usa,st. louis,STL,38.748,-90.36,2023-03-16,134,8,15.625,0.25,400.27977775,2.0,35.0,80.0,253.0,208.0,1,1,1.0,1,1.0,1,1,1.0,0.0,0.0,0.0,0.0,0.0,0.0,1,1.0,2.0,0.0,1.0,0.0,Alaska Airlines,1,1.0,STL-LAX,1,1.0,0.0,0.0,0.0,1,0.0,0.0,1,1.0,0.0,0.0,0.0,0.0,14.0,0.0,1.0,0.0,Aman Resorts,1,1.0,False,False,True,True,True,True,True,True,0.0,0.0,3,1,0,1.4500000000000002,0.0,1,0.0,False,0.0
5825,671066,1975-04-19,48.0,F,True,True,usa,providence,PVD,41.724,-71.428,2023-03-17,133,8,22.375,0.125,165.75,2.0,32.0,62.0,5.0,0.0,1,1,1.0,0,0.0,1,1,1.0,97.51,0.0,0.0,0.0,0.0,97.51,0,0.0,1.0,0.0,0.0,0.0,Ryanair,1,1.0,PVD-YKZ,1,1.0,689.917320022235,0.0,0.0,1,92.0,0.0,0,0.0,0.0,0.0,0.0,92.0,6.0,0.0,1.0,0.0,Crowne Plaza,1,1.0,False,True,False,True,True,False,True,True,189.51,0.0,3,1,1,1.8000000000000003,494.8492197399133,1,1364.1583803041874,False,97.51
5830,671999,2006-12-24,16.0,F,False,True,usa,los angeles,LAX,33.942,-118.408,2023-03-18,132,8,28.875,0.25,798.77689675,1.6,19.0,19.0,11.0,11.0,1,0,0.0,1,1.0,0,0,0.0,0.0,0.0,0.0,0.0,0.0,0.0,0,0.0,0.0,0.0,0.0,0.0,MISSING,0,0.0,MISSING,0,0.0,0.0,0.0,0.0,1,0.0,0.0,1,1.0,0.0,0.0,0.0,0.0,2.0,0.0,2.0,0.0,Hyatt,1,1.0,False,False,True,False,True,True,True,True,0.0,0.0,4,1,0,1.85,0.0,1,0.0,False,
5836,673874,1973-08-02,49.0,F,True,True,usa,anchorage,ANC,61.174,-149.996,2023-03-18,132,8,19.75,0.125,147.0,1.6,12.0,60.0,6.0,0.0,1,1,1.0,0,0.0,1,1,1.0,868.71,0.0,0.0,0.0,0.0,868.71,0,0.0,1.0,0.0,1.0,0.0,Delta Air Lines,1,1.0,ANC-UGN,1,1.0,4592.890252168993,0.0,0.0,1,121.0,0.0,0,0.0,0.0,0.0,0.0,121.0,12.0,0.0,1.0,0.0,Rosewood,1,1.0,False,True,False,True,True,False,True,True,989.71,0.0,5,1,2,2.95,2584.334448149383,5,7124.274131026634,False,868.71
5849,678536,1992-07-25,31.0,F,True,False,usa,milwaukee,MKE,42.947,-87.896,2023-03-20,130,8,18.375,0.125,135.75,1.6,19.0,19.0,11.0,0.0,1,0,0.0,0,0.0,0,0,0.0,0.0,0.0,0.0,0.0,0.0,0.0,0,0.0,0.0,0.0,0.0,0.0,MISSING,0,0.0,MISSING,0,0.0,0.0,0.0,0.0,1,53.0,0.0,0,0.0,0.0,0.0,0.0,53.0,17.0,0.0,1.0,0.0,Hyatt,1,1.0,False,True,True,False,True,False,True,True,53.0,0.0,4,1,1,2.2,138.39379793264422,1,381.5122904127589,False,
5857,679831,1990-01-11,33.0,F,False,False,usa,spokane,SFF,47.683,-117.322,2023-03-21,129,8,38.375,0.25,1066.5,1.6,21.0,26.0,7.0,2.0,1,1,1.0,1,1.0,1,1,1.0,0.0,0.0,0.05,0.0,0.0,0.0,1,1.0,1.0,0.0,1.0,0.0,American Airlines,1,1.0,SFF-CLT,1,1.0,0.0,0.0,0.0,1,0.0,0.0,1,1.0,0.0,0.0,0.0,0.0,4.0,0.0,1.0,0.0,Aman Resorts,1,1.0,False,False,True,True,True,True,True,True,0.0,0.0,4,1,0,1.85,0.0,1,0.0,False,0.0
5867,683976,2001-03-08,22.0,F,False,True,usa,los angeles,LAX,33.942,-118.408,2023-03-22,128,8,33.375,0.125,249.0,1.6,20.0,20.0,14.0,0.0,1,0,0.0,0,0.0,0,0,0.0,0.0,0.0,0.0,0.0,0.0,0.0,0,0.0,0.0,0.0,0.0,0.0,MISSING,0,0.0,MISSING,0,0.0,0.0,0.0,0.0,1,56.0,0.0,0,0.0,0.0,0.0,0.0,56.0,5.0,0.0,1.0,0.0,Hilton,1,1.0,False,True,True,False,True,False,True,True,56.0,0.0,4,1,1,2.2,146.22740913637878,1,403.1073257191414,False,
5893,691541,2002-02-10,21.0,F,False,True,usa,new york,JFK,40.64,-73.779,2023-03-25,125,8,38.75,0.25,1001.375,1.6,15.0,30.0,337.0,322.0,1,1,1.0,1,1.0,1,1,1.0,0.0,0.0,0.0,0.0,0.0,0.0,1,1.0,1.0,0.0,0.0,0.0,Air Canada,1,1.0,JFK-YYZ,1,1.0,0.0,0.0,0.0,1,0.0,0.0,1,1.0,0.0,0.0,0.0,0.0,10.0,0.0,1.0,0.0,Fairmont,1,1.0,False,False,True,True,True,True,True,True,0.0,0.0,5,1,0,2.25,0.0,1,0.0,False,0.0
5895,692211,2000-07-12,23.0,F,False,False,usa,houston,IAH,29.98,-95.34,2023-03-25,125,8,37.625,0.25,993.875,2.0,50.0,60.0,169.0,159.0,1,0,0.0,1,1.0,1,1,1.0,0.0,0.0,0.0,0.0,0.0,0.0,1,1.0,2.0,0.0,1.0,0.0,Air France,1,1.0,IAH-CDG,1,1.0,0.0,0.0,0.0,0,0.0,0.0,0,0.0,0.0,0.0,0.0,0.0,0.0,0.0,0.0,0.0,MISSING,0,0.0,False,False,True,True,True,True,False,True,0.0,0.0,2,1,0,1.05,0.0,1,0.0,False,0.0
5929,709630,1978-01-27,45.0,F,True,True,usa,austin,AUS,30.194,-97.67,2023-03-31,119,8,42.75,0.25,1032.5,2.0,39.0,102.0,6.0,1.0,1,0,0.0,1,1.0,1,1,1.0,0.0,0.0,0.0,0.0,0.0,0.0,1,1.0,2.0,0.0,1.0,0.0,Delta Air Lines,1,1.0,AUS-YED,1,1.0,0.0,0.0,0.0,0,0.0,0.0,0,0.0,0.0,0.0,0.0,0.0,0.0,0.0,0.0,0.0,MISSING,0,0.0,False,False,True,True,True,True,False,True,0.0,0.0,3,1,0,1.4500000000000002,0.0,1,0.0,True,0.0
5957,733654,1956-05-26,67.0,F,True,False,usa,portland,PWM,43.646,-70.309,2023-04-09,110,8,34.25,0.25,1034.25,2.0,20.0,23.0,197.0,194.0,1,1,1.0,1,1.0,1,1,1.0,0.0,0.0,0.0,0.0,0.0,0.0,1,1.0,2.0,0.0,2.0,0.0,Delta Air Lines,1,1.0,PWM-JFK,1,1.0,0.0,0.0,0.0,1,0.0,0.0,1,1.0,0.0,0.0,0.0,0.0,10.0,0.0,1.0,0.0,Conrad,1,1.0,False,False,True,True,True,True,True,True,0.0,0.0,4,1,0,1.85,0.0,1,0.0,False,0.0
5986,770252,1998-12-12,24.0,F,False,False,usa,oakland,OAK,37.721,-122.221,2023-04-22,97,8,36.5,0.25,985.125,2.0,21.0,40.0,253.0,234.0,1,0,0.0,1,1.0,1,1,1.0,0.0,0.0,0.0,0.0,0.0,0.0,1,1.0,1.0,0.0,0.0,0.0,United Airlines,1,1.0,OAK-LOU,1,1.0,0.0,0.0,0.0,0,0.0,0.0,0,0.0,0.0,0.0,0.0,0.0,0.0,0.0,0.0,0.0,MISSING,0,0.0,False,False,True,True,True,True,False,True,0.0,0.0,4,1,0,1.85,0.0,1,0.0,False,0.0
5988,777366,1975-07-02,48.0,F,False,False,usa,new york,JFK,40.64,-73.779,2023-04-24,95,8,16.5,0.125,123.75,2.0,9.0,71.0,9.0,0.0,1,1,1.0,0,0.0,1,1,1.0,108.73,0.0,0.0,0.0,0.0,108.73,0,0.0,1.0,0.0,0.0,0.0,Air New Zealand,1,1.0,JFK-HLZ,1,1.0,581.8978301391973,0.0,0.0,1,314.0,0.0,0,0.0,0.0,0.0,0.0,314.0,2.0,0.0,1.0,0.0,Radisson,1,1.0,False,True,False,True,True,False,True,True,422.73,0.0,5,1,1,2.6,1103.8341547182395,3,3042.956425022369,False,108.73
